id,index,SMILES,target,enzyme,pathway,Pubchem_id,disease,gene
DB04571,0,CC1=CC2=CC3=C(OC(=O)C=C3C)C(C)=C2O1,,,,PUBCHEM.COMPOUND:5585,DOID:0060281|DOID:12306|DOID:3159,
DB00460,1,COC(=O)CCC1=C2NC(\C=C3/N=C(/C=C4\N\C(=C/C5=N/C(=C\2)/C(CCC(O)=O)=C5C)C(C=C)=C4C)C2=CC=C([C@@H](C(=O)OC)[C@@]32C)C(=O)OC)=C1C,,,,PUBCHEM.COMPOUND:5362420,DOID:0060262|DOID:10873|DOID:13268|DOID:409,
DB00855,2,NCC(=O)CCC(O)=O,P13716,,,PUBCHEM.COMPOUND:137,DOID:0060281|DOID:11684|DOID:3149|DOID:3159|DOID:37|DOID:6498|DOID:6945|DOID:8866,NCBIGENE:210|NCBIGENE:212|NCBIGENE:2235|NCBIGENE:3145|NCBIGENE:3162|NCBIGENE:64710
DB09536,3,O=[Ti]=O,Q9UEW3,,,PUBCHEM.COMPOUND:26042,,NCBIGENE:213|NCBIGENE:2147|NCBIGENE:2919|NCBIGENE:3383|NCBIGENE:3576|NCBIGENE:5228|NCBIGENE:5594|NCBIGENE:5595|NCBIGENE:6347|NCBIGENE:7531|NCBIGENE:836|NCBIGENE:84266|NCBIGENE:847
DB01600,4,CC(C(O)=O)C1=CC=C(S1)C(=O)C1=CC=CC=C1,P23219|P35354,,,PUBCHEM.COMPOUND:5468,DOID:381|DOID:7148|DOID:848,NCBIGENE:5742|NCBIGENE:5743|NCBIGENE:7364
DB09000,5,CC(CN(C)C)CN1C2=CC=CC=C2SC2=C1C=C(C=C2)C#N,,,,PUBCHEM.COMPOUND:62865,,NCBIGENE:3350|NCBIGENE:3358|NCBIGENE:3363|NCBIGENE:3757
DB11630,6,OC1=CC=CC(=C1)C-1=C2\CCC(=N2)\C(=C2/N\C(\C=C2)=C(/C2=N/C(/C=C2)=C(\C2=CC=C\-1N2)C1=CC(O)=CC=C1)C1=CC(O)=CC=C1)\C1=CC(O)=CC=C1,,,,,,
DB00553,7,COC1=C2OC(=O)C=CC2=CC2=C1OC=C2,,P04798|Q16696|P11509|P05177,P04798|Q16696|P11509|P05177,PUBCHEM.COMPOUND:4114,DOID:0050427|DOID:0050632|DOID:0050865|DOID:0060061|DOID:0060262|DOID:0060281|DOID:0060831|DOID:0060832|DOID:0060833|DOID:0060834|DOID:0090100|DOID:0110843|DOID:0110844|DOID:0110845|DOID:0110846|DOID:0110847|DOID:0110848|DOID:0110849|DOID:0110850|DOID:0110948|DOID:0110949|DOID:12306|DOID:13268|DOID:13270|DOID:13271|DOID:1749|DOID:1909|DOID:2095|DOID:2513|DOID:2747|DOID:2749|DOID:2862|DOID:305|DOID:3132|DOID:3159|DOID:409|DOID:4346|DOID:4840|DOID:8923|DOID:9074|DOID:9266|DOID:9870,NCBIGENE:1543|NCBIGENE:1544|NCBIGENE:1548|NCBIGENE:1549|NCBIGENE:1576|NCBIGENE:4286|NCBIGENE:5893|NCBIGENE:8856|NCBIGENE:9407
DB06261,8,[H]N([H])CC(=O)CCC(=O)OCCCCCC,,,,PUBCHEM.COMPOUND:6433083,,
DB01878,9,O=C(C1=CC=CC=C1)C1=CC=CC=C1,P03372|Q92731,,,PUBCHEM.COMPOUND:3102,,
DB00140,10,CC1=C(C)C=C2N(C[C@H](O)[C@H](O)[C@H](O)CO)C3=NC(=O)NC(=O)C3=NC2=C1,Q969G6|P0AFU8|P30043,,,PUBCHEM.COMPOUND:493570,DOID:0050741|DOID:0060262|DOID:10763|DOID:10825|DOID:10933|DOID:10952|DOID:11847|DOID:1247|DOID:13580|DOID:1425|DOID:1574|DOID:1826|DOID:2527|DOID:2921|DOID:3393|DOID:409|DOID:4500|DOID:557|DOID:5844|DOID:5854|DOID:593|DOID:594|DOID:705|DOID:750|DOID:8677|DOID:8929|DOID:9408,NCBIGENE:113278|NCBIGENE:2936|NCBIGENE:5167|NCBIGENE:55|NCBIGENE:55312|NCBIGENE:5836|NCBIGENE:645|NCBIGENE:80308|NCBIGENE:93650
DB00821,11,CC(C(O)=O)C1=CC2=C(C=C1)C1=C(N2)C=CC(Cl)=C1,P35354|P23219,,,PUBCHEM.COMPOUND:2581,,NCBIGENE:4804|NCBIGENE:5742|NCBIGENE:5743
DB08897,12,OC(C(=O)O[C@H]1C[N+]2(CCCOC3=CC=CC=C3)CCC1CC2)(C1=CC=CS1)C1=CC=CS1,P11229|P08172|P20309|P08173|P08912,P06276,P06276,PUBCHEM.COMPOUND:11434515,,NCBIGENE:1128|NCBIGENE:1131|NCBIGENE:1132|NCBIGENE:1133
DB11315,13,C[N+]1(C)[C@H]2C[C@@H](C[C@@H]1[C@H]1O[C@@H]21)OC(=O)[C@H](CO)C1=CC=CC=C1,,,,PUBCHEM.COMPOUND:71183,DOID:0050848|DOID:0060185|DOID:0060262|DOID:0060674|DOID:0060675|DOID:0060676|DOID:0060677|DOID:0060678|DOID:0060679|DOID:0060731|DOID:0110892|DOID:10459|DOID:10460|DOID:10763|DOID:10808|DOID:10825|DOID:10952|DOID:11328|DOID:11569|DOID:11847|DOID:11963|DOID:12139|DOID:12361|DOID:12642|DOID:13186|DOID:13206|DOID:13268|DOID:13550|DOID:13739|DOID:13948|DOID:13976|DOID:1405|DOID:1425|DOID:14250|DOID:14445|DOID:1470|DOID:1595|DOID:1596|DOID:1686|DOID:1837|DOID:1936|DOID:2275|DOID:2348|DOID:2349|DOID:2527|DOID:2848|DOID:2883|DOID:2913|DOID:2921|DOID:302|DOID:303|DOID:3083|DOID:3393|DOID:3650|DOID:3827|DOID:3878|DOID:409|DOID:437|DOID:4481|DOID:4730|DOID:4964|DOID:4989|DOID:5162|DOID:5200|DOID:5418|DOID:557|DOID:5844|DOID:5854|DOID:750|DOID:7997|DOID:7998|DOID:8442|DOID:850|DOID:8534|DOID:8577|DOID:9164|DOID:9282|DOID:9351|DOID:936|DOID:9408|DOID:9778,NCBIGENE:1128|NCBIGENE:1131|NCBIGENE:1132|NCBIGENE:1133
DB00424,14,CN1[C@H]2CC[C@@H]1C[C@@H](C2)OC(=O)[C@H](CO)C1=CC=CC=C1,P11229|P08172|P20309|P08173|Q08828,,,PUBCHEM.COMPOUND:154417,DOID:0050459|DOID:0050590|DOID:0050741|DOID:0050848|DOID:0060262|DOID:0060731|DOID:0110892|DOID:1074|DOID:10763|DOID:10772|DOID:10808|DOID:10825|DOID:10952|DOID:11249|DOID:114|DOID:11486|DOID:11963|DOID:12139|DOID:1227|DOID:12361|DOID:1247|DOID:12550|DOID:12642|DOID:12678|DOID:12679|DOID:1287|DOID:12987|DOID:13186|DOID:13206|DOID:13268|DOID:13413|DOID:13550|DOID:13739|DOID:13948|DOID:13976|DOID:1405|DOID:1425|DOID:14250|DOID:14445|DOID:1470|DOID:1574|DOID:1588|DOID:1595|DOID:1596|DOID:1686|DOID:1837|DOID:1936|DOID:2215|DOID:2216|DOID:2236|DOID:2348|DOID:2355|DOID:2361|DOID:2485|DOID:2527|DOID:2747|DOID:2749|DOID:2841|DOID:2848|DOID:2862|DOID:2883|DOID:2921|DOID:302|DOID:303|DOID:3083|DOID:3393|DOID:3827|DOID:3878|DOID:4029|DOID:409|DOID:437|DOID:4676|DOID:4964|DOID:5082|DOID:5200|DOID:557|DOID:6000|DOID:750|DOID:7997|DOID:7998|DOID:8442|DOID:8534|DOID:8577|DOID:9164|DOID:9266|DOID:9267|DOID:9282|DOID:9351|DOID:936|DOID:9870,NCBIGENE:1128|NCBIGENE:1131|NCBIGENE:1132|NCBIGENE:1133
DB00670,15,CN1CCN(CC(=O)N2C3=CC=CC=C3C(=O)NC3=C2N=CC=C3)CC1,P11229,,,PUBCHEM.COMPOUND:4848,DOID:750,NCBIGENE:1128|NCBIGENE:1131|NCBIGENE:1132|NCBIGENE:1133|NCBIGENE:55811
DB06148,16,CN1CCN2C(C1)C1=CC=CC=C1CC1=CC=CC=C21,P08913|P28223|P28335|P35367|P23975|P31645|Q9H3N8|P08908|P18825|P41595|P30939|P18089|P35462|P41145|Q01959|P34969|P14416|P50406,P05177|P20813|P10635|P08684,P05177|P20813|P10635|P08684,PUBCHEM.COMPOUND:4184,DOID:1470|DOID:1595|DOID:1596|DOID:2848,NCBIGENE:1392|NCBIGENE:146|NCBIGENE:147|NCBIGENE:148|NCBIGENE:150|NCBIGENE:152|NCBIGENE:1565|NCBIGENE:1813|NCBIGENE:1814|NCBIGENE:3269|NCBIGENE:3350|NCBIGENE:3351|NCBIGENE:3355|NCBIGENE:3357|NCBIGENE:3358|NCBIGENE:3359|NCBIGENE:3362|NCBIGENE:3363|NCBIGENE:4915|NCBIGENE:4986|NCBIGENE:55811|NCBIGENE:59340|NCBIGENE:6530|NCBIGENE:6531|NCBIGENE:6532|NCBIGENE:6538|NCBIGENE:6540|NCBIGENE:9456
DB01116,17,O=C1N(CC2=CC=CC=C2)C2C[S+]3CCCC3C2N1CC1=CC=CC=C1,Q9GZZ6,P06276,P06276,PUBCHEM.COMPOUND:23576,DOID:11396,NCBIGENE:1137|NCBIGENE:57053
DB00391,18,CCN1CCCC1CNC(=O)C1=C(OC)C=CC(=C1)S(N)(=O)=O,P14416|P35462|P00918|P07451|P21917,P06276,P06276,PUBCHEM.COMPOUND:5355,DOID:5419,NCBIGENE:1813|NCBIGENE:1814|NCBIGENE:1815|NCBIGENE:2353|NCBIGENE:5617|NCBIGENE:766|NCBIGENE:771|NCBIGENE:833
DB00517,19,[Br-].CCCC(CCC)C(=O)O[C@H]1CC2CCC(C1)[N+]2(C)C,P11229|P08172|P20309,,,PUBCHEM.COMPOUND:21867154,,
DB09076,20,OC(C1=CC=CC=C1)(C1=CC=CC=C1)C12CC[N+](CCOCC3=CC=CC=C3)(CC1)CC2,P08172|P20309|P11229|P08173|P08912,P10635,P10635,PUBCHEM.COMPOUND:11519070,DOID:3083,
DB01090,21,C[N+]1(CCCCC[N+]2(C)CCCC2)CCCC1,P32297|P30926|Q9GZZ6,,,PUBCHEM.COMPOUND:5850,,
DB01071,22,C(C1CN2CCC1CC2)N1C2=CC=CC=C2SC2=CC=CC=C12,P35367,,,PUBCHEM.COMPOUND:4066,,NCBIGENE:3269
DB01168,23,CNNCC1=CC=C(C=C1)C(=O)NC(C)C,,P47989,P47989,PUBCHEM.COMPOUND:4915,DOID:0050741|DOID:0060262|DOID:104|DOID:10952|DOID:12449|DOID:1247|DOID:1389|DOID:1425|DOID:1564|DOID:1574|DOID:1588|DOID:2355|DOID:2361|DOID:2527|DOID:2921|DOID:409|DOID:557|DOID:574|DOID:615|DOID:8543|DOID:8567|DOID:8628|DOID:8651|DOID:8654|DOID:870|DOID:8913|DOID:934,
DB00462,24,[Br-].[H][C@@]12O[C@]1([H])[C@H]1C[C@H](C[C@@H]2[N+]1(C)C)OC(=O)[C@H](CO)C1=CC=CC=C1,P08172|P11229|P20309,,,PUBCHEM.COMPOUND:23724781,,NCBIGENE:1128|NCBIGENE:1131
DB00732,25,[O-]S(=O)(=O)C1=CC=CC=C1.[O-]S(=O)(=O)C1=CC=CC=C1.COC1=CC2=C(C=C1OC)C(CC1=CC(OC)=C(OC)C=C1)[N+](C)(CCC(=O)OCCCCCOC(=O)CC[N+]1(C)CCC3=C(C=C(OC)C(OC)=C3)C1CC1=CC(OC)=C(OC)C=C1)CC2,Q15822,,,PUBCHEM.COMPOUND:47320,,
DB01409,26,[H][C@]12O[C@@]1([H])[C@]1([H])C[C@@]([H])(C[C@@]2([H])[N+]1(C)C)OC(=O)C(O)(C1=CC=CS1)C1=CC=CS1,P20309|P11229|P08172|P08173|P08912,P10635|P08684,P10635|P08684,PUBCHEM.COMPOUND:5487427,,
DB00810,27,OC(CCN1CCCCC1)(C1CC2CC1C=C2)C1=CC=CC=C1,P11229,P10635,P10635,PUBCHEM.COMPOUND:2381,DOID:0050841|DOID:0060262|DOID:0060891|DOID:0060895|DOID:0060896|DOID:0110892|DOID:100|DOID:1067|DOID:10763|DOID:10808|DOID:10825|DOID:10952|DOID:11486|DOID:11963|DOID:12361|DOID:12384|DOID:12385|DOID:12642|DOID:13186|DOID:13206|DOID:13250|DOID:13548|DOID:13550|DOID:13976|DOID:1405|DOID:1425|DOID:14330|DOID:14445|DOID:2527|DOID:2883|DOID:2921|DOID:3083|DOID:3393|DOID:3827|DOID:3878|DOID:409|DOID:437|DOID:5200|DOID:529|DOID:557|DOID:679|DOID:7997|DOID:7998|DOID:8442|DOID:8534|DOID:8577|DOID:9164|DOID:9854,NCBIGENE:1128|NCBIGENE:1131|NCBIGENE:1132|NCBIGENE:1133|NCBIGENE:1135
DB00986,28,C[N+]1(C)CCC(C1)OC(=O)C(O)(C1CCCC1)C1=CC=CC=C1,P11229|P20309|P08172|P08173|P08912,P10635|P05177|P20813|P11712|P33260|P33261|P08684,P10635|P05177|P20813|P11712|P33260|P33261|P08684,PUBCHEM.COMPOUND:9933193,,
DB00332,29,[H][C@]12CC[C@]([H])(C[C@@H](C1)OC(=O)C(CO)C1=CC=CC=C1)[N+]2(C)C(C)C,P20309|P11229|P08172,,,PUBCHEM.COMPOUND:657308,,NCBIGENE:1128|NCBIGENE:1131|NCBIGENE:1132|NCBIGENE:1133
DB00434,30,CN1CCC(CC1)=C1C2=CC=CC=C2C=CC2=CC=CC=C12,P35367|P28223|P28335|P25021|P41595|P11229|P08172|P20309|P34969,,,PUBCHEM.COMPOUND:2913,DOID:10459|DOID:10763|DOID:10825|DOID:11204|DOID:12361|DOID:13206|DOID:13550|DOID:13948|DOID:1405|DOID:14445|DOID:1558|DOID:2275|DOID:2457|DOID:2474|DOID:2883|DOID:4481|DOID:4730|DOID:743|DOID:750|DOID:7997|DOID:7998|DOID:9282,NCBIGENE:1128|NCBIGENE:1131|NCBIGENE:1132|NCBIGENE:1133|NCBIGENE:146|NCBIGENE:148|NCBIGENE:1813|NCBIGENE:1814|NCBIGENE:3269|NCBIGENE:3350|NCBIGENE:3357|NCBIGENE:3358|NCBIGENE:3359|NCBIGENE:3362|NCBIGENE:3363|NCBIGENE:4353|NCBIGENE:5617|NCBIGENE:59340|NCBIGENE:801|NCBIGENE:805|NCBIGENE:808
DB00805,31,CC1=CC(=NN=C1NCCN1CCOCC1)C1=CC=CC=C1,P21397|P41595|P28223|P28335|P22303|P31645|P21728|P14416|P11229,P10635,P10635,PUBCHEM.COMPOUND:4199,,NCBIGENE:1128|NCBIGENE:1565|NCBIGENE:1813|NCBIGENE:3351|NCBIGENE:3357|NCBIGENE:3358|NCBIGENE:4128|NCBIGENE:43|NCBIGENE:6532
DB00496,32,NC(=O)C([C@@H]1CCN(CCC2=CC3=C(OCC3)C=C2)C1)(C1=CC=CC=C1)C1=CC=CC=C1,P20309|P11229|P08172|P08173|P08912,P08684|P10635,P08684|P10635,PUBCHEM.COMPOUND:444031,DOID:0060262|DOID:0110892|DOID:13550|DOID:13948|DOID:1405|DOID:14445|DOID:14735|DOID:1558|DOID:409|DOID:437|DOID:8577,
DB06153,33,CN1CCC(CC1)=C1C2=C(CCC3=CC=CC=C13)SC=C2,P11229|P08172|P20309|P28223|P41595|P28335|P08908|P28222|P35367|P35348|P35368|P25100|P08913|P18089|P18825,P36537,P36537,PUBCHEM.COMPOUND:27400,,NCBIGENE:1128|NCBIGENE:1813|NCBIGENE:3350|NCBIGENE:3357|NCBIGENE:3358|NCBIGENE:3363
DB00182,34,CC(N)CC1=CC=CC=C1,Q05940|Q01959|Q16568|Q96RJ0|P23975|P14416|P27338|P31645,P11509|P10635,P11509|P10635,PUBCHEM.COMPOUND:3007,DOID:0050590|DOID:0050700|DOID:0050741|DOID:0050848|DOID:0060215|DOID:0060262|DOID:0060731|DOID:10588|DOID:10600|DOID:1067|DOID:10763|DOID:10825|DOID:1094|DOID:10952|DOID:11119|DOID:11328|DOID:114|DOID:11847|DOID:11984|DOID:12139|DOID:1227|DOID:12361|DOID:12550|DOID:1287|DOID:12932|DOID:12987|DOID:13268|DOID:13413|DOID:13550|DOID:1405|DOID:1425|DOID:1432|DOID:14445|DOID:1470|DOID:1574|DOID:1588|DOID:1595|DOID:1596|DOID:1686|DOID:1826|DOID:1837|DOID:1936|DOID:2348|DOID:2349|DOID:2355|DOID:2361|DOID:2527|DOID:2768|DOID:2769|DOID:2841|DOID:2848|DOID:2921|DOID:302|DOID:303|DOID:3083|DOID:331|DOID:3312|DOID:3393|DOID:3526|DOID:409|DOID:4964|DOID:5162|DOID:5418|DOID:557|DOID:5844|DOID:5854|DOID:6713|DOID:7997|DOID:7998|DOID:8689|DOID:8986|DOID:9267|DOID:9282|DOID:9351|DOID:9408|DOID:9970,NCBIGENE:134864|NCBIGENE:148|NCBIGENE:150|NCBIGENE:153|NCBIGENE:1565|NCBIGENE:1813|NCBIGENE:2247|NCBIGENE:2353|NCBIGENE:2697|NCBIGENE:2902|NCBIGENE:2915|NCBIGENE:3020|NCBIGENE:3021|NCBIGENE:4128|NCBIGENE:4129|NCBIGENE:468|NCBIGENE:4803|NCBIGENE:51655|NCBIGENE:5595|NCBIGENE:5999|NCBIGENE:6530|NCBIGENE:6531|NCBIGENE:6532|NCBIGENE:6571|NCBIGENE:6622|NCBIGENE:7054|NCBIGENE:7473|NCBIGENE:847|NCBIGENE:9607
DB06702,35,CC(C)N(CC[C@H](C1=CC=CC=C1)C1=C(OC(=O)C(C)C)C=CC(CO)=C1)C(C)C,P20309|P08173|P11229|P08172|P08912,P10635|P08684,P10635|P08684,PUBCHEM.COMPOUND:6918558,DOID:13550|DOID:13948|DOID:1405|DOID:14445|DOID:437,NCBIGENE:1128|NCBIGENE:1131|NCBIGENE:1132|NCBIGENE:1133
DB00967,36,ClC1=CC2=C(C=C1)C(=C1CCNCC1)C1=C(CC2)C=CC=N1,P35367,,,PUBCHEM.COMPOUND:124087,DOID:0060262|DOID:10459|DOID:10460|DOID:10763|DOID:10825|DOID:10952|DOID:11204|DOID:12361|DOID:13206|DOID:13550|DOID:13739|DOID:1405|DOID:1425|DOID:14445|DOID:1837|DOID:1936|DOID:2275|DOID:2348|DOID:2457|DOID:2474|DOID:2527|DOID:2883|DOID:2921|DOID:3393|DOID:409|DOID:4481|DOID:4730|DOID:557|DOID:7997|DOID:7998|DOID:9351,NCBIGENE:3269|NCBIGENE:3565|NCBIGENE:3741|NCBIGENE:6774
DB00219,37,CC[N+](C)(CC)CCOC(=O)C(O)(C1CCCCC1)C1=CC=CC=C1,P11229,,,PUBCHEM.COMPOUND:5749,,
DB00366,38,CN(C)CCOC(C)(C1=CC=CC=C1)C1=CC=CC=N1,P35367|Q14994,,,PUBCHEM.COMPOUND:3162,DOID:0050741|DOID:0060262|DOID:0060674|DOID:0060675|DOID:0060676|DOID:0060677|DOID:0060678|DOID:0060679|DOID:10459|DOID:10460|DOID:10763|DOID:10825|DOID:11204|DOID:11847|DOID:12361|DOID:13206|DOID:13550|DOID:13739|DOID:13948|DOID:1405|DOID:14445|DOID:1558|DOID:1574|DOID:1837|DOID:1936|DOID:2275|DOID:2348|DOID:2349|DOID:2457|DOID:2474|DOID:2883|DOID:2913|DOID:3393|DOID:3650|DOID:409|DOID:4481|DOID:4730|DOID:4989|DOID:5162|DOID:5844|DOID:5854|DOID:743|DOID:750|DOID:7997|DOID:7998|DOID:9282|DOID:9351|DOID:9408,NCBIGENE:1128|NCBIGENE:3269
DB01037,39,C[C@H](CC1=CC=CC=C1)N(C)CC#C,P27338|P21397,P20813|P08684|P11509|P05177|P33261|P10632|P11712|P10635,P20813|P08684|P11509|P05177|P33261|P10632|P11712|P10635,PUBCHEM.COMPOUND:26757,DOID:0050771|DOID:0060262|DOID:0060891|DOID:0060895|DOID:0060896|DOID:10021|DOID:10154|DOID:10952|DOID:11328|DOID:117|DOID:1425|DOID:14330|DOID:1470|DOID:1595|DOID:1596|DOID:1909|DOID:2527|DOID:2848|DOID:2921|DOID:3312|DOID:3953|DOID:409|DOID:5418|DOID:557|DOID:8923|DOID:9854,NCBIGENE:102|NCBIGENE:1555|NCBIGENE:3162|NCBIGENE:3558|NCBIGENE:4128|NCBIGENE:4129|NCBIGENE:4803|NCBIGENE:627|NCBIGENE:6869|NCBIGENE:7054|NCBIGENE:847|NCBIGENE:9407
DB01339,40,[H][C@@]12C[C@@H]([C@H](OC(C)=O)[C@@]1(C)CC[C@@]1([H])[C@@]2([H])CC[C@@]2([H])C[C@H](OC(C)=O)[C@H](C[C@]12C)N1CCCCC1)[N+]1(C)CCCCC1,Q15822,,,PUBCHEM.COMPOUND:39765,DOID:0050214|DOID:11981|DOID:13580|DOID:437|DOID:440|DOID:5082,
DB00283,41,CN1CCC[C@@H]1CCO[C@](C)(C1=CC=CC=C1)C1=CC=C(Cl)C=C1,P35367,,,PUBCHEM.COMPOUND:26987,DOID:10459|DOID:10763|DOID:10825|DOID:11204|DOID:12361|DOID:13206|DOID:13550|DOID:13948|DOID:1405|DOID:14445|DOID:1558|DOID:2275|DOID:2457|DOID:2474|DOID:2883|DOID:4481|DOID:4730|DOID:743|DOID:750|DOID:7997|DOID:7998|DOID:9282,
DB01247,42,CC1=CC(=NO1)C(=O)NNCC1=CC=CC=C1,P21397|P27338,,,PUBCHEM.COMPOUND:3759,DOID:0050741|DOID:0050771|DOID:0060262|DOID:10021|DOID:10154|DOID:10763|DOID:10825|DOID:10952|DOID:114|DOID:117|DOID:12361|DOID:1287|DOID:1425|DOID:14320|DOID:1470|DOID:1574|DOID:1595|DOID:1596|DOID:1826|DOID:1837|DOID:2030|DOID:2527|DOID:2848|DOID:2921|DOID:3312|DOID:3393|DOID:3953|DOID:409|DOID:5419|DOID:557|DOID:6713|DOID:7997|DOID:7998|DOID:9351|DOID:9993,NCBIGENE:4128|NCBIGENE:4129
DB00387,43,OC(CCN1CCCC1)(C1CCCCC1)C1=CC=CC=C1,P20309|P11229|P08172|P08173,,,PUBCHEM.COMPOUND:4919,DOID:0050841|DOID:0060262|DOID:0060891|DOID:0060895|DOID:0060896|DOID:0110892|DOID:10763|DOID:10808|DOID:10825|DOID:10952|DOID:11963|DOID:12361|DOID:12642|DOID:13186|DOID:13206|DOID:13548|DOID:13550|DOID:13948|DOID:13976|DOID:1405|DOID:1425|DOID:14250|DOID:14330|DOID:14445|DOID:2527|DOID:2883|DOID:2921|DOID:3393|DOID:3827|DOID:3878|DOID:409|DOID:437|DOID:5200|DOID:529|DOID:557|DOID:679|DOID:7997|DOID:7998|DOID:8442|DOID:8534|DOID:8577|DOID:9164|DOID:936,NCBIGENE:1128|NCBIGENE:1131|NCBIGENE:1132|NCBIGENE:1133
DB01036,44,CC(C)N(CC[C@H](C1=CC=CC=C1)C1=C(O)C=CC(C)=C1)C(C)C,P20309|P08172|P08912|P11229|P08173,P11712|P33261|P10635|P08684,P11712|P33261|P10635|P08684,PUBCHEM.COMPOUND:443879,DOID:13550|DOID:13948|DOID:1405|DOID:14445|DOID:437,
DB00657,45,CNC1(C)C2CCC(C2)C1(C)C,Q15822|P36544|P43681|P17787,,,PUBCHEM.COMPOUND:4032,DOID:10763|DOID:10825,NCBIGENE:11067|NCBIGENE:1135|NCBIGENE:1137|NCBIGENE:5688
DB01591,46,O=C(O[C@H]1CN2CCC1CC2)N1CCC2=CC=CC=C2[C@@H]1C1=CC=CC=C1,P20309|P08172|P08173|P08912|P11229,P04798|P10635|P08684,P04798|P10635|P08684,PUBCHEM.COMPOUND:154059,DOID:0060262|DOID:13550|DOID:13948|DOID:1405|DOID:14445|DOID:409,
DB00572,47,CN1[C@H]2CC[C@@H]1C[C@@H](C2)OC(=O)C(CO)C1=CC=CC=C1,P11229|P08172|P20309|P08173|P08912|P23415|P43681|P17787,,,PUBCHEM.COMPOUND:174174,,NCBIGENE:1128|NCBIGENE:1131|NCBIGENE:1132|NCBIGENE:1133|NCBIGENE:206338|NCBIGENE:2353|NCBIGENE:2520|NCBIGENE:2641|NCBIGENE:290|NCBIGENE:3769|NCBIGENE:43|NCBIGENE:4319|NCBIGENE:5034|NCBIGENE:590|NCBIGENE:6581|NCBIGENE:6622|NCBIGENE:6720|NCBIGENE:6863|NCBIGENE:7432
DB00940,48,CC[N+](C)(CC)CCOC(=O)C1C2=CC=CC=C2OC2=CC=CC=C12,P25021|P08172|P20309|P08173|P08912|P11229,P22303,P22303,PUBCHEM.COMPOUND:4097,DOID:10808|DOID:750,NCBIGENE:1128|NCBIGENE:3274
DB09300,49,CCCC[N+]1(C)[C@H]2C[C@@H](C[C@@H]1[C@H]1O[C@@H]21)OC(=O)[C@H](CO)C1=CC=CC=C1,P20309|P08172,,,PUBCHEM.COMPOUND:6852391,,
DB00782,50,CC(C)[N+](C)(CCOC(=O)C1C2=CC=CC=C2OC2=CC=CC=C12)C(C)C,P11229,,,PUBCHEM.COMPOUND:4934,DOID:0060262|DOID:0110892|DOID:10763|DOID:10808|DOID:10825|DOID:10952|DOID:11963|DOID:12361|DOID:12642|DOID:13186|DOID:13206|DOID:13550|DOID:13948|DOID:13976|DOID:1405|DOID:1425|DOID:14250|DOID:14445|DOID:2527|DOID:2883|DOID:2921|DOID:3393|DOID:3827|DOID:3878|DOID:409|DOID:437|DOID:5200|DOID:557|DOID:750|DOID:7997|DOID:7998|DOID:8442|DOID:8534|DOID:8577|DOID:9164|DOID:936,NCBIGENE:1128|NCBIGENE:1131|NCBIGENE:1132
DB00747,51,CN1[C@H]2C[C@@H](C[C@@H]1[C@H]1O[C@@H]21)OC(=O)[C@H](CO)C1=CC=CC=C1,P11229|P08172|P20309|P08173|P08912|P43681|P17787|P14410,P08684,P08684,PUBCHEM.COMPOUND:3000322,DOID:0050590|DOID:0050741|DOID:0050848|DOID:0060185|DOID:0060262|DOID:0060674|DOID:0060675|DOID:0060676|DOID:0060677|DOID:0060678|DOID:0060679|DOID:0060731|DOID:0110892|DOID:10459|DOID:10460|DOID:1067|DOID:10763|DOID:10808|DOID:10825|DOID:10952|DOID:11328|DOID:114|DOID:11486|DOID:11569|DOID:11847|DOID:11963|DOID:12030|DOID:12139|DOID:1227|DOID:12361|DOID:12550|DOID:12642|DOID:1287|DOID:12987|DOID:13141|DOID:13186|DOID:13206|DOID:13268|DOID:13413|DOID:13550|DOID:13739|DOID:13948|DOID:13976|DOID:1405|DOID:1407|DOID:1425|DOID:14250|DOID:14445|DOID:1470|DOID:1574|DOID:1588|DOID:1595|DOID:1596|DOID:1686|DOID:1826|DOID:1837|DOID:1936|DOID:2275|DOID:2348|DOID:2349|DOID:2355|DOID:2361|DOID:240|DOID:2527|DOID:2848|DOID:2883|DOID:2913|DOID:2921|DOID:2951|DOID:302|DOID:303|DOID:3083|DOID:3393|DOID:3650|DOID:3827|DOID:3878|DOID:409|DOID:4353|DOID:437|DOID:4481|DOID:4730|DOID:4964|DOID:4989|DOID:5162|DOID:5200|DOID:5418|DOID:557|DOID:5844|DOID:5854|DOID:750|DOID:7997|DOID:7998|DOID:8442|DOID:850|DOID:8534|DOID:8577|DOID:9164|DOID:9267|DOID:9282|DOID:9351|DOID:936|DOID:9408|DOID:9778,NCBIGENE:1128|NCBIGENE:1131|NCBIGENE:1132|NCBIGENE:1133|NCBIGENE:5970|NCBIGENE:6476
DB09244,52,CC1=CC=C2N3CCNC4CCCC(=C34)C2=C1,P21397|P08908|P08913,P21397,P21397,PUBCHEM.COMPOUND:68802,DOID:12139|DOID:1470|DOID:1595|DOID:1596|DOID:2848|DOID:4964,
DB00780,53,NNCCC1=CC=CC=C1,P21397|P27338|Q16853|P80404|P24298|Q8TD30|Q9UGI5,P33261|P10632|P08684|P20815|P24462|P10635|P21397|P27338|P05181,P33261|P10632|P08684|P20815|P24462|P10635|P21397|P27338|P05181,PUBCHEM.COMPOUND:3675,DOID:0050741|DOID:0050771|DOID:0060262|DOID:10021|DOID:10154|DOID:10763|DOID:10825|DOID:10952|DOID:114|DOID:117|DOID:12139|DOID:12361|DOID:1287|DOID:1425|DOID:14320|DOID:1470|DOID:1574|DOID:1595|DOID:1596|DOID:1826|DOID:1837|DOID:2030|DOID:2527|DOID:2848|DOID:2921|DOID:3312|DOID:3393|DOID:3953|DOID:409|DOID:4964|DOID:5419|DOID:557|DOID:6713|DOID:7997|DOID:7998|DOID:9351|DOID:9993,NCBIGENE:1555|NCBIGENE:1558|NCBIGENE:1576|NCBIGENE:2875|NCBIGENE:4128|NCBIGENE:4129|NCBIGENE:627|NCBIGENE:7054|NCBIGENE:84706|NCBIGENE:8639
DB01199,54,[H][C@@]12CC3=CC=C(OC4=C5C(CC[N+](C)(C)[C@]5([H])CC5=CC(OC6=C(OC)C=C(CCN1C)C2=C6)=C(O)C=C5)=CC(OC)=C4O)C=C3,Q15822|P46098|P22303|P36544,P06276,P06276,PUBCHEM.COMPOUND:6000,,NCBIGENE:1135|NCBIGENE:3359|NCBIGENE:353174|NCBIGENE:43|NCBIGENE:590
DB01171,55,ClC1=CC=C(C=C1)C(=O)NCCN1CCOCC1,P21397|P27338,P11712|P33261|P10635|P21397|P27338,P11712|P33261|P10635|P21397|P27338,PUBCHEM.COMPOUND:4235,DOID:12139|DOID:1470|DOID:1595|DOID:1596|DOID:2848|DOID:4964,NCBIGENE:1544|NCBIGENE:1557|NCBIGENE:1565|NCBIGENE:4128|NCBIGENE:4129|NCBIGENE:5617
DB01367,56,C#CCN[C@@H]1CCC2=CC=CC=C12,P27338|P10415,P05177,P05177,PUBCHEM.COMPOUND:3052776,DOID:0050771|DOID:0060262|DOID:0060891|DOID:0060895|DOID:0060896|DOID:10021|DOID:10154|DOID:10763|DOID:10825|DOID:117|DOID:14330|DOID:1826|DOID:1909|DOID:3312|DOID:3953|DOID:409|DOID:543|DOID:8923,
DB00209,57,[H][C@]12CC[C@]([H])(C[C@@H](C1)OC(=O)C(O)(C1=CC=CC=C1)C1=CC=CC=C1)[N+]21CCCC1,P20309|P11229,P10635,P10635,PUBCHEM.COMPOUND:5284632,DOID:0060262|DOID:0110892|DOID:13550|DOID:13948|DOID:1405|DOID:14445|DOID:2089|DOID:409|DOID:437|DOID:8577,
DB00614,58,[O-][N+](=O)C1=CC=C(O1)\C=N\N1CCOC1=O,,P21397|P27338,P21397|P27338,PUBCHEM.COMPOUND:3435,,
DB00908,59,[H][C@@]12CCN(C[C@@H]1C=C)[C@]([H])(C2)[C@@H](O)C1=C2C=C(OC)C=CC2=NC=C1,Q14524|O00180|Q9Y257|Q12809|P35348|P35368|P25100,,,PUBCHEM.COMPOUND:441074,DOID:0060224|DOID:0060262|DOID:10272|DOID:10952|DOID:12365|DOID:1425|DOID:1588|DOID:2527|DOID:2921|DOID:409|DOID:437|DOID:4398|DOID:4500|DOID:557|DOID:6000|DOID:8893|DOID:9088,NCBIGENE:3757|NCBIGENE:3775|NCBIGENE:9424
DB00483,60,[I-].[I-].[I-].CC[N+](CC)(CC)CCOC1=CC=CC(OCC[N+](CC)(CC)CC)=C1OCC[N+](CC)(CC)CC,P08172|P22303|Q15822|P11229|P08912,,,PUBCHEM.COMPOUND:6172,,
DB12278,61,CCCOC(C(=O)OC1CCN(C)CC1)(C1=CC=CC=C1)C1=CC=CC=C1,P11229|P08172|P20309|P08912|Q13936|P35348|P08173,P08684|Q01740|P31513,P08684|Q01740|P31513,PUBCHEM.COMPOUND:4942,,
DB00376,62,OC(CCN1CCCCC1)(C1CCCCC1)C1=CC=CC=C1,P11229|P08172|P20309|P08173|P08912,,,PUBCHEM.COMPOUND:5572,DOID:0050841|DOID:0060262|DOID:0060891|DOID:0060895|DOID:0060896|DOID:0110892|DOID:100|DOID:1067|DOID:10763|DOID:10808|DOID:10825|DOID:10952|DOID:11486|DOID:11963|DOID:12361|DOID:12384|DOID:12385|DOID:12642|DOID:13186|DOID:13206|DOID:13250|DOID:13548|DOID:13550|DOID:13976|DOID:1405|DOID:1425|DOID:14330|DOID:14445|DOID:2527|DOID:2883|DOID:2921|DOID:3083|DOID:3393|DOID:3827|DOID:3878|DOID:409|DOID:437|DOID:5200|DOID:529|DOID:557|DOID:679|DOID:7997|DOID:7998|DOID:8442|DOID:8534|DOID:8577|DOID:9164|DOID:9854,NCBIGENE:1128|NCBIGENE:1131|NCBIGENE:1132|NCBIGENE:1133|NCBIGENE:155
DB00752,63,NC1CC1C1=CC=CC=C1,P27338|P21397,P10635|P11712|P33261|P05177|P11509|P08684,P10635|P11712|P33261|P05177|P11509|P08684,PUBCHEM.COMPOUND:5530,,NCBIGENE:1548|NCBIGENE:1557|NCBIGENE:1559|NCBIGENE:1565|NCBIGENE:1822|NCBIGENE:23028|NCBIGENE:4128|NCBIGENE:4129|NCBIGENE:627
DB00340,64,CN1CCCC(CC2C3=CC=CC=C3SC3=CC=CC=C23)C1,,,,PUBCHEM.COMPOUND:4167,DOID:13548,NCBIGENE:1128|NCBIGENE:1131|NCBIGENE:1132|NCBIGENE:1133
DB01062,65,CCN(CC)CC#CCOC(=O)C(O)(C1CCCCC1)C1=CC=CC=C1,P20309|P08172|P11229,P08684|P10632|P10635|P20815,P08684|P10632|P10635|P20815,PUBCHEM.COMPOUND:4634,DOID:0060262|DOID:0110892|DOID:10763|DOID:10825|DOID:10952|DOID:11577|DOID:11963|DOID:12143|DOID:12361|DOID:12642|DOID:13206|DOID:13550|DOID:13948|DOID:13976|DOID:1405|DOID:1425|DOID:14445|DOID:2527|DOID:2883|DOID:2921|DOID:3393|DOID:3827|DOID:3878|DOID:409|DOID:437|DOID:557|DOID:7997|DOID:7998|DOID:8442|DOID:8534|DOID:8577,NCBIGENE:1066|NCBIGENE:1128|NCBIGENE:1131|NCBIGENE:1132|NCBIGENE:1133|NCBIGENE:5187
DB09241,66,[Cl-].CN(C)C1=CC2=[S+]C3=C(C=CC(=C3)N(C)C)N=C2C=C1,P33402|P29475,P22310|O60656|P05177|P20813|P10632|P11712|P33261|P08684|P20815|P30043|P10635,P22310|O60656|P05177|P20813|P10632|P11712|P33261|P08684|P20815|P30043|P10635,PUBCHEM.COMPOUND:6099,DOID:0050459|DOID:0060262|DOID:10763|DOID:10772|DOID:10783|DOID:10825|DOID:10952|DOID:11249|DOID:114|DOID:11486|DOID:11963|DOID:12361|DOID:12451|DOID:1247|DOID:12642|DOID:12678|DOID:12679|DOID:1287|DOID:13186|DOID:13206|DOID:13948|DOID:13976|DOID:1425|DOID:1686|DOID:1837|DOID:2215|DOID:2216|DOID:2236|DOID:2355|DOID:2361|DOID:2485|DOID:2527|DOID:2747|DOID:2749|DOID:2862|DOID:2883|DOID:2921|DOID:3393|DOID:3827|DOID:3878|DOID:4029|DOID:409|DOID:437|DOID:5082|DOID:557|DOID:6000|DOID:7997|DOID:7998|DOID:8442|DOID:8534|DOID:9164|DOID:9266|DOID:9351|DOID:9870,
DB00915,67,NC12CC3CC(CC(C3)C1)C2,P21430|Q8TCU5|P14416|P36544|P43681|P32297,P20711|P27338,P20711|P27338,PUBCHEM.COMPOUND:2130,DOID:0050841|DOID:0060891|DOID:0060895|DOID:0060896|DOID:10952|DOID:11328|DOID:13548|DOID:13550|DOID:1405|DOID:1425|DOID:14330|DOID:14445|DOID:1826|DOID:1909|DOID:2527|DOID:2723|DOID:2921|DOID:302|DOID:303|DOID:529|DOID:5418|DOID:557|DOID:6000|DOID:679|DOID:8923,NCBIGENE:116443|NCBIGENE:1813|NCBIGENE:2353|NCBIGENE:2641|NCBIGENE:627
DB01338,68,[H][C@@]12C[C@@H]([C@H](OC(C)=O)[C@@]1(C)CC[C@@]1([H])[C@@]2([H])CC[C@@]2([H])C[C@H](OC(C)=O)[C@H](C[C@]12C)N1CC[N+](C)(C)CC1)N1CC[N+](C)(C)CC1,Q15822|P08172|P20309,P06276,P06276,PUBCHEM.COMPOUND:50192,,NCBIGENE:1131|NCBIGENE:1135
DB00392,69,CCN(CC)C(C)CN1C2=CC=CC=C2SC2=CC=CC=C12,P11229|Q8TCU5|P08172,P06276,P06276,PUBCHEM.COMPOUND:3290,DOID:0060262|DOID:0110892|DOID:100|DOID:1067|DOID:10763|DOID:10808|DOID:10825|DOID:10952|DOID:11486|DOID:11963|DOID:12361|DOID:12384|DOID:12385|DOID:12642|DOID:13186|DOID:13206|DOID:13250|DOID:13550|DOID:13976|DOID:1405|DOID:1425|DOID:14445|DOID:2527|DOID:2883|DOID:2921|DOID:3083|DOID:3393|DOID:3827|DOID:3878|DOID:409|DOID:437|DOID:5200|DOID:557|DOID:7997|DOID:7998|DOID:8442|DOID:8534|DOID:8577|DOID:9164|DOID:9854,NCBIGENE:1128|NCBIGENE:116443|NCBIGENE:43|NCBIGENE:590
DB00809,70,CCN(CC1=CC=NC=C1)C(=O)C(CO)C1=CC=CC=C1,P08173|P11229|P08172|P20309,,,PUBCHEM.COMPOUND:5593,DOID:1067|DOID:10763|DOID:10825|DOID:12361|DOID:13550|DOID:1405|DOID:14445|DOID:1837|DOID:3393|DOID:7997|DOID:7998|DOID:9282|DOID:9351,NCBIGENE:1128|NCBIGENE:1131|NCBIGENE:1132|NCBIGENE:1133
DB09245,71,CC1=CC(=CC=C1)N1CC(CO)OC1=O,P21397,P21397,P21397,PUBCHEM.COMPOUND:34521,DOID:12139|DOID:1470|DOID:1595|DOID:1596|DOID:2848|DOID:4964,NCBIGENE:4128|NCBIGENE:4129
DB01173,72,CN(C)CCOC(C1=CC=CC=C1)C1=CC=CC=C1C,O15399|Q05586|O60391|Q8TCU5|P35367|P23975|Q9Y5Y9,,,PUBCHEM.COMPOUND:4601,DOID:0050741|DOID:0060262|DOID:0060573|DOID:0060692|DOID:0111045|DOID:0111052|DOID:0111054|DOID:0111056|DOID:0111057|DOID:10652|DOID:10763|DOID:10772|DOID:10808|DOID:10825|DOID:10933|DOID:10952|DOID:11249|DOID:11870|DOID:12531|DOID:13186|DOID:13189|DOID:13206|DOID:13548|DOID:13948|DOID:1425|DOID:1443|DOID:14525|DOID:1574|DOID:1588|DOID:1686|DOID:1826|DOID:2215|DOID:2216|DOID:2236|DOID:2355|DOID:2361|DOID:2527|DOID:2883|DOID:2921|DOID:3393|DOID:409|DOID:437|DOID:557|DOID:593|DOID:594|DOID:750|DOID:8677|DOID:9164,NCBIGENE:1128|NCBIGENE:1131|NCBIGENE:1132|NCBIGENE:1133|NCBIGENE:116443|NCBIGENE:116444|NCBIGENE:1553|NCBIGENE:1555|NCBIGENE:1576|NCBIGENE:2902|NCBIGENE:2906|NCBIGENE:3269|NCBIGENE:6336|NCBIGENE:6530
DB01337,73,[H][C@@]12C[C@@H]([C@H](OC(C)=O)[C@@]1(C)CC[C@@]1([H])[C@@]2([H])CC[C@@]2([H])C[C@H](OC(C)=O)[C@H](C[C@]12C)[N+]1(C)CCCCC1)[N+]1(C)CCCCC1,Q15822|P08172|P20309,P06276,P06276,PUBCHEM.COMPOUND:441289,DOID:0060262|DOID:1074|DOID:10952|DOID:1425|DOID:2527|DOID:2921|DOID:305|DOID:3650|DOID:4015|DOID:409|DOID:437|DOID:4676|DOID:557|DOID:850|DOID:9970,
DB00979,74,CN(C)CCOC(=O)C(C1=CC=CC=C1)C1(O)CCCC1,P11229,P06276,P06276,PUBCHEM.COMPOUND:2905,DOID:10763|DOID:10825|DOID:114|DOID:12361|DOID:1287|DOID:13206|DOID:13550|DOID:1405|DOID:14250|DOID:14445|DOID:1837|DOID:1936|DOID:2348|DOID:2349|DOID:2883|DOID:3393|DOID:5162|DOID:7997|DOID:7998|DOID:9351|DOID:936,NCBIGENE:1128|NCBIGENE:1132
DB01626,75,CN(CC#C)CC1=CC=CC=C1,P27338|P21397,,,PUBCHEM.COMPOUND:4688,DOID:10763|DOID:10825,NCBIGENE:216|NCBIGENE:224|NCBIGENE:30009|NCBIGENE:4128|NCBIGENE:4129|NCBIGENE:7054
DB00245,76,[H][C@]12CC[C@]([H])(C[C@@]([H])(C1)OC(C1=CC=CC=C1)C1=CC=CC=C1)N2C,P11229|Q01959|P35367|P31645|P23975,,,PUBCHEM.COMPOUND:1201549,DOID:0050841|DOID:0060262|DOID:0060891|DOID:0060895|DOID:0060896|DOID:0110892|DOID:100|DOID:1067|DOID:10763|DOID:10808|DOID:10825|DOID:10952|DOID:11486|DOID:11963|DOID:12361|DOID:12384|DOID:12385|DOID:12642|DOID:13186|DOID:13206|DOID:13250|DOID:13548|DOID:13550|DOID:13976|DOID:1405|DOID:1425|DOID:14330|DOID:14445|DOID:2527|DOID:2883|DOID:2921|DOID:3083|DOID:3393|DOID:3827|DOID:3878|DOID:409|DOID:437|DOID:5200|DOID:529|DOID:557|DOID:679|DOID:7997|DOID:7998|DOID:8442|DOID:8534|DOID:8577|DOID:9164|DOID:9854,NCBIGENE:1128|NCBIGENE:1131|NCBIGENE:1132|NCBIGENE:1133|NCBIGENE:146|NCBIGENE:3269|NCBIGENE:6530|NCBIGENE:6531
DB00804,77,CCN(CC)CCOC(=O)C1(CCCCC1)C1CCCCC1,P11229|P20309|P08172,,,PUBCHEM.COMPOUND:3042,DOID:0050590|DOID:0050741|DOID:0050848|DOID:0060185|DOID:0060262|DOID:0060731|DOID:0110892|DOID:10763|DOID:10808|DOID:10825|DOID:10952|DOID:11569|DOID:11963|DOID:12139|DOID:1227|DOID:12361|DOID:12550|DOID:12987|DOID:13186|DOID:13206|DOID:13268|DOID:13413|DOID:13550|DOID:13948|DOID:13976|DOID:1405|DOID:1425|DOID:14250|DOID:14445|DOID:1470|DOID:1574|DOID:1588|DOID:1595|DOID:1596|DOID:2355|DOID:2361|DOID:2527|DOID:2848|DOID:2883|DOID:2921|DOID:302|DOID:303|DOID:3393|DOID:3878|DOID:409|DOID:437|DOID:4964|DOID:5200|DOID:557|DOID:7997|DOID:7998|DOID:8442|DOID:8534|DOID:8577|DOID:9164|DOID:9267|DOID:936|DOID:9778,NCBIGENE:10280|NCBIGENE:1128|NCBIGENE:1131|NCBIGENE:1132|NCBIGENE:1133
DB09275,78,[K+].[K+].[K+].[K+].[K+].[Bi+3].[O-]C(=O)CC([O-])(CC([O-])=O)C([O-])=O.[O-]C(=O)CC([O-])(CC([O-])=O)C([O-])=O,O25926,,,PUBCHEM.COMPOUND:118987133,DOID:0050590|DOID:0050741|DOID:0060262|DOID:10952|DOID:1227|DOID:1247|DOID:12987|DOID:13189|DOID:1389|DOID:1425|DOID:1574|DOID:1826|DOID:1837|DOID:2527|DOID:2921|DOID:409|DOID:557|DOID:574|DOID:870|DOID:9351|DOID:936,
DB04574,79,[H][C@@]12CCC(=O)[C@@]1(C)CC[C@]1([H])C3=C(CC[C@@]21[H])C=C(OS(O)(=O)=O)C=C3,P03372|Q92731,,,PUBCHEM.COMPOUND:3001028,,NCBIGENE:10599|NCBIGENE:10864|NCBIGENE:11309|NCBIGENE:1543|NCBIGENE:1544|NCBIGENE:2100|NCBIGENE:3479|NCBIGENE:3784|NCBIGENE:412|NCBIGENE:4199|NCBIGENE:462|NCBIGENE:538|NCBIGENE:55867|NCBIGENE:59067|NCBIGENE:5972|NCBIGENE:6783|NCBIGENE:7031
DB00635,80,[H][C@@]12CC[C@](O)(C(=O)CO)[C@@]1(C)CC(=O)[C@@]1([H])[C@@]2([H])CCC2=CC(=O)C=C[C@]12C,P04150,,,PUBCHEM.COMPOUND:5865,DOID:0050328|DOID:0050426|DOID:0050589|DOID:0050811|DOID:0050873|DOID:0060058|DOID:0060060|DOID:0060061|DOID:0060192|DOID:0060870|DOID:0060872|DOID:0060873|DOID:0060874|DOID:0060875|DOID:0080158|DOID:0090070|DOID:0090071|DOID:0090072|DOID:0090073|DOID:0090074|DOID:0090076|DOID:0090077|DOID:0090078|DOID:0090079|DOID:0090080|DOID:0090081|DOID:0090082|DOID:0090083|DOID:0090084|DOID:0090085|DOID:0090086|DOID:0090087|DOID:0090089|DOID:0090090|DOID:0090092|DOID:0090093|DOID:0090094|DOID:0110892|DOID:10159|DOID:1029|DOID:10322|DOID:1040|DOID:10493|DOID:1067|DOID:10763|DOID:10825|DOID:10966|DOID:1098|DOID:11328|DOID:11335|DOID:11476|DOID:1156|DOID:11634|DOID:1184|DOID:13189|DOID:1339|DOID:13404|DOID:1342|DOID:13774|DOID:14069|DOID:1459|DOID:14735|DOID:1558|DOID:1564|DOID:17|DOID:1703|DOID:1826|DOID:1837|DOID:2377|DOID:2571|DOID:2590|DOID:2722|DOID:2773|DOID:2841|DOID:3310|DOID:3614|DOID:37|DOID:399|DOID:4029|DOID:417|DOID:4195|DOID:423|DOID:4398|DOID:4404|DOID:4481|DOID:4500|DOID:4730|DOID:4873|DOID:5082|DOID:533|DOID:5418|DOID:5870|DOID:6000|DOID:626|DOID:6498|DOID:6688|DOID:676|DOID:707|DOID:7147|DOID:7148|DOID:7166|DOID:718|DOID:7457|DOID:750|DOID:767|DOID:8505|DOID:8538|DOID:8543|DOID:8566|DOID:8567|DOID:8622|DOID:8628|DOID:8651|DOID:8654|DOID:8675|DOID:8691|DOID:8778|DOID:8866|DOID:8893|DOID:8913|DOID:9008|DOID:9074|DOID:9088|DOID:9182|DOID:9273|DOID:9278|DOID:9280|DOID:9351|DOID:9360|DOID:9406|DOID:9410|DOID:9415|DOID:9476|DOID:9498|DOID:9503|DOID:9784|DOID:9952,NCBIGENE:1557|NCBIGENE:2908|NCBIGENE:3107|NCBIGENE:866|NCBIGENE:8714
DB03754,81,NC(CO)(CO)CO,P05067,,,PUBCHEM.COMPOUND:6503,DOID:0050589|DOID:0060262|DOID:10124|DOID:10126|DOID:10138|DOID:10140|DOID:1074|DOID:10763|DOID:10808|DOID:10825|DOID:10952|DOID:11204|DOID:114|DOID:11847|DOID:1237|DOID:1247|DOID:1287|DOID:1425|DOID:1724|DOID:1837|DOID:2355|DOID:2361|DOID:2457|DOID:2474|DOID:2527|DOID:2841|DOID:2921|DOID:2983|DOID:3526|DOID:3650|DOID:409|DOID:4676|DOID:557|DOID:5844|DOID:5854|DOID:6713|DOID:7148|DOID:750|DOID:9351|DOID:9360|DOID:9408|DOID:9415|DOID:9993,NCBIGENE:10020|NCBIGENE:10023|NCBIGENE:10120|NCBIGENE:10121|NCBIGENE:10243|NCBIGENE:1025|NCBIGENE:10455|NCBIGENE:10749|NCBIGENE:10787|NCBIGENE:10898|NCBIGENE:11285|NCBIGENE:124583|NCBIGENE:128|NCBIGENE:1357|NCBIGENE:137872|NCBIGENE:138474|NCBIGENE:1504|NCBIGENE:1506|NCBIGENE:1537|NCBIGENE:1634|NCBIGENE:1739|NCBIGENE:1854|NCBIGENE:1990|NCBIGENE:2021|NCBIGENE:2147|NCBIGENE:2160|NCBIGENE:2204|NCBIGENE:221692|NCBIGENE:23095|NCBIGENE:23324|NCBIGENE:246243|NCBIGENE:2494|NCBIGENE:2495|NCBIGENE:250|NCBIGENE:251|NCBIGENE:2517|NCBIGENE:2519|NCBIGENE:25939|NCBIGENE:262|NCBIGENE:27109|NCBIGENE:27232|NCBIGENE:2932|NCBIGENE:2934|NCBIGENE:3093|NCBIGENE:3106|NCBIGENE:334|NCBIGENE:3383|NCBIGENE:351|NCBIGENE:360203|NCBIGENE:3654|NCBIGENE:3676|NCBIGENE:3695|NCBIGENE:3938|NCBIGENE:396|NCBIGENE:3980|NCBIGENE:4069|NCBIGENE:4124|NCBIGENE:4125|NCBIGENE:4170|NCBIGENE:4254|NCBIGENE:440387|NCBIGENE:4513|NCBIGENE:4644|NCBIGENE:4736|NCBIGENE:4751|NCBIGENE:5009|NCBIGENE:51135|NCBIGENE:5319|NCBIGENE:53343|NCBIGENE:54457|NCBIGENE:5468|NCBIGENE:54802|NCBIGENE:55742|NCBIGENE:55845|NCBIGENE:5648|NCBIGENE:56953|NCBIGENE:56980|NCBIGENE:573|NCBIGENE:57403|NCBIGENE:5770|NCBIGENE:58|NCBIGENE:5861|NCBIGENE:5867|NCBIGENE:587|NCBIGENE:60|NCBIGENE:6009|NCBIGENE:64145|NCBIGENE:6476|NCBIGENE:6477|NCBIGENE:6879|NCBIGENE:70|NCBIGENE:7083|NCBIGENE:7124|NCBIGENE:7153|NCBIGENE:7155|NCBIGENE:7157|NCBIGENE:7167|NCBIGENE:7372|NCBIGENE:7515|NCBIGENE:768|NCBIGENE:79661|NCBIGENE:81876|NCBIGENE:8565|NCBIGENE:8826|NCBIGENE:8828|NCBIGENE:904|NCBIGENE:920|NCBIGENE:93587|NCBIGENE:9529|NCBIGENE:9749|NCBIGENE:9941|NCBIGENE:9965
DB00860,82,[H][C@@]12CC[C@](O)(C(=O)CO)[C@@]1(C)C[C@H](O)[C@@]1([H])[C@@]2([H])CCC2=CC(=O)C=C[C@]12C,P04150,,,PUBCHEM.COMPOUND:5755,DOID:0050152|DOID:0050328|DOID:0050426|DOID:0050486|DOID:0050589|DOID:0050811|DOID:0050873|DOID:0060058|DOID:0060060|DOID:0060061|DOID:0060192|DOID:0060870|DOID:0060872|DOID:0060873|DOID:0060874|DOID:0060875|DOID:0080158|DOID:0090070|DOID:0090071|DOID:0090072|DOID:0090073|DOID:0090074|DOID:0090076|DOID:0090077|DOID:0090078|DOID:0090079|DOID:0090080|DOID:0090081|DOID:0090082|DOID:0090083|DOID:0090084|DOID:0090085|DOID:0090086|DOID:0090087|DOID:0090089|DOID:0090090|DOID:0090092|DOID:0090093|DOID:0090094|DOID:0110892|DOID:10159|DOID:1029|DOID:10322|DOID:10493|DOID:1067|DOID:10763|DOID:10825|DOID:10966|DOID:1098|DOID:11204|DOID:11328|DOID:11335|DOID:11476|DOID:1156|DOID:11634|DOID:1184|DOID:12029|DOID:12030|DOID:12123|DOID:1270|DOID:1271|DOID:1272|DOID:12894|DOID:12895|DOID:13141|DOID:13166|DOID:13189|DOID:13268|DOID:13375|DOID:1339|DOID:13404|DOID:1342|DOID:13774|DOID:1406|DOID:14069|DOID:1407|DOID:14188|DOID:14453|DOID:1459|DOID:14735|DOID:1558|DOID:1564|DOID:17|DOID:1826|DOID:1837|DOID:203|DOID:204|DOID:2377|DOID:240|DOID:2457|DOID:2474|DOID:2571|DOID:2590|DOID:2703|DOID:2722|DOID:2747|DOID:2749|DOID:2773|DOID:2797|DOID:2841|DOID:2862|DOID:2964|DOID:2965|DOID:3240|DOID:3309|DOID:3310|DOID:3614|DOID:37|DOID:3770|DOID:3777|DOID:399|DOID:4029|DOID:417|DOID:4195|DOID:423|DOID:4353|DOID:4398|DOID:4404|DOID:4481|DOID:4500|DOID:4677|DOID:4724|DOID:4730|DOID:4873|DOID:5082|DOID:533|DOID:5418|DOID:5614|DOID:5870|DOID:6000|DOID:6195|DOID:626|DOID:6498|DOID:6688|DOID:676|DOID:707|DOID:7147|DOID:7148|DOID:7166|DOID:718|DOID:750|DOID:767|DOID:841|DOID:8463|DOID:8505|DOID:853|DOID:8538|DOID:8543|DOID:8566|DOID:8567|DOID:8574|DOID:8577|DOID:8622|DOID:8628|DOID:8651|DOID:8654|DOID:8675|DOID:8691|DOID:8741|DOID:8778|DOID:8857|DOID:8866|DOID:8881|DOID:8893|DOID:8913|DOID:8941|DOID:9008|DOID:9074|DOID:9088|DOID:9182|DOID:9266|DOID:9273|DOID:9278|DOID:9280|DOID:9282|DOID:9351|DOID:9360|DOID:9368|DOID:9406|DOID:9410|DOID:9415|DOID:9476|DOID:9498|DOID:950|DOID:9503|DOID:970|DOID:971|DOID:9861|DOID:9870|DOID:9938|DOID:9952,NCBIGENE:1401|NCBIGENE:1756|NCBIGENE:2908|NCBIGENE:3291|NCBIGENE:3479|NCBIGENE:3565|NCBIGENE:3586|NCBIGENE:3606|NCBIGENE:386653|NCBIGENE:4792|NCBIGENE:4843|NCBIGENE:50964|NCBIGENE:5743|NCBIGENE:6696|NCBIGENE:6863|NCBIGENE:728|NCBIGENE:866|NCBIGENE:9975
DB01370,83,[Al],P06870|P05067|P02787|P05023,,,PUBCHEM.COMPOUND:5359268,,
DB00588,84,[H][C@@]12C[C@@H](C)[C@](OC(=O)CC)(C(=O)SCF)[C@@]1(C)C[C@H](O)[C@@]1(F)[C@@]2([H])C[C@H](F)C2=CC(=O)C=C[C@]12C,P04150|P06401|P47712|P08235,P20815|P24462|P10632|P08684,P20815|P24462|P10632|P08684,PUBCHEM.COMPOUND:444036,DOID:0050486|DOID:0060061|DOID:0060262|DOID:0060870|DOID:0060872|DOID:0060873|DOID:0060874|DOID:0060875|DOID:0080158|DOID:0090070|DOID:0090071|DOID:0090072|DOID:0090073|DOID:0090074|DOID:0090076|DOID:0090077|DOID:0090078|DOID:0090079|DOID:0090080|DOID:0090081|DOID:0090082|DOID:0090083|DOID:0090084|DOID:0090085|DOID:0090086|DOID:0090087|DOID:0090089|DOID:0090090|DOID:0090092|DOID:0090093|DOID:0090094|DOID:104|DOID:10493|DOID:10763|DOID:10825|DOID:11476|DOID:12361|DOID:1270|DOID:1271|DOID:1272|DOID:13774|DOID:14262|DOID:1508|DOID:1564|DOID:1686|DOID:1826|DOID:1837|DOID:2722|DOID:2773|DOID:2841|DOID:2957|DOID:3309|DOID:3310|DOID:3393|DOID:3614|DOID:3669|DOID:3777|DOID:3947|DOID:409|DOID:4195|DOID:4404|DOID:446|DOID:4481|DOID:4500|DOID:4730|DOID:533|DOID:6498|DOID:7997|DOID:7998|DOID:8574|DOID:8622|DOID:8741|DOID:8857|DOID:8913|DOID:8941|DOID:9282|DOID:934|DOID:9351|DOID:9360|DOID:9406|DOID:9410|DOID:9415|DOID:9476|DOID:9534,NCBIGENE:2908|NCBIGENE:5241|NCBIGENE:5321
DB09104,85,[OH-].[OH-].[Mg++],,,,PUBCHEM.COMPOUND:73981,,
DB06724,86,[Ca++].[O-]C([O-])=O,,,,PUBCHEM.COMPOUND:10112,DOID:12678|DOID:12679|DOID:2321|DOID:2485,NCBIGENE:10086|NCBIGENE:729330
DB01130,87,[H][C@@]12CC[C@](OC(=O)OCC)(C(=O)COC(=O)CC)[C@@]1(C)C[C@H](O)[C@@]1([H])[C@@]2([H])CCC2=CC(=O)C=C[C@]12C,P04150,P08684,P08684,PUBCHEM.COMPOUND:6714002,DOID:0050486|DOID:0060061|DOID:10493|DOID:1270|DOID:1271|DOID:1272|DOID:13774|DOID:2722|DOID:2773|DOID:3309|DOID:3310|DOID:3669|DOID:3777|DOID:4404|DOID:6498|DOID:8574|DOID:8741|DOID:8857|DOID:8941,NCBIGENE:5319
DB06723,88,[OH-].[OH-].[OH-].[Al+3],,,,PUBCHEM.COMPOUND:10176082,,
DB13595,89,O.[Mg++].[Al+3].[Al+3].[O-][Si]([O-])([O-])[O-].[O-][Si]([O-])([O-])[O-],,,,PUBCHEM.COMPOUND:131704329,,
DB09281,90,[Mg++].[Mg++].[O-][Si](=O)O[Si]([O-])([O-])O[Si]([O-])=O,,,,PUBCHEM.COMPOUND:5311266,,
DB08970,91,[H][C@@]12CC(=C)[C@](O)(C(=O)CO)[C@@]1(C)C[C@H](O)[C@@]1(F)[C@@]2([H])CCC2=CC(=O)C=C[C@]12C,,P08684|P20815,P08684|P20815,PUBCHEM.COMPOUND:11794741,,
DB00741,92,[H][C@@]12CC[C@](O)(C(=O)CO)[C@@]1(C)C[C@H](O)[C@@]1([H])[C@@]2([H])CCC2=CC(=O)CC[C@]12C,P04150|P04083,,,PUBCHEM.COMPOUND:5754,DOID:0050152|DOID:0050328|DOID:0050426|DOID:0050486|DOID:0050589|DOID:0050811|DOID:0050820|DOID:0060058|DOID:0060060|DOID:0060061|DOID:0060192|DOID:0060262|DOID:0060870|DOID:0060872|DOID:0060873|DOID:0060874|DOID:0060875|DOID:0080158|DOID:0090070|DOID:0090071|DOID:0090072|DOID:0090073|DOID:0090074|DOID:0090076|DOID:0090077|DOID:0090078|DOID:0090079|DOID:0090080|DOID:0090081|DOID:0090082|DOID:0090083|DOID:0090084|DOID:0090085|DOID:0090086|DOID:0090087|DOID:0090089|DOID:0090090|DOID:0090092|DOID:0090093|DOID:0090094|DOID:0110892|DOID:1029|DOID:10322|DOID:10493|DOID:1067|DOID:10763|DOID:10808|DOID:10825|DOID:10952|DOID:10966|DOID:1098|DOID:11165|DOID:11168|DOID:11204|DOID:11328|DOID:11335|DOID:11476|DOID:1156|DOID:11634|DOID:1184|DOID:11963|DOID:12030|DOID:12179|DOID:12361|DOID:1270|DOID:1271|DOID:1272|DOID:13141|DOID:13189|DOID:1339|DOID:13404|DOID:1342|DOID:13774|DOID:13976|DOID:1406|DOID:1407|DOID:14188|DOID:1425|DOID:1459|DOID:14735|DOID:1558|DOID:1564|DOID:1686|DOID:17|DOID:1724|DOID:1826|DOID:1837|DOID:203|DOID:204|DOID:2377|DOID:240|DOID:2457|DOID:2474|DOID:2527|DOID:2571|DOID:2590|DOID:2703|DOID:2722|DOID:2723|DOID:2773|DOID:2841|DOID:2921|DOID:2964|DOID:2965|DOID:3127|DOID:3240|DOID:3309|DOID:3310|DOID:3614|DOID:3669|DOID:3777|DOID:379|DOID:409|DOID:417|DOID:4195|DOID:423|DOID:4353|DOID:4398|DOID:4404|DOID:4481|DOID:4500|DOID:4677|DOID:4724|DOID:4730|DOID:5082|DOID:533|DOID:5418|DOID:557|DOID:5614|DOID:5870|DOID:6195|DOID:626|DOID:6498|DOID:6543|DOID:6688|DOID:707|DOID:7147|DOID:7148|DOID:7166|DOID:718|DOID:7457|DOID:750|DOID:7997|DOID:7998|DOID:8463|DOID:8505|DOID:8534|DOID:8538|DOID:8543|DOID:8566|DOID:8567|DOID:8574|DOID:8577|DOID:8622|DOID:8628|DOID:8651|DOID:8654|DOID:8675|DOID:8691|DOID:8741|DOID:8778|DOID:8857|DOID:8881|DOID:8893|DOID:8913|DOID:8941|DOID:9008|DOID:9074|DOID:9088|DOID:9182|DOID:9210|DOID:9282|DOID:9351|DOID:9360|DOID:9368|DOID:9406|DOID:9410|DOID:9415|DOID:9463|DOID:9476|DOID:9498|DOID:9503|DOID:9663|DOID:970|DOID:971|DOID:9746|DOID:9784|DOID:9952,NCBIGENE:1392|NCBIGENE:147495|NCBIGENE:1576|NCBIGENE:1577|NCBIGENE:1583|NCBIGENE:1584|NCBIGENE:1585|NCBIGENE:1586|NCBIGENE:1589|NCBIGENE:1633|NCBIGENE:213|NCBIGENE:23464|NCBIGENE:2641|NCBIGENE:2660|NCBIGENE:2796|NCBIGENE:2908|NCBIGENE:3283|NCBIGENE:3291|NCBIGENE:3350|NCBIGENE:338|NCBIGENE:3479|NCBIGENE:3481|NCBIGENE:3486|NCBIGENE:3489|NCBIGENE:3491|NCBIGENE:3553|NCBIGENE:3565|NCBIGENE:3576|NCBIGENE:3816|NCBIGENE:3952|NCBIGENE:4023|NCBIGENE:4158|NCBIGENE:4322|NCBIGENE:4843|NCBIGENE:4851|NCBIGENE:4878|NCBIGENE:5321|NCBIGENE:5340|NCBIGENE:551|NCBIGENE:5617|NCBIGENE:56603|NCBIGENE:56729|NCBIGENE:5697|NCBIGENE:5743|NCBIGENE:5972|NCBIGENE:6370|NCBIGENE:6531|NCBIGENE:6622|NCBIGENE:6718|NCBIGENE:6752|NCBIGENE:6863|NCBIGENE:6999|NCBIGENE:7057|NCBIGENE:7124|NCBIGENE:7350|NCBIGENE:7852|NCBIGENE:866|NCBIGENE:8840|NCBIGENE:8856|NCBIGENE:9095
DB01047,93,[H][C@@]12C[C@@]3([H])[C@]4([H])C[C@H](F)C5=CC(=O)C=C[C@]5(C)[C@@]4(F)[C@@H](O)C[C@]3(C)[C@@]1(OC(C)(C)O2)C(=O)COC(C)=O,P04150|Q99835,P08684|P20815,P08684|P20815,PUBCHEM.COMPOUND:9642,DOID:0050486|DOID:0060061|DOID:0060870|DOID:0060872|DOID:0060873|DOID:0060874|DOID:0060875|DOID:0090070|DOID:0090071|DOID:0090072|DOID:0090073|DOID:0090074|DOID:0090076|DOID:0090077|DOID:0090078|DOID:0090079|DOID:0090080|DOID:0090081|DOID:0090082|DOID:0090083|DOID:0090084|DOID:0090085|DOID:0090086|DOID:0090087|DOID:0090089|DOID:0090090|DOID:0090092|DOID:0090093|DOID:0090094|DOID:1837|DOID:2722|DOID:2723|DOID:2773|DOID:3309|DOID:3310|DOID:3614|DOID:3777|DOID:3947|DOID:4195|DOID:4404|DOID:446|DOID:533|DOID:6498|DOID:8574|DOID:8741|DOID:8857|DOID:8941|DOID:9351|DOID:9406|DOID:9410|DOID:9476,NCBIGENE:2908|NCBIGENE:5241|NCBIGENE:6608|NCBIGENE:866
DB01377,94,[O--].[Mg++],,,,PUBCHEM.COMPOUND:14792,DOID:0050459|DOID:0060262|DOID:10493|DOID:10952|DOID:11335|DOID:11476|DOID:11914|DOID:1247|DOID:12678|DOID:12679|DOID:13250|DOID:13404|DOID:13543|DOID:13774|DOID:1380|DOID:1425|DOID:1826|DOID:1837|DOID:2089|DOID:2321|DOID:2485|DOID:2527|DOID:2871|DOID:2921|DOID:3312|DOID:3341|DOID:3650|DOID:409|DOID:4407|DOID:5160|DOID:557|DOID:580|DOID:585|DOID:626|DOID:7327|DOID:750|DOID:9351|DOID:9460|DOID:9971,
DB11921,95,[H][C@@]12C[C@@]3([H])[C@]4([H])CCC5=CC(=O)C=C[C@]5(C)[C@@]4([H])[C@@]([H])(O)C[C@]3(C)[C@@]1(N=C(C)O2)C(=O)COC(C)=O,P04150,P08684|P20815,P08684|P20815,PUBCHEM.COMPOUND:189821,DOID:11723|DOID:9884,NCBIGENE:2908|NCBIGENE:632
DB00959,96,[H][C@@]12CC[C@](O)(C(=O)CO)[C@@]1(C)C[C@H](O)[C@@]1([H])[C@@]2([H])C[C@H](C)C2=CC(=O)C=C[C@]12C,P04150|P04083,P08684|P11509|Q16678|P20813|P10632|P33261|P11712,P08684|P11509|Q16678|P20813|P10632|P33261|P11712,PUBCHEM.COMPOUND:6741,DOID:0050152|DOID:0050328|DOID:0050426|DOID:0050486|DOID:0050589|DOID:0050811|DOID:0050873|DOID:0060058|DOID:0060060|DOID:0060061|DOID:0060192|DOID:0060870|DOID:0060872|DOID:0060873|DOID:0060874|DOID:0060875|DOID:0080158|DOID:0090070|DOID:0090071|DOID:0090072|DOID:0090073|DOID:0090074|DOID:0090076|DOID:0090077|DOID:0090078|DOID:0090079|DOID:0090080|DOID:0090081|DOID:0090082|DOID:0090083|DOID:0090084|DOID:0090085|DOID:0090086|DOID:0090087|DOID:0090089|DOID:0090090|DOID:0090092|DOID:0090093|DOID:0090094|DOID:0110892|DOID:10159|DOID:1029|DOID:10322|DOID:10493|DOID:1067|DOID:10763|DOID:10825|DOID:10966|DOID:1098|DOID:11328|DOID:11335|DOID:11476|DOID:1156|DOID:11634|DOID:1184|DOID:1270|DOID:1271|DOID:1272|DOID:13189|DOID:1339|DOID:13404|DOID:1342|DOID:13774|DOID:14069|DOID:14188|DOID:1459|DOID:14735|DOID:1558|DOID:1564|DOID:17|DOID:1826|DOID:1837|DOID:203|DOID:204|DOID:2377|DOID:2571|DOID:2590|DOID:2703|DOID:2722|DOID:2773|DOID:2841|DOID:2964|DOID:2965|DOID:3240|DOID:3309|DOID:3310|DOID:3614|DOID:37|DOID:3777|DOID:399|DOID:4029|DOID:417|DOID:4195|DOID:423|DOID:4398|DOID:4404|DOID:4481|DOID:4500|DOID:4724|DOID:4730|DOID:4873|DOID:5082|DOID:533|DOID:5418|DOID:5614|DOID:5870|DOID:6000|DOID:626|DOID:6498|DOID:6688|DOID:676|DOID:707|DOID:7147|DOID:7148|DOID:7166|DOID:718|DOID:7457|DOID:750|DOID:767|DOID:8505|DOID:8538|DOID:8543|DOID:8566|DOID:8567|DOID:8574|DOID:8622|DOID:8628|DOID:8651|DOID:8654|DOID:8675|DOID:8691|DOID:8741|DOID:8778|DOID:8857|DOID:8866|DOID:8893|DOID:8913|DOID:8941|DOID:9008|DOID:9074|DOID:9088|DOID:9182|DOID:9273|DOID:9278|DOID:9280|DOID:9351|DOID:9360|DOID:9406|DOID:9410|DOID:9415|DOID:9476|DOID:9498|DOID:9503|DOID:970|DOID:971|DOID:9784|DOID:9861|DOID:9952,NCBIGENE:11213|NCBIGENE:1401|NCBIGENE:1576|NCBIGENE:1756|NCBIGENE:2908|NCBIGENE:3576|NCBIGENE:3586|NCBIGENE:3600|NCBIGENE:5328|NCBIGENE:57142|NCBIGENE:6898|NCBIGENE:7350|NCBIGENE:7351
DB01390,97,[Na+].OC([O-])=O,,,,PUBCHEM.COMPOUND:516892,,
DB00764,98,[H][C@@]12C[C@@H](C)[C@](O)(C(=O)CCl)[C@@]1(C)C[C@H](O)[C@@]1(Cl)[C@@]2([H])CCC2=CC(=O)C=C[C@]12C,P04150|P06401,P10632|P08684|P20815,P10632|P08684|P20815,PUBCHEM.COMPOUND:441335,,NCBIGENE:2908
DB00394,99,[H][C@@]12C[C@H](C)[C@](OC(=O)CC)(C(=O)COC(=O)CC)[C@@]1(C)C[C@H](O)[C@@]1(Cl)[C@@]2([H])CCC2=CC(=O)C=C[C@]12C,P04150,P20815|P08684,P20815|P08684,PUBCHEM.COMPOUND:21700,DOID:0060262|DOID:0080158|DOID:1024|DOID:104|DOID:10493|DOID:13774|DOID:1564|DOID:1686|DOID:2841|DOID:409|DOID:4481|DOID:4483|DOID:4730|DOID:8622|DOID:8913|DOID:9282|DOID:9360|DOID:9415,NCBIGENE:2908|NCBIGENE:920
DB09095,100,[H][C@@]12C[C@@H](C)[C@H](C(=O)CO)[C@@]1(C)C[C@H](O)[C@@]1(F)[C@@]2([H])C[C@H](F)C2=CC(=O)C=C[C@]12C,P12429|P04150,P08684|P20815,P08684|P20815,PUBCHEM.COMPOUND:11954369,,
DB00253,101,[H][C@@]12CC[C@H](C(C)=O)[C@@]1(C)C[C@H](O)[C@@]1([H])[C@@]2([H])C[C@H](C)C2=CC(=O)CC[C@]12C,P04150,P08684|P20815,P08684|P20815,PUBCHEM.COMPOUND:247839,DOID:11204|DOID:12030|DOID:13141|DOID:1406|DOID:1407|DOID:240|DOID:2457|DOID:2474|DOID:4353|DOID:8463|DOID:8881,NCBIGENE:2908
DB09091,102,[H][C@@]12CC[C@](O)(C(=O)CS)[C@@]1(C)C[C@H](O)[C@@]1([H])[C@@]2([H])CCC2=CC(=O)CC[C@]12C,P04150|Q92769,,,PUBCHEM.COMPOUND:162955,,
DB00443,103,[H][C@@]12C[C@H](C)[C@](O)(C(=O)CO)[C@@]1(C)C[C@H](O)[C@@]1(F)[C@@]2([H])CCC2=CC(=O)C=C[C@]12C,P04150,P11511|P20815|P24462|P11509|Q16678|P20813|P10632|P11712|P33261|P08684,P11511|P20815|P24462|P11509|Q16678|P20813|P10632|P11712|P33261|P08684,PUBCHEM.COMPOUND:9782,DOID:0050152|DOID:0050328|DOID:0050426|DOID:0050486|DOID:0050589|DOID:0050811|DOID:0050873|DOID:0060058|DOID:0060060|DOID:0060061|DOID:0060192|DOID:0060655|DOID:0060656|DOID:0060699|DOID:0060700|DOID:0060701|DOID:0060702|DOID:0060870|DOID:0060872|DOID:0060873|DOID:0060874|DOID:0060875|DOID:0080158|DOID:0090070|DOID:0090071|DOID:0090072|DOID:0090073|DOID:0090074|DOID:0090076|DOID:0090077|DOID:0090078|DOID:0090079|DOID:0090080|DOID:0090081|DOID:0090082|DOID:0090083|DOID:0090084|DOID:0090085|DOID:0090086|DOID:0090087|DOID:0090089|DOID:0090090|DOID:0090092|DOID:0090093|DOID:0090094|DOID:0110892|DOID:10159|DOID:1029|DOID:10322|DOID:10493|DOID:10575|DOID:1067|DOID:10763|DOID:10825|DOID:10966|DOID:1098|DOID:11328|DOID:11335|DOID:11476|DOID:1156|DOID:11634|DOID:1184|DOID:12179|DOID:12678|DOID:12679|DOID:1270|DOID:1271|DOID:1272|DOID:13189|DOID:1339|DOID:13404|DOID:1342|DOID:13774|DOID:14069|DOID:14188|DOID:1459|DOID:14735|DOID:1558|DOID:1564|DOID:17|DOID:182|DOID:1826|DOID:1837|DOID:203|DOID:204|DOID:2377|DOID:2485|DOID:2571|DOID:2590|DOID:2703|DOID:2722|DOID:2734|DOID:2738|DOID:2773|DOID:2841|DOID:2964|DOID:2965|DOID:3240|DOID:3309|DOID:3310|DOID:3614|DOID:3669|DOID:37|DOID:3777|DOID:399|DOID:4029|DOID:417|DOID:4195|DOID:423|DOID:4398|DOID:4404|DOID:4481|DOID:4500|DOID:4702|DOID:4724|DOID:4730|DOID:4873|DOID:5082|DOID:533|DOID:5418|DOID:5614|DOID:5870|DOID:6000|DOID:626|DOID:6498|DOID:6688|DOID:676|DOID:707|DOID:7147|DOID:7148|DOID:7166|DOID:718|DOID:7457|DOID:750|DOID:767|DOID:8503|DOID:8505|DOID:8538|DOID:8543|DOID:8566|DOID:8567|DOID:8574|DOID:8622|DOID:8628|DOID:8651|DOID:8654|DOID:8675|DOID:8691|DOID:8741|DOID:8778|DOID:8857|DOID:8866|DOID:8893|DOID:8913|DOID:8941|DOID:9008|DOID:9074|DOID:9088|DOID:9182|DOID:9273|DOID:9278|DOID:9280|DOID:9351|DOID:9360|DOID:9406|DOID:9410|DOID:9415|DOID:9476|DOID:9498|DOID:9503|DOID:970|DOID:971|DOID:9784|DOID:9861|DOID:9952|DOID:9971,NCBIGENE:2908
DB00596,104,[H][C@@]12C[C@H](C)[C@](O)(C(=O)CCl)[C@@]1(C)C[C@H](O)[C@@]1(F)[C@@]2([H])C[C@H](F)C2=CC(=O)C=C[C@]12C,P04150,,,PUBCHEM.COMPOUND:5311167,,
DB00663,105,[H][C@@]12C[C@@H](C)[C@](O)(C(=O)CO)[C@@]1(C)C[C@H](O)[C@@]1(F)[C@@]2([H])C[C@H](F)C2=CC(=O)C=C[C@]12C,P04150,P08684,P08684,PUBCHEM.COMPOUND:16490,DOID:0050486|DOID:0060061|DOID:0060870|DOID:0060872|DOID:0060873|DOID:0060874|DOID:0060875|DOID:0090070|DOID:0090071|DOID:0090072|DOID:0090073|DOID:0090074|DOID:0090076|DOID:0090077|DOID:0090078|DOID:0090079|DOID:0090080|DOID:0090081|DOID:0090082|DOID:0090083|DOID:0090084|DOID:0090085|DOID:0090086|DOID:0090087|DOID:0090089|DOID:0090090|DOID:0090092|DOID:0090093|DOID:0090094|DOID:1270|DOID:1271|DOID:1272|DOID:2722|DOID:2773|DOID:3309|DOID:3310|DOID:3614|DOID:3777|DOID:4404|DOID:533|DOID:6498|DOID:8574|DOID:8741|DOID:8857|DOID:8941|DOID:9406|DOID:9410|DOID:9476,
DB00591,106,[H][C@@]12C[C@@]3([H])[C@]4([H])C[C@H](F)C5=CC(=O)C=C[C@]5(C)[C@@]4(F)[C@@H](O)C[C@]3(C)[C@@]1(OC(C)(C)O2)C(=O)CO,P04150|P04083|P07355|P12429|P09525|P08758|P04054,P08684,P08684,PUBCHEM.COMPOUND:6215,DOID:0050486|DOID:0060061|DOID:0080158|DOID:10176|DOID:10440|DOID:10493|DOID:11406|DOID:12574|DOID:1270|DOID:1271|DOID:1272|DOID:13774|DOID:1686|DOID:2722|DOID:2723|DOID:2773|DOID:3309|DOID:3310|DOID:3612|DOID:3669|DOID:3777|DOID:4404|DOID:6498|DOID:8566|DOID:8574|DOID:8741|DOID:8857|DOID:8886|DOID:8941|DOID:9210,NCBIGENE:2908|NCBIGENE:4953|NCBIGENE:5241|NCBIGENE:866
DB00687,107,[H][C@@]12CC[C@](O)(C(=O)CO)[C@@]1(C)C[C@H](O)[C@@]1(F)[C@@]2([H])CCC2=CC(=O)CC[C@]12C,P08235|P04150,P08684|P80365|P28845,P08684|P80365|P28845,PUBCHEM.COMPOUND:31378,,NCBIGENE:1236|NCBIGENE:2908|NCBIGENE:367|NCBIGENE:5972|NCBIGENE:7852
DB08905,108,[H][C@@]12CCC(=O)[C@@]1(C)CC[C@@]1([H])[C@@]2([H])CCC2=C(O)C(=O)CC[C@]12C,,P08684,P08684,PUBCHEM.COMPOUND:11273,,NCBIGENE:3292|NCBIGENE:367|NCBIGENE:6462
DB00240,109,[H][C@@]12C[C@@H](C)[C@](O)(C(=O)CO)[C@@]1(C)C[C@H](O)[C@@]1([H])[C@@]2([H])[C@H](Cl)CC2=CC(=O)C=C[C@]12C,P04150,P08684,P08684,PUBCHEM.COMPOUND:5311000,,NCBIGENE:2908|NCBIGENE:866
DB00547,110,[H][C@@]12C[C@@H](C)[C@H](C(=O)CO)[C@@]1(C)C[C@H](O)[C@@]1(F)[C@@]2([H])CCC2=CC(=O)C=C[C@]12C,P04150,,,PUBCHEM.COMPOUND:5311067,DOID:0050486|DOID:0060061|DOID:0060870|DOID:0060872|DOID:0060873|DOID:0060874|DOID:0060875|DOID:0090070|DOID:0090071|DOID:0090072|DOID:0090073|DOID:0090074|DOID:0090076|DOID:0090077|DOID:0090078|DOID:0090079|DOID:0090080|DOID:0090081|DOID:0090082|DOID:0090083|DOID:0090084|DOID:0090085|DOID:0090086|DOID:0090087|DOID:0090089|DOID:0090090|DOID:0090092|DOID:0090093|DOID:0090094|DOID:2722|DOID:2773|DOID:3309|DOID:3310|DOID:3614|DOID:3669|DOID:3777|DOID:4404|DOID:533|DOID:6498|DOID:8574|DOID:8741|DOID:8857|DOID:8941|DOID:9406|DOID:9410|DOID:9476,NCBIGENE:2908|NCBIGENE:5319
DB08906,111,[H][C@@]12C[C@@H](C)[C@](OC(=O)C3=CC=CO3)(C(=O)SCF)[C@@]1(C)C[C@H](O)[C@@]1(F)[C@@]2([H])C[C@H](F)C2=CC(=O)C=C[C@]12C,P04150|P06401|P08235,P08684|P20815|P24462|P10632,P08684|P20815|P24462|P10632,PUBCHEM.COMPOUND:9854489,DOID:0080158|DOID:104|DOID:10493|DOID:13774|DOID:1564|DOID:1686|DOID:2841|DOID:2957|DOID:3947|DOID:446|DOID:4481|DOID:4730|DOID:8622|DOID:8913|DOID:9282|DOID:934|DOID:9360|DOID:9415|DOID:9534,NCBIGENE:2908
DB13158,112,[H][C@]1(C)C[C@@]2([H])[C@]3([H])CCC4=CC(=O)C=C[C@]4(C)[C@@]3(F)C(=O)C[C@]2(C)[C@@]1(O)C(=O)CCl,P04150,P08684,P08684,PUBCHEM.COMPOUND:71387,,
DB00223,113,[H][C@@]12C[C@H](C)[C@](O)(C(=O)CO)[C@@]1(C)C[C@H](O)[C@@]1(F)[C@@]2([H])C[C@H](F)C2=CC(=O)C=C[C@]12C,P04150,,,PUBCHEM.COMPOUND:71415,,NCBIGENE:2908|NCBIGENE:5319
DB00288,114,[H][C@@]12C[C@H]3OC4(CCCC4)O[C@@]3(C(=O)COC(C)=O)[C@@]1(C)C[C@H](O)[C@@]1(F)[C@@]2([H])CCC2=CC(=O)C=C[C@]12C,P04150|P04083,P08684|P20815,P08684|P20815,PUBCHEM.COMPOUND:443958,DOID:0050486|DOID:0060061|DOID:0110741|DOID:0110742|DOID:0110743|DOID:0110744|DOID:0110745|DOID:0110746|DOID:0110747|DOID:0110748|DOID:0110749|DOID:0110750|DOID:0110751|DOID:0110752|DOID:0110753|DOID:0110754|DOID:0110755|DOID:0110756|DOID:0110757|DOID:0110758|DOID:0110759|DOID:0110760|DOID:0110761|DOID:1686|DOID:2722|DOID:2773|DOID:3309|DOID:3310|DOID:3669|DOID:3777|DOID:4404|DOID:6498|DOID:8574|DOID:8741|DOID:8857|DOID:8941|DOID:9351|DOID:9352|DOID:9744,NCBIGENE:2908
DB02187,115,[H][C@@]12CCC(=O)[C@@]1(C)CC[C@]1([H])C3=C(CC=C21)C=C(O)C=C3,P03372|P14061,P08684,P08684,PUBCHEM.COMPOUND:223368,,NCBIGENE:3292
DB01410,116,[H][C@@]12C[C@@]3([H])[C@]4([H])CCC5=CC(=O)C=C[C@]5(C)[C@@]4([H])[C@@H](O)C[C@]3(C)[C@@]1(O[C@@H](O2)C1CCCCC1)C(=O)COC(=O)C(C)C,P04150,P23141|P08684|P10635,P23141|P08684|P10635,PUBCHEM.COMPOUND:6918155,DOID:0080158|DOID:10493|DOID:11476|DOID:13774|DOID:1564|DOID:1686|DOID:2841|DOID:4481|DOID:4730|DOID:8913|DOID:9282|DOID:9360|DOID:9415,NCBIGENE:2908|NCBIGENE:6347|NCBIGENE:866
DB00896,117,[H][C@@]12C[C@@H](C)[C@](C)(C(=O)CC)[C@@]1(C)C[C@H](O)[C@@]1([H])[C@@]2([H])CCC2=CC(=O)C=C[C@]12C,P04150,P08684|P20815,P08684|P20815,PUBCHEM.COMPOUND:5311412,DOID:0080158|DOID:12030|DOID:13141|DOID:240|DOID:4353,NCBIGENE:866
DB08938,118,O.[OH-].[OH-].[OH-].[OH-].[OH-].[OH-].[OH-].[OH-].[OH-].[OH-].[OH-].[OH-].[OH-].[OH-].[OH-].[OH-].[OH-].[OH-].[OH-].[OH-].[OH-].[OH-].[OH-].[OH-].[OH-].[OH-].[OH-].[OH-].[OH-].[OH-].[OH-].[Mg++].[Mg++].[Mg++].[Mg++].[Mg++].[Mg++].[Mg++].[Mg++].[Mg++].[Mg++].[Al+3].[Al+3].[Al+3].[Al+3].[Al+3].[O-]S([O-])(=O)=O.[O-]S([O-])(=O)=O,,,,PUBCHEM.COMPOUND:3086011,,
DB01234,119,[H][C@@]12C[C@@H](C)[C@](O)(C(=O)CO)[C@@]1(C)C[C@H](O)[C@@]1(F)[C@@]2([H])CCC2=CC(=O)C=C[C@]12C,P04150|P51843|P04083|P35228|O75469,P80365|P08684|P28845|P20815|P24462|P05093|P04798|P11509|P20813|P33261|P10632|P05181|Q9HB55|Q02928|P15538,P80365|P08684|P28845|P20815|P24462|P05093|P04798|P11509|P20813|P33261|P10632|P05181|Q9HB55|Q02928|P15538,PUBCHEM.COMPOUND:5743,DOID:0050328|DOID:0050426|DOID:0050486|DOID:0050589|DOID:0050811|DOID:0050873|DOID:0060058|DOID:0060060|DOID:0060061|DOID:0060192|DOID:0060870|DOID:0060872|DOID:0060873|DOID:0060874|DOID:0060875|DOID:0080158|DOID:0090070|DOID:0090071|DOID:0090072|DOID:0090073|DOID:0090074|DOID:0090076|DOID:0090077|DOID:0090078|DOID:0090079|DOID:0090080|DOID:0090081|DOID:0090082|DOID:0090083|DOID:0090084|DOID:0090085|DOID:0090086|DOID:0090087|DOID:0090089|DOID:0090090|DOID:0090092|DOID:0090093|DOID:0090094|DOID:0110892|DOID:10159|DOID:1029|DOID:10322|DOID:10493|DOID:1067|DOID:10763|DOID:10825|DOID:10966|DOID:1098|DOID:11204|DOID:11328|DOID:11335|DOID:11476|DOID:1156|DOID:11634|DOID:1184|DOID:12030|DOID:1270|DOID:1271|DOID:1272|DOID:13141|DOID:13189|DOID:1339|DOID:13404|DOID:1342|DOID:13774|DOID:1406|DOID:14069|DOID:1407|DOID:14188|DOID:1459|DOID:14735|DOID:1558|DOID:1564|DOID:1686|DOID:17|DOID:1826|DOID:1837|DOID:2377|DOID:240|DOID:2457|DOID:2474|DOID:2571|DOID:2590|DOID:2703|DOID:2722|DOID:2773|DOID:2841|DOID:2965|DOID:3309|DOID:3310|DOID:3614|DOID:3669|DOID:37|DOID:3777|DOID:379|DOID:399|DOID:4029|DOID:4195|DOID:423|DOID:4353|DOID:4398|DOID:4404|DOID:4481|DOID:4500|DOID:4677|DOID:4692|DOID:4724|DOID:4730|DOID:4873|DOID:5082|DOID:5327|DOID:533|DOID:5418|DOID:5614|DOID:5870|DOID:6000|DOID:6195|DOID:626|DOID:6498|DOID:707|DOID:7147|DOID:7148|DOID:7166|DOID:718|DOID:7457|DOID:750|DOID:767|DOID:8463|DOID:8505|DOID:8538|DOID:8543|DOID:8566|DOID:8567|DOID:8574|DOID:8584|DOID:8622|DOID:8628|DOID:8651|DOID:8654|DOID:8675|DOID:8691|DOID:8741|DOID:8778|DOID:8857|DOID:8866|DOID:8881|DOID:8893|DOID:8913|DOID:8941|DOID:9008|DOID:9074|DOID:9088|DOID:9182|DOID:9273|DOID:9278|DOID:9280|DOID:9282|DOID:9351|DOID:9360|DOID:9368|DOID:9406|DOID:9410|DOID:9415|DOID:9463|DOID:9476|DOID:9498|DOID:9503|DOID:9538|DOID:970|DOID:9784|DOID:9861|DOID:9952,NCBIGENE:1027|NCBIGENE:10673|NCBIGENE:1385|NCBIGENE:1559|NCBIGENE:1565|NCBIGENE:1576|NCBIGENE:1577|NCBIGENE:190|NCBIGENE:2908|NCBIGENE:3082|NCBIGENE:3567|NCBIGENE:3576|NCBIGENE:3586|NCBIGENE:3605|NCBIGENE:3932|NCBIGENE:3952|NCBIGENE:4843|NCBIGENE:54541|NCBIGENE:5594|NCBIGENE:5595|NCBIGENE:5925|NCBIGENE:5972|NCBIGENE:6777|NCBIGENE:6898|NCBIGENE:7006|NCBIGENE:7124|NCBIGENE:7222|NCBIGENE:7294|NCBIGENE:7852|NCBIGENE:836|NCBIGENE:8856|NCBIGENE:8864|NCBIGENE:983
DB00620,120,[H][C@@]12C[C@@H](O)[C@](O)(C(=O)CO)[C@@]1(C)C[C@H](O)[C@@]1(F)[C@@]2([H])CCC2=CC(=O)C=C[C@]12C,P04150,P08684|P35354|P06276|P20815|P24462,P08684|P35354|P06276|P20815|P24462,PUBCHEM.COMPOUND:31307,DOID:0050152|DOID:0050328|DOID:0050426|DOID:0050486|DOID:0050589|DOID:0050811|DOID:0050873|DOID:0060058|DOID:0060060|DOID:0060061|DOID:0060192|DOID:0060262|DOID:0060870|DOID:0060872|DOID:0060873|DOID:0060874|DOID:0060875|DOID:0080158|DOID:0080161|DOID:0090070|DOID:0090071|DOID:0090072|DOID:0090073|DOID:0090074|DOID:0090076|DOID:0090077|DOID:0090078|DOID:0090079|DOID:0090080|DOID:0090081|DOID:0090082|DOID:0090083|DOID:0090084|DOID:0090085|DOID:0090086|DOID:0090087|DOID:0090089|DOID:0090090|DOID:0090092|DOID:0090093|DOID:0090094|DOID:0110892|DOID:10159|DOID:1029|DOID:10322|DOID:104|DOID:10493|DOID:1067|DOID:10763|DOID:10825|DOID:10966|DOID:1098|DOID:11328|DOID:11335|DOID:11476|DOID:1156|DOID:11634|DOID:1184|DOID:12029|DOID:12030|DOID:1270|DOID:1271|DOID:1272|DOID:13141|DOID:13189|DOID:13375|DOID:1339|DOID:13404|DOID:1342|DOID:13774|DOID:14069|DOID:14188|DOID:14262|DOID:1459|DOID:14735|DOID:1508|DOID:1558|DOID:1564|DOID:1686|DOID:17|DOID:1826|DOID:1837|DOID:203|DOID:204|DOID:2377|DOID:240|DOID:2571|DOID:2590|DOID:2703|DOID:2722|DOID:2773|DOID:2841|DOID:2964|DOID:2965|DOID:3240|DOID:3309|DOID:3310|DOID:3486|DOID:3614|DOID:37|DOID:3777|DOID:399|DOID:4029|DOID:409|DOID:417|DOID:4195|DOID:423|DOID:4353|DOID:4398|DOID:4404|DOID:4481|DOID:4500|DOID:4724|DOID:4730|DOID:4873|DOID:5082|DOID:533|DOID:5418|DOID:5614|DOID:5870|DOID:6000|DOID:626|DOID:6498|DOID:6688|DOID:676|DOID:707|DOID:7147|DOID:7148|DOID:7166|DOID:718|DOID:750|DOID:767|DOID:8505|DOID:8538|DOID:8543|DOID:8566|DOID:8567|DOID:8574|DOID:8622|DOID:8628|DOID:8651|DOID:8654|DOID:8675|DOID:8691|DOID:8741|DOID:8778|DOID:8857|DOID:8866|DOID:8893|DOID:8913|DOID:8941|DOID:9008|DOID:9074|DOID:9088|DOID:9182|DOID:9201|DOID:9273|DOID:9278|DOID:9280|DOID:9282|DOID:9351|DOID:9360|DOID:9406|DOID:9410|DOID:9415|DOID:9476|DOID:9498|DOID:9503|DOID:9663|DOID:970|DOID:971|DOID:986|DOID:9861|DOID:9952,NCBIGENE:2908|NCBIGENE:632|NCBIGENE:866
DB01260,121,[H][C@@]12C[C@H]3OC(C)(C)O[C@@]3(C(=O)CO)[C@@]1(C)C[C@H](O)[C@@]1([H])[C@@]2([H])CCC2=CC(=O)C=C[C@]12C,P04150,P08684,P08684,PUBCHEM.COMPOUND:5311066,DOID:0050328|DOID:0050486|DOID:0060061|DOID:0060192|DOID:0060262|DOID:0060870|DOID:0060872|DOID:0060873|DOID:0060874|DOID:0060875|DOID:0080158|DOID:0090070|DOID:0090071|DOID:0090072|DOID:0090073|DOID:0090074|DOID:0090076|DOID:0090077|DOID:0090078|DOID:0090079|DOID:0090080|DOID:0090081|DOID:0090082|DOID:0090083|DOID:0090084|DOID:0090085|DOID:0090086|DOID:0090087|DOID:0090089|DOID:0090090|DOID:0090092|DOID:0090093|DOID:0090094|DOID:0110892|DOID:10159|DOID:1029|DOID:104|DOID:10493|DOID:1067|DOID:10763|DOID:10825|DOID:11328|DOID:11476|DOID:11634|DOID:1270|DOID:1271|DOID:1272|DOID:13774|DOID:14069|DOID:1459|DOID:1564|DOID:1686|DOID:1826|DOID:1837|DOID:2722|DOID:2773|DOID:2841|DOID:2957|DOID:3309|DOID:3310|DOID:3614|DOID:3669|DOID:3777|DOID:379|DOID:3947|DOID:399|DOID:4029|DOID:409|DOID:4195|DOID:423|DOID:4404|DOID:446|DOID:4481|DOID:4500|DOID:4730|DOID:4873|DOID:5082|DOID:533|DOID:5418|DOID:6000|DOID:6498|DOID:750|DOID:767|DOID:8566|DOID:8574|DOID:8622|DOID:8741|DOID:8778|DOID:8857|DOID:8913|DOID:8941|DOID:9273|DOID:9278|DOID:9280|DOID:9282|DOID:934|DOID:9351|DOID:9360|DOID:9406|DOID:9410|DOID:9415|DOID:9463|DOID:9476|DOID:9534,NCBIGENE:2908
DB06786,122,[H][C@@]12C[C@H]3OC(C)(C)O[C@@]3(C(=O)CCl)[C@@]1(C)C[C@H](O)[C@@]1(F)[C@@]2([H])CCC2=CC(=O)CC[C@]12C,Q99835,P08684,P08684,PUBCHEM.COMPOUND:443943,DOID:0050486|DOID:0060061|DOID:0110741|DOID:0110742|DOID:0110743|DOID:0110744|DOID:0110745|DOID:0110746|DOID:0110747|DOID:0110748|DOID:0110749|DOID:0110750|DOID:0110751|DOID:0110752|DOID:0110753|DOID:0110754|DOID:0110755|DOID:0110756|DOID:0110757|DOID:0110758|DOID:0110759|DOID:0110760|DOID:0110761|DOID:1686|DOID:2722|DOID:2773|DOID:3309|DOID:3310|DOID:3669|DOID:3777|DOID:4404|DOID:6498|DOID:8574|DOID:8741|DOID:8857|DOID:8941|DOID:9351|DOID:9352|DOID:9744,NCBIGENE:2908|NCBIGENE:5241
DB06781,123,[H][C@@]12CC[C@](OC(=O)CCC)(C(=O)COC(C)=O)[C@@]1(C)C[C@H](O)[C@@]1(F)[C@@]2([H])C[C@H](F)C2=CC(=O)C=C[C@]12C,P04150,P08684,P08684,PUBCHEM.COMPOUND:443936,DOID:10440|DOID:9282,NCBIGENE:2908
DB00655,124,[H][C@@]12CCC(=O)[C@@]1(C)CC[C@]1([H])C3=C(CC[C@@]21[H])C=C(O)C=C3,P03372|Q92731|P10275|P11511|P04278,,,PUBCHEM.COMPOUND:5870,DOID:0050328|DOID:0050841|DOID:0060262|DOID:0060810|DOID:10763|DOID:10825|DOID:11634|DOID:1168|DOID:11847|DOID:12139|DOID:12678|DOID:12679|DOID:127|DOID:12859|DOID:13223|DOID:13268|DOID:13603|DOID:1380|DOID:1459|DOID:1470|DOID:1595|DOID:1596|DOID:1727|DOID:1826|DOID:1837|DOID:2394|DOID:2450|DOID:2451|DOID:2452|DOID:2485|DOID:2841|DOID:2848|DOID:2871|DOID:288|DOID:289|DOID:2893|DOID:3133|DOID:3393|DOID:3526|DOID:3571|DOID:3755|DOID:3756|DOID:3875|DOID:4079|DOID:409|DOID:4195|DOID:4362|DOID:4386|DOID:4964|DOID:529|DOID:5844|DOID:5854|DOID:6364|DOID:6543|DOID:6713|DOID:679|DOID:684|DOID:9074|DOID:9351|DOID:9360|DOID:9408|DOID:9415|DOID:9460|DOID:9477|DOID:9741|DOID:9970,NCBIGENE:10720|NCBIGENE:10941|NCBIGENE:1543|NCBIGENE:1544|NCBIGENE:1548|NCBIGENE:1549|NCBIGENE:1553|NCBIGENE:1558|NCBIGENE:1562|NCBIGENE:1565|NCBIGENE:1572|NCBIGENE:1573|NCBIGENE:1576|NCBIGENE:1577|NCBIGENE:1580|NCBIGENE:199974|NCBIGENE:2100|NCBIGENE:250|NCBIGENE:25830|NCBIGENE:260293|NCBIGENE:29785|NCBIGENE:3292|NCBIGENE:3294|NCBIGENE:3295|NCBIGENE:3481|NCBIGENE:412|NCBIGENE:5054|NCBIGENE:51144|NCBIGENE:51170|NCBIGENE:51478|NCBIGENE:54575|NCBIGENE:54576|NCBIGENE:54577|NCBIGENE:54578|NCBIGENE:54579|NCBIGENE:54600|NCBIGENE:54657|NCBIGENE:54658|NCBIGENE:54659|NCBIGENE:574537|NCBIGENE:6462|NCBIGENE:6783|NCBIGENE:6855|NCBIGENE:7363|NCBIGENE:7364|NCBIGENE:7365|NCBIGENE:7366|NCBIGENE:7367|NCBIGENE:7923|NCBIGENE:79799|NCBIGENE:8644
DB00180,125,[H][C@@]12C[C@@]3([H])[C@]4([H])C[C@H](F)C5=CC(=O)C=C[C@]5(C)[C@@]4([H])[C@@H](O)C[C@]3(C)[C@@]1(OC(C)(C)O2)C(=O)CO,P04150,P08684,P08684,PUBCHEM.COMPOUND:82153,DOID:0060262|DOID:0080158|DOID:104|DOID:10493|DOID:13774|DOID:1564|DOID:1686|DOID:2841|DOID:409|DOID:4481|DOID:4730|DOID:8622|DOID:8913|DOID:9360|DOID:9415,NCBIGENE:2908|NCBIGENE:7040|NCBIGENE:8856
DB01708,126,[H][C@@]12CCC(=O)[C@@]1(C)CC[C@@]1([H])[C@@]2([H])CC=C2C[C@@]([H])(O)CC[C@]12C,P03372|Q92731|P10275|Q07869|Q99720|O75469|Q14994,P24462|P14061|Q06520|O00204|P14060|P22637|P05093,P24462|P14061|Q06520|O00204|P14060|P22637|P05093,PUBCHEM.COMPOUND:5881,DOID:9074,NCBIGENE:10280|NCBIGENE:10321|NCBIGENE:10989|NCBIGENE:153642|NCBIGENE:1543|NCBIGENE:1544|NCBIGENE:1549|NCBIGENE:1553|NCBIGENE:1558|NCBIGENE:1562|NCBIGENE:1565|NCBIGENE:1572|NCBIGENE:1573|NCBIGENE:1576|NCBIGENE:1577|NCBIGENE:1580|NCBIGENE:1581|NCBIGENE:1586|NCBIGENE:199974|NCBIGENE:2100|NCBIGENE:22901|NCBIGENE:2475|NCBIGENE:2539|NCBIGENE:260293|NCBIGENE:27306|NCBIGENE:2796|NCBIGENE:2902|NCBIGENE:2938|NCBIGENE:2939|NCBIGENE:2940|NCBIGENE:29785|NCBIGENE:3283|NCBIGENE:3292|NCBIGENE:3293|NCBIGENE:3294|NCBIGENE:3295|NCBIGENE:3479|NCBIGENE:3486|NCBIGENE:3558|NCBIGENE:3565|NCBIGENE:3952|NCBIGENE:3972|NCBIGENE:412|NCBIGENE:414|NCBIGENE:4312|NCBIGENE:4318|NCBIGENE:4803|NCBIGENE:4843|NCBIGENE:4846|NCBIGENE:4982|NCBIGENE:5081|NCBIGENE:50943|NCBIGENE:5617|NCBIGENE:627|NCBIGENE:6513|NCBIGENE:6517|NCBIGENE:6783|NCBIGENE:6820|NCBIGENE:6822|NCBIGENE:729230|NCBIGENE:79642|NCBIGENE:8856|NCBIGENE:9420|NCBIGENE:983
DB01384,127,[H][C@@]12C[C@@H](C)[C@](O)(C(=O)CO)[C@@]1(C)C[C@H](O)[C@@]1([H])[C@@]2([H])C[C@H](F)C2=CC(=O)C=C[C@]12C,P04150,P08684|P20815,P08684|P20815,PUBCHEM.COMPOUND:5875,,NCBIGENE:2908|NCBIGENE:866
DB01380,128,[H][C@@]12CC[C@](O)(C(=O)COC(C)=O)[C@@]1(C)CC(=O)[C@@]1([H])[C@@]2([H])CCC2=CC(=O)CC[C@]12C,P04150|P04083,P08684|P20815,P08684|P20815,PUBCHEM.COMPOUND:5745,DOID:0050152|DOID:0050328|DOID:0050426|DOID:0050486|DOID:0050589|DOID:0050811|DOID:0050820|DOID:0050873|DOID:0060058|DOID:0060060|DOID:0060061|DOID:0060192|DOID:0060262|DOID:0060870|DOID:0060872|DOID:0060873|DOID:0060874|DOID:0060875|DOID:0080158|DOID:0090070|DOID:0090071|DOID:0090072|DOID:0090073|DOID:0090074|DOID:0090076|DOID:0090077|DOID:0090078|DOID:0090079|DOID:0090080|DOID:0090081|DOID:0090082|DOID:0090083|DOID:0090084|DOID:0090085|DOID:0090086|DOID:0090087|DOID:0090089|DOID:0090090|DOID:0090092|DOID:0090093|DOID:0090094|DOID:0110892|DOID:1029|DOID:10322|DOID:104|DOID:10493|DOID:1067|DOID:10763|DOID:10808|DOID:10825|DOID:10952|DOID:10966|DOID:1098|DOID:11165|DOID:11168|DOID:11204|DOID:11328|DOID:11335|DOID:11476|DOID:1156|DOID:11634|DOID:1184|DOID:11963|DOID:12030|DOID:12179|DOID:12361|DOID:1270|DOID:1271|DOID:1272|DOID:13141|DOID:13189|DOID:1339|DOID:13404|DOID:1342|DOID:13774|DOID:13976|DOID:1406|DOID:1407|DOID:14188|DOID:1425|DOID:1459|DOID:14735|DOID:1558|DOID:1564|DOID:1686|DOID:17|DOID:1724|DOID:1826|DOID:1837|DOID:203|DOID:204|DOID:2377|DOID:240|DOID:2457|DOID:2474|DOID:2527|DOID:2571|DOID:2590|DOID:2703|DOID:2722|DOID:2723|DOID:2773|DOID:2841|DOID:2921|DOID:2964|DOID:2965|DOID:3127|DOID:3240|DOID:3309|DOID:3310|DOID:3614|DOID:3669|DOID:37|DOID:3777|DOID:379|DOID:3947|DOID:409|DOID:417|DOID:4195|DOID:423|DOID:4353|DOID:437|DOID:4398|DOID:4404|DOID:446|DOID:4481|DOID:4500|DOID:4677|DOID:4724|DOID:4730|DOID:5082|DOID:533|DOID:5418|DOID:557|DOID:5614|DOID:5870|DOID:6195|DOID:626|DOID:6498|DOID:6543|DOID:6688|DOID:676|DOID:707|DOID:7147|DOID:7148|DOID:7166|DOID:718|DOID:7457|DOID:750|DOID:7997|DOID:7998|DOID:8463|DOID:8505|DOID:8534|DOID:8538|DOID:8543|DOID:8566|DOID:8567|DOID:8574|DOID:8577|DOID:8622|DOID:8628|DOID:8651|DOID:8654|DOID:8675|DOID:8691|DOID:8741|DOID:8778|DOID:8857|DOID:8866|DOID:8881|DOID:8893|DOID:8913|DOID:8941|DOID:9008|DOID:9074|DOID:9088|DOID:9182|DOID:9210|DOID:9282|DOID:934|DOID:9351|DOID:9360|DOID:9368|DOID:9406|DOID:9410|DOID:9415|DOID:9463|DOID:9476|DOID:9498|DOID:9503|DOID:9663|DOID:970|DOID:971|DOID:9746|DOID:9784|DOID:9861|DOID:9952,NCBIGENE:2908
DB08971,129,[H][C@@]12C[C@@H](C)[C@H](C(=O)CO)[C@@]1(C)C[C@H](O)[C@@]1([H])[C@@]2([H])C[C@H](F)C2=CC(=O)C=C[C@]12C,,P08684|P20815,P08684|P20815,PUBCHEM.COMPOUND:9053,,
DB01222,130,[H][C@@]12C[C@H]3OC(CCC)O[C@@]3(C(=O)CO)[C@@]1(C)C[C@H](O)[C@@]1([H])[C@@]2([H])CCC2=CC(=O)C=C[C@]12C,P04150|P04083,P20815|P11509|Q16678|P20813|P10632|P11712|P33261|P08684,P20815|P11509|Q16678|P20813|P10632|P11712|P33261|P08684,PUBCHEM.COMPOUND:5281004,DOID:0050328|DOID:0060192|DOID:0060262|DOID:0060870|DOID:0060872|DOID:0060873|DOID:0060874|DOID:0060875|DOID:0080158|DOID:0090070|DOID:0090071|DOID:0090072|DOID:0090073|DOID:0090074|DOID:0090076|DOID:0090077|DOID:0090078|DOID:0090079|DOID:0090080|DOID:0090081|DOID:0090082|DOID:0090083|DOID:0090084|DOID:0090085|DOID:0090086|DOID:0090087|DOID:0090089|DOID:0090090|DOID:0090092|DOID:0090093|DOID:0090094|DOID:0110892|DOID:10159|DOID:1029|DOID:104|DOID:10493|DOID:1067|DOID:10763|DOID:10825|DOID:11328|DOID:11476|DOID:11634|DOID:13774|DOID:14069|DOID:1459|DOID:1564|DOID:1686|DOID:1826|DOID:1837|DOID:2841|DOID:2957|DOID:3614|DOID:3947|DOID:399|DOID:4029|DOID:409|DOID:4195|DOID:423|DOID:446|DOID:4481|DOID:4500|DOID:4730|DOID:4873|DOID:5082|DOID:533|DOID:5418|DOID:6000|DOID:750|DOID:767|DOID:8566|DOID:8622|DOID:8778|DOID:8913|DOID:9273|DOID:9278|DOID:9280|DOID:9282|DOID:934|DOID:9351|DOID:9360|DOID:9406|DOID:9410|DOID:9415|DOID:9476|DOID:9534,NCBIGENE:1050|NCBIGENE:115|NCBIGENE:1437|NCBIGENE:2908|NCBIGENE:3383|NCBIGENE:3458|NCBIGENE:3553|NCBIGENE:3565|NCBIGENE:3567|NCBIGENE:3576|NCBIGENE:3593|NCBIGENE:3596|NCBIGENE:4057|NCBIGENE:4363|NCBIGENE:632|NCBIGENE:6356|NCBIGENE:7076|NCBIGENE:7097|NCBIGENE:7124|NCBIGENE:8399|NCBIGENE:8647|NCBIGENE:8856
DB00324,131,[H][C@@]12CC[C@](O)(C(C)=O)[C@@]1(C)C[C@H](O)[C@@]1(F)[C@@]2([H])C[C@H](C)C2=CC(=O)C=C[C@]12C,P04150,P20815|P08684,P20815|P08684,PUBCHEM.COMPOUND:9878,DOID:0080158|DOID:1067|DOID:11204|DOID:12030|DOID:13141|DOID:13268|DOID:1406|DOID:1407|DOID:1837|DOID:240|DOID:2457|DOID:2474|DOID:2747|DOID:2749|DOID:2862|DOID:4353|DOID:6195|DOID:8463|DOID:8881|DOID:9266|DOID:9282|DOID:9351|DOID:9870,NCBIGENE:2908
DB00846,132,CC1(C)O[C@@H]2C[C@H]3[C@@H]4C[C@H](F)C5=CC(=O)CC[C@]5(C)[C@H]4[C@@H](O)C[C@]3(C)[C@@]2(O1)C(=O)CO,P04150,P08684,P08684,PUBCHEM.COMPOUND:15209,DOID:0050486|DOID:0060061|DOID:10493|DOID:1270|DOID:1271|DOID:1272|DOID:13774|DOID:2722|DOID:2773|DOID:3309|DOID:3310|DOID:3669|DOID:3777|DOID:4404|DOID:6498|DOID:8574|DOID:8741|DOID:8857|DOID:8941,NCBIGENE:2908|NCBIGENE:866
DB00873,133,[H][C@@]12CC[C@](O)(C(=O)OCCl)[C@@]1(C)C[C@H](O)[C@@]1([H])[C@@]2([H])CCC2=CC(=O)C=C[C@]12C,,,,,,
DB00838,134,[H][C@@]12C[C@@H](C)[C@H](C(=O)CO)[C@@]1(C)C[C@H](O)[C@@]1(Cl)[C@@]2([H])C[C@H](F)C2=CC(=O)C=C[C@]12C,P04150,,,PUBCHEM.COMPOUND:5311052,,NCBIGENE:2908|NCBIGENE:5319
DB01013,135,[H][C@@]12C[C@H](C)[C@](OC(=O)CC)(C(=O)CCl)[C@@]1(C)C[C@H](O)[C@@]1(F)[C@@]2([H])CCC2=CC(=O)C=C[C@]12C,P04150|P04083|P08235,P08684|P20815,P08684|P20815,PUBCHEM.COMPOUND:32798,DOID:10493|DOID:13774|DOID:1686|DOID:1837|DOID:2722|DOID:2723|DOID:2773|DOID:3310|DOID:3669|DOID:4195|DOID:4404|DOID:4409|DOID:6498|DOID:8741|DOID:8941|DOID:9351,NCBIGENE:2908|NCBIGENE:5241
DB00375,136,C1C(O1)CCl.C(CNCCNCCNCCN)N,,,,PUBCHEM.COMPOUND:62816,DOID:10952|DOID:11151|DOID:1168|DOID:11755|DOID:1247|DOID:1425|DOID:2089|DOID:2527|DOID:2921|DOID:557|DOID:9746,NCBIGENE:1581
DB01118,137,CCCCC1=C(C(=O)C2=CC(I)=C(OCCN(CC)CC)C(I)=C2)C2=C(O1)C=CC=C2,Q9P0X4|P37231|Q07869|Q86YN6,,,PUBCHEM.COMPOUND:2157,DOID:0050328|DOID:0050451|DOID:0060262|DOID:0110218|DOID:0110219|DOID:0110220|DOID:0110221|DOID:0110222|DOID:0110223|DOID:0110224|DOID:0110225|DOID:0110226|DOID:11547|DOID:11634|DOID:1210|DOID:12361|DOID:13884|DOID:1389|DOID:1393|DOID:14453|DOID:14555|DOID:1459|DOID:1891|DOID:3082|DOID:409|DOID:4500|DOID:574|DOID:5870|DOID:7997|DOID:7998|DOID:841|DOID:870|DOID:9498|DOID:9503,
DB00415,138,[H][C@]12SC(C)(C)[C@@H](N1C(=O)[C@H]2NC(=O)[C@H](N)C1=CC=CC=C1)C(O)=O,Q8DNB6|Q7CRA4|Q75Y35|Q8DR59|P0A3M6|P46059|Q16348|Q02763,,,PUBCHEM.COMPOUND:6249,DOID:0050127|DOID:0060643|DOID:0080176|DOID:100|DOID:10310|DOID:10754|DOID:10952|DOID:12384|DOID:12385|DOID:13250|DOID:13258|DOID:1425|DOID:14268|DOID:14269|DOID:14270|DOID:2275|DOID:2527|DOID:2921|DOID:3055|DOID:4562|DOID:557|DOID:74|DOID:750|DOID:7551|DOID:8568|DOID:874|DOID:9446|DOID:9470,NCBIGENE:5444|NCBIGENE:6564|NCBIGENE:6565|NCBIGENE:7010
DB00335,139,CC(C)NCC(O)COC1=CC=C(CC(N)=O)C=C1,P08588|P07550,,,PUBCHEM.COMPOUND:2249,DOID:0110741|DOID:0110742|DOID:0110743|DOID:0110744|DOID:0110745|DOID:0110746|DOID:0110747|DOID:0110748|DOID:0110749|DOID:0110750|DOID:0110751|DOID:0110752|DOID:0110753|DOID:0110754|DOID:0110755|DOID:0110756|DOID:0110757|DOID:0110758|DOID:0110759|DOID:0110760|DOID:0110761|DOID:10300|DOID:10763|DOID:10825|DOID:11847|DOID:12139|DOID:12678|DOID:12679|DOID:13189|DOID:1470|DOID:1595|DOID:1596|DOID:1920|DOID:2485|DOID:2841|DOID:2848|DOID:2913|DOID:2983|DOID:4398|DOID:4500|DOID:4964|DOID:4989|DOID:5844|DOID:5854|DOID:8893|DOID:9074|DOID:9088|DOID:9351|DOID:9352|DOID:9360|DOID:9408|DOID:9415|DOID:9744,NCBIGENE:153|NCBIGENE:154|NCBIGENE:155|NCBIGENE:3586|NCBIGENE:57413|NCBIGENE:5972|NCBIGENE:9622
DB00615,140,CO[C@H]1\C=C\O[C@@]2(C)OC3=C(C2=O)C2=C(C(O)=C3C)C(=O)C(NC(=O)\C(C)=C/C=C/[C@H](C)[C@H](O)[C@@H](C)[C@@H](O)[C@@H](C)[C@H](OC(C)=O)[C@@H]1C)=C1NC3(CCN(CC3)CC(C)C)N=C21,P0A7Z4|P0A8V2|P0A8T7|P07900|P14625,P33261|P20813|P10632|P11712|P08684,P33261|P20813|P10632|P11712|P08684,PUBCHEM.COMPOUND:6323490,DOID:0050590|DOID:1227|DOID:12987|DOID:1588,NCBIGENE:1576|NCBIGENE:1577|NCBIGENE:3320|NCBIGENE:7184
DB01435,141,CN1N(C(=O)C=C1C)C1=CC=CC=C1,P35354|P23219,,,PUBCHEM.COMPOUND:2206,DOID:0050741|DOID:0060262|DOID:10763|DOID:10825|DOID:114|DOID:12361|DOID:1287|DOID:13206|DOID:13268|DOID:13550|DOID:1405|DOID:14445|DOID:1574|DOID:1686|DOID:1837|DOID:1936|DOID:2348|DOID:2349|DOID:2883|DOID:3393|DOID:3669|DOID:409|DOID:5162|DOID:7997|DOID:7998|DOID:9351,NCBIGENE:5742|NCBIGENE:5743
DB00252,142,O=C1NC(=O)C(N1)(C1=CC=CC=C1)C1=CC=CC=C1,Q14524|P35498|Q12809|Q99250|Q9UQD0|O75469|Q07699|Q9NY46,,,PUBCHEM.COMPOUND:1775,DOID:0050451|DOID:0050459|DOID:0050590|DOID:0050741|DOID:0050848|DOID:0060262|DOID:0060731|DOID:0110218|DOID:0110219|DOID:0110220|DOID:0110221|DOID:0110222|DOID:0110223|DOID:0110224|DOID:0110225|DOID:0110226|DOID:10573|DOID:10609|DOID:10952|DOID:11832|DOID:11847|DOID:12139|DOID:12176|DOID:1227|DOID:12449|DOID:12450|DOID:12550|DOID:12987|DOID:13268|DOID:13382|DOID:13413|DOID:13884|DOID:1425|DOID:1470|DOID:1574|DOID:1588|DOID:1595|DOID:1596|DOID:1824|DOID:1826|DOID:1837|DOID:2234|DOID:2355|DOID:2361|DOID:2527|DOID:2848|DOID:2921|DOID:302|DOID:303|DOID:3086|DOID:3327|DOID:409|DOID:4195|DOID:4964|DOID:50|DOID:5338|DOID:557|DOID:5844|DOID:5854|DOID:615|DOID:7725|DOID:9074|DOID:9267|DOID:9351|DOID:9408,NCBIGENE:11280|NCBIGENE:1490|NCBIGENE:1553|NCBIGENE:1555|NCBIGENE:1557|NCBIGENE:1558|NCBIGENE:1559|NCBIGENE:1562|NCBIGENE:1565|NCBIGENE:1576|NCBIGENE:1577|NCBIGENE:213|NCBIGENE:27044|NCBIGENE:3339|NCBIGENE:354|NCBIGENE:3757|NCBIGENE:4255|NCBIGENE:4312|NCBIGENE:5741|NCBIGENE:5972|NCBIGENE:6323|NCBIGENE:6324|NCBIGENE:6328|NCBIGENE:6329|NCBIGENE:6332|NCBIGENE:6334|NCBIGENE:6336|NCBIGENE:6462|NCBIGENE:6750|NCBIGENE:8856
DB00199,143,CC[C@H]1OC(=O)[C@H](C)[C@@H](O[C@H]2C[C@@](C)(OC)[C@@H](O)[C@H](C)O2)[C@H](C)[C@@H](O[C@@H]2O[C@H](C)C[C@@H]([C@H]2O)N(C)C)[C@](C)(O)C[C@@H](C)C(=O)[C@H](C)[C@@H](O)[C@]1(C)O,O43193|Q12809,,,PUBCHEM.COMPOUND:12560,DOID:0060262|DOID:10754|DOID:10952|DOID:1116|DOID:11405|DOID:11573|DOID:13268|DOID:14026|DOID:1425|DOID:2527|DOID:2723|DOID:2921|DOID:409|DOID:437|DOID:557|DOID:6543|DOID:74|DOID:7551|DOID:874,NCBIGENE:1576|NCBIGENE:1577|NCBIGENE:1595|NCBIGENE:213|NCBIGENE:23596|NCBIGENE:2862|NCBIGENE:3605|NCBIGENE:3741|NCBIGENE:3757|NCBIGENE:4295|NCBIGENE:50943|NCBIGENE:55244|NCBIGENE:8647|NCBIGENE:90226
DB00869,144,CCN[C@H]1C[C@H](C)S(=O)(=O)C2=C1C=C(S2)S(N)(=O)=O,P00918|P22748|P00915|P07451,P11712|P00176|P05181|P05183,P11712|P00176|P05181|P05183,PUBCHEM.COMPOUND:5284549,DOID:1067|DOID:12361|DOID:1837|DOID:437|DOID:7997|DOID:7998|DOID:9282|DOID:9351|DOID:9993,NCBIGENE:23632|NCBIGENE:760|NCBIGENE:762|NCBIGENE:763|NCBIGENE:766|NCBIGENE:768|NCBIGENE:771
DB01154,145,CCCC(C)C1(CC=C)C(=O)NC(=S)NC1=O,Q15842|Q14654|P14867,P11712|P08684|P05181,P11712|P08684|P05181,PUBCHEM.COMPOUND:3032285,,NCBIGENE:3764|NCBIGENE:3767
DB09227,146,COC(=O)C1=C(C)NC(C)=C([C@H]1C1=CC(=CC=C1)[N+]([O-])=O)C(=O)O[C@H]1CCN(CC2=CC=CC=C2)C1,Q13936|O43497|O95180,P08684,P08684,PUBCHEM.COMPOUND:443869,,
DB01045,147,CO[C@H]1\C=C\O[C@@]2(C)OC3=C(C2=O)C2=C(O)C(\C=N\N4CCN(C)CC4)=C(NC(=O)\C(C)=C/C=C/[C@H](C)[C@H](O)[C@@H](C)[C@@H](O)[C@@H](C)[C@H](OC(C)=O)[C@@H]1C)C(O)=C2C(O)=C3C,P0A8V2|O75469,P11509|P05181|Q9HB55|P24462|O60656|P20815|P08684|P05177|P10632|P22309|P11712|P20813|P33261,P11509|P05181|Q9HB55|P24462|O60656|P20815|P08684|P05177|P10632|P22309|P11712|P20813|P33261,PUBCHEM.COMPOUND:5381226,DOID:0050590|DOID:0050741|DOID:0060262|DOID:12139|DOID:1227|DOID:12449|DOID:12450|DOID:12987|DOID:13189|DOID:13268|DOID:1389|DOID:1470|DOID:1574|DOID:1588|DOID:1595|DOID:1596|DOID:1837|DOID:2237|DOID:2355|DOID:2361|DOID:2848|DOID:2957|DOID:409|DOID:4964|DOID:574|DOID:870|DOID:9351|DOID:9534,NCBIGENE:10599|NCBIGENE:11309|NCBIGENE:1244|NCBIGENE:1543|NCBIGENE:1555|NCBIGENE:1557|NCBIGENE:1558|NCBIGENE:1559|NCBIGENE:1565|NCBIGENE:1576|NCBIGENE:1577|NCBIGENE:1581|NCBIGENE:1593|NCBIGENE:1595|NCBIGENE:213|NCBIGENE:28234|NCBIGENE:302|NCBIGENE:306|NCBIGENE:307|NCBIGENE:308|NCBIGENE:309|NCBIGENE:310|NCBIGENE:312|NCBIGENE:3309|NCBIGENE:4314|NCBIGENE:54578|NCBIGENE:54658|NCBIGENE:6319|NCBIGENE:6579|NCBIGENE:6580|NCBIGENE:6622|NCBIGENE:6783|NCBIGENE:7097|NCBIGENE:7099|NCBIGENE:7124|NCBIGENE:79799|NCBIGENE:79966|NCBIGENE:8647|NCBIGENE:8714|NCBIGENE:8856
DB06736,148,OC(=O)COC(=O)CC1=CC=CC=C1NC1=C(Cl)C=CC=C1Cl,P35354|P23219,P11712,P11712,PUBCHEM.COMPOUND:71771,DOID:381|DOID:7147|DOID:7148|DOID:848,NCBIGENE:5743|NCBIGENE:9518
DB00865,149,C[C@@H](CC1=CC=CC=C1)N(C)CC1=CC=CC=C1,Q05940|P08913|P35348|Q01959,P08684|P20813|P16435,P08684|P20813|P16435,PUBCHEM.COMPOUND:5311017,DOID:10763|DOID:10825|DOID:11328|DOID:114|DOID:12361|DOID:1287|DOID:14557|DOID:1686|DOID:1837|DOID:1936|DOID:2348|DOID:2349|DOID:302|DOID:303|DOID:3312|DOID:4079|DOID:5162|DOID:5418|DOID:6432|DOID:7997|DOID:7998|DOID:9351|DOID:9970,NCBIGENE:148|NCBIGENE:150|NCBIGENE:6531|NCBIGENE:6571
DB01320,150,OP(O)(=O)OCN1C(=O)NC(C1=O)(C1=CC=CC=C1)C1=CC=CC=C1,Q14524,,,PUBCHEM.COMPOUND:56339,DOID:0050459|DOID:0050590|DOID:0050741|DOID:0060262|DOID:10952|DOID:1227|DOID:12450|DOID:12987|DOID:1425|DOID:1574|DOID:1588|DOID:1824|DOID:1826|DOID:2527|DOID:2921|DOID:409|DOID:557|DOID:615|DOID:9074,
DB06770,151,OCC1=CC=CC=C1,,P10632|P04798|P05091|P05177|P05181|P10635,P10632|P04798|P05091|P05177|P05181|P10635,PUBCHEM.COMPOUND:244,DOID:10763|DOID:10825|DOID:12361|DOID:13206|DOID:13550|DOID:13739|DOID:13948|DOID:1405|DOID:14445|DOID:1837|DOID:1936|DOID:2348|DOID:2773|DOID:2883|DOID:3083|DOID:3393|DOID:4404|DOID:750|DOID:7997|DOID:7998|DOID:9351,NCBIGENE:1066|NCBIGENE:221223|NCBIGENE:283848|NCBIGENE:4069|NCBIGENE:8824
DB06772,152,[H][C@]12[C@H](OC(=O)C3=CC=CC=C3)[C@]3(O)C[C@H](OC(=O)[C@H](O)[C@@H](NC(=O)OC(C)(C)C)C4=CC=CC=C4)C(C)=C([C@@H](OC)C(=O)[C@]1(C)[C@H](C[C@H]1OC[C@@]21OC(C)=O)OC)C3(C)C,Q9H4B7,P08684|P20815|P10632,P08684|P20815|P10632,PUBCHEM.COMPOUND:9854073,DOID:0050590|DOID:0060262|DOID:10952|DOID:1227|DOID:12987|DOID:1425|DOID:1588|DOID:2355|DOID:2361|DOID:2527|DOID:2739|DOID:2741|DOID:2921|DOID:409|DOID:557|DOID:615,NCBIGENE:367|NCBIGENE:7277|NCBIGENE:81027
DB06777,153,[H][C@@]1(CC[C@@]2([H])[C@]3([H])[C@H](O)C[C@]4([H])C[C@H](O)CC[C@]4(C)[C@@]3([H])CC[C@]12C)[C@H](C)CCC(O)=O,Q96RI1|O75469|Q8TDU6|P52895,,,PUBCHEM.COMPOUND:10133,DOID:0060262|DOID:0060643|DOID:11151|DOID:11755|DOID:12236|DOID:13250|DOID:13580|DOID:14268|DOID:14269|DOID:14270|DOID:409|DOID:9446,NCBIGENE:10005|NCBIGENE:10257|NCBIGENE:1044|NCBIGENE:1045|NCBIGENE:104909134|NCBIGENE:10599|NCBIGENE:107|NCBIGENE:1071|NCBIGENE:10763|NCBIGENE:108|NCBIGENE:1080|NCBIGENE:109|NCBIGENE:10998|NCBIGENE:111|NCBIGENE:112|NCBIGENE:113091|NCBIGENE:114|NCBIGENE:115|NCBIGENE:1154|NCBIGENE:1208|NCBIGENE:122042|NCBIGENE:134864|NCBIGENE:136|NCBIGENE:1392|NCBIGENE:1394|NCBIGENE:1395|NCBIGENE:153|NCBIGENE:154|NCBIGENE:155|NCBIGENE:1576|NCBIGENE:1581|NCBIGENE:1582|NCBIGENE:1816|NCBIGENE:183|NCBIGENE:196883|NCBIGENE:213|NCBIGENE:2172|NCBIGENE:2492|NCBIGENE:2641|NCBIGENE:2642|NCBIGENE:2692|NCBIGENE:2695|NCBIGENE:2696|NCBIGENE:2740|NCBIGENE:2778|NCBIGENE:28234|NCBIGENE:3172|NCBIGENE:3274|NCBIGENE:3360|NCBIGENE:3362|NCBIGENE:3363|NCBIGENE:3375|NCBIGENE:3558|NCBIGENE:3586|NCBIGENE:3827|NCBIGENE:3973|NCBIGENE:4157|NCBIGENE:4158|NCBIGENE:4159|NCBIGENE:4160|NCBIGENE:4161|NCBIGENE:5244|NCBIGENE:5406|NCBIGENE:54331|NCBIGENE:551|NCBIGENE:55509|NCBIGENE:5578|NCBIGENE:5582|NCBIGENE:570|NCBIGENE:5729|NCBIGENE:5732|NCBIGENE:5734|NCBIGENE:5739|NCBIGENE:5741|NCBIGENE:5743|NCBIGENE:5745|NCBIGENE:5746|NCBIGENE:594857|NCBIGENE:6343|NCBIGENE:6344|NCBIGENE:6554|NCBIGENE:6555|NCBIGENE:6579|NCBIGENE:6822|NCBIGENE:7432|NCBIGENE:7433|NCBIGENE:7434|NCBIGENE:796|NCBIGENE:799|NCBIGENE:836|NCBIGENE:842|NCBIGENE:8431|NCBIGENE:8647|NCBIGENE:8714|NCBIGENE:9340|NCBIGENE:949|NCBIGENE:9971
DB00862,154,CCCC1=NC(C)=C2N1NC(=NC2=O)C1=C(OCC)C=CC(=C1)S(=O)(=O)N1CCN(CC)CC1,O76074|P18545|Q13956,P08684|P20815|P11712|P10632|P33261|P10635,P08684|P20815|P11712|P10632|P33261|P10635,PUBCHEM.COMPOUND:110634,DOID:0110307|DOID:10003|DOID:10923|DOID:11120|DOID:11847|DOID:11984|DOID:12010|DOID:1240|DOID:1247|DOID:13477|DOID:13709|DOID:1712|DOID:326|DOID:3526|DOID:5844|DOID:5854|DOID:6713|DOID:8616|DOID:9286|DOID:9408|DOID:9538,NCBIGENE:387|NCBIGENE:5148|NCBIGENE:5149|NCBIGENE:8654
DB08877,155,N#CC[C@H](C1CCCC1)N1C=C(C=N1)C1=C2C=CNC2=NC=N1,O60674|P23458|P52333|P29597,P08684|P11712,P08684|P11712,PUBCHEM.COMPOUND:25126798,DOID:2226|DOID:3721|DOID:4960|DOID:4971|DOID:8432|DOID:8997,
DB00564,156,NC(=O)N1C2=CC=CC=C2C=CC2=CC=CC=C12,P43681|O75469,,,PUBCHEM.COMPOUND:2554,DOID:0050590|DOID:0060262|DOID:10763|DOID:10825|DOID:10952|DOID:11832|DOID:12098|DOID:12139|DOID:1227|DOID:12449|DOID:12450|DOID:12987|DOID:1425|DOID:1470|DOID:1588|DOID:1595|DOID:1596|DOID:1686|DOID:1825|DOID:1826|DOID:2234|DOID:2355|DOID:2361|DOID:2527|DOID:2848|DOID:2921|DOID:3312|DOID:3327|DOID:3393|DOID:3401|DOID:3890|DOID:409|DOID:4964|DOID:557|DOID:7725|DOID:9282,NCBIGENE:11280|NCBIGENE:1244|NCBIGENE:1543|NCBIGENE:1544|NCBIGENE:1549|NCBIGENE:1553|NCBIGENE:1555|NCBIGENE:1557|NCBIGENE:1558|NCBIGENE:1559|NCBIGENE:1562|NCBIGENE:1565|NCBIGENE:1572|NCBIGENE:1573|NCBIGENE:1576|NCBIGENE:1577|NCBIGENE:1580|NCBIGENE:199974|NCBIGENE:2064|NCBIGENE:260293|NCBIGENE:29785|NCBIGENE:3558|NCBIGENE:3612|NCBIGENE:6240|NCBIGENE:6323|NCBIGENE:6328|NCBIGENE:6329|NCBIGENE:6332|NCBIGENE:6334|NCBIGENE:6336|NCBIGENE:6462|NCBIGENE:6750|NCBIGENE:8841|NCBIGENE:8856|NCBIGENE:9360|NCBIGENE:9451|NCBIGENE:959
DB00607,157,[H][C@]12SC(C)(C)[C@@H](N1C(=O)[C@H]2NC(=O)C1=C(OCC)C=CC2=CC=CC=C12)C(O)=O,Q7CRA4|P0A3M6|Q8DNB6|Q75Y35|Q8DR59,P05177|P08684,P05177|P08684,PUBCHEM.COMPOUND:8982,DOID:10952|DOID:1425|DOID:2527|DOID:2921|DOID:557|DOID:8568,NCBIGENE:1544
DB00622,158,COC(=O)C1=C(C)NC(C)=C(C1C1=CC(=CC=C1)[N+]([O-])=O)C(=O)OCCN(C)CC1=CC=CC=C1,Q13936|Q08289|P54289|Q01668|P54750|Q01064|P35348|P35368|P25100|P11229|P08172|P20309|P08173|P08912|P0DP23|O43497|O95180|Q9P0X4,P08684|P10635|P33261|P10632|P20813|P05181|P20815|P11712,P08684|P10635|P33261|P10632|P20813|P05181|P20815|P11712,PUBCHEM.COMPOUND:4474,DOID:0060262|DOID:10127|DOID:10762|DOID:10763|DOID:10825|DOID:3523|DOID:3526|DOID:409|DOID:6713,
DB01621,159,CN(C)S(=O)(=O)C1=CC2=C(SC3=CC=CC=C3N2CCCN2CCC(CCO)CC2)C=C1,P14416|P21728|P28223|P08908,P33261|P10635|P08684,P33261|P10635|P08684,PUBCHEM.COMPOUND:62867,,NCBIGENE:1813|NCBIGENE:1814|NCBIGENE:3350
DB12483,160,COC1=C(OCCCN2CCOCC2)C=CC2=C1N=C(NC(=O)C1=CN=C(N)N=C1)N1CCN=C21,P42336|O00329|P42338|P48736,P08684|P20815|P24462|P04798,P08684|P20815|P24462|P04798,PUBCHEM.COMPOUND:24989044,DOID:0050873,NCBIGENE:5294
DB00794,161,CCC1(C(=O)NCNC1=O)C1=CC=CC=C1,P47869|P34903|P48169|P31644|Q16445|P14867|P43681|P36544|P42262|Q13002,P11712|P33261|P05181|P08684|P05177,P11712|P33261|P05181|P08684|P05177,PUBCHEM.COMPOUND:4909,DOID:0050590|DOID:0050741|DOID:0050848|DOID:0060262|DOID:0060479|DOID:0060731|DOID:0090118|DOID:10952|DOID:11832|DOID:12139|DOID:1227|DOID:12449|DOID:12450|DOID:12987|DOID:13268|DOID:13382|DOID:1339|DOID:1342|DOID:1425|DOID:1470|DOID:1574|DOID:1588|DOID:1595|DOID:1596|DOID:1826|DOID:2234|DOID:2355|DOID:2361|DOID:2527|DOID:2848|DOID:2921|DOID:3327|DOID:409|DOID:4964|DOID:557|DOID:615|DOID:7725,NCBIGENE:1137|NCBIGENE:1557|NCBIGENE:2557|NCBIGENE:2558|NCBIGENE:2559|NCBIGENE:2898|NCBIGENE:6822|NCBIGENE:89832
DB00495,162,CC1=CN([C@H]2C[C@H](N=[N+]=[N-])[C@@H](CO)O2)C(=O)NC1=O,Q72547|O14746,,,PUBCHEM.COMPOUND:35370,DOID:0050590|DOID:0060262|DOID:1029|DOID:10952|DOID:1227|DOID:12449|DOID:12987|DOID:1425|DOID:2355|DOID:2361|DOID:2527|DOID:2913|DOID:2921|DOID:3650|DOID:409|DOID:423|DOID:4989|DOID:526|DOID:557|DOID:633|DOID:635|DOID:9452|DOID:9970,NCBIGENE:10057|NCBIGENE:10257|NCBIGENE:1633|NCBIGENE:1716|NCBIGENE:1841|NCBIGENE:213|NCBIGENE:2353|NCBIGENE:3177|NCBIGENE:3559|NCBIGENE:4217|NCBIGENE:4846|NCBIGENE:53827|NCBIGENE:5834|NCBIGENE:5836|NCBIGENE:5837|NCBIGENE:7015|NCBIGENE:7083|NCBIGENE:7364|NCBIGENE:7852|NCBIGENE:920|NCBIGENE:9407
DB00497,163,COC1=C2O[C@H]3C(=O)CC[C@@]4(O)[C@H]5CC(C=C1)=C2[C@@]34CCN5C,P35372|P41145|P41143,,,PUBCHEM.COMPOUND:5284603,DOID:0050328|DOID:0050589|DOID:0050741|DOID:0060262|DOID:0060573|DOID:0060692|DOID:0110892|DOID:0111045|DOID:0111052|DOID:0111054|DOID:0111056|DOID:0111057|DOID:10493|DOID:10652|DOID:10763|DOID:10772|DOID:10808|DOID:10825|DOID:10952|DOID:11249|DOID:11459|DOID:11634|DOID:11847|DOID:11870|DOID:11981|DOID:1247|DOID:12531|DOID:13189|DOID:1319|DOID:13206|DOID:13250|DOID:13774|DOID:1425|DOID:1443|DOID:14525|DOID:1459|DOID:1574|DOID:1588|DOID:1742|DOID:1826|DOID:2089|DOID:2215|DOID:2216|DOID:2236|DOID:2355|DOID:2361|DOID:2527|DOID:2883|DOID:2921|DOID:302|DOID:303|DOID:409|DOID:557|DOID:5844|DOID:5854|DOID:8515|DOID:8577|DOID:9408|DOID:9428|DOID:9746,NCBIGENE:1565|NCBIGENE:1576|NCBIGENE:4985|NCBIGENE:4986|NCBIGENE:4988|NCBIGENE:5004
DB01174,164,CCC1(C(=O)NC(=O)NC1=O)C1=CC=CC=C1,P14867|P43681|P36544|P42262|Q13002|O75469,P33261|P11712|P05181|P20813|P10632|P08684|P05177|P20815|P04798|P33260|P24462|P13584|P22309|P16662|P11509,P33261|P11712|P05181|P20813|P10632|P08684|P05177|P20815|P04798|P33260|P24462|P13584|P22309|P16662|P11509,PUBCHEM.COMPOUND:4763,DOID:0050328|DOID:0050590|DOID:0050741|DOID:0050848|DOID:0060262|DOID:0060573|DOID:0060692|DOID:0060731|DOID:0110892|DOID:0111045|DOID:0111052|DOID:0111054|DOID:0111056|DOID:0111057|DOID:10300|DOID:10573|DOID:10609|DOID:10652|DOID:10763|DOID:10772|DOID:10808|DOID:10825|DOID:10933|DOID:10952|DOID:11249|DOID:11328|DOID:11335|DOID:11396|DOID:114|DOID:11486|DOID:11634|DOID:11832|DOID:11847|DOID:11870|DOID:11963|DOID:12123|DOID:12139|DOID:12176|DOID:1227|DOID:12361|DOID:12449|DOID:12450|DOID:12531|DOID:12550|DOID:12642|DOID:12678|DOID:12679|DOID:1287|DOID:12987|DOID:13186|DOID:13189|DOID:13195|DOID:13206|DOID:13250|DOID:13268|DOID:13382|DOID:13404|DOID:13413|DOID:13543|DOID:13550|DOID:13948|DOID:13976|DOID:1405|DOID:1425|DOID:14250|DOID:1443|DOID:14445|DOID:14525|DOID:1459|DOID:1470|DOID:1485|DOID:1574|DOID:1588|DOID:1595|DOID:1596|DOID:1686|DOID:1826|DOID:1837|DOID:2215|DOID:2216|DOID:2234|DOID:2236|DOID:224|DOID:2316|DOID:2355|DOID:2361|DOID:2485|DOID:2527|DOID:2722|DOID:2797|DOID:2841|DOID:2848|DOID:2883|DOID:2921|DOID:302|DOID:303|DOID:3083|DOID:3086|DOID:3341|DOID:3393|DOID:3669|DOID:3770|DOID:3827|DOID:3875|DOID:3878|DOID:4029|DOID:409|DOID:4195|DOID:437|DOID:4964|DOID:50|DOID:5200|DOID:5338|DOID:5418|DOID:557|DOID:580|DOID:5844|DOID:585|DOID:5854|DOID:593|DOID:594|DOID:6132|DOID:615|DOID:626|DOID:6364|DOID:7188|DOID:750|DOID:7725|DOID:7997|DOID:7998|DOID:8337|DOID:8442|DOID:8505|DOID:8515|DOID:8534|DOID:8577|DOID:8677|DOID:9074|DOID:9164|DOID:9267|DOID:9351|DOID:936|DOID:9408,NCBIGENE:10105|NCBIGENE:1137|NCBIGENE:1543|NCBIGENE:1544|NCBIGENE:1548|NCBIGENE:1549|NCBIGENE:1553|NCBIGENE:1555|NCBIGENE:1557|NCBIGENE:1558|NCBIGENE:1559|NCBIGENE:1565|NCBIGENE:1576|NCBIGENE:1577|NCBIGENE:1581|NCBIGENE:1666|NCBIGENE:1728|NCBIGENE:212|NCBIGENE:216|NCBIGENE:2235|NCBIGENE:224|NCBIGENE:2538|NCBIGENE:2898|NCBIGENE:2902|NCBIGENE:2936|NCBIGENE:3162|NCBIGENE:3172|NCBIGENE:327|NCBIGENE:3553|NCBIGENE:4780|NCBIGENE:54578|NCBIGENE:54657|NCBIGENE:54658|NCBIGENE:5578|NCBIGENE:5582|NCBIGENE:5595|NCBIGENE:6513|NCBIGENE:8856|NCBIGENE:89832|NCBIGENE:9360|NCBIGENE:9407
DB00835,165,CN(C)CCC(C1=CC=C(Br)C=C1)C1=CC=CC=N1,P35367|P11229|P08172|P20309|P08173|P08912,,,PUBCHEM.COMPOUND:6834,DOID:0050328|DOID:0050589|DOID:0050741|DOID:0060262|DOID:0060674|DOID:0060675|DOID:0060676|DOID:0060677|DOID:0060678|DOID:0060679|DOID:0110892|DOID:10459|DOID:10493|DOID:10763|DOID:10808|DOID:10825|DOID:10952|DOID:11204|DOID:114|DOID:11459|DOID:11634|DOID:11847|DOID:11963|DOID:11981|DOID:12361|DOID:12642|DOID:1287|DOID:13186|DOID:1319|DOID:13206|DOID:13550|DOID:13739|DOID:13774|DOID:13948|DOID:13976|DOID:1405|DOID:1425|DOID:14250|DOID:14445|DOID:1459|DOID:1558|DOID:1574|DOID:1742|DOID:1826|DOID:1837|DOID:1936|DOID:2089|DOID:2348|DOID:2349|DOID:2457|DOID:2474|DOID:2527|DOID:2841|DOID:2883|DOID:2913|DOID:2921|DOID:302|DOID:303|DOID:3083|DOID:3393|DOID:3650|DOID:3827|DOID:3878|DOID:409|DOID:437|DOID:4481|DOID:4730|DOID:4989|DOID:5162|DOID:5200|DOID:557|DOID:5844|DOID:5854|DOID:743|DOID:750|DOID:7997|DOID:7998|DOID:8442|DOID:8515|DOID:8534|DOID:8577|DOID:9164|DOID:9282|DOID:9351|DOID:936|DOID:9408|DOID:9428,NCBIGENE:1128|NCBIGENE:1131|NCBIGENE:1132|NCBIGENE:1133|NCBIGENE:3269|NCBIGENE:3757
DB06737,166,CC(C(O)=O)C1=CC=C2SC3=C(C=CC=C3)C(=O)CC2=C1,,P16662|P11712|P23219,P16662|P11712|P23219,PUBCHEM.COMPOUND:5720,,NCBIGENE:1559|NCBIGENE:9407
DB00836,167,CN(C)C(=O)C(CCN1CCC(O)(CC1)C1=CC=C(Cl)C=C1)(C1=CC=CC=C1)C1=CC=CC=C1,P35372|P41143|P41145|P0DP23|P01189|O00555|Q12809,P08684|P10632|P20813|P10635,P08684|P10632|P20813|P10635,PUBCHEM.COMPOUND:3955,DOID:0060262|DOID:100|DOID:12384|DOID:13250|DOID:3878|DOID:409|DOID:8442,
DB06403,168,COC([C@H](OC1=NC(C)=CC(C)=N1)C(O)=O)(C1=CC=CC=C1)C1=CC=CC=C1,P25101|P24530,P08684|P33261|O60656|P16662|P35503|P20815,P08684|P33261|O60656|P16662|P35503|P20815,PUBCHEM.COMPOUND:6918493,DOID:2355|DOID:2361|DOID:5453|DOID:6000,NCBIGENE:1909
DB00498,169,O=C1C(C(=O)C2=CC=CC=C12)C1=CC=CC=C1,Q9BQB6,,,PUBCHEM.COMPOUND:4760,,NCBIGENE:79001
DB00499,170,CC(C)C(=O)NC1=CC(=C(C=C1)[N+]([O-])=O)C(F)(F)F,P10275|P35869|O75469,P04798|Q16678|P20815|P05177|P08684,P04798|Q16678|P20815|P05177|P08684,PUBCHEM.COMPOUND:3397,DOID:0060262|DOID:10283|DOID:10286|DOID:10783|DOID:12451|DOID:2739|DOID:2741|DOID:2747|DOID:2749|DOID:2862|DOID:409|DOID:9266|DOID:9269|DOID:9870,NCBIGENE:13|NCBIGENE:1543|NCBIGENE:1544|NCBIGENE:1576|NCBIGENE:1586|NCBIGENE:196|NCBIGENE:2697|NCBIGENE:3397|NCBIGENE:354|NCBIGENE:367|NCBIGENE:4824|NCBIGENE:4843|NCBIGENE:79888
DB00312,171,CCCC(C)C1(CC)C(=O)NC(=O)NC1=O,P14867|P47869|P34903|P48169|P31644|Q16445|P43681|P36544|P42262|Q13002|O75469,P33261|P11509|P08684,P33261|P11509|P08684,PUBCHEM.COMPOUND:4737,DOID:0050590|DOID:0050741|DOID:0050848|DOID:0060262|DOID:0060731|DOID:10763|DOID:10825|DOID:10952|DOID:114|DOID:12139|DOID:1227|DOID:12550|DOID:1287|DOID:12987|DOID:13268|DOID:13413|DOID:1425|DOID:1470|DOID:1574|DOID:1588|DOID:1595|DOID:1596|DOID:1824|DOID:1826|DOID:224|DOID:2316|DOID:2355|DOID:2361|DOID:2527|DOID:2841|DOID:2848|DOID:2921|DOID:302|DOID:303|DOID:3083|DOID:409|DOID:4964|DOID:552|DOID:557|DOID:850|DOID:9267,NCBIGENE:1137|NCBIGENE:1557|NCBIGENE:216|NCBIGENE:224|NCBIGENE:2353|NCBIGENE:2557|NCBIGENE:2558|NCBIGENE:2559|NCBIGENE:2898|NCBIGENE:2902|NCBIGENE:4916|NCBIGENE:5595|NCBIGENE:5741|NCBIGENE:5972|NCBIGENE:6513|NCBIGENE:7124|NCBIGENE:89832
DB00755,172,C\C(\C=C\C1=C(C)CCCC1(C)C)=C/C=C/C(/C)=C/C(O)=O,P10276|P10826|P13631|P19793|P28702|P48443|P29762|P49788|P00352|O94788|Q8NFJ5|P31025|Q9NY56|P02753|Q16654|Q14081,,,PUBCHEM.COMPOUND:5538,,NCBIGENE:1019|NCBIGENE:1044|NCBIGENE:1045|NCBIGENE:10481|NCBIGENE:1050|NCBIGENE:1051|NCBIGENE:1053|NCBIGENE:10550|NCBIGENE:10562|NCBIGENE:10743|NCBIGENE:10803|NCBIGENE:10863|NCBIGENE:1103|NCBIGENE:11061|NCBIGENE:11096|NCBIGENE:1230|NCBIGENE:1293|NCBIGENE:1381|NCBIGENE:1385|NCBIGENE:139324|NCBIGENE:140628|NCBIGENE:1440|NCBIGENE:1482|NCBIGENE:1490|NCBIGENE:1499|NCBIGENE:1509|NCBIGENE:1536|NCBIGENE:1544|NCBIGENE:1581|NCBIGENE:1592|NCBIGENE:1839|NCBIGENE:1843|NCBIGENE:19|NCBIGENE:190|NCBIGENE:1956|NCBIGENE:1958|NCBIGENE:1999|NCBIGENE:2056|NCBIGENE:2122|NCBIGENE:2146|NCBIGENE:216|NCBIGENE:2171|NCBIGENE:2192|NCBIGENE:2290|NCBIGENE:22933|NCBIGENE:2308|NCBIGENE:2312|NCBIGENE:2353|NCBIGENE:23586|NCBIGENE:238|NCBIGENE:24138|NCBIGENE:250|NCBIGENE:251|NCBIGENE:2526|NCBIGENE:25818|NCBIGENE:26257|NCBIGENE:2627|NCBIGENE:2668|NCBIGENE:2697|NCBIGENE:27043|NCBIGENE:27250|NCBIGENE:286|NCBIGENE:290|NCBIGENE:29078|NCBIGENE:29785|NCBIGENE:30009|NCBIGENE:3082|NCBIGENE:3110|NCBIGENE:3169|NCBIGENE:330|NCBIGENE:3309|NCBIGENE:338|NCBIGENE:3383|NCBIGENE:3416|NCBIGENE:3458|NCBIGENE:3479|NCBIGENE:348|NCBIGENE:3486|NCBIGENE:3487|NCBIGENE:3488|NCBIGENE:3489|NCBIGENE:3558|NCBIGENE:3565|NCBIGENE:3567|NCBIGENE:3570|NCBIGENE:3576|NCBIGENE:3586|NCBIGENE:3596|NCBIGENE:360|NCBIGENE:3600|NCBIGENE:3605|NCBIGENE:362|NCBIGENE:3627|NCBIGENE:3659|NCBIGENE:366|NCBIGENE:3667|NCBIGENE:367|NCBIGENE:3684|NCBIGENE:3713|NCBIGENE:3725|NCBIGENE:3815|NCBIGENE:3875|NCBIGENE:3921|NCBIGENE:3937|NCBIGENE:3953|NCBIGENE:4000|NCBIGENE:4052|NCBIGENE:4067|NCBIGENE:4208|NCBIGENE:4211|NCBIGENE:4254|NCBIGENE:4288|NCBIGENE:4313|NCBIGENE:4316|NCBIGENE:4318|NCBIGENE:4320|NCBIGENE:4485|NCBIGENE:4487|NCBIGENE:4613|NCBIGENE:4656|NCBIGENE:472|NCBIGENE:4739|NCBIGENE:4741|NCBIGENE:4807|NCBIGENE:4868|NCBIGENE:4902|NCBIGENE:4908|NCBIGENE:4915|NCBIGENE:4953|NCBIGENE:5015|NCBIGENE:5028|NCBIGENE:5029|NCBIGENE:5054|NCBIGENE:5075|NCBIGENE:50943|NCBIGENE:50964|NCBIGENE:5327|NCBIGENE:5328|NCBIGENE:5340|NCBIGENE:538|NCBIGENE:5420|NCBIGENE:5447|NCBIGENE:5460|NCBIGENE:55512|NCBIGENE:5594|NCBIGENE:5621|NCBIGENE:566|NCBIGENE:56603|NCBIGENE:56925|NCBIGENE:57105|NCBIGENE:5728|NCBIGENE:5730|NCBIGENE:5741|NCBIGENE:5742|NCBIGENE:5743|NCBIGENE:5894|NCBIGENE:590|NCBIGENE:5914|NCBIGENE:5915|NCBIGENE:5917|NCBIGENE:5918|NCBIGENE:5920|NCBIGENE:5925|NCBIGENE:5947|NCBIGENE:5948|NCBIGENE:595|NCBIGENE:6256|NCBIGENE:6258|NCBIGENE:6286|NCBIGENE:632|NCBIGENE:6347|NCBIGENE:6469|NCBIGENE:64781|NCBIGENE:650|NCBIGENE:652|NCBIGENE:653361|NCBIGENE:655|NCBIGENE:6657|NCBIGENE:6662|NCBIGENE:6688|NCBIGENE:6693|NCBIGENE:6887|NCBIGENE:7020|NCBIGENE:7026|NCBIGENE:7037|NCBIGENE:7040|NCBIGENE:7042|NCBIGENE:7043|NCBIGENE:7047|NCBIGENE:7056|NCBIGENE:7057|NCBIGENE:7097|NCBIGENE:7098|NCBIGENE:7124|NCBIGENE:7157|NCBIGENE:7222|NCBIGENE:7350|NCBIGENE:7351|NCBIGENE:7412|NCBIGENE:7474|NCBIGENE:7799|NCBIGENE:8029|NCBIGENE:836|NCBIGENE:8431|NCBIGENE:8660|NCBIGENE:874|NCBIGENE:8751|NCBIGENE:8854|NCBIGENE:894|NCBIGENE:9052|NCBIGENE:9314|NCBIGENE:9407|NCBIGENE:949|NCBIGENE:950|NCBIGENE:952|NCBIGENE:9536|NCBIGENE:958|NCBIGENE:9636|NCBIGENE:973|NCBIGENE:983|NCBIGENE:9927|NCBIGENE:999
DB00238,173,CC1=C2NC(=O)C3=C(N=CC=C3)N(C3CC3)C2=NC=C1,Q72547,,,PUBCHEM.COMPOUND:4463,DOID:0050426|DOID:0050486|DOID:0060262|DOID:1883|DOID:2043|DOID:409|DOID:526|DOID:635|DOID:7327,NCBIGENE:1555|NCBIGENE:1576|NCBIGENE:1577
DB01349,174,CC1=NC(C)=C2CCC(=O)N(CC3=CC=C(C=C3)C3=CC=CC=C3C3=NNN=N3)C2=N1,P30556|P50052,P08684,P08684,PUBCHEM.COMPOUND:60919,DOID:10763|DOID:10825,NCBIGENE:186
DB00656,175,ClC1=CC=CC(=C1)N1CCN(CCCN2N=C3C=CC=CN3C2=O)CC1,P28223|P28335|P31645|P08908|P35367|P35348|P08913|P08909,P08684|P20815|P24462|P10635,P08684|P20815|P24462|P10635,PUBCHEM.COMPOUND:5533,DOID:114|DOID:1247|DOID:1287|DOID:13206|DOID:1470|DOID:1595|DOID:1596|DOID:2848|DOID:2883|DOID:3401|DOID:4500|DOID:9286,NCBIGENE:146|NCBIGENE:147|NCBIGENE:148|NCBIGENE:150|NCBIGENE:152|NCBIGENE:1565|NCBIGENE:1576|NCBIGENE:1577|NCBIGENE:3269|NCBIGENE:3350|NCBIGENE:3357|NCBIGENE:3358|NCBIGENE:3757|NCBIGENE:6532
DB08439,176,CCC(=O)NS(=O)(=O)C1=CC=C(C=C1)C1=C(C)ON=C1C1=CC=CC=C1,P35354|P02788,P08684|P11712,P08684|P11712,PUBCHEM.COMPOUND:119828,,NCBIGENE:4057|NCBIGENE:5743|NCBIGENE:7018|NCBIGENE:9356
DB01201,177,CO[C@H]1\C=C\O[C@@]2(C)OC3=C(C2=O)C2=C(C(O)=C3C)C(O)=C(NC(=O)\C(C)=C/C=C/[C@H](C)[C@H](O)[C@@H](C)[C@@H](O)[C@@H](C)[C@H](OC(C)=O)[C@@H]1C)C(\C=N\N1CCN(CC1)C1CCCC1)=C2O,P9WGY7,P33261|P20813|P10632|P11712|P08684,P33261|P20813|P10632|P11712|P08684,PUBCHEM.COMPOUND:6323497,DOID:0050741|DOID:0060262|DOID:13268|DOID:1574|DOID:2739|DOID:2741|DOID:2957|DOID:409|DOID:9534,NCBIGENE:1576
DB11614,178,CC1=CC(CN2CCC(CC2)=C2C3=CC=C(Cl)C=C3CCC3=C2N=CC=C3)=CN=C1,P25105|P35367,,,PUBCHEM.COMPOUND:133017,DOID:1558|DOID:4481|DOID:4730,
DB00997,179,COC1=CC=CC2=C1C(=O)C1=C(O)C3=C(C[C@](O)(C[C@@H]3O[C@H]3C[C@H](N)[C@H](O)[C@H](C)O3)C(=O)CO)C(O)=C1C2=O,P11388|Q14978|P11387|Q02880,,,PUBCHEM.COMPOUND:31703,DOID:0050590|DOID:0050700|DOID:0050820|DOID:0050873|DOID:0060058|DOID:0060060|DOID:0060262|DOID:104|DOID:114|DOID:11984|DOID:1227|DOID:12449|DOID:1287|DOID:12932|DOID:12987|DOID:1564|DOID:1588|DOID:1612|DOID:1781|DOID:1920|DOID:1974|DOID:2154|DOID:2355|DOID:2361|DOID:2394|DOID:2571|DOID:2739|DOID:2741|DOID:2747|DOID:2749|DOID:2862|DOID:3347|DOID:3376|DOID:3459|DOID:3683|DOID:409|DOID:5409|DOID:6000|DOID:615|DOID:707|DOID:769|DOID:820|DOID:8538|DOID:8543|DOID:8567|DOID:8584|DOID:8628|DOID:8632|DOID:8651|DOID:8654|DOID:8675|DOID:8913|DOID:9119|DOID:9266|DOID:934|DOID:9538|DOID:9870|DOID:9952,NCBIGENE:10057|NCBIGENE:1017|NCBIGENE:1027|NCBIGENE:10382|NCBIGENE:1080|NCBIGENE:10928|NCBIGENE:1111|NCBIGENE:11200|NCBIGENE:11259|NCBIGENE:124872|NCBIGENE:142|NCBIGENE:1437|NCBIGENE:1440|NCBIGENE:1499|NCBIGENE:1509|NCBIGENE:1565|NCBIGENE:1843|NCBIGENE:1956|NCBIGENE:1958|NCBIGENE:2064|NCBIGENE:2065|NCBIGENE:2120|NCBIGENE:2147|NCBIGENE:217|NCBIGENE:2308|NCBIGENE:23411|NCBIGENE:23607|NCBIGENE:284|NCBIGENE:2876|NCBIGENE:28996|NCBIGENE:2908|NCBIGENE:29126|NCBIGENE:2932|NCBIGENE:2936|NCBIGENE:2938|NCBIGENE:2950|NCBIGENE:3082|NCBIGENE:30834|NCBIGENE:3156|NCBIGENE:330|NCBIGENE:3315|NCBIGENE:332|NCBIGENE:340273|NCBIGENE:3439|NCBIGENE:3447|NCBIGENE:3480|NCBIGENE:355|NCBIGENE:3576|NCBIGENE:3586|NCBIGENE:367|NCBIGENE:3717|NCBIGENE:3725|NCBIGENE:387|NCBIGENE:3958|NCBIGENE:4000|NCBIGENE:4170|NCBIGENE:4194|NCBIGENE:4255|NCBIGENE:4312|NCBIGENE:4318|NCBIGENE:4363|NCBIGENE:4548|NCBIGENE:4603|NCBIGENE:4605|NCBIGENE:4613|NCBIGENE:4688|NCBIGENE:472|NCBIGENE:4780|NCBIGENE:4790|NCBIGENE:4792|NCBIGENE:4904|NCBIGENE:50484|NCBIGENE:5155|NCBIGENE:5244|NCBIGENE:5328|NCBIGENE:5366|NCBIGENE:5447|NCBIGENE:5451|NCBIGENE:5591|NCBIGENE:5594|NCBIGENE:5595|NCBIGENE:5604|NCBIGENE:5617|NCBIGENE:5683|NCBIGENE:56848|NCBIGENE:5685|NCBIGENE:5688|NCBIGENE:5695|NCBIGENE:5728|NCBIGENE:5743|NCBIGENE:57650|NCBIGENE:5781|NCBIGENE:5925|NCBIGENE:595|NCBIGENE:5970|NCBIGENE:598|NCBIGENE:638|NCBIGENE:6383|NCBIGENE:64400|NCBIGENE:6530|NCBIGENE:6696|NCBIGENE:6717|NCBIGENE:6772|NCBIGENE:6774|NCBIGENE:7013|NCBIGENE:7015|NCBIGENE:7040|NCBIGENE:7057|NCBIGENE:7083|NCBIGENE:7124|NCBIGENE:7153|NCBIGENE:7155|NCBIGENE:7157|NCBIGENE:7161|NCBIGENE:7357|NCBIGENE:7465|NCBIGENE:827|NCBIGENE:8312|NCBIGENE:835|NCBIGENE:836|NCBIGENE:840|NCBIGENE:84084|NCBIGENE:841|NCBIGENE:842|NCBIGENE:84324|NCBIGENE:85413|NCBIGENE:861|NCBIGENE:8661|NCBIGENE:8714|NCBIGENE:873|NCBIGENE:8795|NCBIGENE:8837|NCBIGENE:8878|NCBIGENE:8988|NCBIGENE:9314|NCBIGENE:9429|NCBIGENE:9518|NCBIGENE:959|NCBIGENE:983|NCBIGENE:995
DB00991,180,OC(=O)CCC1=NC(=C(O1)C1=CC=CC=C1)C1=CC=CC=C1,P23219|P35354,,,PUBCHEM.COMPOUND:4614,DOID:10763|DOID:10825|DOID:10952|DOID:114|DOID:11847|DOID:1247|DOID:1287|DOID:1425|DOID:2527|DOID:2921|DOID:381|DOID:557|DOID:5844|DOID:5854|DOID:676|DOID:7148|DOID:750|DOID:848|DOID:9408,NCBIGENE:5742|NCBIGENE:5743
DB00193,181,COC1=CC=CC(=C1)C1(O)CCCCC1CN(C)C,P35372|P23975|P31645|Q99250|P30542|P28335|P41145|P41143|P36544|P20309|P11229|P25103|Q8NER1,,,PUBCHEM.COMPOUND:33741,DOID:0050741|DOID:0060262|DOID:10763|DOID:10825|DOID:10915|DOID:11459|DOID:1168|DOID:12139|DOID:1470|DOID:1574|DOID:1595|DOID:1596|DOID:1826|DOID:1837|DOID:2848|DOID:302|DOID:303|DOID:381|DOID:409|DOID:4964|DOID:5082|DOID:848|DOID:9351|DOID:9428,NCBIGENE:1131|NCBIGENE:1139|NCBIGENE:116443|NCBIGENE:1565|NCBIGENE:3358|NCBIGENE:3363|NCBIGENE:4985|NCBIGENE:4986|NCBIGENE:4988|NCBIGENE:6530|NCBIGENE:6532|NCBIGENE:89832|NCBIGENE:9407
DB00153,182,CC(C)[C@@H](C)\C=C\[C@@H](C)[C@@]1([H])CC[C@@]2([H])\C(CCC[C@]12C)=C\C=C1\C[C@@H](O)CCC1=C,P11473,Q96AT9|P05108|Q07973|O15528|Q02318|Q6VVX0,Q96AT9|P05108|Q07973|O15528|Q02318|Q6VVX0,PUBCHEM.COMPOUND:5280793,DOID:0050445|DOID:0050459|DOID:0060224|DOID:0060262|DOID:10283|DOID:10286|DOID:10573|DOID:10609|DOID:10763|DOID:10825|DOID:10923|DOID:10952|DOID:11199|DOID:11335|DOID:11476|DOID:1168|DOID:11963|DOID:1247|DOID:12678|DOID:12679|DOID:13186|DOID:13250|DOID:13404|DOID:13543|DOID:13711|DOID:1380|DOID:13976|DOID:1425|DOID:1837|DOID:2089|DOID:2351|DOID:2352|DOID:2485|DOID:2527|DOID:2871|DOID:2893|DOID:2921|DOID:2977|DOID:3341|DOID:4029|DOID:409|DOID:4184|DOID:4362|DOID:5160|DOID:557|DOID:580|DOID:585|DOID:626|DOID:8534|DOID:8643|DOID:893|DOID:9164|DOID:9351|DOID:9971,NCBIGENE:120227|NCBIGENE:7421
DB00808,183,CC1CC2=CC=CC=C2N1NC(=O)C1=CC(=C(Cl)C=C1)S(N)(=O)=O,P55017,,,PUBCHEM.COMPOUND:3702,DOID:0060262|DOID:10763|DOID:10825|DOID:13189|DOID:13543|DOID:1837|DOID:1920|DOID:2983|DOID:3341|DOID:409|DOID:4500|DOID:6000|DOID:9351,NCBIGENE:3753|NCBIGENE:3784|NCBIGENE:5972|NCBIGENE:766|NCBIGENE:771
DB01551,184,[H][C@@]12OC3=C4C(C[C@H]5N(C)CC[C@@]14[C@@]5([H])CC[C@@H]2O)=CC=C3OC,,P08684|P10635,P08684|P10635,PUBCHEM.COMPOUND:5284543,DOID:0050328|DOID:0050589|DOID:0050741|DOID:0060262|DOID:0060573|DOID:0060674|DOID:0060675|DOID:0060676|DOID:0060677|DOID:0060678|DOID:0060679|DOID:0060692|DOID:0110892|DOID:0111045|DOID:0111052|DOID:0111054|DOID:0111056|DOID:0111057|DOID:10459|DOID:10460|DOID:10493|DOID:10652|DOID:10763|DOID:10772|DOID:10808|DOID:10825|DOID:10933|DOID:10952|DOID:11249|DOID:11459|DOID:11634|DOID:11847|DOID:11870|DOID:11981|DOID:12361|DOID:12531|DOID:13189|DOID:1319|DOID:13206|DOID:13550|DOID:13739|DOID:13774|DOID:13948|DOID:1405|DOID:1425|DOID:1443|DOID:14445|DOID:14525|DOID:1459|DOID:1574|DOID:1588|DOID:1742|DOID:1826|DOID:1837|DOID:1936|DOID:2089|DOID:2215|DOID:2216|DOID:2236|DOID:2275|DOID:2348|DOID:2349|DOID:2355|DOID:2361|DOID:2527|DOID:2883|DOID:2913|DOID:2921|DOID:302|DOID:303|DOID:3083|DOID:3393|DOID:3650|DOID:409|DOID:4481|DOID:4483|DOID:4730|DOID:4989|DOID:5162|DOID:557|DOID:5844|DOID:5854|DOID:593|DOID:594|DOID:750|DOID:7997|DOID:7998|DOID:8515|DOID:8577|DOID:8677|DOID:9282|DOID:9351|DOID:9408|DOID:9428,NCBIGENE:1565
DB09236,185,CCOC(=O)C1=C(C)NC(C)=C(C1C1=CC=CC=C1\C=C\C(=O)OC(C)(C)C)C(=O)OCC,,P08684,P08684,PUBCHEM.COMPOUND:5311217,,NCBIGENE:9407
DB00448,186,CC1=C(OCC(F)(F)F)C=CN=C1CS(=O)C1=NC2=CC=CC=C2N1,P20648|P10636,,,PUBCHEM.COMPOUND:3883,DOID:0050741|DOID:0050782|DOID:0060262|DOID:0060674|DOID:0060675|DOID:0060676|DOID:0060677|DOID:0060678|DOID:0060679|DOID:10763|DOID:10808|DOID:10825|DOID:10952|DOID:114|DOID:11476|DOID:11847|DOID:11963|DOID:1247|DOID:1287|DOID:13268|DOID:13580|DOID:13656|DOID:13976|DOID:1425|DOID:1574|DOID:1724|DOID:2018|DOID:2355|DOID:2361|DOID:2527|DOID:2921|DOID:3526|DOID:409|DOID:437|DOID:557|DOID:5844|DOID:5854|DOID:6000|DOID:6713|DOID:750|DOID:8534|DOID:8568|DOID:9408,NCBIGENE:1543|NCBIGENE:1544|NCBIGENE:1557|NCBIGENE:1558|NCBIGENE:1559|NCBIGENE:1576|NCBIGENE:162466|NCBIGENE:3162|NCBIGENE:4137|NCBIGENE:479|NCBIGENE:495|NCBIGENE:8856
DB01558,187,BrC1=CC2=C(NC(=O)CN=C2C2=CC=CC=N2)C=C1,,P05177|P33261|P05181,P05177|P33261|P05181,PUBCHEM.COMPOUND:2441,,NCBIGENE:2557|NCBIGENE:2558|NCBIGENE:2559|NCBIGENE:2560|NCBIGENE:2561|NCBIGENE:2563|NCBIGENE:2564|NCBIGENE:2565|NCBIGENE:2566|NCBIGENE:2569|NCBIGENE:2570
DB01559,188,CCC1=CC2=C(S1)N(C)C(=O)CN=C2C1=CC=CC=C1Cl,,P20813|P33260|P33261|P08684,P20813|P33260|P33261|P08684,PUBCHEM.COMPOUND:2811,,NCBIGENE:2558|NCBIGENE:2560|NCBIGENE:2561|NCBIGENE:2563|NCBIGENE:2564|NCBIGENE:2565|NCBIGENE:2566|NCBIGENE:2569|NCBIGENE:2570
DB08828,189,CS(=O)(=O)C1=CC(Cl)=C(C=C1)C(=O)NC1=CC=C(Cl)C(=C1)C1=CC=CC=N1,Q99835,P11712|P08684|P10632|P33261,P11712|P08684|P10632|P33261,PUBCHEM.COMPOUND:24776445,DOID:2095|DOID:2513|DOID:305|DOID:4840,NCBIGENE:2735|NCBIGENE:3549|NCBIGENE:50846|NCBIGENE:5727|NCBIGENE:6469|NCBIGENE:6608|NCBIGENE:8795
DB01244,190,CC(C)COCC(CN(CC1=CC=CC=C1)C1=CC=CC=C1)N1CCCC1,O00555|O95180|Q9NY47|P05023|P51787|P63316|P0DP23|Q01064|P54750|Q12809,P10635|P08684,P10635|P08684,PUBCHEM.COMPOUND:2351,,NCBIGENE:3741|NCBIGENE:3757|NCBIGENE:3784|NCBIGENE:5153|NCBIGENE:57582|NCBIGENE:7134|NCBIGENE:773|NCBIGENE:801|NCBIGENE:805|NCBIGENE:808|NCBIGENE:8912|NCBIGENE:9132|NCBIGENE:91807|NCBIGENE:9254
DB00673,191,C[C@@H](O[C@H]1OCCN(CC2=NNC(=O)N2)[C@H]1C1=CC=C(F)C=C1)C1=CC(=CC(=C1)C(F)(F)F)C(F)(F)F,P25103,P08684|P33261|P11712,P08684|P33261|P11712,PUBCHEM.COMPOUND:6918365,,NCBIGENE:1234|NCBIGENE:1559|NCBIGENE:1576|NCBIGENE:1577|NCBIGENE:55907|NCBIGENE:6863|NCBIGENE:6869
DB00812,192,CCCCC1C(=O)N(N(C1=O)C1=CC=CC=C1)C1=CC=CC=C1,P23219|P35354|Q16647,,,PUBCHEM.COMPOUND:4781,,NCBIGENE:1244|NCBIGENE:1559|NCBIGENE:1576|NCBIGENE:213|NCBIGENE:54578|NCBIGENE:54658|NCBIGENE:5740|NCBIGENE:5742|NCBIGENE:5743
DB08918,193,CCN(CC)C(=O)[C@]1(C[C@H]1CN)C1=CC=CC=C1,P31645|P23975,P08684|P10632|P33261|P10635|P51589,P08684|P10632|P33261|P10635|P51589,PUBCHEM.COMPOUND:6917779,DOID:13550|DOID:1405|DOID:14445|DOID:1470|DOID:1595|DOID:1596|DOID:2848,
DB00849,194,CCC1(C(=O)NC(=O)N(C)C1=O)C1=CC=CC=C1,P47869|P34903|P48169|P31644|Q16445|P14867|P43681|P36544|P42262|Q13002|O75469,P33261|P20813,P33261|P20813,PUBCHEM.COMPOUND:8271,DOID:0050590|DOID:0050741|DOID:0050848|DOID:0060262|DOID:0060731|DOID:10952|DOID:12139|DOID:1227|DOID:12550|DOID:12987|DOID:13268|DOID:13413|DOID:1425|DOID:14320|DOID:1470|DOID:1574|DOID:1588|DOID:1595|DOID:1596|DOID:1826|DOID:2030|DOID:2355|DOID:2361|DOID:2527|DOID:2841|DOID:2848|DOID:2921|DOID:302|DOID:303|DOID:3083|DOID:409|DOID:4964|DOID:557|DOID:7725|DOID:9267,NCBIGENE:1137|NCBIGENE:1557|NCBIGENE:2557|NCBIGENE:2558|NCBIGENE:2559|NCBIGENE:2898|NCBIGENE:89832
DB00924,195,CN(C)CCC=C1C2=CC=CC=C2C=CC2=CC=CC=C12,P28223|P41595|P28335|P50406|P31645|P23975|P34969|O00206|Q06278,P08684|P05177|P10635|P22310|P36537,P08684|P05177|P10635|P22310|P36537,PUBCHEM.COMPOUND:2895,DOID:0050820|DOID:1067|DOID:12361|DOID:1686|DOID:7997|DOID:7998,NCBIGENE:1544
DB04946,196,COC1=C(OCCCN2CCC(CC2)C2=NOC3=C2C=CC(F)=C3)C=CC(=C1)C(C)=O,P28223|P14416|P21728|P35462|P21917|P08908|P50406|P34969|P35348|P35367|P18825,P08684|P20815|P24462|P05181|P10635,P08684|P20815|P24462|P05181|P10635,PUBCHEM.COMPOUND:71360,DOID:0050590|DOID:0060262|DOID:11847|DOID:1227|DOID:12700|DOID:12987|DOID:14464|DOID:1826|DOID:1837|DOID:409|DOID:4195|DOID:4500|DOID:5419|DOID:5844|DOID:5854|DOID:615|DOID:9286|DOID:9351|DOID:9408|DOID:9854|DOID:9970,NCBIGENE:146|NCBIGENE:147|NCBIGENE:148|NCBIGENE:150|NCBIGENE:152|NCBIGENE:1813|NCBIGENE:1814|NCBIGENE:1815|NCBIGENE:1816|NCBIGENE:3269|NCBIGENE:3350|NCBIGENE:3351|NCBIGENE:3358|NCBIGENE:3362|NCBIGENE:3363
DB01351,197,CCC1(CCC(C)C)C(=O)NC(=O)NC1=O,P14867|P47869|P34903|P48169|P31644|Q16445|P43681|P36544|P42262|Q13002,,,PUBCHEM.COMPOUND:2164,DOID:0050590|DOID:0050741|DOID:0050848|DOID:0060262|DOID:0060731|DOID:10763|DOID:10825|DOID:10952|DOID:114|DOID:12139|DOID:1227|DOID:12550|DOID:1287|DOID:12987|DOID:13268|DOID:13413|DOID:1425|DOID:1470|DOID:1574|DOID:1588|DOID:1595|DOID:1596|DOID:1824|DOID:1826|DOID:2355|DOID:2361|DOID:2527|DOID:2841|DOID:2848|DOID:2921|DOID:302|DOID:303|DOID:3083|DOID:409|DOID:4964|DOID:552|DOID:557|DOID:850|DOID:9267,
DB00091,198,CC[C@@H]1NC(=O)[C@H]([C@H](O)[C@H](C)C\C=C\C)N(C)C(=O)[C@H](C(C)C)N(C)C(=O)[C@H](CC(C)C)N(C)C(=O)[C@H](CC(C)C)N(C)C(=O)[C@@H](C)NC(=O)[C@H](C)NC(=O)[C@H](CC(C)C)N(C)C(=O)[C@@H](NC(=O)[C@H](CC(C)C)N(C)C(=O)CN(C)C1=O)C(C)C,P49069|Q96LZ3|P62937|P30405,P33261|P10635|P20815|P08684,P33261|P10635|P20815|P08684,PUBCHEM.COMPOUND:5284373,DOID:0060058|DOID:0060262|DOID:10138|DOID:10140|DOID:10763|DOID:10772|DOID:10825|DOID:10952|DOID:11459|DOID:12894|DOID:12895|DOID:1425|DOID:162|DOID:1826|DOID:1920|DOID:2527|DOID:2739|DOID:2741|DOID:2921|DOID:3234|DOID:409|DOID:4766|DOID:557|DOID:6195|DOID:7148|DOID:8675|DOID:936|DOID:9428,NCBIGENE:4773|NCBIGENE:4775|NCBIGENE:5478|NCBIGENE:5530|NCBIGENE:5532|NCBIGENE:5534
DB00904,199,CN1C2=C(C3=CC=CC=C13)C(=O)C(CN1C=CN=C1C)CC2,P46098|Q13639|P35372|P08908|P28222,P08684|P05177|P10635|P20815|P24462|P11712|P05181,P08684|P05177|P10635|P20815|P24462|P11712|P05181,PUBCHEM.COMPOUND:4595,DOID:0050841|DOID:1826|DOID:529|DOID:679,NCBIGENE:1544|NCBIGENE:1565|NCBIGENE:1576|NCBIGENE:1577|NCBIGENE:170572|NCBIGENE:200909|NCBIGENE:2353|NCBIGENE:3350|NCBIGENE:3351|NCBIGENE:3359|NCBIGENE:3360|NCBIGENE:4988|NCBIGENE:6505|NCBIGENE:6751|NCBIGENE:9177
DB00907,200,[H][C@]12CC[C@]([H])([C@H]([C@H](C1)OC(=O)C1=CC=CC=C1)C(=O)OC)N2C,Q01959|P23975|P31645|P11229|P08172|Q99720|P23141,,,PUBCHEM.COMPOUND:446220,DOID:12361|DOID:1826|DOID:7997|DOID:7998,NCBIGENE:102724428|NCBIGENE:10381|NCBIGENE:1066|NCBIGENE:1128|NCBIGENE:11280|NCBIGENE:1138|NCBIGENE:1234|NCBIGENE:1385|NCBIGENE:150094|NCBIGENE:1565|NCBIGENE:1576|NCBIGENE:1577|NCBIGENE:1621|NCBIGENE:1813|NCBIGENE:1815|NCBIGENE:1906|NCBIGENE:1948|NCBIGENE:1958|NCBIGENE:1960|NCBIGENE:221223|NCBIGENE:2260|NCBIGENE:2353|NCBIGENE:2354|NCBIGENE:2902|NCBIGENE:2915|NCBIGENE:2932|NCBIGENE:30835|NCBIGENE:3309|NCBIGENE:3350|NCBIGENE:3351|NCBIGENE:3359|NCBIGENE:3363|NCBIGENE:3383|NCBIGENE:3576|NCBIGENE:3614|NCBIGENE:3757|NCBIGENE:4204|NCBIGENE:4846|NCBIGENE:4900|NCBIGENE:4986|NCBIGENE:4988|NCBIGENE:5179|NCBIGENE:5327|NCBIGENE:5617|NCBIGENE:57018|NCBIGENE:5879|NCBIGENE:5880|NCBIGENE:5881|NCBIGENE:590|NCBIGENE:5923|NCBIGENE:5972|NCBIGENE:5999|NCBIGENE:627|NCBIGENE:6336|NCBIGENE:6347|NCBIGENE:6530|NCBIGENE:6531|NCBIGENE:6532|NCBIGENE:6571|NCBIGENE:6622|NCBIGENE:6688|NCBIGENE:6870|NCBIGENE:7054|NCBIGENE:7124|NCBIGENE:7157|NCBIGENE:8128|NCBIGENE:814|NCBIGENE:836|NCBIGENE:84152|NCBIGENE:8772|NCBIGENE:8824|NCBIGENE:890|NCBIGENE:8997|NCBIGENE:9456|NCBIGENE:9607|NCBIGENE:9672|NCBIGENE:975
DB00906,201,CC1=C(SC=C1)C(=CCCN1CCC[C@H](C1)C(O)=O)C1=C(C)C=CS1,P30531,P22309|P08684,P22309|P08684,PUBCHEM.COMPOUND:60648,DOID:0060262|DOID:12139|DOID:1470|DOID:1595|DOID:1596|DOID:2234|DOID:2848|DOID:409|DOID:4964,NCBIGENE:6529|NCBIGENE:6538|NCBIGENE:6540
DB01221,202,CNC1(CCCCC1=O)C1=CC=CC=C1Cl,Q8TCU5|P46098|P36544|P06276|P29475|P25103|P14416|P41143|P23975|P41145|P35372,P23219|P10632|P20813|P11712|P08684,P23219|P10632|P20813|P11712|P08684,PUBCHEM.COMPOUND:3821,DOID:0050741|DOID:10763|DOID:10825|DOID:11459|DOID:11847|DOID:12361|DOID:1574|DOID:3393|DOID:3526|DOID:5844|DOID:5854|DOID:6713|DOID:7997|DOID:7998|DOID:8645|DOID:9282|DOID:9408|DOID:9428,NCBIGENE:1128|NCBIGENE:116443|NCBIGENE:1448|NCBIGENE:1555|NCBIGENE:1576|NCBIGENE:1813|NCBIGENE:213|NCBIGENE:2353|NCBIGENE:3162|NCBIGENE:3308|NCBIGENE:3350|NCBIGENE:348|NCBIGENE:3565|NCBIGENE:4843|NCBIGENE:4846|NCBIGENE:4985|NCBIGENE:4986|NCBIGENE:4988|NCBIGENE:590|NCBIGENE:627|NCBIGENE:6340|NCBIGENE:6515|NCBIGENE:6530|NCBIGENE:6532|NCBIGENE:6615|NCBIGENE:6869|NCBIGENE:7124|NCBIGENE:7138|NCBIGENE:836|NCBIGENE:842|NCBIGENE:9407|NCBIGENE:999
DB00759,203,[H][C@@]12C[C@@]3([H])C(=C(O)[C@]1(O)C(=O)C(C(N)=O)=C(O)[C@H]2N(C)C)C(=O)C1=C(O)C=CC=C1[C@@]3(C)O,P02359|P0AG59|P0A7V3|P0A7W7|P0A7U3|P04156|C9EH48|Q9UM07,,,PUBCHEM.COMPOUND:54675776,DOID:0050127|DOID:0050590|DOID:0050741|DOID:0060224|DOID:0060262|DOID:10113|DOID:10371|DOID:1074|DOID:10952|DOID:11077|DOID:11100|DOID:11104|DOID:11256|DOID:11262|DOID:11265|DOID:1227|DOID:1247|DOID:12987|DOID:13034|DOID:13087|DOID:13189|DOID:13778|DOID:13819|DOID:1389|DOID:13924|DOID:1425|DOID:1574|DOID:1826|DOID:1837|DOID:2275|DOID:2297|DOID:2527|DOID:2747|DOID:2749|DOID:2862|DOID:2921|DOID:3087|DOID:384|DOID:409|DOID:4131|DOID:4500|DOID:4676|DOID:552|DOID:557|DOID:574|DOID:6132|DOID:6543|DOID:7427|DOID:7551|DOID:8478|DOID:870|DOID:9266|DOID:9351|DOID:936|DOID:9870,
DB06282,204,OC(=O)COCCN1CCN(CC1)[C@H](C1=CC=CC=C1)C1=CC=C(Cl)C=C1,P35367,,,PUBCHEM.COMPOUND:1549000,DOID:10952|DOID:1425|DOID:2527|DOID:2921|DOID:4481|DOID:4730|DOID:557|DOID:784,
DB00418,205,CCCC(C)C1(CC=C)C(=O)NC(=O)NC1=O,P47869|P34903|P48169|P31644|Q16445|P14867|P43681|P36544|P42262|Q13002,P05177|P33261|P10632|P11712,P05177|P33261|P10632|P11712,PUBCHEM.COMPOUND:5193,DOID:0050590|DOID:0050741|DOID:0050848|DOID:0060262|DOID:0060731|DOID:10763|DOID:10825|DOID:10952|DOID:114|DOID:12139|DOID:1227|DOID:12550|DOID:1287|DOID:12987|DOID:13268|DOID:13413|DOID:1425|DOID:1470|DOID:1574|DOID:1588|DOID:1595|DOID:1596|DOID:1824|DOID:1826|DOID:2355|DOID:2361|DOID:2527|DOID:2841|DOID:2848|DOID:2921|DOID:302|DOID:303|DOID:3083|DOID:409|DOID:4964|DOID:552|DOID:557|DOID:850|DOID:9267,NCBIGENE:1137|NCBIGENE:1559|NCBIGENE:2557|NCBIGENE:2558|NCBIGENE:2559|NCBIGENE:2898|NCBIGENE:2902|NCBIGENE:5594|NCBIGENE:5595|NCBIGENE:89832
DB01259,206,CS(=O)(=O)CCNCC1=CC=C(O1)C1=CC2=C(C=C1)N=CN=C2NC1=CC(Cl)=C(OCC2=CC(F)=CC=C2)C=C1,P00533|P04626,P08684|P20815|P10632|P33261,P08684|P20815|P10632|P33261,PUBCHEM.COMPOUND:208908,DOID:3082|DOID:4500|DOID:6000,NCBIGENE:1080|NCBIGENE:142|NCBIGENE:1576|NCBIGENE:1577|NCBIGENE:1956|NCBIGENE:2064|NCBIGENE:2065|NCBIGENE:2066|NCBIGENE:2305|NCBIGENE:4170|NCBIGENE:4288|NCBIGENE:4312|NCBIGENE:5595|NCBIGENE:6868|NCBIGENE:7157|NCBIGENE:839|NCBIGENE:8678|NCBIGENE:89845
DB01177,207,C[C@@H]1O[C@H](C[C@H](N)[C@@H]1O)O[C@H]1C[C@@](O)(CC2=C1C(O)=C1C(=O)C3=CC=CC=C3C(=O)C1=C2O)C(C)=O,P11388,P11712|P10635,P11712|P10635,PUBCHEM.COMPOUND:42890,DOID:0050700|DOID:0060262|DOID:0060318|DOID:10952|DOID:11984|DOID:12449|DOID:12932|DOID:1425|DOID:1787|DOID:2326|DOID:2355|DOID:2361|DOID:2527|DOID:2921|DOID:409|DOID:557|DOID:820|DOID:9119,NCBIGENE:213|NCBIGENE:7153|NCBIGENE:7155|NCBIGENE:836|NCBIGENE:9429
DB08910,208,NC1=CC=CC2=C1C(=O)N(C1CCC(=O)NC1=O)C2=O,Q96SW2|P01375|P35354,P05177|P08684,P05177|P08684,PUBCHEM.COMPOUND:134780,DOID:9538,NCBIGENE:1440|NCBIGENE:1557|NCBIGENE:3558|NCBIGENE:51185|NCBIGENE:5743|NCBIGENE:7124|NCBIGENE:8651
DB00843,209,COC1=C(OC)C=C2C(=O)C(CC3CCN(CC4=CC=CC=C4)CC3)CC2=C1,P22303|P28223|P06276|P29475|P98066|P01584,P10635|P08684|P11712,P10635|P08684|P11712,PUBCHEM.COMPOUND:3152,DOID:0050820|DOID:0110035|DOID:0110037|DOID:0110038|DOID:0110039|DOID:0110041|DOID:0110043|DOID:0110044|DOID:0110045|DOID:0110046|DOID:0110047|DOID:0110048|DOID:10652|DOID:11870|DOID:13884|DOID:13948|DOID:1443|DOID:14525|DOID:1826|DOID:2841|DOID:9360|DOID:9415,NCBIGENE:1103|NCBIGENE:3363|NCBIGENE:3479|NCBIGENE:3745|NCBIGENE:43|NCBIGENE:4318|NCBIGENE:590|NCBIGENE:6347|NCBIGENE:836|NCBIGENE:9360
DB01008,210,CS(=O)(=O)OCCCCOS(C)(=O)=O,,P09488|P09211|Q99735|P08684|P09210|P08263,P09488|P09211|Q99735|P08684|P09210|P08263,PUBCHEM.COMPOUND:2478,DOID:0050590|DOID:104|DOID:12123|DOID:1227|DOID:12987|DOID:13636|DOID:1564|DOID:1588|DOID:1826|DOID:1920|DOID:2355|DOID:2361|DOID:2797|DOID:3770|DOID:4195|DOID:4500|DOID:8913|DOID:934,NCBIGENE:2938|NCBIGENE:5054
DB01009,211,CC(C(O)=O)C1=CC(=CC=C1)C(=O)C1=CC=CC=C1,P35354|P23219|P25024,,,PUBCHEM.COMPOUND:3825,DOID:10763|DOID:10825|DOID:10952|DOID:114|DOID:11847|DOID:1247|DOID:1287|DOID:1425|DOID:2527|DOID:2921|DOID:381|DOID:557|DOID:5844|DOID:5854|DOID:7148|DOID:750|DOID:848|DOID:9408,NCBIGENE:10864|NCBIGENE:114571|NCBIGENE:3553|NCBIGENE:3577|NCBIGENE:54575|NCBIGENE:54600|NCBIGENE:54657|NCBIGENE:54658|NCBIGENE:54659|NCBIGENE:55867|NCBIGENE:5742|NCBIGENE:5743|NCBIGENE:6580|NCBIGENE:7364|NCBIGENE:9356|NCBIGENE:9407
DB09297,212,[H][C@@]12C[C@]1(NC(=O)[C@]1([H])C[C@H](CN1C(=O)[C@H](CCCCC\C=C/2)NC(=O)C1=CN=C(C)C=N1)OC1=NC2=C(C=CC=C2)C2=C1C=CC=C2)C(=O)NS(=O)(=O)C1CC1,B0B3C9,P08684|P20815|P22309,P08684|P20815|P22309,PUBCHEM.COMPOUND:68498031,,
DB11613,213,COC[C@H]1C[C@H](N(C1)C(=O)[C@H](NC(=O)OC)C1=CC=CC=C1)C1=NC=C(N1)C1=CC=C2C(COC3=CC4=C(C=CC5=C4NC(=N5)[C@@H]4CC[C@H](C)N4C(=O)[C@@H](NC(=O)OC)C(C)C)C=C23)=C1,Q5L478,P20813|P10632|P08684,P20813|P10632|P08684,PUBCHEM.COMPOUND:67683363,DOID:1883,
DB01002,214,CCCCN1CCCC[C@H]1C(=O)NC1=C(C)C=CC=C1C,Q9Y5Y9,,,PUBCHEM.COMPOUND:92253,DOID:0060262|DOID:10952|DOID:114|DOID:1287|DOID:1425|DOID:2527|DOID:2921|DOID:409|DOID:437|DOID:557,NCBIGENE:6336
DB00481,215,OC1=CC=C(C=C1)C1=C(C(=O)C2=CC=C(OCCN3CCCCC3)C=C2)C2=C(S1)C=C(O)C=C2,P03372|Q92731|P50453|P04155,P20813|P10632|Q06278|P11511|P08684|P22309|Q9HAW8|Q9HAW9,P20813|P10632|Q06278|P11511|P08684|P22309|Q9HAW8|Q9HAW9,PUBCHEM.COMPOUND:5035,DOID:0060224|DOID:0060262|DOID:10763|DOID:10825|DOID:11476|DOID:13003|DOID:1727|DOID:224|DOID:2450|DOID:2451|DOID:2452|DOID:2988|DOID:3393|DOID:3526|DOID:3755|DOID:3756|DOID:3875|DOID:409|DOID:6713|DOID:9477,NCBIGENE:10682|NCBIGENE:1576|NCBIGENE:1755|NCBIGENE:2100|NCBIGENE:2621|NCBIGENE:27020|NCBIGENE:316|NCBIGENE:3162|NCBIGENE:3320|NCBIGENE:3479|NCBIGENE:4094|NCBIGENE:4318|NCBIGENE:4846|NCBIGENE:5241|NCBIGENE:5617|NCBIGENE:5879|NCBIGENE:632|NCBIGENE:6347|NCBIGENE:6364|NCBIGENE:6462|NCBIGENE:6532|NCBIGENE:7015|NCBIGENE:7043|NCBIGENE:7057|NCBIGENE:7498|NCBIGENE:8431|NCBIGENE:857|NCBIGENE:9451
DB01006,216,N#CC1=CC=C(C=C1)C(N1C=NC=N1)C1=CC=C(C=C1)C#N,P11511,P33261|P16662|P08684|P11509|P11511,P33261|P16662|P08684|P11509|P11511,PUBCHEM.COMPOUND:3902,DOID:11476|DOID:2739|DOID:2741|DOID:5082|DOID:6713,NCBIGENE:2064|NCBIGENE:2798|NCBIGENE:3480|NCBIGENE:4288|NCBIGENE:5241|NCBIGENE:6194|NCBIGENE:79633
DB09230,217,CC(C)OC(=O)C1=C(C)NC(N)=C(C1C1=CC=CC(=C1)[N+]([O-])=O)C(=O)OC1CN(C1)C(C1=CC=CC=C1)C1=CC=CC=C1,Q02641,P08684,P08684,PUBCHEM.COMPOUND:65948,DOID:10763|DOID:10825,NCBIGENE:1585|NCBIGENE:4318
DB01220,218,CO[C@H]1\C=C\O[C@@]2(C)OC3=C(C)C(O)=C4C(O)=C(NC(=O)\C(C)=C/C=C/[C@H](C)[C@H](O)[C@@H](C)[C@@H](O)[C@@H](C)[C@H](OC(C)=O)[C@@H]1C)C1=C(N=C5C=C(C)C=CN15)C4=C3C2=O,P0A8V2|O75469,P08684|P33261|P10632,P08684|P33261|P10632,PUBCHEM.COMPOUND:6436173,DOID:12550|DOID:13413,NCBIGENE:8856
DB00682,219,CC(=O)CC(C1=CC=CC=C1)C1=C(O)C2=C(OC1=O)C=CC=C2,Q9BQB6|O75469,,,PUBCHEM.COMPOUND:54678486,DOID:0050328|DOID:0050741|DOID:0060262|DOID:0080001|DOID:10602|DOID:10763|DOID:10825|DOID:10941|DOID:10966|DOID:11249|DOID:11328|DOID:11482|DOID:11634|DOID:1168|DOID:118|DOID:1184|DOID:1222|DOID:12361|DOID:1247|DOID:13580|DOID:1459|DOID:1574|DOID:162|DOID:1787|DOID:2355|DOID:2361|DOID:2451|DOID:2452|DOID:2590|DOID:3721|DOID:3755|DOID:3756|DOID:409|DOID:4372|DOID:4562|DOID:4766|DOID:5418|DOID:6000|DOID:65|DOID:6713|DOID:7997|DOID:7998|DOID:8432|DOID:854|DOID:865|DOID:8997|DOID:9477|DOID:9667,
DB08992,220,CCC1=CC=C(C=C1)C(=O)C(C)CN1CCCCC1,,P08684,P08684,PUBCHEM.COMPOUND:3236,,NCBIGENE:10280
DB00540,221,CNCCC=C1C2=CC=CC=C2CCC2=CC=CC=C12,P23975|P31645|P28223|P08908|P35367|P35348|P25100|P28335|P35368|P14416|P08909,P10635|P08684|P05177|P33261|P20815|P05181,P10635|P08684|P05177|P33261|P20815|P05181,PUBCHEM.COMPOUND:4543,DOID:0050741|DOID:1067|DOID:1074|DOID:11847|DOID:12139|DOID:12361|DOID:13206|DOID:1470|DOID:1574|DOID:1595|DOID:1596|DOID:1686|DOID:1826|DOID:2848|DOID:2883|DOID:3526|DOID:4676|DOID:4964|DOID:5844|DOID:5854|DOID:6713|DOID:7997|DOID:7998|DOID:9408,NCBIGENE:10857|NCBIGENE:1128|NCBIGENE:1131|NCBIGENE:1132|NCBIGENE:1133|NCBIGENE:146|NCBIGENE:147|NCBIGENE:148|NCBIGENE:150|NCBIGENE:153|NCBIGENE:1544|NCBIGENE:1557|NCBIGENE:1558|NCBIGENE:1565|NCBIGENE:1576|NCBIGENE:1577|NCBIGENE:1813|NCBIGENE:2784|NCBIGENE:3269|NCBIGENE:3350|NCBIGENE:3358|NCBIGENE:3362|NCBIGENE:627|NCBIGENE:6530|NCBIGENE:6531|NCBIGENE:6532
DB00165,222,CC1=C(O)C(CO)=C(CO)C=N1,O00764,,,PUBCHEM.COMPOUND:1054,DOID:0050741|DOID:0060180|DOID:0060189|DOID:0060190|DOID:0060262|DOID:0110892|DOID:10493|DOID:10952|DOID:11914|DOID:12119|DOID:12139|DOID:13189|DOID:13250|DOID:13774|DOID:1389|DOID:1425|DOID:1470|DOID:1574|DOID:1595|DOID:1596|DOID:1837|DOID:2237|DOID:2326|DOID:2351|DOID:2352|DOID:2527|DOID:2848|DOID:2921|DOID:3650|DOID:409|DOID:417|DOID:4500|DOID:4964|DOID:5419|DOID:557|DOID:574|DOID:583|DOID:6688|DOID:705|DOID:7327|DOID:750|DOID:8455|DOID:8577|DOID:870|DOID:8929|DOID:893|DOID:9074|DOID:9351,NCBIGENE:2015|NCBIGENE:212|NCBIGENE:2805|NCBIGENE:4481|NCBIGENE:55163|NCBIGENE:57026|NCBIGENE:8566
DB00567,223,[H][C@]12SCC(C)=C(N1C(=O)[C@H]2NC(=O)[C@H](N)C1=CC=CC=C1)C(O)=O,Q75Y35|Q8DNB6|Q7CRA4|P0A3M6|Q8DR59,,,PUBCHEM.COMPOUND:27447,DOID:0060180|DOID:0060189|DOID:0060190|DOID:10754|DOID:10952|DOID:1425|DOID:14654|DOID:2326|DOID:2527|DOID:2921|DOID:381|DOID:557|DOID:813,NCBIGENE:1015|NCBIGENE:6564
DB00543,224,ClC1=CC2=C(OC3=CC=CC=C3N=C2N2CCNCC2)C=C1,P31645|P23975|P14416|P21728|P08913|P35348|P11229|P14867|P28223|P28335|P50406|P34969|P35462|P21917|P35367|P41595|P46098|P08908|P28222|Q9H3N8|Q01959,P10635,P10635,PUBCHEM.COMPOUND:2170,DOID:0050741|DOID:0060262|DOID:10952|DOID:114|DOID:12139|DOID:12361|DOID:1287|DOID:13206|DOID:13550|DOID:1405|DOID:1425|DOID:14445|DOID:14464|DOID:1470|DOID:1574|DOID:1588|DOID:1595|DOID:1596|DOID:1826|DOID:2527|DOID:2848|DOID:2883|DOID:2921|DOID:3312|DOID:409|DOID:4964|DOID:5419|DOID:557|DOID:7997|DOID:7998|DOID:9282|DOID:9854,NCBIGENE:1128|NCBIGENE:148|NCBIGENE:150|NCBIGENE:1813|NCBIGENE:1814|NCBIGENE:1815|NCBIGENE:3269|NCBIGENE:3350|NCBIGENE:3351|NCBIGENE:3357|NCBIGENE:3358|NCBIGENE:3359|NCBIGENE:3362|NCBIGENE:3363|NCBIGENE:59340|NCBIGENE:6530|NCBIGENE:6531|NCBIGENE:6532
DB00559,225,COC1=CC=CC=C1OC1=C(NS(=O)(=O)C2=CC=C(C=C2)C(C)(C)C)N=C(N=C1OCCO)C1=NC=CC=N1,P24530|P25101,P08684|P11712,P08684|P11712,PUBCHEM.COMPOUND:104865,DOID:0060262|DOID:11396|DOID:14557|DOID:1588|DOID:2355|DOID:2361|DOID:2739|DOID:2741|DOID:409|DOID:418|DOID:419|DOID:5453|DOID:6000|DOID:6432|DOID:8472,NCBIGENE:1559|NCBIGENE:1906|NCBIGENE:1909|NCBIGENE:1910|NCBIGENE:2697|NCBIGENE:3004|NCBIGENE:3683|NCBIGENE:6554|NCBIGENE:8647
DB01076,226,CC(C)C1=C(C(=O)NC2=CC=CC=C2)C(=C(N1CC[C@@H](O)C[C@@H](O)CC(O)=O)C1=CC=C(F)C=C1)C1=CC=CC=C1,P04035|P27487|P35869|Q92769|Q14994,P08684|P20815|P24462|P10632|P10635|P11712|P33261|P20813|P22309|P35503,P08684|P20815|P24462|P10632|P10635|P11712|P33261|P20813|P22309|P35503,PUBCHEM.COMPOUND:60823,DOID:0050328|DOID:0050741|DOID:0060262|DOID:1029|DOID:10952|DOID:11634|DOID:13809|DOID:1425|DOID:1459|DOID:1574|DOID:1936|DOID:2348|DOID:2349|DOID:2527|DOID:2921|DOID:3145|DOID:3526|DOID:409|DOID:423|DOID:5162|DOID:557|DOID:6713|DOID:7327,
DB00188,227,CC(C)C[C@H](NC(=O)[C@H](CC1=CC=CC=C1)NC(=O)C1=CN=CC=N1)B(O)O,P28074|P20618,P08684|P33261|P10635|P05177|P11712,P08684|P33261|P10635|P05177|P11712,PUBCHEM.COMPOUND:387447,DOID:0050590|DOID:0050746|DOID:0060262|DOID:11394|DOID:114|DOID:1227|DOID:12716|DOID:1287|DOID:12987|DOID:1389|DOID:14557|DOID:1588|DOID:1837|DOID:3082|DOID:409|DOID:552|DOID:574|DOID:6432|DOID:707|DOID:8437|DOID:8440|DOID:8675|DOID:870|DOID:9351|DOID:9538,NCBIGENE:10013|NCBIGENE:10018|NCBIGENE:1017|NCBIGENE:1027|NCBIGENE:10891|NCBIGENE:1111|NCBIGENE:1244|NCBIGENE:142|NCBIGENE:143471|NCBIGENE:1437|NCBIGENE:1499|NCBIGENE:1506|NCBIGENE:1591|NCBIGENE:1645|NCBIGENE:1843|NCBIGENE:1950|NCBIGENE:1956|NCBIGENE:1965|NCBIGENE:2064|NCBIGENE:2081|NCBIGENE:22943|NCBIGENE:2305|NCBIGENE:3162|NCBIGENE:3291|NCBIGENE:330|NCBIGENE:3303|NCBIGENE:3304|NCBIGENE:3308|NCBIGENE:3309|NCBIGENE:3315|NCBIGENE:3320|NCBIGENE:3480|NCBIGENE:3557|NCBIGENE:3558|NCBIGENE:3576|NCBIGENE:3586|NCBIGENE:3662|NCBIGENE:3717|NCBIGENE:3725|NCBIGENE:3953|NCBIGENE:4058|NCBIGENE:4170|NCBIGENE:4312|NCBIGENE:4313|NCBIGENE:467|NCBIGENE:468|NCBIGENE:472|NCBIGENE:4791|NCBIGENE:4792|NCBIGENE:4793|NCBIGENE:4794|NCBIGENE:4846|NCBIGENE:5366|NCBIGENE:54205|NCBIGENE:5478|NCBIGENE:5518|NCBIGENE:5591|NCBIGENE:5595|NCBIGENE:56616|NCBIGENE:5682|NCBIGENE:5683|NCBIGENE:5684|NCBIGENE:5685|NCBIGENE:5686|NCBIGENE:5687|NCBIGENE:5688|NCBIGENE:5689|NCBIGENE:5690|NCBIGENE:5692|NCBIGENE:5693|NCBIGENE:5694|NCBIGENE:5695|NCBIGENE:5696|NCBIGENE:5698|NCBIGENE:5699|NCBIGENE:5707|NCBIGENE:5708|NCBIGENE:573|NCBIGENE:57650|NCBIGENE:581|NCBIGENE:5970|NCBIGENE:598|NCBIGENE:638|NCBIGENE:6667|NCBIGENE:672|NCBIGENE:7099|NCBIGENE:7124|NCBIGENE:7157|NCBIGENE:7174|NCBIGENE:7465|NCBIGENE:7494|NCBIGENE:836|NCBIGENE:837|NCBIGENE:840|NCBIGENE:841|NCBIGENE:842|NCBIGENE:8644|NCBIGENE:8678|NCBIGENE:8743|NCBIGENE:8795|NCBIGENE:8797|NCBIGENE:8837|NCBIGENE:8878|NCBIGENE:9131|NCBIGENE:9263|NCBIGENE:939|NCBIGENE:9451|NCBIGENE:983
DB00316,228,CC(=O)NC1=CC=C(O)C=C1,P35354|P23219|Q15185|Q8NER1,,,PUBCHEM.COMPOUND:1983,DOID:0060262|DOID:10459|DOID:10460|DOID:12550|DOID:13413|DOID:409|DOID:4481|DOID:4730|DOID:5082|DOID:6364,NCBIGENE:10018|NCBIGENE:1387|NCBIGENE:1543|NCBIGENE:1544|NCBIGENE:1548|NCBIGENE:1565|NCBIGENE:1576|NCBIGENE:1728|NCBIGENE:2937|NCBIGENE:29994|NCBIGENE:3359|NCBIGENE:3383|NCBIGENE:3586|NCBIGENE:3605|NCBIGENE:4025|NCBIGENE:4057|NCBIGENE:4217|NCBIGENE:4241|NCBIGENE:4282|NCBIGENE:4353|NCBIGENE:4780|NCBIGENE:4846|NCBIGENE:5184|NCBIGENE:54576|NCBIGENE:54577|NCBIGENE:54578|NCBIGENE:54600|NCBIGENE:54658|NCBIGENE:54659|NCBIGENE:5581|NCBIGENE:5583|NCBIGENE:5742|NCBIGENE:5743|NCBIGENE:5770|NCBIGENE:5972|NCBIGENE:6696|NCBIGENE:7018|NCBIGENE:7098|NCBIGENE:7124|NCBIGENE:8288|NCBIGENE:836|NCBIGENE:9360|NCBIGENE:9588|NCBIGENE:960
DB00842,229,OC1N=C(C2=CC=CC=C2)C2=C(NC1=O)C=CC(Cl)=C2,,P54855|P16662|O60656,P54855|P16662|O60656,PUBCHEM.COMPOUND:4616,DOID:0050848|DOID:0060262|DOID:0060731|DOID:10930|DOID:10952|DOID:11328|DOID:12139|DOID:12401|DOID:13268|DOID:1425|DOID:14320|DOID:1470|DOID:1595|DOID:1596|DOID:2030|DOID:2527|DOID:2848|DOID:2921|DOID:302|DOID:303|DOID:409|DOID:4964|DOID:5418|DOID:557|DOID:850,NCBIGENE:1555|NCBIGENE:2557|NCBIGENE:2558|NCBIGENE:2559|NCBIGENE:2560|NCBIGENE:2561|NCBIGENE:2563|NCBIGENE:2564|NCBIGENE:2565|NCBIGENE:2566|NCBIGENE:2569|NCBIGENE:2570|NCBIGENE:54600|NCBIGENE:7364|NCBIGENE:7366
DB01392,230,[H][C@@]12CC[C@H](O)[C@H](C(=O)OC)[C@@]1([H])C[C@]1([H])N(CCC3=C1NC1=CC=CC=C31)C2,P08913|P18089|P18825|P08908|P28222|P28221|P14416|P35462|P28223|P28335|P41595,P10635|P08684,P10635|P08684,PUBCHEM.COMPOUND:8969,DOID:0060262|DOID:10952|DOID:114|DOID:12139|DOID:1287|DOID:1425|DOID:1470|DOID:1595|DOID:1596|DOID:2527|DOID:2848|DOID:2921|DOID:409|DOID:4964|DOID:557,
DB01151,231,CNCCCN1C2=CC=CC=C2CCC2=CC=CC=C12,P23975|P31645|P28223|P07550|P08588|P17405|P35367|P11229|P08172|P20309|P08173|P08912|P08908|P28335|P14416,,,PUBCHEM.COMPOUND:2995,DOID:0050741|DOID:0060262|DOID:10952|DOID:12139|DOID:12361|DOID:13206|DOID:13550|DOID:1405|DOID:1425|DOID:14445|DOID:1470|DOID:1574|DOID:1595|DOID:1596|DOID:1686|DOID:1826|DOID:2527|DOID:2848|DOID:2883|DOID:2921|DOID:3312|DOID:3526|DOID:409|DOID:4964|DOID:5419|DOID:557|DOID:6713|DOID:7997|DOID:7998,NCBIGENE:1128|NCBIGENE:1131|NCBIGENE:1132|NCBIGENE:1133|NCBIGENE:146|NCBIGENE:147|NCBIGENE:148|NCBIGENE:150|NCBIGENE:153|NCBIGENE:154|NCBIGENE:155|NCBIGENE:1557|NCBIGENE:1559|NCBIGENE:1565|NCBIGENE:1576|NCBIGENE:1813|NCBIGENE:2596|NCBIGENE:2908|NCBIGENE:3162|NCBIGENE:3269|NCBIGENE:3350|NCBIGENE:3358|NCBIGENE:3363|NCBIGENE:3757|NCBIGENE:4780|NCBIGENE:54514|NCBIGENE:5594|NCBIGENE:57030|NCBIGENE:627|NCBIGENE:6530|NCBIGENE:6531|NCBIGENE:6532|NCBIGENE:6581|NCBIGENE:6609|NCBIGENE:6622|NCBIGENE:7054|NCBIGENE:7124|NCBIGENE:836
DB01396,232,[H][C@@]1(CC[C@]2(O)[C@]3([H])CC[C@]4([H])C[C@H](CC[C@]4(C)[C@@]3([H])CC[C@]12C)O[C@H]1C[C@H](O)[C@H](O[C@H]2C[C@H](O)[C@H](O[C@H]3C[C@H](O)[C@H](O)[C@@H](C)O3)[C@@H](C)O2)[C@@H](C)O1)C1=CC(=O)OC1,P05023,P05108|P08684,P05108|P08684,PUBCHEM.COMPOUND:441207,,NCBIGENE:1958|NCBIGENE:213|NCBIGENE:2177|NCBIGENE:3576|NCBIGENE:4846
DB00544,233,FC1=CNC(=O)NC1=O,P04818,,,PUBCHEM.COMPOUND:3385,DOID:0050590|DOID:0060262|DOID:10534|DOID:10952|DOID:11684|DOID:11875|DOID:1227|DOID:12449|DOID:12987|DOID:13250|DOID:14218|DOID:1425|DOID:1588|DOID:219|DOID:2275|DOID:235|DOID:2527|DOID:2921|DOID:3149|DOID:37|DOID:4074|DOID:409|DOID:5517|DOID:557|DOID:5672|DOID:615|DOID:6498|DOID:6945|DOID:8866|DOID:9637|DOID:9673,NCBIGENE:10057|NCBIGENE:1027|NCBIGENE:1048|NCBIGENE:1111|NCBIGENE:11200|NCBIGENE:114548|NCBIGENE:139596|NCBIGENE:142|NCBIGENE:1440|NCBIGENE:1499|NCBIGENE:1544|NCBIGENE:1548|NCBIGENE:1559|NCBIGENE:1647|NCBIGENE:168400|NCBIGENE:1719|NCBIGENE:1723|NCBIGENE:1806|NCBIGENE:1854|NCBIGENE:1956|NCBIGENE:1958|NCBIGENE:2056|NCBIGENE:2064|NCBIGENE:208|NCBIGENE:2252|NCBIGENE:2264|NCBIGENE:2356|NCBIGENE:2633|NCBIGENE:27113|NCBIGENE:302|NCBIGENE:3020|NCBIGENE:3021|NCBIGENE:328|NCBIGENE:3308|NCBIGENE:3315|NCBIGENE:332|NCBIGENE:3383|NCBIGENE:3439|NCBIGENE:3447|NCBIGENE:3456|NCBIGENE:3458|NCBIGENE:3480|NCBIGENE:387|NCBIGENE:4162|NCBIGENE:4170|NCBIGENE:4255|NCBIGENE:4292|NCBIGENE:467|NCBIGENE:4780|NCBIGENE:50484|NCBIGENE:5054|NCBIGENE:540|NCBIGENE:54963|NCBIGENE:55556|NCBIGENE:5594|NCBIGENE:5595|NCBIGENE:5598|NCBIGENE:5624|NCBIGENE:56616|NCBIGENE:5743|NCBIGENE:5747|NCBIGENE:581|NCBIGENE:5925|NCBIGENE:595|NCBIGENE:5970|NCBIGENE:598|NCBIGENE:6303|NCBIGENE:6476|NCBIGENE:6513|NCBIGENE:6564|NCBIGENE:665|NCBIGENE:6678|NCBIGENE:672|NCBIGENE:6774|NCBIGENE:7015|NCBIGENE:7057|NCBIGENE:7083|NCBIGENE:7098|NCBIGENE:7099|NCBIGENE:7157|NCBIGENE:7298|NCBIGENE:7372|NCBIGENE:7378|NCBIGENE:80312|NCBIGENE:836|NCBIGENE:83990|NCBIGENE:841|NCBIGENE:842|NCBIGENE:8743|NCBIGENE:8795|NCBIGENE:8824|NCBIGENE:8837|NCBIGENE:8988|NCBIGENE:9314|NCBIGENE:9407
DB01194,234,CCN[C@H]1CN(CCCOC)S(=O)(=O)C2=C1C=C(S2)S(N)(=O)=O,P00918|P00915|P22748|P35218|P07451,P08684|P11509|P20813|P10632|P11712,P08684|P11509|P20813|P10632|P11712,PUBCHEM.COMPOUND:68844,DOID:1067|DOID:9282,NCBIGENE:11238|NCBIGENE:23632|NCBIGENE:377677|NCBIGENE:760|NCBIGENE:762|NCBIGENE:763|NCBIGENE:766|NCBIGENE:768|NCBIGENE:771
DB00549,235,COC1=CC(=CC=C1CC1=CN(C)C2=C1C=C(NC(=O)OC1CCCC1)C=C2)C(=O)NS(=O)(=O)C1=CC=CC=C1C,Q9Y271,P11712|P10632|P23219|P08684|P05177|P33261|P10635,P11712|P10632|P23219|P08684|P05177|P33261|P10635,PUBCHEM.COMPOUND:5717,DOID:0060262|DOID:12139|DOID:14320|DOID:1470|DOID:1595|DOID:1596|DOID:2030|DOID:2841|DOID:2848|DOID:409|DOID:4964|DOID:5082|DOID:9360|DOID:9415,NCBIGENE:1559|NCBIGENE:1576|NCBIGENE:57105
DB00936,236,OC(=O)C1=CC=CC=C1O,P23219|P35354|Q04828,,,PUBCHEM.COMPOUND:338,DOID:10459|DOID:10460|DOID:12179|DOID:13072|DOID:13775|DOID:2703|DOID:2722|DOID:381|DOID:4481|DOID:4730|DOID:6498|DOID:6543|DOID:7148|DOID:848|DOID:8741|DOID:8941|DOID:970,NCBIGENE:1051|NCBIGENE:1066|NCBIGENE:10864|NCBIGENE:114571|NCBIGENE:116085|NCBIGENE:1645|NCBIGENE:1646|NCBIGENE:213|NCBIGENE:221223|NCBIGENE:2235|NCBIGENE:22926|NCBIGENE:23491|NCBIGENE:283848|NCBIGENE:2990|NCBIGENE:316|NCBIGENE:3456|NCBIGENE:348158|NCBIGENE:3551|NCBIGENE:3565|NCBIGENE:375611|NCBIGENE:3953|NCBIGENE:4881|NCBIGENE:54205|NCBIGENE:55867|NCBIGENE:5742|NCBIGENE:5743|NCBIGENE:6197|NCBIGENE:6403|NCBIGENE:6999|NCBIGENE:7157|NCBIGENE:7450|NCBIGENE:7498|NCBIGENE:836|NCBIGENE:84514|NCBIGENE:847|NCBIGENE:8644|NCBIGENE:8647|NCBIGENE:8824|NCBIGENE:9356|NCBIGENE:9407|NCBIGENE:949
DB08893,237,NC1=NC(CC(=O)NC2=CC=C(CCNC[C@H](O)C3=CC=CC=C3)C=C2)=CS1,P13945|P08588,P08684|P10635|P06276|P16662|P35503|Q9HAW9,P08684|P10635|P06276|P16662|P35503|Q9HAW9,PUBCHEM.COMPOUND:9865528,DOID:10763|DOID:10825,NCBIGENE:155|NCBIGENE:1576
DB04743,238,CS(=O)(=O)NC1=C(OC2=CC=CC=C2)C=C(C=C1)[N+]([O-])=O,P35354|Q9NZK7|P02788,P08684,P08684,PUBCHEM.COMPOUND:4495,,NCBIGENE:308|NCBIGENE:30814|NCBIGENE:4025|NCBIGENE:4057|NCBIGENE:4353|NCBIGENE:5581|NCBIGENE:5583|NCBIGENE:5742|NCBIGENE:5743|NCBIGENE:7018|NCBIGENE:7124|NCBIGENE:8288|NCBIGENE:836|NCBIGENE:8795|NCBIGENE:8797|NCBIGENE:898
DB00177,239,CCCCC(=O)N(CC1=CC=C(C=C1)C1=CC=CC=C1C1=NNN=N1)[C@@H](C(C)C)C(O)=O,P30556,,,PUBCHEM.COMPOUND:60846,DOID:0050590|DOID:0060262|DOID:10763|DOID:10825|DOID:1227|DOID:12550|DOID:12678|DOID:12679|DOID:12987|DOID:13189|DOID:13413|DOID:13543|DOID:13580|DOID:14735|DOID:1558|DOID:1837|DOID:1920|DOID:2383|DOID:2485|DOID:2913|DOID:2972|DOID:2983|DOID:3341|DOID:409|DOID:4500|DOID:4989|DOID:9074|DOID:9351,NCBIGENE:183|NCBIGENE:186|NCBIGENE:1958|NCBIGENE:2056|NCBIGENE:213|NCBIGENE:2641|NCBIGENE:3162|NCBIGENE:4023|NCBIGENE:5444|NCBIGENE:5972|NCBIGENE:6347|NCBIGENE:7082
DB00474,240,CCC#CC(C)C1(CC=C)C(=O)NC(=O)N(C)C1=O,P14867,,,PUBCHEM.COMPOUND:9034,DOID:10952|DOID:11981|DOID:13268|DOID:1425|DOID:1826|DOID:2355|DOID:2361|DOID:2527|DOID:2841|DOID:2921|DOID:3083|DOID:557|DOID:9360|DOID:9415,
DB09289,241,CN1C2=CC=CC=C2C(NCCCCCCC(O)=O)C2=C(C=C(Cl)C=C2)S1(=O)=O,P35372|P42261|P08908|P35462,P08684,P08684,PUBCHEM.COMPOUND:68870,,NCBIGENE:1808|NCBIGENE:627|NCBIGENE:9407
DB06708,242,CCCCN(CCCC)CC(O)C1=C2C(=CC(Cl)=C1)\C(=C/C1=CC=C(Cl)C=C1)C1=C2C=CC(Cl)=C1,,P08684|P10635,P08684|P10635,PUBCHEM.COMPOUND:6437380,DOID:14067|DOID:4500,
DB00531,243,ClCCN(CCCl)P1(=O)NCCCO1,O75469,,,PUBCHEM.COMPOUND:2907,DOID:0060058|DOID:1612|DOID:3234|DOID:3459|DOID:4648|DOID:768|DOID:769|DOID:8675|DOID:8691|DOID:9538,NCBIGENE:142|NCBIGENE:1440|NCBIGENE:1555|NCBIGENE:1557|NCBIGENE:1558|NCBIGENE:1559|NCBIGENE:1562|NCBIGENE:1565|NCBIGENE:1576|NCBIGENE:1666|NCBIGENE:216|NCBIGENE:2353|NCBIGENE:25824|NCBIGENE:3363|NCBIGENE:3953|NCBIGENE:4255|NCBIGENE:4363|NCBIGENE:551|NCBIGENE:836|NCBIGENE:841|NCBIGENE:842|NCBIGENE:9407
DB00503,244,CC(C)[C@H](NC(=O)N(C)CC1=CSC(=N1)C(C)C)C(=O)N[C@H](C[C@H](O)[C@H](CC1=CC=CC=C1)NC(=O)OCC1=CN=CS1)CC1=CC=CC=C1,Q72874|O75469,P08684|P10635|P11712|P33261|P20813|P10632|P05177|P20815|P24462,P08684|P10635|P11712|P33261|P20813|P10632|P05177|P20815|P24462,PUBCHEM.COMPOUND:392622,DOID:0050700|DOID:0060262|DOID:11984|DOID:12134|DOID:12259|DOID:12932|DOID:13189|DOID:13809|DOID:1837|DOID:1883|DOID:1920|DOID:2043|DOID:2739|DOID:2741|DOID:2913|DOID:3393|DOID:409|DOID:4195|DOID:4500|DOID:4989|DOID:5082|DOID:526|DOID:635|DOID:9351,NCBIGENE:10269|NCBIGENE:1558|NCBIGENE:1559|NCBIGENE:1565|NCBIGENE:1576|NCBIGENE:1577|NCBIGENE:19|NCBIGENE:3320|NCBIGENE:4790|NCBIGENE:4792|NCBIGENE:5140|NCBIGENE:5244|NCBIGENE:5468|NCBIGENE:598|NCBIGENE:6554|NCBIGENE:7124|NCBIGENE:8647|NCBIGENE:949|NCBIGENE:950
DB00502,245,OC1(CCN(CCCC(=O)C2=CC=C(F)C=C2)CC1)C1=CC=C(Cl)C=C1,P28335|P14416|P28223|P35462|Q99705|Q05940|Q99720|P35367|P20309|P35348|P08913|P18089|P18825|P08908|P50406|P34969|Q13224|P21728,P16152|O60656|P33261|P11712|P04798|P05177|P10635|P20815|P08684|P24462,P16152|O60656|P33261|P11712|P04798|P05177|P10635|P20815|P08684|P24462,PUBCHEM.COMPOUND:3559,DOID:0050328|DOID:0050590|DOID:0050841|DOID:0060262|DOID:0090044|DOID:0090045|DOID:0090047|DOID:0090049|DOID:0090051|DOID:0090052|DOID:0090053|DOID:0090054|DOID:0090123|DOID:11119|DOID:11328|DOID:11634|DOID:1227|DOID:12837|DOID:12987|DOID:13548|DOID:14464|DOID:1459|DOID:1826|DOID:409|DOID:4500|DOID:529|DOID:5418|DOID:5419|DOID:615|DOID:679|DOID:9854,NCBIGENE:100526739|NCBIGENE:10280|NCBIGENE:1133|NCBIGENE:1363|NCBIGENE:146|NCBIGENE:147|NCBIGENE:148|NCBIGENE:150|NCBIGENE:152|NCBIGENE:1544|NCBIGENE:1565|NCBIGENE:1576|NCBIGENE:1577|NCBIGENE:1645|NCBIGENE:1813|NCBIGENE:1814|NCBIGENE:1815|NCBIGENE:1816|NCBIGENE:1848|NCBIGENE:1958|NCBIGENE:2353|NCBIGENE:2354|NCBIGENE:2571|NCBIGENE:2641|NCBIGENE:2902|NCBIGENE:3269|NCBIGENE:3320|NCBIGENE:3350|NCBIGENE:3351|NCBIGENE:3357|NCBIGENE:3358|NCBIGENE:3359|NCBIGENE:3363|NCBIGENE:3553|NCBIGENE:3752|NCBIGENE:3757|NCBIGENE:4803|NCBIGENE:4878|NCBIGENE:5108|NCBIGENE:51181|NCBIGENE:5153|NCBIGENE:5179|NCBIGENE:55607|NCBIGENE:55811|NCBIGENE:5617|NCBIGENE:57142|NCBIGENE:6285|NCBIGENE:6506|NCBIGENE:6863|NCBIGENE:7054|NCBIGENE:801|NCBIGENE:805|NCBIGENE:808|NCBIGENE:84062|NCBIGENE:9256|NCBIGENE:9429|NCBIGENE:9456
DB09090,246,COC1=C(OC)C=C(C[N+]2(CCOCCC3CCC4CC3C4(C)C)CCOCC2)C(Br)=C1,Q13698,P08684,P08684,PUBCHEM.COMPOUND:40704,,
DB01200,247,[H][C@@]12CCCN1C(=O)[C@H](CC(C)C)N1C(=O)[C@](NC(=O)[C@H]3CN(C)[C@]4([H])CC5=C(Br)NC6=CC=CC(=C56)C4=C3)(O[C@@]21O)C(C)C,P14416|P35462|P28221|P08913|P08908|P18825|P18089|P41595|P21917|P28223|P28222|P28335|P21918|P21728|P35348|P35368|P25100|P34969,P08684,P08684,PUBCHEM.COMPOUND:31101,DOID:0060262|DOID:0060891|DOID:0060895|DOID:0060896|DOID:10763|DOID:10825|DOID:12700|DOID:14330|DOID:2444|DOID:2449|DOID:3393|DOID:3526|DOID:409|DOID:6713,
DB01136,248,COC1=CC=CC=C1OCCNCC(O)COC1=CC=CC2=C1C1=CC=CC=C1N2,P08588|P35348|O95298|P07550|P15692|P16860|P17302|Q12809|P19320|P25100|P35368|P18825|P18089|P08913|P16581|Q16665|P48050|P63252,,,PUBCHEM.COMPOUND:2585,DOID:10763|DOID:10825|DOID:13884|DOID:1837|DOID:2841|DOID:3669|DOID:6132|DOID:9351|DOID:9360|DOID:9415,NCBIGENE:1277|NCBIGENE:1281|NCBIGENE:1401|NCBIGENE:146|NCBIGENE:147|NCBIGENE:148|NCBIGENE:150|NCBIGENE:152|NCBIGENE:153|NCBIGENE:154|NCBIGENE:155|NCBIGENE:1565|NCBIGENE:183|NCBIGENE:2697|NCBIGENE:3350|NCBIGENE:3357|NCBIGENE:3458|NCBIGENE:3757|NCBIGENE:4313|NCBIGENE:4718|NCBIGENE:4879|NCBIGENE:5972|NCBIGENE:6262|NCBIGENE:6401|NCBIGENE:6696|NCBIGENE:7363|NCBIGENE:7364|NCBIGENE:7412
DB00987,249,NC1=NC(=O)N(C=C1)[C@@H]1O[C@H](CO)[C@@H](O)[C@@H]1O,P06746,P08684|P27707|P21589|P32321|P32320,P08684|P27707|P21589|P32321|P32320,PUBCHEM.COMPOUND:6253,DOID:0050590|DOID:0050700|DOID:0060262|DOID:0060318|DOID:104|DOID:10952|DOID:11394|DOID:11396|DOID:11875|DOID:11984|DOID:1227|DOID:12449|DOID:12716|DOID:12932|DOID:12987|DOID:13250|DOID:1389|DOID:1425|DOID:1564|DOID:1588|DOID:1920|DOID:2355|DOID:2361|DOID:2527|DOID:2913|DOID:2921|DOID:409|DOID:4989|DOID:557|DOID:574|DOID:615|DOID:8677|DOID:870|DOID:8913|DOID:9119|DOID:934|DOID:9637|DOID:9673|DOID:9952,
DB00980,250,CCC(=O)NCC[C@@H]1CCC2=C1C1=C(OCC1)C=C2,P49286|P48039,P33261|P08684|P11712|P05177,P33261|P08684|P11712|P05177,PUBCHEM.COMPOUND:208902,DOID:0050741|DOID:0050848|DOID:0060262|DOID:0060731|DOID:12139|DOID:12700|DOID:1470|DOID:1574|DOID:1595|DOID:1596|DOID:2848|DOID:409|DOID:4964,NCBIGENE:4543|NCBIGENE:4544|NCBIGENE:627
DB01131,251,CC(C)NC(=N)NC(=N)NC1=CC=C(Cl)C=C1,P00374|P13922,P11712|P33261|P10635,P11712|P33261|P10635,PUBCHEM.COMPOUND:4923,,NCBIGENE:1719
DB01132,252,CCC1=CN=C(CCOC2=CC=C(CC3SC(=O)NC3=O)C=C2)C=C1,P37231|P27338,P04798|P10632|P08684,P04798|P10632|P08684,PUBCHEM.COMPOUND:4829,DOID:0050741|DOID:0060262|DOID:0060870|DOID:0060872|DOID:0060873|DOID:0060874|DOID:0060875|DOID:0090070|DOID:0090071|DOID:0090072|DOID:0090073|DOID:0090074|DOID:0090076|DOID:0090077|DOID:0090078|DOID:0090079|DOID:0090080|DOID:0090081|DOID:0090082|DOID:0090083|DOID:0090084|DOID:0090085|DOID:0090086|DOID:0090087|DOID:0090089|DOID:0090090|DOID:0090092|DOID:0090093|DOID:0090094|DOID:10493|DOID:10952|DOID:11054|DOID:11847|DOID:13774|DOID:1425|DOID:1574|DOID:2527|DOID:2921|DOID:3133|DOID:3614|DOID:3650|DOID:4007|DOID:409|DOID:4447|DOID:4449|DOID:533|DOID:557|DOID:583|DOID:5844|DOID:5854|DOID:6000|DOID:9351|DOID:9352|DOID:9406|DOID:9408|DOID:9410|DOID:9476|DOID:9993,NCBIGENE:10025|NCBIGENE:1019|NCBIGENE:1024|NCBIGENE:10498|NCBIGENE:10499|NCBIGENE:1050|NCBIGENE:1051|NCBIGENE:1052|NCBIGENE:10891|NCBIGENE:112950|NCBIGENE:1293|NCBIGENE:1387|NCBIGENE:1401|NCBIGENE:1490|NCBIGENE:1535|NCBIGENE:1558|NCBIGENE:1576|NCBIGENE:1577|NCBIGENE:1585|NCBIGENE:1592|NCBIGENE:1879|NCBIGENE:19|NCBIGENE:1959|NCBIGENE:197|NCBIGENE:2033|NCBIGENE:2167|NCBIGENE:219541|NCBIGENE:23097|NCBIGENE:23389|NCBIGENE:23621|NCBIGENE:29079|NCBIGENE:2908|NCBIGENE:308|NCBIGENE:335|NCBIGENE:336|NCBIGENE:3383|NCBIGENE:3416|NCBIGENE:3479|NCBIGENE:3553|NCBIGENE:3576|NCBIGENE:358|NCBIGENE:3586|NCBIGENE:3643|NCBIGENE:3667|NCBIGENE:3952|NCBIGENE:3953|NCBIGENE:400569|NCBIGENE:4023|NCBIGENE:4064|NCBIGENE:4072|NCBIGENE:4233|NCBIGENE:4313|NCBIGENE:4316|NCBIGENE:4318|NCBIGENE:472|NCBIGENE:4792|NCBIGENE:4843|NCBIGENE:4846|NCBIGENE:4878|NCBIGENE:4968|NCBIGENE:4973|NCBIGENE:5054|NCBIGENE:51003|NCBIGENE:5105|NCBIGENE:51129|NCBIGENE:51586|NCBIGENE:5346|NCBIGENE:5467|NCBIGENE:5468|NCBIGENE:5469|NCBIGENE:54797|NCBIGENE:55090|NCBIGENE:55588|NCBIGENE:55847|NCBIGENE:56729|NCBIGENE:5741|NCBIGENE:5743|NCBIGENE:6256|NCBIGENE:6337|NCBIGENE:6340|NCBIGENE:6347|NCBIGENE:6446|NCBIGENE:650|NCBIGENE:6513|NCBIGENE:6517|NCBIGENE:6550|NCBIGENE:6604|NCBIGENE:6615|NCBIGENE:6647|NCBIGENE:6770|NCBIGENE:6907|NCBIGENE:7040|NCBIGENE:7124|NCBIGENE:7471|NCBIGENE:7480|NCBIGENE:79718|NCBIGENE:79827|NCBIGENE:80036|NCBIGENE:81857|NCBIGENE:8202|NCBIGENE:84246|NCBIGENE:85441|NCBIGENE:860|NCBIGENE:8841|NCBIGENE:892|NCBIGENE:896|NCBIGENE:9021|NCBIGENE:90390|NCBIGENE:90427|NCBIGENE:9282|NCBIGENE:9314|NCBIGENE:9412|NCBIGENE:9439|NCBIGENE:9440|NCBIGENE:9441|NCBIGENE:9442|NCBIGENE:9443|NCBIGENE:9477|NCBIGENE:950|NCBIGENE:958|NCBIGENE:9611|NCBIGENE:9612|NCBIGENE:96764|NCBIGENE:968|NCBIGENE:9862|NCBIGENE:9968|NCBIGENE:9969
DB00983,253,COC1=CC=C(CC(C)NCC(O)C2=CC(NC=O)=C(O)C=C2)C=C1,P07550|P08588|P13945,P10635|P33261|P11712|P11509|Q9HAW9|O60656|P16662|P54855,P10635|P33261|P11712|P11509|Q9HAW9|O60656|P16662|P54855,PUBCHEM.COMPOUND:3410,DOID:0060262|DOID:0060870|DOID:0060872|DOID:0060873|DOID:0060874|DOID:0060875|DOID:0080158|DOID:0090070|DOID:0090071|DOID:0090072|DOID:0090073|DOID:0090074|DOID:0090076|DOID:0090077|DOID:0090078|DOID:0090079|DOID:0090080|DOID:0090081|DOID:0090082|DOID:0090083|DOID:0090084|DOID:0090085|DOID:0090086|DOID:0090087|DOID:0090089|DOID:0090090|DOID:0090092|DOID:0090093|DOID:0090094|DOID:10763|DOID:10825|DOID:11476|DOID:12361|DOID:1564|DOID:1686|DOID:1826|DOID:1837|DOID:2841|DOID:3393|DOID:3614|DOID:409|DOID:4500|DOID:533|DOID:7997|DOID:7998|DOID:8622|DOID:8913|DOID:9282|DOID:9351|DOID:9360|DOID:9406|DOID:9410|DOID:9415|DOID:9476,NCBIGENE:1050|NCBIGENE:1051|NCBIGENE:153|NCBIGENE:154|NCBIGENE:155|NCBIGENE:1843|NCBIGENE:3383|NCBIGENE:3576|NCBIGENE:3605|NCBIGENE:3627
DB00490,254,O=C1CC2(CCCC2)CC(=O)N1CCCCN1CCN(CC1)C1=NC=CC=N1,P08908|P14416|P35462|P21917,P08684|P20815|P24462|P10635,P08684|P20815|P24462|P10635,PUBCHEM.COMPOUND:2477,DOID:14320,NCBIGENE:10280|NCBIGENE:1565|NCBIGENE:1576|NCBIGENE:1577|NCBIGENE:1813|NCBIGENE:1814|NCBIGENE:1815|NCBIGENE:3350|NCBIGENE:3351|NCBIGENE:3357|NCBIGENE:3358|NCBIGENE:3363|NCBIGENE:3558|NCBIGENE:5021|NCBIGENE:5617|NCBIGENE:9407
DB01138,255,O=C1C(CCS(=O)C2=CC=CC=C2)C(=O)N(N1C1=CC=CC=C1)C1=CC=CC=C1,Q96S37|P33527|Q92887|O75469,P11712|P08684|P20813|P10632,P11712|P08684|P20813|P10632,PUBCHEM.COMPOUND:5342,DOID:0050589|DOID:10952|DOID:1425|DOID:1920|DOID:2527|DOID:2921|DOID:557|DOID:74,NCBIGENE:10057|NCBIGENE:1244|NCBIGENE:1555|NCBIGENE:4363
DB06145,256,[H][C@@]1(CC[C@@H]([C@@H](C)O1)N(C)C)O[C@H]1\C=C\C=C\C[C@@H](C)OC(=O)C[C@@H](O)[C@H](OC)[C@@H](O[C@]2([H])O[C@H](C)[C@@H](O[C@@]3([H])C[C@@](C)(O)[C@@H](O)[C@H](C)O3)[C@@H]([C@H]2O)N(C)C)[C@@H](CC=O)C[C@H]1C,Q9A1X4,,,PUBCHEM.COMPOUND:6440717,,
DB06144,257,FC1=CC=C(C=C1)N1C=C(C2CCN(CCN3CCNC3=O)CC2)C2=C1C=CC(Cl)=C2,P14416|P28223|P28335|P50406|Q12809|P35348|P35368|P25100,P10635|P08684,P10635|P08684,PUBCHEM.COMPOUND:60149,DOID:5419,NCBIGENE:146|NCBIGENE:147|NCBIGENE:148|NCBIGENE:1565|NCBIGENE:1813|NCBIGENE:1814|NCBIGENE:1815|NCBIGENE:3269|NCBIGENE:3350|NCBIGENE:3358|NCBIGENE:3362|NCBIGENE:3363|NCBIGENE:3757
DB00328,258,COC1=CC2=C(C=C1)N(C(=O)C1=CC=C(Cl)C=C1)C(C)=C2CC(O)=O,P35354|P14555|P23219|Q8N8N7|P37231|Q04760|Q9Y5Y4|Q07869|P42330|P19525,,,PUBCHEM.COMPOUND:3715,DOID:0060262|DOID:0110892|DOID:10376|DOID:104|DOID:10763|DOID:10808|DOID:10825|DOID:10952|DOID:114|DOID:11547|DOID:11847|DOID:11875|DOID:12139|DOID:1247|DOID:1287|DOID:13189|DOID:13548|DOID:13832|DOID:14188|DOID:1425|DOID:1470|DOID:1588|DOID:1595|DOID:1596|DOID:1724|DOID:1826|DOID:203|DOID:204|DOID:219|DOID:235|DOID:2527|DOID:2703|DOID:2841|DOID:2848|DOID:2921|DOID:2964|DOID:2965|DOID:3127|DOID:381|DOID:409|DOID:4964|DOID:557|DOID:5672|DOID:5844|DOID:5854|DOID:6000|DOID:7147|DOID:7148|DOID:848|DOID:8577|DOID:8677|DOID:9360|DOID:9408|DOID:9415|DOID:9637|DOID:9673|DOID:970|DOID:971|DOID:9746,NCBIGENE:100506658|NCBIGENE:1027|NCBIGENE:1080|NCBIGENE:11196|NCBIGENE:11251|NCBIGENE:1244|NCBIGENE:1440|NCBIGENE:1499|NCBIGENE:1557|NCBIGENE:1645|NCBIGENE:1646|NCBIGENE:1647|NCBIGENE:1675|NCBIGENE:1906|NCBIGENE:1908|NCBIGENE:213|NCBIGENE:2166|NCBIGENE:2247|NCBIGENE:22926|NCBIGENE:2739|NCBIGENE:2990|NCBIGENE:3082|NCBIGENE:3248|NCBIGENE:3383|NCBIGENE:3479|NCBIGENE:351|NCBIGENE:3553|NCBIGENE:3557|NCBIGENE:3558|NCBIGENE:3559|NCBIGENE:3565|NCBIGENE:3576|NCBIGENE:3586|NCBIGENE:367|NCBIGENE:368|NCBIGENE:3725|NCBIGENE:3827|NCBIGENE:3920|NCBIGENE:4025|NCBIGENE:4057|NCBIGENE:4170|NCBIGENE:4283|NCBIGENE:4312|NCBIGENE:4318|NCBIGENE:4323|NCBIGENE:4324|NCBIGENE:4353|NCBIGENE:4363|NCBIGENE:4843|NCBIGENE:4846|NCBIGENE:4953|NCBIGENE:5008|NCBIGENE:5020|NCBIGENE:50964|NCBIGENE:5228|NCBIGENE:5467|NCBIGENE:5468|NCBIGENE:551|NCBIGENE:5595|NCBIGENE:5731|NCBIGENE:5732|NCBIGENE:5733|NCBIGENE:5734|NCBIGENE:5739|NCBIGENE:5741|NCBIGENE:5742|NCBIGENE:5743|NCBIGENE:5925|NCBIGENE:59340|NCBIGENE:595|NCBIGENE:5972|NCBIGENE:6564|NCBIGENE:6580|NCBIGENE:6770|NCBIGENE:6774|NCBIGENE:6863|NCBIGENE:6915|NCBIGENE:6916|NCBIGENE:7018|NCBIGENE:7032|NCBIGENE:7040|NCBIGENE:7076|NCBIGENE:7124|NCBIGENE:7276|NCBIGENE:7498|NCBIGENE:760|NCBIGENE:8288|NCBIGENE:836|NCBIGENE:839|NCBIGENE:841|NCBIGENE:842|NCBIGENE:843|NCBIGENE:860|NCBIGENE:8644|NCBIGENE:8647|NCBIGENE:9356|NCBIGENE:9407|NCBIGENE:9768
DB01544,259,CN1C2=C(C=C(C=C2)[N+]([O-])=O)C(=NCC1=O)C1=CC=CC=C1F,,P11509|P16662|P20813|P11712|P08684|P05181|P22309|P35503|P33261,P11509|P16662|P20813|P11712|P08684|P05181|P22309|P35503|P33261,PUBCHEM.COMPOUND:3380,,NCBIGENE:1557|NCBIGENE:1576|NCBIGENE:2557|NCBIGENE:2558|NCBIGENE:2559
DB00327,260,[H][C@@]12OC3=C(O)C=CC4=C3[C@@]11CCN(C)[C@]([H])(C4)[C@]1([H])CCC2=O,P35372|P41143|P41145,,,PUBCHEM.COMPOUND:5284570,DOID:0050328|DOID:0050589|DOID:0060262|DOID:0110892|DOID:10459|DOID:10460|DOID:10493|DOID:10952|DOID:11459|DOID:11634|DOID:11981|DOID:1319|DOID:13206|DOID:13774|DOID:1425|DOID:1459|DOID:1742|DOID:1826|DOID:2089|DOID:2527|DOID:2883|DOID:2921|DOID:302|DOID:303|DOID:409|DOID:557|DOID:8515|DOID:8577|DOID:9428,NCBIGENE:1565|NCBIGENE:4985|NCBIGENE:4986|NCBIGENE:4988
DB01183,261,OC1=CC=C2C[C@H]3N(CC=C)CC[C@@]45[C@@H](OC1=C24)C(=O)CC[C@@]35O,P35372|P41143|P41145|P16220|P03372|O00206|P23141,,,PUBCHEM.COMPOUND:5284596,DOID:0050328|DOID:0050589|DOID:0060262|DOID:0110892|DOID:10493|DOID:10952|DOID:11459|DOID:11634|DOID:11981|DOID:1319|DOID:13206|DOID:13603|DOID:13774|DOID:1425|DOID:1459|DOID:1742|DOID:1826|DOID:1883|DOID:2043|DOID:2089|DOID:2527|DOID:2559|DOID:2560|DOID:2883|DOID:2921|DOID:302|DOID:303|DOID:3083|DOID:3878|DOID:409|DOID:557|DOID:8442|DOID:8515|DOID:8577|DOID:9428|DOID:9741|DOID:9976,NCBIGENE:1385|NCBIGENE:1392|NCBIGENE:151516|NCBIGENE:1536|NCBIGENE:2353|NCBIGENE:2796|NCBIGENE:2834|NCBIGENE:3553|NCBIGENE:3558|NCBIGENE:3586|NCBIGENE:4000|NCBIGENE:4985|NCBIGENE:4986|NCBIGENE:4987|NCBIGENE:4988|NCBIGENE:5020|NCBIGENE:5179|NCBIGENE:551|NCBIGENE:57413|NCBIGENE:5972|NCBIGENE:6863|NCBIGENE:7099|NCBIGENE:7432|NCBIGENE:8620|NCBIGENE:9118
DB00321,262,CN(C)CCC=C1C2=CC=CC=C2CCC2=CC=CC=C12,P23975|P31645|P28223|P08908|P41143|P41145|P04629|Q16620|P35348|P25100|P08913|P35367|O43526|Q09470|P25021|Q9H3N8|Q99720|P28335|P35368|P34969|P28221|P35372|P28222|P50406|O43525|P08909,P10635|P05177|P33261|P11712|P08684|P20815|P20813|P10632|P36537|P22310,P10635|P05177|P33261|P11712|P08684|P20815|P20813|P10632|P36537|P22310,PUBCHEM.COMPOUND:2160,DOID:0050590|DOID:0050741|DOID:0050841|DOID:0050848|DOID:0060262|DOID:0060731|DOID:1067|DOID:10952|DOID:11328|DOID:11847|DOID:12139|DOID:1227|DOID:12361|DOID:12700|DOID:12987|DOID:13206|DOID:13268|DOID:13548|DOID:13550|DOID:1405|DOID:14221|DOID:1425|DOID:1432|DOID:14445|DOID:14464|DOID:1470|DOID:1574|DOID:1588|DOID:1595|DOID:1596|DOID:1686|DOID:1826|DOID:2355|DOID:2361|DOID:2527|DOID:2848|DOID:2883|DOID:2921|DOID:302|DOID:303|DOID:3393|DOID:3878|DOID:409|DOID:4195|DOID:4964|DOID:529|DOID:5418|DOID:557|DOID:5844|DOID:5854|DOID:615|DOID:679|DOID:7997|DOID:7998|DOID:8442|DOID:850|DOID:9408|DOID:9854|DOID:9970,NCBIGENE:10280|NCBIGENE:104909134|NCBIGENE:1128|NCBIGENE:1131|NCBIGENE:1132|NCBIGENE:1133|NCBIGENE:1394|NCBIGENE:146|NCBIGENE:147|NCBIGENE:148|NCBIGENE:150|NCBIGENE:152|NCBIGENE:153|NCBIGENE:1544|NCBIGENE:1557|NCBIGENE:1559|NCBIGENE:1565|NCBIGENE:1576|NCBIGENE:1958|NCBIGENE:2247|NCBIGENE:3269|NCBIGENE:3274|NCBIGENE:3350|NCBIGENE:3351|NCBIGENE:3358|NCBIGENE:3362|NCBIGENE:3363|NCBIGENE:3725|NCBIGENE:3736|NCBIGENE:3751|NCBIGENE:3752|NCBIGENE:3785|NCBIGENE:3786|NCBIGENE:4914|NCBIGENE:4915|NCBIGENE:4985|NCBIGENE:4986|NCBIGENE:4988|NCBIGENE:5005|NCBIGENE:59340|NCBIGENE:627|NCBIGENE:6335|NCBIGENE:6507|NCBIGENE:6530|NCBIGENE:6532|NCBIGENE:7157|NCBIGENE:8220
DB09280,263,CC1=CC=C(NC(=O)C2(CC2)C2=CC=C3OC(F)(F)OC3=C2)N=C1C1=CC(=CC=C1)C(O)=O,P13569,P08684|P20813|P10632|P11712|P33261,P08684|P20813|P10632|P11712|P33261,PUBCHEM.COMPOUND:16678941,DOID:1485,
DB00674,264,[H][C@]12C[C@@H](O)C=C[C@]11CCN(C)CC3=C1C(O2)=C(OC)C=C3,P22303|P36544|A9X444|P06276,P08684|P10635,P08684|P10635,PUBCHEM.COMPOUND:9651,DOID:0050820|DOID:0060262|DOID:0110035|DOID:0110037|DOID:0110038|DOID:0110039|DOID:0110041|DOID:0110043|DOID:0110044|DOID:0110045|DOID:0110046|DOID:0110047|DOID:0110048|DOID:10652|DOID:10952|DOID:11870|DOID:13948|DOID:1425|DOID:1443|DOID:14525|DOID:1724|DOID:1826|DOID:2527|DOID:2841|DOID:2921|DOID:3083|DOID:409|DOID:557|DOID:750|DOID:9360|DOID:9415,NCBIGENE:1134|NCBIGENE:1135|NCBIGENE:1136|NCBIGENE:1137|NCBIGENE:1138|NCBIGENE:1140|NCBIGENE:1141|NCBIGENE:1142|NCBIGENE:1143|NCBIGENE:1144|NCBIGENE:1145|NCBIGENE:1146|NCBIGENE:1565|NCBIGENE:1576|NCBIGENE:3745|NCBIGENE:43|NCBIGENE:55584|NCBIGENE:57053|NCBIGENE:590|NCBIGENE:8824|NCBIGENE:8973|NCBIGENE:89832
DB01431,265,[H][C@@]12CC[C@@](O)(CC=C)[C@@]1(C)CC[C@]1([H])[C@@]3([H])CCCC=C3CC[C@@]21[H],P06401|P03372,,,PUBCHEM.COMPOUND:235905,,NCBIGENE:367|NCBIGENE:5241|NCBIGENE:6536
DB00224,266,CC(C)(C)NC(=O)[C@@H]1CN(CC2=CN=CC=C2)CCN1C[C@@H](O)C[C@@H](CC1=CC=CC=C1)C(=O)N[C@@H]1[C@H](O)CC2=CC=CC=C12,Q72874,P10635|P22309|P08684|P20815|P24462,P10635|P22309|P08684|P20815|P24462,PUBCHEM.COMPOUND:5362440,DOID:0060262|DOID:1837|DOID:2739|DOID:2741|DOID:409|DOID:4195|DOID:5082|DOID:526|DOID:580|DOID:583|DOID:585|DOID:635|DOID:9351,NCBIGENE:1576|NCBIGENE:1577|NCBIGENE:3952|NCBIGENE:6720|NCBIGENE:920
DB00227,267,[H][C@]12[C@H](C[C@@H](C)C=C1C=C[C@H](C)[C@@H]2CC[C@@H]1C[C@@H](O)CC(=O)O1)OC(=O)[C@@H](C)CC,P04035|P20701|Q92769,,,PUBCHEM.COMPOUND:53232,DOID:0050741|DOID:0050766|DOID:0060262|DOID:1029|DOID:1168|DOID:11847|DOID:1247|DOID:13189|DOID:13809|DOID:1386|DOID:1387|DOID:1388|DOID:1391|DOID:1574|DOID:1588|DOID:1837|DOID:1936|DOID:2348|DOID:2349|DOID:326|DOID:3393|DOID:409|DOID:4195|DOID:423|DOID:5162|DOID:5844|DOID:5854|DOID:7327|DOID:750|DOID:9351|DOID:9408,NCBIGENE:1017|NCBIGENE:10599|NCBIGENE:1071|NCBIGENE:1385|NCBIGENE:1437|NCBIGENE:1536|NCBIGENE:1543|NCBIGENE:1544|NCBIGENE:1558|NCBIGENE:1559|NCBIGENE:1576|NCBIGENE:1577|NCBIGENE:1581|NCBIGENE:1786|NCBIGENE:1956|NCBIGENE:23411|NCBIGENE:2922|NCBIGENE:3066|NCBIGENE:3156|NCBIGENE:3158|NCBIGENE:3162|NCBIGENE:335|NCBIGENE:338|NCBIGENE:3383|NCBIGENE:348|NCBIGENE:3558|NCBIGENE:359|NCBIGENE:3683|NCBIGENE:3791|NCBIGENE:3845|NCBIGENE:387|NCBIGENE:388|NCBIGENE:3949|NCBIGENE:4000|NCBIGENE:4843|NCBIGENE:4846|NCBIGENE:51655|NCBIGENE:5327|NCBIGENE:54205|NCBIGENE:5587|NCBIGENE:5595|NCBIGENE:5617|NCBIGENE:57017|NCBIGENE:57104|NCBIGENE:5879|NCBIGENE:5894|NCBIGENE:60482|NCBIGENE:650|NCBIGENE:6720|NCBIGENE:6721|NCBIGENE:7038|NCBIGENE:7040|NCBIGENE:7133|NCBIGENE:7225|NCBIGENE:836|NCBIGENE:891
DB01085,268,CC[C@H]1[C@@H](CC2=CN=CN2C)COC1=O,P20309|P11229|P08172|P08173|P08912,P08684|P11509|P27169,P08684|P11509|P27169,PUBCHEM.COMPOUND:5910,DOID:1067|DOID:11151|DOID:11755|DOID:13550|DOID:13603|DOID:1405|DOID:1406|DOID:1407|DOID:14445|DOID:1949|DOID:2841|DOID:3083|DOID:4677|DOID:5327|DOID:580|DOID:585|DOID:9282|DOID:9368|DOID:9741,
DB00220,269,[H][C@@]12CCCC[C@]1([H])CN(C[C@@H](O)[C@H](CSC1=CC=CC=C1)NC(=O)C1=C(C)C(O)=CC=C1)[C@@H](C2)C(=O)NC(C)(C)C,O90777,P08684|P24462|P20815|P20813|P33261|P22309|P11712|P10635,P08684|P24462|P20815|P20813|P33261|P22309|P11712|P10635,PUBCHEM.COMPOUND:64143,DOID:0060262|DOID:12139|DOID:13250|DOID:1470|DOID:1595|DOID:1596|DOID:1837|DOID:2848|DOID:409|DOID:4195|DOID:4964|DOID:526|DOID:635|DOID:9351,
DB00433,270,CN1CCN(CCCN2C3=CC=CC=C3SC3=C2C=C(Cl)C=C3)CC1,P14416|P35367,P10635,P10635,PUBCHEM.COMPOUND:4917,DOID:0050590|DOID:0050741|DOID:0050841|DOID:0060262|DOID:0110892|DOID:10763|DOID:10808|DOID:10825|DOID:10952|DOID:11847|DOID:11963|DOID:1227|DOID:12361|DOID:12642|DOID:12700|DOID:12987|DOID:13186|DOID:13206|DOID:13548|DOID:13550|DOID:13948|DOID:13976|DOID:1405|DOID:14221|DOID:1425|DOID:14250|DOID:1432|DOID:14445|DOID:14464|DOID:1574|DOID:1588|DOID:1686|DOID:1826|DOID:2355|DOID:2361|DOID:2527|DOID:2883|DOID:2921|DOID:3393|DOID:3827|DOID:3878|DOID:409|DOID:4195|DOID:437|DOID:5200|DOID:529|DOID:5419|DOID:557|DOID:5844|DOID:5854|DOID:615|DOID:679|DOID:7997|DOID:7998|DOID:8442|DOID:8534|DOID:8577|DOID:9164|DOID:936|DOID:9408|DOID:9854|DOID:9970,NCBIGENE:146|NCBIGENE:147|NCBIGENE:148|NCBIGENE:152|NCBIGENE:1813|NCBIGENE:1814|NCBIGENE:1815|NCBIGENE:3269|NCBIGENE:3358
DB00916,271,CC1=NC=C(N1CCO)[N+]([O-])=O,O25608,P10632|P22309|P11509|P20815|P24462|P11712|P08684,P10632|P22309|P11509|P20815|P24462|P11712|P08684,PUBCHEM.COMPOUND:4173,DOID:0050590|DOID:0050741|DOID:0060262|DOID:1002|DOID:10095|DOID:10718|DOID:10952|DOID:1227|DOID:1247|DOID:12987|DOID:13189|DOID:1389|DOID:1393|DOID:1425|DOID:14555|DOID:1574|DOID:1826|DOID:1837|DOID:1891|DOID:1947|DOID:2170|DOID:2273|DOID:2527|DOID:2921|DOID:3385|DOID:381|DOID:3901|DOID:409|DOID:4562|DOID:557|DOID:574|DOID:6000|DOID:615|DOID:74|DOID:813|DOID:870|DOID:8881|DOID:9351|DOID:936,NCBIGENE:1595|NCBIGENE:9407|NCBIGENE:965
DB01218,272,CCCCN(CCCC)CCC(O)C1=C2C=CC(=CC2=C2C=C(Cl)C=C(Cl)C2=C1)C(F)(F)F,Q12809|P46925,P10635|P08684|P20815|P10632,P10635|P08684|P20815|P10632,PUBCHEM.COMPOUND:37393,DOID:10952|DOID:12978|DOID:14067|DOID:1425|DOID:2527|DOID:2921|DOID:557,
DB01219,273,[O-][N+](=O)C1=CC=C(C=C1)C1=CC=C(O1)\C=N\N1CC(=O)NC1=O,P21817,,,PUBCHEM.COMPOUND:6914273,DOID:0060262|DOID:1029|DOID:409|DOID:423|DOID:850|DOID:8545,
DB01065,274,COC1=CC2=C(NC=C2CCNC(C)=O)C=C1,P48039|P49286|P03372|Q92753|P0DP23|P05164|P11678|P27797|P46597|P16083,,,PUBCHEM.COMPOUND:896,DOID:0050741|DOID:0060262|DOID:10952|DOID:11335|DOID:12139|DOID:12678|DOID:12679|DOID:13404|DOID:1425|DOID:1470|DOID:1574|DOID:1595|DOID:1596|DOID:2089|DOID:2485|DOID:2527|DOID:2848|DOID:2921|DOID:409|DOID:417|DOID:4398|DOID:4964|DOID:5419|DOID:557|DOID:580|DOID:585|DOID:626|DOID:6688|DOID:8893|DOID:9074|DOID:9088|DOID:998,NCBIGENE:10018|NCBIGENE:100463486|NCBIGENE:100506658|NCBIGENE:100996758|NCBIGENE:102|NCBIGENE:10316|NCBIGENE:105379861|NCBIGENE:10563|NCBIGENE:10636|NCBIGENE:107|NCBIGENE:10763|NCBIGENE:108|NCBIGENE:10803|NCBIGENE:10850|NCBIGENE:10874|NCBIGENE:109|NCBIGENE:111|NCBIGENE:11131|NCBIGENE:112|NCBIGENE:11251|NCBIGENE:11255|NCBIGENE:1132|NCBIGENE:113612|NCBIGENE:114|NCBIGENE:115|NCBIGENE:1230|NCBIGENE:1232|NCBIGENE:1233|NCBIGENE:1234|NCBIGENE:1236|NCBIGENE:1237|NCBIGENE:1269|NCBIGENE:129521|NCBIGENE:1387|NCBIGENE:1407|NCBIGENE:15|NCBIGENE:150|NCBIGENE:152|NCBIGENE:1543|NCBIGENE:1544|NCBIGENE:1548|NCBIGENE:1549|NCBIGENE:1553|NCBIGENE:1555|NCBIGENE:1557|NCBIGENE:1558|NCBIGENE:1562|NCBIGENE:1565|NCBIGENE:1572|NCBIGENE:1573|NCBIGENE:1577|NCBIGENE:1580|NCBIGENE:165140|NCBIGENE:169355|NCBIGENE:1735|NCBIGENE:1813|NCBIGENE:1814|NCBIGENE:1815|NCBIGENE:183|NCBIGENE:186|NCBIGENE:1901|NCBIGENE:1906|NCBIGENE:196883|NCBIGENE:199974|NCBIGENE:2033|NCBIGENE:2064|NCBIGENE:212|NCBIGENE:2140|NCBIGENE:2321|NCBIGENE:23411|NCBIGENE:2359|NCBIGENE:240|NCBIGENE:2475|NCBIGENE:256933|NCBIGENE:2587|NCBIGENE:259285|NCBIGENE:259286|NCBIGENE:259287|NCBIGENE:259289|NCBIGENE:259290|NCBIGENE:259292|NCBIGENE:259293|NCBIGENE:259294|NCBIGENE:259295|NCBIGENE:259296|NCBIGENE:260293|NCBIGENE:2641|NCBIGENE:266743|NCBIGENE:2668|NCBIGENE:2697|NCBIGENE:2719|NCBIGENE:27199|NCBIGENE:2770|NCBIGENE:2771|NCBIGENE:2773|NCBIGENE:2796|NCBIGENE:2826|NCBIGENE:2831|NCBIGENE:2832|NCBIGENE:2833|NCBIGENE:283869|NCBIGENE:2841|NCBIGENE:2847|NCBIGENE:2912|NCBIGENE:2913|NCBIGENE:2916|NCBIGENE:2917|NCBIGENE:2918|NCBIGENE:2919|NCBIGENE:2920|NCBIGENE:2921|NCBIGENE:2936|NCBIGENE:29785|NCBIGENE:3066|NCBIGENE:3162|NCBIGENE:317|NCBIGENE:3315|NCBIGENE:3350|NCBIGENE:3351|NCBIGENE:3354|NCBIGENE:3355|NCBIGENE:3357|NCBIGENE:3361|NCBIGENE:338398|NCBIGENE:338442|NCBIGENE:339403|NCBIGENE:3397|NCBIGENE:346562|NCBIGENE:351|NCBIGENE:3558|NCBIGENE:356|NCBIGENE:3576|NCBIGENE:3577|NCBIGENE:3579|NCBIGENE:3586|NCBIGENE:3600|NCBIGENE:3627|NCBIGENE:3725|NCBIGENE:3814|NCBIGENE:3827|NCBIGENE:3952|NCBIGENE:4283|NCBIGENE:4314|NCBIGENE:4318|NCBIGENE:4353|NCBIGENE:438|NCBIGENE:4543|NCBIGENE:4544|NCBIGENE:4780|NCBIGENE:4843|NCBIGENE:4846|NCBIGENE:4886|NCBIGENE:4887|NCBIGENE:4985|NCBIGENE:4986|NCBIGENE:4987|NCBIGENE:4988|NCBIGENE:5021|NCBIGENE:5030|NCBIGENE:50831|NCBIGENE:50832|NCBIGENE:50833|NCBIGENE:50834|NCBIGENE:50835|NCBIGENE:50836|NCBIGENE:50837|NCBIGENE:50838|NCBIGENE:50839|NCBIGENE:50840|NCBIGENE:50865|NCBIGENE:51083|NCBIGENE:51289|NCBIGENE:5179|NCBIGENE:5187|NCBIGENE:53637|NCBIGENE:5367|NCBIGENE:5368|NCBIGENE:53829|NCBIGENE:54205|NCBIGENE:54331|NCBIGENE:54429|NCBIGENE:5447|NCBIGENE:5473|NCBIGENE:5540|NCBIGENE:5617|NCBIGENE:5621|NCBIGENE:56477|NCBIGENE:56670|NCBIGENE:56923|NCBIGENE:5697|NCBIGENE:57007|NCBIGENE:57121|NCBIGENE:5726|NCBIGENE:5733|NCBIGENE:57413|NCBIGENE:5743|NCBIGENE:58191|NCBIGENE:59340|NCBIGENE:5996|NCBIGENE:5999|NCBIGENE:6000|NCBIGENE:6001|NCBIGENE:623|NCBIGENE:6363|NCBIGENE:6364|NCBIGENE:6366|NCBIGENE:6370|NCBIGENE:6372|NCBIGENE:6373|NCBIGENE:6374|NCBIGENE:6387|NCBIGENE:64111|NCBIGENE:643|NCBIGENE:64407|NCBIGENE:64805|NCBIGENE:6532|NCBIGENE:6750|NCBIGENE:6751|NCBIGENE:6752|NCBIGENE:6754|NCBIGENE:6755|NCBIGENE:7124|NCBIGENE:7157|NCBIGENE:718|NCBIGENE:719|NCBIGENE:7252|NCBIGENE:727|NCBIGENE:728|NCBIGENE:729230|NCBIGENE:7852|NCBIGENE:795|NCBIGENE:801|NCBIGENE:805|NCBIGENE:808|NCBIGENE:811|NCBIGENE:8288|NCBIGENE:836|NCBIGENE:841|NCBIGENE:842|NCBIGENE:84539|NCBIGENE:846|NCBIGENE:8484|NCBIGENE:8601|NCBIGENE:8698|NCBIGENE:8811|NCBIGENE:8837|NCBIGENE:8843|NCBIGENE:8864|NCBIGENE:8877|NCBIGENE:8988|NCBIGENE:9248|NCBIGENE:9294|NCBIGENE:9407|NCBIGENE:94233|NCBIGENE:9628|NCBIGENE:9934
DB01215,275,ClC1=CC2=C(C=C1)N1C=NN=C1CN=C2C1=CC=CC=C1,,P08684,P08684,PUBCHEM.COMPOUND:3261,DOID:0050848|DOID:0060262|DOID:0060731|DOID:10952|DOID:11328|DOID:12139|DOID:1425|DOID:1470|DOID:1595|DOID:1596|DOID:2527|DOID:2848|DOID:2921|DOID:302|DOID:303|DOID:409|DOID:437|DOID:4964|DOID:5418|DOID:557,NCBIGENE:1576|NCBIGENE:2558|NCBIGENE:2560|NCBIGENE:2561|NCBIGENE:2563|NCBIGENE:2564|NCBIGENE:2565|NCBIGENE:2566|NCBIGENE:2569|NCBIGENE:2570
DB00356,276,ClC1=CC2=C(OC(=O)N2)C=C1,Q12791,P05181|P04798|P05177|P11509|P08684|P10635,P05181|P04798|P05177|P11509|P08684|P10635,PUBCHEM.COMPOUND:2733,DOID:0050741|DOID:0060262|DOID:1574|DOID:409,NCBIGENE:1543|NCBIGENE:1544|NCBIGENE:1549|NCBIGENE:3783|NCBIGENE:4843|NCBIGENE:4846|NCBIGENE:9518
DB00347,277,CN1C(=O)OC(C)(C)C1=O,O43497,P05181|P08684|P10632|P11712|P33261,P05181|P08684|P10632|P11712|P33261,PUBCHEM.COMPOUND:5576,DOID:0050214|DOID:0050590|DOID:0060262|DOID:10952|DOID:1227|DOID:12987|DOID:13268|DOID:1393|DOID:1425|DOID:14555|DOID:1588|DOID:1825|DOID:1826|DOID:1891|DOID:2527|DOID:2921|DOID:3612|DOID:409|DOID:557|DOID:5679|DOID:576|DOID:615,NCBIGENE:8913
DB00346,278,COC1=CC2=C(C=C1OC)C(N)=NC(=N2)N(C)CCCNC(=O)C1CCCO1,P35348|P35368|P25100,P08684,P08684,PUBCHEM.COMPOUND:2092,DOID:0060262|DOID:13206|DOID:2883|DOID:409,NCBIGENE:146|NCBIGENE:147|NCBIGENE:148|NCBIGENE:3757
DB00344,279,CNCCCC1C2=CC=CC=C2C=CC2=CC=CC=C12,P23975|P31645,,,PUBCHEM.COMPOUND:4976,DOID:0050741|DOID:0060262|DOID:11963|DOID:12139|DOID:12361|DOID:12642|DOID:13206|DOID:13550|DOID:13976|DOID:1405|DOID:14445|DOID:1470|DOID:1574|DOID:1595|DOID:1596|DOID:1686|DOID:1826|DOID:2841|DOID:2848|DOID:2883|DOID:3312|DOID:3827|DOID:409|DOID:4964|DOID:5419|DOID:7997|DOID:7998|DOID:8534|DOID:9282|DOID:9360|DOID:9415,NCBIGENE:23621|NCBIGENE:57413|NCBIGENE:6530|NCBIGENE:6532
DB00818,280,CC(C)C1=CC=CC(C(C)C)=C1O,P47870|P28472|P35499|Q99250,P11712|P20813|Q9HAW9|O60656|P22309|O00519|P05181|Q16678|P04798|P05177|P33260|P33261|P10632|P19224,P11712|P20813|Q9HAW9|O60656|P22309|O00519|P05181|Q16678|P04798|P05177|P33260|P33261|P10632|P19224,PUBCHEM.COMPOUND:4943,DOID:1168|DOID:12720|DOID:13097|DOID:1826,NCBIGENE:1536|NCBIGENE:1555|NCBIGENE:183|NCBIGENE:213|NCBIGENE:2166|NCBIGENE:22933|NCBIGENE:2308|NCBIGENE:2353|NCBIGENE:2561|NCBIGENE:2876|NCBIGENE:2877|NCBIGENE:2908|NCBIGENE:3162|NCBIGENE:3565|NCBIGENE:3576|NCBIGENE:361|NCBIGENE:4313|NCBIGENE:4780|NCBIGENE:4846|NCBIGENE:4988|NCBIGENE:54205|NCBIGENE:54576|NCBIGENE:54600|NCBIGENE:54658|NCBIGENE:5578|NCBIGENE:5582|NCBIGENE:5741|NCBIGENE:627|NCBIGENE:6329|NCBIGENE:6505|NCBIGENE:6513|NCBIGENE:6529|NCBIGENE:6532|NCBIGENE:655|NCBIGENE:6774|NCBIGENE:7137|NCBIGENE:760|NCBIGENE:836|NCBIGENE:9407|NCBIGENE:968
DB01114,281,CN(C)CCC(C1=CC=C(Cl)C=C1)C1=CC=CC=N1,P35367|P31645|P23975|Q01959,,,PUBCHEM.COMPOUND:2725,DOID:0050328|DOID:0050589|DOID:0050741|DOID:0060262|DOID:0060573|DOID:0060674|DOID:0060675|DOID:0060676|DOID:0060677|DOID:0060678|DOID:0060679|DOID:0060692|DOID:0110892|DOID:0111045|DOID:0111052|DOID:0111054|DOID:0111056|DOID:0111057|DOID:10459|DOID:10460|DOID:10493|DOID:10652|DOID:10763|DOID:10772|DOID:10808|DOID:10825|DOID:10933|DOID:10952|DOID:11204|DOID:11249|DOID:11328|DOID:114|DOID:11459|DOID:11486|DOID:11634|DOID:11847|DOID:11870|DOID:11963|DOID:11981|DOID:12176|DOID:12361|DOID:1247|DOID:12531|DOID:12642|DOID:1287|DOID:13186|DOID:13189|DOID:1319|DOID:13195|DOID:13206|DOID:13550|DOID:13739|DOID:13774|DOID:13948|DOID:13976|DOID:1405|DOID:1425|DOID:14250|DOID:1443|DOID:14445|DOID:14525|DOID:1459|DOID:1558|DOID:1574|DOID:1588|DOID:1686|DOID:1742|DOID:1826|DOID:1837|DOID:1936|DOID:2089|DOID:2215|DOID:2216|DOID:2236|DOID:2275|DOID:2348|DOID:2349|DOID:2355|DOID:2361|DOID:2457|DOID:2474|DOID:2527|DOID:2722|DOID:2841|DOID:2883|DOID:2913|DOID:2921|DOID:302|DOID:303|DOID:3083|DOID:3393|DOID:3650|DOID:3827|DOID:3878|DOID:4029|DOID:409|DOID:437|DOID:4481|DOID:4730|DOID:4989|DOID:50|DOID:5162|DOID:5200|DOID:5418|DOID:557|DOID:5844|DOID:5854|DOID:593|DOID:594|DOID:6132|DOID:7188|DOID:743|DOID:750|DOID:7997|DOID:7998|DOID:8442|DOID:8505|DOID:8515|DOID:8534|DOID:8577|DOID:8677|DOID:9164|DOID:9282|DOID:9351|DOID:936|DOID:9408|DOID:9428,NCBIGENE:1565|NCBIGENE:1576|NCBIGENE:1577|NCBIGENE:213|NCBIGENE:3269|NCBIGENE:3757|NCBIGENE:6530|NCBIGENE:6531|NCBIGENE:6532
DB00349,282,CN1C2=C(C=C(Cl)C=C2)N(C2=CC=CC=C2)C(=O)CC1=O,,P05177|P20813|P10635|P10632|P11712|P33260|P33261|P20815|P08684|P24462|P22309|P22310|P19224|P06133,P05177|P20813|P10635|P10632|P11712|P33260|P33261|P20815|P08684|P24462|P22309|P22310|P19224|P06133,PUBCHEM.COMPOUND:2789,,
DB01110,283,ClC1=CC(Cl)=C(COC(CN2C=CN=C2)C2=C(Cl)C=C(Cl)C=C2)C=C1,P10613|P29474|P35228|O75469,P11712|P33261|P11509|P05181|P08684|P20813|P10635|P10632|P15538|Q16850|P11511,P11712|P33261|P11509|P05181|P08684|P20813|P10635|P10632|P15538|Q16850|P11511,PUBCHEM.COMPOUND:4189,DOID:0060262|DOID:0080161|DOID:12179|DOID:2272|DOID:409|DOID:9060,NCBIGENE:1038|NCBIGENE:1557|NCBIGENE:1559|NCBIGENE:1576|NCBIGENE:1595|NCBIGENE:27094|NCBIGENE:27345|NCBIGENE:3757|NCBIGENE:3779|NCBIGENE:3783|NCBIGENE:4843|NCBIGENE:4846|NCBIGENE:81033|NCBIGENE:90134
DB00359,284,NC1=CC=C(C=C1)S(=O)(=O)NC1=NC=CC=N1,Q27738,P10632|P08684|P11712,P10632|P08684|P11712,PUBCHEM.COMPOUND:5215,DOID:0050590|DOID:0060262|DOID:0110892|DOID:10176|DOID:10952|DOID:11079|DOID:11080|DOID:11406|DOID:1227|DOID:12449|DOID:12574|DOID:12987|DOID:13268|DOID:13336|DOID:14026|DOID:1425|DOID:1588|DOID:2355|DOID:2361|DOID:2527|DOID:2747|DOID:2749|DOID:2841|DOID:2862|DOID:2921|DOID:3612|DOID:409|DOID:5200|DOID:557|DOID:615|DOID:74|DOID:8549|DOID:8577|DOID:8886|DOID:9266|DOID:9360|DOID:9415|DOID:9870|DOID:9965,NCBIGENE:10
DB00358,285,OC(C1CCCCN1)C1=CC(=NC2=C1C=CC=C2C(F)(F)F)C(F)(F)F,P29274,P11511|P22303|P06276|P08684,P11511|P22303|P06276|P08684,PUBCHEM.COMPOUND:4046,,NCBIGENE:3039|NCBIGENE:3040
DB06725,286,CN1C(C(=O)NC2=CC=CC=N2)=C(O)C2=C(C=C(Cl)S2)S1(=O)=O,P23219|P35354,,,PUBCHEM.COMPOUND:54690031,,NCBIGENE:1559|NCBIGENE:5742|NCBIGENE:5743
DB00425,287,CN(C)C(=O)CC1=C(N=C2C=CC(C)=CN12)C1=CC=C(C)C=C1,P14867|P47869|P34903|P18507,P11712|P33261|P10635|P08684|P05177,P11712|P33261|P10635|P08684|P05177,PUBCHEM.COMPOUND:5732,DOID:0050848|DOID:0060262|DOID:0060731|DOID:10914|DOID:1094|DOID:12139|DOID:1470|DOID:1595|DOID:1596|DOID:2848|DOID:302|DOID:303|DOID:409|DOID:4543|DOID:4964,NCBIGENE:1576|NCBIGENE:1577
DB00420,288,CN(C)CCCN1C2=CC=CC=C2SC2=CC=CC=C12,P14416|P28223|P28335|P35348|P11229|P35367,P05177|P08684|P11712|P10635|P33261,P05177|P08684|P11712|P10635|P33261,PUBCHEM.COMPOUND:4926,DOID:0050590|DOID:0050741|DOID:0050841|DOID:0060262|DOID:10459|DOID:11204|DOID:11328|DOID:11847|DOID:1227|DOID:12700|DOID:12987|DOID:12995|DOID:13206|DOID:13548|DOID:14221|DOID:1432|DOID:14464|DOID:14735|DOID:1558|DOID:1574|DOID:1588|DOID:1686|DOID:1826|DOID:2275|DOID:2355|DOID:2361|DOID:2457|DOID:2474|DOID:2883|DOID:3393|DOID:3890|DOID:409|DOID:4195|DOID:4481|DOID:4730|DOID:529|DOID:5418|DOID:5419|DOID:5844|DOID:5854|DOID:615|DOID:679|DOID:743|DOID:9408|DOID:9854|DOID:9970,NCBIGENE:1128|NCBIGENE:1131|NCBIGENE:1132|NCBIGENE:1133|NCBIGENE:146|NCBIGENE:147|NCBIGENE:148|NCBIGENE:1813|NCBIGENE:1814|NCBIGENE:1815|NCBIGENE:2697|NCBIGENE:3269|NCBIGENE:3358|NCBIGENE:5028|NCBIGENE:5029|NCBIGENE:5621
DB01227,289,CC[C@H](OC(C)=O)C(C[C@H](C)N(C)C)(C1=CC=CC=C1)C1=CC=CC=C1,P35372|P30926|P32297,,,PUBCHEM.COMPOUND:15130,DOID:2559|DOID:2560|DOID:9976,NCBIGENE:1136|NCBIGENE:1143|NCBIGENE:1576|NCBIGENE:1577|NCBIGENE:3757|NCBIGENE:4988
DB00400,290,COC1=CC(OC)=C(Cl)C2=C1C(=O)[C@]1(O2)[C@H](C)CC(=O)C=C1OC,Q5UBX3|Q99456,P05177|P08684,P05177|P08684,PUBCHEM.COMPOUND:441140,DOID:0050590|DOID:0050741|DOID:12179|DOID:1227|DOID:12987|DOID:13268|DOID:1574|DOID:9074,NCBIGENE:2147|NCBIGENE:3859|NCBIGENE:3868|NCBIGENE:3875|NCBIGENE:4759|NCBIGENE:55835|NCBIGENE:7412|NCBIGENE:836
DB00890,291,[H]\C(C)=C(/C(=C(\[H])C)/C1=CC=C(O)C=C1)\C1=CC=C(O)C=C1,P03372|P04278,,,PUBCHEM.COMPOUND:667476,DOID:0050328|DOID:0060262|DOID:10763|DOID:10825|DOID:114|DOID:11634|DOID:11847|DOID:120|DOID:127|DOID:1287|DOID:13223|DOID:1380|DOID:1459|DOID:1727|DOID:1826|DOID:1837|DOID:2394|DOID:2450|DOID:2871|DOID:288|DOID:289|DOID:3133|DOID:3393|DOID:3526|DOID:3875|DOID:409|DOID:4386|DOID:5844|DOID:5854|DOID:6713|DOID:9074|DOID:9351|DOID:9408|DOID:9460|DOID:9477,
DB01229,292,[H][C@]12[C@H](OC(=O)C3=CC=CC=C3)[C@]3(O)C[C@H](OC(=O)[C@H](O)[C@@H](NC(=O)C4=CC=CC=C4)C4=CC=CC=C4)C(C)=C([C@@H](OC(C)=O)C(=O)[C@]1(C)[C@@H](O)C[C@H]1OC[C@@]21OC(C)=O)C3(C)C,Q9H4B7|P10415|P27816|P11137|P10636|O75469,,,PUBCHEM.COMPOUND:36314,DOID:0050590|DOID:0050771|DOID:0050820|DOID:0060262|DOID:10021|DOID:10154|DOID:10300|DOID:1067|DOID:10763|DOID:10825|DOID:10952|DOID:117|DOID:11847|DOID:12139|DOID:1227|DOID:12449|DOID:12987|DOID:1324|DOID:1389|DOID:1425|DOID:1470|DOID:1588|DOID:1595|DOID:1596|DOID:1612|DOID:1837|DOID:2355|DOID:2361|DOID:2394|DOID:2527|DOID:2739|DOID:2741|DOID:2841|DOID:2848|DOID:2921|DOID:3459|DOID:3908|DOID:3953|DOID:409|DOID:437|DOID:4398|DOID:4964|DOID:557|DOID:574|DOID:5844|DOID:5854|DOID:8632|DOID:870|DOID:8893|DOID:9088|DOID:9282|DOID:9351|DOID:9360|DOID:9408|DOID:9415|DOID:9993,NCBIGENE:10018|NCBIGENE:1017|NCBIGENE:10381|NCBIGENE:10383|NCBIGENE:10403|NCBIGENE:10749|NCBIGENE:10864|NCBIGENE:11004|NCBIGENE:1191|NCBIGENE:1244|NCBIGENE:142|NCBIGENE:1437|NCBIGENE:1440|NCBIGENE:1499|NCBIGENE:1500|NCBIGENE:1514|NCBIGENE:1544|NCBIGENE:1558|NCBIGENE:1559|NCBIGENE:1565|NCBIGENE:1576|NCBIGENE:1577|NCBIGENE:1646|NCBIGENE:1647|NCBIGENE:1676|NCBIGENE:1956|NCBIGENE:196527|NCBIGENE:203068|NCBIGENE:2056|NCBIGENE:2064|NCBIGENE:2065|NCBIGENE:208|NCBIGENE:2224|NCBIGENE:2247|NCBIGENE:22919|NCBIGENE:22924|NCBIGENE:23095|NCBIGENE:231|NCBIGENE:24137|NCBIGENE:26227|NCBIGENE:27113|NCBIGENE:2950|NCBIGENE:3301|NCBIGENE:3309|NCBIGENE:332|NCBIGENE:3397|NCBIGENE:3491|NCBIGENE:355|NCBIGENE:3553|NCBIGENE:356|NCBIGENE:3576|NCBIGENE:3586|NCBIGENE:3627|NCBIGENE:367|NCBIGENE:3725|NCBIGENE:3799|NCBIGENE:3832|NCBIGENE:3855|NCBIGENE:3939|NCBIGENE:4133|NCBIGENE:4134|NCBIGENE:4137|NCBIGENE:4170|NCBIGENE:4214|NCBIGENE:4313|NCBIGENE:4318|NCBIGENE:4363|NCBIGENE:4603|NCBIGENE:4605|NCBIGENE:4644|NCBIGENE:467|NCBIGENE:4843|NCBIGENE:5244|NCBIGENE:5311|NCBIGENE:5328|NCBIGENE:5366|NCBIGENE:54205|NCBIGENE:5447|NCBIGENE:55743|NCBIGENE:558|NCBIGENE:5594|NCBIGENE:5595|NCBIGENE:5728|NCBIGENE:5743|NCBIGENE:5770|NCBIGENE:5894|NCBIGENE:5925|NCBIGENE:598|NCBIGENE:6198|NCBIGENE:6247|NCBIGENE:627|NCBIGENE:6347|NCBIGENE:6548|NCBIGENE:6558|NCBIGENE:6590|NCBIGENE:6622|NCBIGENE:6717|NCBIGENE:6774|NCBIGENE:7056|NCBIGENE:7124|NCBIGENE:7153|NCBIGENE:7157|NCBIGENE:7280|NCBIGENE:7474|NCBIGENE:762|NCBIGENE:7846|NCBIGENE:7852|NCBIGENE:79823|NCBIGENE:81027|NCBIGENE:83540|NCBIGENE:836|NCBIGENE:840|NCBIGENE:841|NCBIGENE:842|NCBIGENE:843|NCBIGENE:847|NCBIGENE:857|NCBIGENE:8647|NCBIGENE:8772|NCBIGENE:8797|NCBIGENE:8837|NCBIGENE:8856|NCBIGENE:891|NCBIGENE:89845|NCBIGENE:9429|NCBIGENE:959|NCBIGENE:961|NCBIGENE:983|NCBIGENE:9833|NCBIGENE:999
DB05351,293,CC1=C(OCC(F)(F)F)C=CN=C1C[S@@](=O)C1=NC2=CC=CC=C2N1,P20648|P51164|O94760,P33261|P08684,P33261|P08684,PUBCHEM.COMPOUND:9578005,DOID:0060262|DOID:11476|DOID:11963|DOID:13976|DOID:409|DOID:750|DOID:8534,NCBIGENE:1559|NCBIGENE:495
DB01075,294,CN(C)CCOC(C1=CC=CC=C1)C1=CC=CC=C1,P35367|P08172,,,PUBCHEM.COMPOUND:3100,DOID:11204|DOID:2457|DOID:2474|DOID:4730,NCBIGENE:1128|NCBIGENE:1131|NCBIGENE:1132|NCBIGENE:1133|NCBIGENE:1565|NCBIGENE:3176|NCBIGENE:3269|NCBIGENE:3576|NCBIGENE:3761|NCBIGENE:6822
DB01074,295,C(C(C1CCCCC1)C1CCCCC1)C1CCCCN1,P50416|P23786|Q12809,P20813|P08684|P10635,P20813|P08684|P10635,PUBCHEM.COMPOUND:4746,,NCBIGENE:1374|NCBIGENE:1376|NCBIGENE:1565|NCBIGENE:2065|NCBIGENE:9407
DB00757,296,[H][C@@]1(C[C@@]2([H])C[C@]3([H])C[C@@]([H])(C1)N2CC3=O)OC(=O)C1=CNC2=C1C=CC=C2,P46098,P11712|P08684|P10635,P11712|P08684|P10635,PUBCHEM.COMPOUND:3033818,DOID:0050820|DOID:10952|DOID:1425|DOID:2527|DOID:2921|DOID:4500|DOID:557,
DB01124,297,CCCCNC(=O)NS(=O)(=O)C1=CC=C(C)C=C1,Q09428|P48048,P11712|P10632|P33261|P33260,P11712|P10632|P33261|P33260,PUBCHEM.COMPOUND:5505,DOID:0050741|DOID:0060262|DOID:0060870|DOID:0060872|DOID:0060873|DOID:0060874|DOID:0060875|DOID:0090070|DOID:0090071|DOID:0090072|DOID:0090073|DOID:0090074|DOID:0090076|DOID:0090077|DOID:0090078|DOID:0090079|DOID:0090080|DOID:0090081|DOID:0090082|DOID:0090083|DOID:0090084|DOID:0090085|DOID:0090086|DOID:0090087|DOID:0090089|DOID:0090090|DOID:0090092|DOID:0090093|DOID:0090094|DOID:10493|DOID:10952|DOID:13774|DOID:1425|DOID:1574|DOID:2527|DOID:2921|DOID:3133|DOID:3614|DOID:409|DOID:533|DOID:557|DOID:9351|DOID:9352|DOID:9406|DOID:9410|DOID:9476|DOID:9993,NCBIGENE:1080|NCBIGENE:1557|NCBIGENE:1558|NCBIGENE:1559|NCBIGENE:1562|NCBIGENE:2520|NCBIGENE:2641|NCBIGENE:3758|NCBIGENE:3767|NCBIGENE:3953|NCBIGENE:5617|NCBIGENE:7052
DB01355,298,CN1C(=O)NC(=O)C(C)(C1=O)C1=CCCCC1,P47869|P34903|P48169|P31644|Q16445|P14867|P43681|P36544|P42262|Q13002,P33261|P11712|P23219,P33261|P11712|P23219,PUBCHEM.COMPOUND:3608,,NCBIGENE:1137|NCBIGENE:1557|NCBIGENE:2557|NCBIGENE:2558|NCBIGENE:2559|NCBIGENE:2898|NCBIGENE:89832
DB00977,299,[H][C@@]12CC[C@@](O)(C#C)[C@@]1(C)CC[C@]1([H])C3=C(CC[C@@]21[H])C=C(O)C=C3,P03372|O75469,P08684|P10632|P11712|P05177|P20815|P22310|P35503|P22309|O60656|P16662|P0DMM9|P49888|P21964|P33261,P08684|P10632|P11712|P05177|P20815|P22310|P35503|P22309|O60656|P16662|P0DMM9|P49888|P21964|P33261,PUBCHEM.COMPOUND:5991,DOID:0050328|DOID:0060262|DOID:0060810|DOID:10175|DOID:10283|DOID:10286|DOID:10493|DOID:10763|DOID:10825|DOID:10952|DOID:11476|DOID:11634|DOID:1168|DOID:11847|DOID:12139|DOID:12678|DOID:12679|DOID:127|DOID:12859|DOID:13206|DOID:13223|DOID:13268|DOID:13603|DOID:13774|DOID:1380|DOID:1425|DOID:1459|DOID:146|DOID:1470|DOID:1595|DOID:1596|DOID:1727|DOID:1826|DOID:1837|DOID:2394|DOID:2450|DOID:2451|DOID:2452|DOID:2485|DOID:2527|DOID:2841|DOID:2848|DOID:2871|DOID:288|DOID:2883|DOID:289|DOID:2893|DOID:2921|DOID:3133|DOID:3393|DOID:3526|DOID:3571|DOID:3755|DOID:3756|DOID:3875|DOID:4079|DOID:409|DOID:4195|DOID:4362|DOID:4386|DOID:4964|DOID:557|DOID:5844|DOID:5854|DOID:6000|DOID:6364|DOID:6543|DOID:6713|DOID:684|DOID:6929|DOID:9074|DOID:9351|DOID:9360|DOID:9408|DOID:9415|DOID:9460|DOID:9477|DOID:9741|DOID:9970,NCBIGENE:1356|NCBIGENE:1543|NCBIGENE:1544|NCBIGENE:1557|NCBIGENE:1558|NCBIGENE:1559|NCBIGENE:1576|NCBIGENE:1577|NCBIGENE:1581|NCBIGENE:1582|NCBIGENE:2100|NCBIGENE:2147|NCBIGENE:2299|NCBIGENE:27306|NCBIGENE:3156|NCBIGENE:335|NCBIGENE:338|NCBIGENE:3479|NCBIGENE:348|NCBIGENE:367|NCBIGENE:3725|NCBIGENE:3949|NCBIGENE:3990|NCBIGENE:462|NCBIGENE:4846|NCBIGENE:5241|NCBIGENE:5340|NCBIGENE:54658|NCBIGENE:5627|NCBIGENE:5972|NCBIGENE:632|NCBIGENE:6462|NCBIGENE:6783|NCBIGENE:8647|NCBIGENE:866|NCBIGENE:8856|NCBIGENE:9407
DB00724,300,CC(C)CN1C=NC2=C1C1=C(C=CC=C1)N=C2N,Q9NYK1|Q9NR97,P08684,P08684,PUBCHEM.COMPOUND:57469,DOID:0060281|DOID:11165|DOID:11168|DOID:11684|DOID:3149|DOID:3159|DOID:37|DOID:417|DOID:6498|DOID:6688|DOID:6945|DOID:8866,NCBIGENE:3443|NCBIGENE:3445|NCBIGENE:3565|NCBIGENE:3576|NCBIGENE:51284|NCBIGENE:54106|NCBIGENE:6401|NCBIGENE:7124|NCBIGENE:836|NCBIGENE:942
DB07615,301,COC1=CC=C(\C=C\C(=O)NC2=CC=CC=C2C(O)=O)C=C1OC,O60760,P08684|P11712,P08684|P11712,PUBCHEM.COMPOUND:5282230,DOID:2841|DOID:3310|DOID:4481|DOID:4730|DOID:9360|DOID:9415,NCBIGENE:1215|NCBIGENE:1490|NCBIGENE:1543|NCBIGENE:1544|NCBIGENE:27306|NCBIGENE:3162|NCBIGENE:3269|NCBIGENE:3553|NCBIGENE:3567|NCBIGENE:412|NCBIGENE:4313|NCBIGENE:5743|NCBIGENE:6240|NCBIGENE:6347
DB09078,302,COC1=C(C=C2C(OC3=CC=C(NC(=O)NC4CC4)C(Cl)=C3)=CC=NC2=C1)C(N)=O,P17948|P35968|P35916|P11362|P21802|P22607|P22455|P16234|P07949|P10721,P08684|Q06278|P10632|P11712|P05177|P20813|P33261|P10635,P08684|Q06278|P10632|P11712|P05177|P20813|P33261|P10635,PUBCHEM.COMPOUND:9823820,DOID:3112|DOID:3962|DOID:3969|DOID:4450|DOID:4451|DOID:4464|DOID:4465|DOID:4467|DOID:4471|DOID:4473,NCBIGENE:2260|NCBIGENE:3791
DB00799,303,CCOC(=O)C1=CN=C(C=C1)C#CC1=CC2=C(SCCC2(C)C)C=C1,P10276|P28702|P13631|P10826,P10632,P10632,PUBCHEM.COMPOUND:5381,DOID:0060281|DOID:3159|DOID:4398|DOID:6543|DOID:8893|DOID:9088,NCBIGENE:1240|NCBIGENE:5266|NCBIGENE:5914|NCBIGENE:5915|NCBIGENE:5918|NCBIGENE:5920
DB00796,304,CCOC1=NC2=C(N1CC1=CC=C(C=C1)C1=CC=CC=C1C1=NN=NN1)C(=CC=C2)C(=O)OC(C)OC(=O)OC1CCCCC1,P30556,,,PUBCHEM.COMPOUND:2540,DOID:0060262|DOID:10763|DOID:10825|DOID:12550|DOID:12678|DOID:12679|DOID:13189|DOID:13413|DOID:13543|DOID:1837|DOID:1920|DOID:2383|DOID:2485|DOID:2913|DOID:2972|DOID:2983|DOID:3341|DOID:409|DOID:4500|DOID:4989|DOID:9074|DOID:9351,NCBIGENE:183|NCBIGENE:186|NCBIGENE:4846
DB00361,305,[H][C@@]12N(C)C3=CC(OC)=C(C=C3[C@@]11CCN3CC=C[C@](CC)([C@@]13[H])[C@@]([H])(OC(C)=O)[C@]2(O)C(=O)OC)[C@]1(C[C@@]2([H])CN(CC(CC)=C2)CC2=C1NC1=CC=CC=C21)C(=O)OC,P07437,,,PUBCHEM.COMPOUND:44424639,,NCBIGENE:203068
DB09026,306,COCCCOC1=C(OC)C=CC(C[C@@H](C[C@H](N)[C@@H](O)C[C@@H](C(C)C)C(=O)NCC(C)(C)C(N)=O)C(C)C)=C1,P00797,P08684,P08684,PUBCHEM.COMPOUND:5493444,DOID:0050590|DOID:0060262|DOID:10763|DOID:10825|DOID:1227|DOID:12550|DOID:12678|DOID:12679|DOID:12987|DOID:13189|DOID:13413|DOID:13543|DOID:13580|DOID:14735|DOID:1558|DOID:1837|DOID:1920|DOID:2383|DOID:2485|DOID:2913|DOID:2972|DOID:2983|DOID:3341|DOID:409|DOID:4500|DOID:4989|DOID:9074|DOID:9351,NCBIGENE:1052|NCBIGENE:1215|NCBIGENE:1359|NCBIGENE:1511|NCBIGENE:1522|NCBIGENE:1585|NCBIGENE:1636|NCBIGENE:183|NCBIGENE:2028|NCBIGENE:2137|NCBIGENE:3383|NCBIGENE:3816|NCBIGENE:3827|NCBIGENE:4318|NCBIGENE:5972|NCBIGENE:7076
DB01095,307,CC(C)N1C(\C=C\C(O)CC(O)CC(O)=O)=C(C2=CC=CC=C12)C1=CC=C(F)C=C1,P04035|Q92769,,,PUBCHEM.COMPOUND:1548972,,
DB00589,308,[H][C@@]12CC3=CNC4=CC=CC(=C34)C1=C[C@@H](CN2C)NC(=O)N(CC)CC,P14416|P35462|P21917|P28223|P28335|P21728|P21918|P08908|P28221|P41595|P28222|P08913|P18089|P18825|P34969,P08684,P08684,PUBCHEM.COMPOUND:28864,DOID:13938|DOID:2444|DOID:2449|DOID:6364,NCBIGENE:146|NCBIGENE:147|NCBIGENE:148|NCBIGENE:150|NCBIGENE:152|NCBIGENE:153|NCBIGENE:154|NCBIGENE:1813|NCBIGENE:1814|NCBIGENE:1815|NCBIGENE:1816|NCBIGENE:3350|NCBIGENE:3351|NCBIGENE:3357|NCBIGENE:3358|NCBIGENE:3362|NCBIGENE:3363|NCBIGENE:55811
DB00234,309,[H][C@@]1(CNCCO1)[C@H](OC1=CC=CC=C1OCC)C1=CC=CC=C1,P23975,P08684|P10635,P08684|P10635,PUBCHEM.COMPOUND:127151,,
DB00726,310,CC(CN(C)C)CN1C2=CC=CC=C2CCC2=CC=CC=C12,P31645|P23975|Q01959|P28223|P08908|P35348|P35368|P14416|P18089|P35367|P28335|P46098|P28221|P08913|P08909,P11712|P10635|P33261,P11712|P10635|P33261,PUBCHEM.COMPOUND:5584,DOID:0050590|DOID:0050741|DOID:0060262|DOID:10952|DOID:114|DOID:12139|DOID:1227|DOID:12361|DOID:1287|DOID:12987|DOID:13206|DOID:13550|DOID:1405|DOID:1425|DOID:14445|DOID:1470|DOID:1574|DOID:1588|DOID:1595|DOID:1596|DOID:1826|DOID:2527|DOID:2848|DOID:2883|DOID:2921|DOID:3312|DOID:3393|DOID:3526|DOID:409|DOID:4964|DOID:5419|DOID:557|DOID:6713|DOID:7997|DOID:7998|DOID:9282,NCBIGENE:1128|NCBIGENE:147|NCBIGENE:148|NCBIGENE:150|NCBIGENE:153|NCBIGENE:1565|NCBIGENE:1813|NCBIGENE:3269|NCBIGENE:3350|NCBIGENE:3358|NCBIGENE:3359|NCBIGENE:5621|NCBIGENE:6530|NCBIGENE:6531|NCBIGENE:6532
DB00918,311,CN(C)CCC1=CNC2=C1C=C(CS(=O)(=O)N1CCCC1)C=C2,P28221|P28222,P08684|P10635|P21397|P31513|P33261|P05181|P10632,P08684|P10635|P21397|P31513|P33261|P05181|P10632,PUBCHEM.COMPOUND:123606,DOID:0060262|DOID:10300|DOID:10763|DOID:10825|DOID:11847|DOID:13003|DOID:1837|DOID:224|DOID:2316|DOID:3393|DOID:3526|DOID:3669|DOID:409|DOID:5844|DOID:5854|DOID:6364|DOID:6713|DOID:9351|DOID:9408|DOID:9970,NCBIGENE:3351|NCBIGENE:4128
DB00231,312,CN1C2=C(C=C(Cl)C=C2)C(=NC(O)C1=O)C1=CC=CC=C1,,P08684|P20813|P11712,P08684|P20813|P11712,PUBCHEM.COMPOUND:5391,DOID:0050848|DOID:0060262|DOID:0060731|DOID:10914|DOID:10952|DOID:12139|DOID:1425|DOID:1470|DOID:1595|DOID:1596|DOID:2527|DOID:2848|DOID:2921|DOID:302|DOID:303|DOID:409|DOID:4543|DOID:4964|DOID:557,NCBIGENE:2557|NCBIGENE:2558|NCBIGENE:2559|NCBIGENE:2560|NCBIGENE:2561|NCBIGENE:2563|NCBIGENE:2564|NCBIGENE:2565|NCBIGENE:2566|NCBIGENE:2569|NCBIGENE:2570
DB06803,313,OC1=C(C=C(Cl)C=C1)C(=O)NC1=C(Cl)C=C(C=C1)[N+]([O-])=O,,P11712|P05177,P11712|P05177,PUBCHEM.COMPOUND:4477,,NCBIGENE:367|NCBIGENE:4040|NCBIGENE:57582|NCBIGENE:595|NCBIGENE:6774|NCBIGENE:7473|NCBIGENE:8321|NCBIGENE:89780
DB00250,314,NC1=CC=C(C=C1)S(=O)(=O)C1=CC=C(N)C=C1,P0C0X2|P0C0X1,P05164|P33260|P11712|P05181|P08684|P31513|P23219|P35354|P10632|P33261|P11245|P20815|P24462,P05164|P33260|P11712|P05181|P08684|P31513|P23219|P35354|P10632|P33261|P11245|P20815|P24462,PUBCHEM.COMPOUND:2955,DOID:0060262|DOID:1024|DOID:2355|DOID:2361|DOID:2722|DOID:2747|DOID:2749|DOID:2862|DOID:409|DOID:6543|DOID:8505|DOID:9266|DOID:9269|DOID:9870,NCBIGENE:10|NCBIGENE:1543|NCBIGENE:1559|NCBIGENE:1576|NCBIGENE:1577|NCBIGENE:1719|NCBIGENE:2539|NCBIGENE:3576
DB00584,315,CCOC(=O)[C@H](CCC1=CC=CC=C1)N[C@@H](C)C(=O)N1CCC[C@H]1C(O)=O,P12821,,,PUBCHEM.COMPOUND:5388962,DOID:10763|DOID:10825|DOID:14735|DOID:1558|DOID:6000,
DB00246,316,ClC1=C(CCN2CCN(CC2)C2=NSC3=CC=CC=C23)C=C2CC(=O)NC2=C1,P14416|P28223|P08908|P28221|P28335|P21728|P21918|P35462|P21917|P28222|P28566|P50406|P34969|P35367|P35348|P35368|P08913|P18089|P18825|P11229|P08172|P20309|P08173|P08912|P47898,P08684|Q06278,P08684|Q06278,PUBCHEM.COMPOUND:60854,DOID:0050590|DOID:0050841|DOID:0090044|DOID:0090045|DOID:0090047|DOID:0090049|DOID:0090051|DOID:0090052|DOID:0090053|DOID:0090054|DOID:0090123|DOID:10952|DOID:1168|DOID:11847|DOID:1227|DOID:12987|DOID:14221|DOID:1425|DOID:14464|DOID:1826|DOID:1837|DOID:2527|DOID:2921|DOID:3312|DOID:3393|DOID:4195|DOID:4500|DOID:529|DOID:5419|DOID:557|DOID:5844|DOID:5854|DOID:6000|DOID:615|DOID:6713|DOID:679|DOID:9351|DOID:9408|DOID:9854|DOID:9970,
DB01069,317,CC(CN1C2=CC=CC=C2SC2=CC=CC=C12)N(C)C,P35367|P14416|P11229|P08172|P20309|P08173|P08912|P0DP23|P25021,,,PUBCHEM.COMPOUND:4927,DOID:11204|DOID:1558|DOID:2457|DOID:2474|DOID:4730,NCBIGENE:1128|NCBIGENE:1131|NCBIGENE:1132|NCBIGENE:1133|NCBIGENE:146|NCBIGENE:148|NCBIGENE:1559|NCBIGENE:1565|NCBIGENE:1813|NCBIGENE:310|NCBIGENE:3269|NCBIGENE:3358|NCBIGENE:59340|NCBIGENE:801|NCBIGENE:805|NCBIGENE:808
DB01129,318,COCCCOC1=C(C)C(CS(=O)C2=NC3=CC=CC=C3N2)=NC=C1,P20648,,,PUBCHEM.COMPOUND:5029,DOID:0050782|DOID:0060262|DOID:10017|DOID:10808|DOID:11476|DOID:11963|DOID:13656|DOID:13976|DOID:1724|DOID:2018|DOID:349|DOID:409|DOID:4660|DOID:4798|DOID:6000|DOID:750|DOID:8534|DOID:8929,NCBIGENE:1557|NCBIGENE:1576|NCBIGENE:495|NCBIGENE:496
DB00184,319,CN1CCC[C@H]1C1=CN=CC=C1,P43681|P36544|P17787|Q15822|P32297|P30532|Q15825|Q9UGM1|Q9GZZ6|Q05901|P30926|P11511|P28329,,,PUBCHEM.COMPOUND:89594,DOID:0050741|DOID:0050742|DOID:0050771|DOID:0060262|DOID:0110741|DOID:0110742|DOID:0110743|DOID:0110744|DOID:0110745|DOID:0110746|DOID:0110747|DOID:0110748|DOID:0110749|DOID:0110750|DOID:0110751|DOID:0110752|DOID:0110753|DOID:0110754|DOID:0110755|DOID:0110756|DOID:0110757|DOID:0110758|DOID:0110759|DOID:0110760|DOID:0110761|DOID:10021|DOID:10154|DOID:10300|DOID:117|DOID:11847|DOID:11963|DOID:12361|DOID:1247|DOID:12918|DOID:13189|DOID:13725|DOID:13976|DOID:1574|DOID:1588|DOID:1837|DOID:2275|DOID:326|DOID:3393|DOID:3953|DOID:409|DOID:4195|DOID:5844|DOID:5854|DOID:750|DOID:7997|DOID:7998|DOID:8457|DOID:8534|DOID:9351|DOID:9408|DOID:9744,NCBIGENE:10631|NCBIGENE:10720|NCBIGENE:1103|NCBIGENE:1113|NCBIGENE:11185|NCBIGENE:11213|NCBIGENE:1134|NCBIGENE:1135|NCBIGENE:1136|NCBIGENE:113612|NCBIGENE:1137|NCBIGENE:1138|NCBIGENE:1139|NCBIGENE:1141|NCBIGENE:1142|NCBIGENE:1143|NCBIGENE:1280|NCBIGENE:1325|NCBIGENE:1392|NCBIGENE:1401|NCBIGENE:140679|NCBIGENE:1437|NCBIGENE:1513|NCBIGENE:153|NCBIGENE:1543|NCBIGENE:1544|NCBIGENE:1548|NCBIGENE:1549|NCBIGENE:1553|NCBIGENE:1555|NCBIGENE:1576|NCBIGENE:1786|NCBIGENE:183|NCBIGENE:19|NCBIGENE:1956|NCBIGENE:1958|NCBIGENE:216|NCBIGENE:2247|NCBIGENE:2249|NCBIGENE:2251|NCBIGENE:2305|NCBIGENE:2327|NCBIGENE:2328|NCBIGENE:2329|NCBIGENE:2330|NCBIGENE:2353|NCBIGENE:23657|NCBIGENE:2534|NCBIGENE:260293|NCBIGENE:2697|NCBIGENE:2876|NCBIGENE:2877|NCBIGENE:2908|NCBIGENE:29110|NCBIGENE:2935|NCBIGENE:29785|NCBIGENE:29850|NCBIGENE:3026|NCBIGENE:3060|NCBIGENE:3082|NCBIGENE:3162|NCBIGENE:3308|NCBIGENE:3309|NCBIGENE:3359|NCBIGENE:3363|NCBIGENE:3397|NCBIGENE:3420|NCBIGENE:3553|NCBIGENE:3558|NCBIGENE:3576|NCBIGENE:3586|NCBIGENE:3600|NCBIGENE:3667|NCBIGENE:3708|NCBIGENE:3725|NCBIGENE:3741|NCBIGENE:3764|NCBIGENE:3949|NCBIGENE:4094|NCBIGENE:429|NCBIGENE:4313|NCBIGENE:4318|NCBIGENE:4585|NCBIGENE:4613|NCBIGENE:4615|NCBIGENE:4724|NCBIGENE:4760|NCBIGENE:4790|NCBIGENE:4803|NCBIGENE:4914|NCBIGENE:4915|NCBIGENE:5054|NCBIGENE:50943|NCBIGENE:51052|NCBIGENE:5216|NCBIGENE:5327|NCBIGENE:5329|NCBIGENE:5409|NCBIGENE:5444|NCBIGENE:54657|NCBIGENE:5468|NCBIGENE:551|NCBIGENE:5578|NCBIGENE:5594|NCBIGENE:5595|NCBIGENE:5743|NCBIGENE:590|NCBIGENE:598|NCBIGENE:627|NCBIGENE:632|NCBIGENE:6401|NCBIGENE:6505|NCBIGENE:6531|NCBIGENE:6532|NCBIGENE:6622|NCBIGENE:6696|NCBIGENE:6770|NCBIGENE:6774|NCBIGENE:7018|NCBIGENE:7054|NCBIGENE:7124|NCBIGENE:7157|NCBIGENE:7276|NCBIGENE:7350|NCBIGENE:7365|NCBIGENE:7403|NCBIGENE:760|NCBIGENE:80381|NCBIGENE:836|NCBIGENE:860|NCBIGENE:8973|NCBIGENE:89832|NCBIGENE:8989|NCBIGENE:9451|NCBIGENE:9568|NCBIGENE:960|NCBIGENE:9935|NCBIGENE:999
DB00599,320,CCCC(C)C1(CC)C(=O)NC(=S)NC1=O,P14867|P47869|P34903|P48169|P31644|Q16445|P43681|P36544|P42262|Q13002|O00519|P20309,P33261,P33261,PUBCHEM.COMPOUND:3000715,DOID:0050328|DOID:0060262|DOID:10493|DOID:1074|DOID:10952|DOID:11459|DOID:11634|DOID:13774|DOID:1425|DOID:1459|DOID:1826|DOID:2355|DOID:2361|DOID:2527|DOID:2841|DOID:2921|DOID:3890|DOID:409|DOID:4346|DOID:437|DOID:4676|DOID:557|DOID:9360|DOID:9415|DOID:9428,NCBIGENE:1137|NCBIGENE:2166|NCBIGENE:2557|NCBIGENE:2558|NCBIGENE:2559|NCBIGENE:2898|NCBIGENE:89832
DB01179,321,[H][C@]12COC(=O)[C@]1([H])[C@H](C1=CC(OC)=C(OC)C(OC)=C1)C1=CC3=C(OCO3)C=C1[C@@H]2O,P68366|P07437|P11388,,,PUBCHEM.COMPOUND:10607,DOID:11165|DOID:11168,NCBIGENE:10382|NCBIGENE:10383|NCBIGENE:203068|NCBIGENE:347733|NCBIGENE:3553|NCBIGENE:54658|NCBIGENE:7153|NCBIGENE:7277|NCBIGENE:7280|NCBIGENE:81551|NCBIGENE:836|NCBIGENE:842
DB04930,322,CC1(C)C(C=C(Cl)Cl)C1C(=O)OCC1=CC(OC2=CC=CC=C2)=CC=C1,P35498|P03372|O75469,P20813,P20813,PUBCHEM.COMPOUND:40326,DOID:5501,NCBIGENE:1066|NCBIGENE:1557|NCBIGENE:1576|NCBIGENE:367|NCBIGENE:6323|NCBIGENE:8824|NCBIGENE:8856
DB13874,323,CC(C)(O)CNC1=NC(=NC(NC2=CC(=NC=C2)C(F)(F)F)=N1)C1=NC(=CC=C1)C(F)(F)F,P48735,P05177|P20813|P10632|P11712|P33261|P10635|P08684|P22309|P35503|P22310|O60656|P16662|P54855,P05177|P20813|P10632|P11712|P33261|P10635|P08684|P22309|P35503|P22310|O60656|P16662|P54855,PUBCHEM.COMPOUND:89683805,DOID:9119,
DB01175,324,CN(C)CCC[C@]1(OCC2=C1C=CC(=C2)C#N)C1=CC=C(F)C=C1,P31645|P11229|P35367|P08908|P28223|P28335|P14416|P23975|Q01959,,,PUBCHEM.COMPOUND:146570,DOID:0060262|DOID:114|DOID:1247|DOID:1287|DOID:14320|DOID:14464|DOID:1470|DOID:1595|DOID:1596|DOID:1826|DOID:2848|DOID:3312|DOID:3401|DOID:409,NCBIGENE:1128|NCBIGENE:148|NCBIGENE:1557|NCBIGENE:1565|NCBIGENE:3269|NCBIGENE:3605|NCBIGENE:627|NCBIGENE:6530|NCBIGENE:6531|NCBIGENE:6532
DB09396,325,O.OS(=O)(=O)C1=CC2=CC=CC=C2C=C1.CCC(=O)O[C@@](CC1=CC=CC=C1)([C@H](C)CN(C)C)C1=CC=CC=C1,,,,,,
DB01067,326,CC1=NC=C(N=C1)C(=O)NCCC1=CC=C(C=C1)S(=O)(=O)NC(=O)NC1CCCCC1,Q09428|P37231,P22309|P11712,P22309|P11712,PUBCHEM.COMPOUND:3478,DOID:0050741|DOID:0060262|DOID:0060870|DOID:0060872|DOID:0060873|DOID:0060874|DOID:0060875|DOID:0090070|DOID:0090071|DOID:0090072|DOID:0090073|DOID:0090074|DOID:0090076|DOID:0090077|DOID:0090078|DOID:0090079|DOID:0090080|DOID:0090081|DOID:0090082|DOID:0090083|DOID:0090084|DOID:0090085|DOID:0090086|DOID:0090087|DOID:0090089|DOID:0090090|DOID:0090092|DOID:0090093|DOID:0090094|DOID:10493|DOID:10952|DOID:11847|DOID:13774|DOID:1425|DOID:1574|DOID:2527|DOID:2921|DOID:3133|DOID:3614|DOID:3650|DOID:409|DOID:533|DOID:557|DOID:583|DOID:5844|DOID:5854|DOID:9351|DOID:9352|DOID:9406|DOID:9408|DOID:9410|DOID:9476|DOID:9993,NCBIGENE:1559|NCBIGENE:3766|NCBIGENE:4881|NCBIGENE:5468
DB01192,327,[H][C@@]12OC3=C(O)C=CC4=C3[C@@]11CCN(C)[C@]([H])(C4)[C@]1(O)CCC2=O,P35372|P41143,,,PUBCHEM.COMPOUND:5284604,DOID:0050328|DOID:0050589|DOID:0060262|DOID:0110892|DOID:10493|DOID:10952|DOID:11459|DOID:11634|DOID:11981|DOID:1319|DOID:13206|DOID:13774|DOID:1425|DOID:1459|DOID:1742|DOID:1826|DOID:2089|DOID:2527|DOID:2883|DOID:2921|DOID:302|DOID:303|DOID:409|DOID:557|DOID:8515|DOID:8577|DOID:9428,NCBIGENE:4985|NCBIGENE:4988
DB00665,328,CC1(C)NC(=O)N(C1=O)C1=CC(=C(C=C1)[N+]([O-])=O)C(F)(F)F,P10275,P33261|P16435,P33261|P16435,PUBCHEM.COMPOUND:4493,DOID:3082|DOID:850,NCBIGENE:148|NCBIGENE:1557|NCBIGENE:354|NCBIGENE:367
DB01054,329,CCOC(=O)C1=C(C)NC(C)=C(C1C1=CC(=CC=C1)[N+]([O-])=O)C(=O)OC,Q13936|P54289|Q08289|Q01668|Q13698|Q9NY47|O95180,,,PUBCHEM.COMPOUND:4507,,NCBIGENE:1576|NCBIGENE:1577|NCBIGENE:1906|NCBIGENE:5972|NCBIGENE:775|NCBIGENE:776|NCBIGENE:779|NCBIGENE:781|NCBIGENE:783|NCBIGENE:786|NCBIGENE:8912|NCBIGENE:9254
DB04938,330,OCCOC1=CC=C(C=C1)C(=C(\CCCl)C1=CC=CC=C1)\C1=CC=CC=C1,P03372,P08684|P11712|P33261|P20813|P10635,P08684|P11712|P33261|P20813|P10635,PUBCHEM.COMPOUND:3036505,,NCBIGENE:1555
DB00337,331,[H][C@]1(CC[C@H](Cl)[C@@H](C1)OC)\C=C(/C)[C@@]1([H])OC(=O)[C@]2([H])CCCCN2C(=O)C(=O)[C@]2(O)O[C@@]([H])([C@H](C[C@H]2C)OC)[C@H](C[C@@H](C)C\C(C)=C\[C@@H](CC)C(=O)C[C@H](O)[C@H]1C)OC,P42345|P62942,P08684,P08684,PUBCHEM.COMPOUND:6509979,DOID:0050474|DOID:11165|DOID:11168|DOID:3310|DOID:8536|DOID:8566|DOID:8568|DOID:9123,
DB00624,332,[H][C@@]12CC[C@H](O)[C@@]1(C)CC[C@@]1([H])[C@@]2([H])CCC2=CC(=O)CC[C@]12C,P10275|P03372|P08235,,,PUBCHEM.COMPOUND:6013,DOID:0050328|DOID:0050848|DOID:0060262|DOID:0060731|DOID:0060810|DOID:0060870|DOID:0060872|DOID:0060873|DOID:0060874|DOID:0060875|DOID:0090070|DOID:0090071|DOID:0090072|DOID:0090073|DOID:0090074|DOID:0090076|DOID:0090077|DOID:0090078|DOID:0090079|DOID:0090080|DOID:0090081|DOID:0090082|DOID:0090083|DOID:0090084|DOID:0090085|DOID:0090086|DOID:0090087|DOID:0090089|DOID:0090090|DOID:0090092|DOID:0090093|DOID:0090094|DOID:10283|DOID:10286|DOID:10688|DOID:10763|DOID:10787|DOID:10825|DOID:10952|DOID:11383|DOID:114|DOID:11603|DOID:11634|DOID:11665|DOID:1168|DOID:11847|DOID:12678|DOID:12679|DOID:12698|DOID:127|DOID:12859|DOID:1287|DOID:13206|DOID:13223|DOID:1380|DOID:1425|DOID:1459|DOID:1727|DOID:1826|DOID:1837|DOID:1921|DOID:1924|DOID:1936|DOID:2348|DOID:2349|DOID:2394|DOID:2450|DOID:2451|DOID:2452|DOID:2485|DOID:2527|DOID:2841|DOID:2871|DOID:288|DOID:2883|DOID:289|DOID:2921|DOID:3133|DOID:3393|DOID:3526|DOID:3571|DOID:3614|DOID:3755|DOID:3756|DOID:3875|DOID:409|DOID:4386|DOID:4674|DOID:5003|DOID:5162|DOID:533|DOID:557|DOID:5844|DOID:5854|DOID:6000|DOID:6364|DOID:6713|DOID:9074|DOID:9351|DOID:9360|DOID:9406|DOID:9408|DOID:9410|DOID:9415|DOID:9460|DOID:9476|DOID:9477|DOID:9970,NCBIGENE:10000|NCBIGENE:1020|NCBIGENE:10468|NCBIGENE:107|NCBIGENE:10720|NCBIGENE:10772|NCBIGENE:10858|NCBIGENE:10941|NCBIGENE:111|NCBIGENE:114907|NCBIGENE:116085|NCBIGENE:1244|NCBIGENE:1312|NCBIGENE:1392|NCBIGENE:1462|NCBIGENE:1543|NCBIGENE:1544|NCBIGENE:1548|NCBIGENE:1549|NCBIGENE:1553|NCBIGENE:1555|NCBIGENE:1558|NCBIGENE:1562|NCBIGENE:1565|NCBIGENE:1572|NCBIGENE:1573|NCBIGENE:1576|NCBIGENE:1577|NCBIGENE:1580|NCBIGENE:1583|NCBIGENE:1585|NCBIGENE:1586|NCBIGENE:1645|NCBIGENE:1646|NCBIGENE:1718|NCBIGENE:1814|NCBIGENE:1816|NCBIGENE:199974|NCBIGENE:2056|NCBIGENE:2100|NCBIGENE:216|NCBIGENE:2167|NCBIGENE:2253|NCBIGENE:2353|NCBIGENE:2492|NCBIGENE:250|NCBIGENE:260293|NCBIGENE:268|NCBIGENE:2697|NCBIGENE:27035|NCBIGENE:2796|NCBIGENE:2806|NCBIGENE:2908|NCBIGENE:2936|NCBIGENE:29785|NCBIGENE:3156|NCBIGENE:3206|NCBIGENE:3283|NCBIGENE:3291|NCBIGENE:3292|NCBIGENE:3293|NCBIGENE:3294|NCBIGENE:3308|NCBIGENE:346673|NCBIGENE:3479|NCBIGENE:3486|NCBIGENE:3489|NCBIGENE:354|NCBIGENE:356|NCBIGENE:3586|NCBIGENE:367|NCBIGENE:3814|NCBIGENE:3952|NCBIGENE:3972|NCBIGENE:4087|NCBIGENE:4209|NCBIGENE:4312|NCBIGENE:4656|NCBIGENE:4803|NCBIGENE:4824|NCBIGENE:4843|NCBIGENE:4846|NCBIGENE:4851|NCBIGENE:4942|NCBIGENE:4953|NCBIGENE:4973|NCBIGENE:5004|NCBIGENE:5010|NCBIGENE:5020|NCBIGENE:5105|NCBIGENE:51170|NCBIGENE:51478|NCBIGENE:5168|NCBIGENE:53905|NCBIGENE:54106|NCBIGENE:54575|NCBIGENE:54576|NCBIGENE:54577|NCBIGENE:54578|NCBIGENE:54579|NCBIGENE:546|NCBIGENE:54600|NCBIGENE:54657|NCBIGENE:54658|NCBIGENE:54659|NCBIGENE:5562|NCBIGENE:5595|NCBIGENE:5617|NCBIGENE:5649|NCBIGENE:5743|NCBIGENE:574537|NCBIGENE:5764|NCBIGENE:5894|NCBIGENE:6198|NCBIGENE:6418|NCBIGENE:6446|NCBIGENE:6462|NCBIGENE:64816|NCBIGENE:6580|NCBIGENE:6582|NCBIGENE:6715|NCBIGENE:6718|NCBIGENE:6822|NCBIGENE:7018|NCBIGENE:7054|NCBIGENE:7296|NCBIGENE:7320|NCBIGENE:7363|NCBIGENE:7364|NCBIGENE:7365|NCBIGENE:7366|NCBIGENE:7367|NCBIGENE:7412|NCBIGENE:7432|NCBIGENE:7474|NCBIGENE:79054|NCBIGENE:7923|NCBIGENE:79644|NCBIGENE:79799|NCBIGENE:84432|NCBIGENE:857|NCBIGENE:8644|NCBIGENE:8654|NCBIGENE:866|NCBIGENE:8854|NCBIGENE:9271|NCBIGENE:9376|NCBIGENE:9407
DB00440,333,COC1=CC(CC2=CN=C(N)N=C2N)=CC(OC)=C1OC,P0ABQ4,P11712|P08684|P05177|P10632,P11712|P08684|P05177|P10632,PUBCHEM.COMPOUND:5578,DOID:0050590|DOID:0060262|DOID:10754|DOID:10952|DOID:1227|DOID:12385|DOID:12987|DOID:13268|DOID:14026|DOID:1425|DOID:1588|DOID:2527|DOID:2747|DOID:2749|DOID:2862|DOID:2921|DOID:409|DOID:557|DOID:9266|DOID:9870,NCBIGENE:1558|NCBIGENE:1666|NCBIGENE:1719|NCBIGENE:3576|NCBIGENE:64146|NCBIGENE:7298
DB01050,334,CC(C)CC1=CC=C(C=C1)C(C)C(O)=O,P35354|P23219|P10415|P07204|P12104|P37231|P13569|Q07869|P07359|P31151,,,PUBCHEM.COMPOUND:3672,DOID:0050328|DOID:0050589|DOID:0050741|DOID:0060262|DOID:0110892|DOID:10493|DOID:10763|DOID:10825|DOID:10933|DOID:10952|DOID:11459|DOID:11634|DOID:11847|DOID:11981|DOID:12361|DOID:1247|DOID:1319|DOID:13206|DOID:13550|DOID:13739|DOID:13774|DOID:13832|DOID:13948|DOID:1405|DOID:1425|DOID:14445|DOID:1459|DOID:1574|DOID:1588|DOID:1742|DOID:1826|DOID:1837|DOID:1936|DOID:2089|DOID:2348|DOID:2355|DOID:2361|DOID:2527|DOID:2883|DOID:2921|DOID:302|DOID:303|DOID:3083|DOID:3393|DOID:3526|DOID:381|DOID:409|DOID:4500|DOID:557|DOID:5844|DOID:5854|DOID:593|DOID:594|DOID:6713|DOID:676|DOID:705|DOID:7148|DOID:750|DOID:7997|DOID:7998|DOID:848|DOID:8515|DOID:8577|DOID:8677|DOID:8929|DOID:9074|DOID:9282|DOID:9351|DOID:9408|DOID:9428,NCBIGENE:1080|NCBIGENE:10864|NCBIGENE:114571|NCBIGENE:1558|NCBIGENE:1559|NCBIGENE:1581|NCBIGENE:160728|NCBIGENE:2169|NCBIGENE:23600|NCBIGENE:23621|NCBIGENE:3248|NCBIGENE:3557|NCBIGENE:4843|NCBIGENE:5327|NCBIGENE:54600|NCBIGENE:54659|NCBIGENE:5468|NCBIGENE:55867|NCBIGENE:5742|NCBIGENE:5743|NCBIGENE:6347|NCBIGENE:7040|NCBIGENE:7056|NCBIGENE:7124|NCBIGENE:7364|NCBIGENE:8106|NCBIGENE:9356|NCBIGENE:9407
DB00628,335,OC(=O)C1N=C(C2=CC=CC=C2)C2=C(NC1=O)C=CC(Cl)=C2,,P08684,P08684,PUBCHEM.COMPOUND:2809,DOID:0050848|DOID:0060262|DOID:0060731|DOID:10915|DOID:10952|DOID:11328|DOID:12139|DOID:13550|DOID:1405|DOID:1425|DOID:14320|DOID:14445|DOID:1470|DOID:1595|DOID:1596|DOID:2030|DOID:2355|DOID:2361|DOID:2527|DOID:2848|DOID:2921|DOID:302|DOID:303|DOID:409|DOID:4964|DOID:5418|DOID:557,
DB01588,336,ClC1=CC2=C(C=C1)N(CC1CC1)C(=O)CN=C2C1=CC=CC=C1,,P08684,P08684,PUBCHEM.COMPOUND:4890,DOID:0050848|DOID:0060262|DOID:0060731|DOID:10930|DOID:10952|DOID:11328|DOID:12139|DOID:12401|DOID:13268|DOID:1425|DOID:14320|DOID:1470|DOID:1595|DOID:1596|DOID:2030|DOID:2527|DOID:2848|DOID:2921|DOID:302|DOID:303|DOID:409|DOID:4964|DOID:5418|DOID:557|DOID:850,NCBIGENE:2558|NCBIGENE:2560|NCBIGENE:2561|NCBIGENE:2563|NCBIGENE:2564|NCBIGENE:2565|NCBIGENE:2566|NCBIGENE:2569|NCBIGENE:2570
DB09262,337,CC1=NC=CN1CCC(C(N)=O)(C1=CC=CC=C1)C1=CC=CC=C1,P11229|P08172|P20309,P08684|P22310,P08684|P22310,PUBCHEM.COMPOUND:6433090,,NCBIGENE:1576|NCBIGENE:9407
DB00778,338,CC[C@H]1OC(=O)[C@H](C)[C@@H](O[C@H]2C[C@@](C)(OC)[C@@H](O)[C@H](C)O2)[C@H](C)[C@@H](O[C@@H]2O[C@H](C)C[C@@H]([C@H]2O)N(C)C)[C@](C)(O)C[C@@H](C)C(=NOCOCCOC)[C@H](C)[C@@H](O)[C@]1(C)O,P0A7J6|P08183,,,PUBCHEM.COMPOUND:6915744,,NCBIGENE:1017|NCBIGENE:3713|NCBIGENE:4322|NCBIGENE:9429
DB09101,339,[H][C@@](CO)(C(C)C)N1C=C(C(O)=O)C(=O)C2=C1C=C(OC)C(CC1=C(F)C(Cl)=CC=C1)=C2,Q7ZJM1,P08684|P22309,P08684|P22309,PUBCHEM.COMPOUND:5277135,DOID:526|DOID:635,
DB08868,340,CCCCCCCCC1=CC=C(CCC(N)(CO)CO)C=C1,Q9H228|P21453|Q99500|Q13547|O95977,Q9NYA1|P05181|P78329,Q9NYA1|P05181|P78329,PUBCHEM.COMPOUND:107970,DOID:10952|DOID:12030|DOID:13141|DOID:13884|DOID:1425|DOID:1837|DOID:2378|DOID:240|DOID:2527|DOID:2921|DOID:4353|DOID:4447|DOID:4449|DOID:557|DOID:615|DOID:850|DOID:9351,
DB00617,341,CCC1(C)OC(=O)N(C)C1=O,Q9P0X4,P05181|P08684|P11712|P10632,P05181|P08684|P11712|P10632,PUBCHEM.COMPOUND:8280,DOID:1825|DOID:1826,NCBIGENE:8911|NCBIGENE:8913
DB01418,342,CC(=O)CC(C1=CC=C(C=C1)[N+]([O-])=O)C1=C(O)C2=CC=CC=C2OC1=O,Q9BQB6,,,PUBCHEM.COMPOUND:54676537,DOID:2452|DOID:9477,NCBIGENE:1559|NCBIGENE:2147|NCBIGENE:79001
DB00612,343,CC(C)NCC(O)COC1=CC=C(COCCOC(C)C)C=C1,P08588|P07550,,,PUBCHEM.COMPOUND:2405,DOID:0050771|DOID:0060262|DOID:10021|DOID:10154|DOID:10300|DOID:10763|DOID:10825|DOID:10952|DOID:117|DOID:12139|DOID:12550|DOID:12678|DOID:12679|DOID:13189|DOID:13413|DOID:13543|DOID:13884|DOID:1425|DOID:1470|DOID:1595|DOID:1596|DOID:1837|DOID:1920|DOID:2383|DOID:2485|DOID:2527|DOID:2841|DOID:2848|DOID:2913|DOID:2921|DOID:2983|DOID:3341|DOID:3669|DOID:3953|DOID:409|DOID:437|DOID:4398|DOID:4500|DOID:4964|DOID:4989|DOID:557|DOID:8893|DOID:9074|DOID:9088|DOID:9351|DOID:9360|DOID:9415,NCBIGENE:153|NCBIGENE:154|NCBIGENE:1565|NCBIGENE:1576|NCBIGENE:5972
DB06267,344,CCCOC1=C(C=C(C=C1)S(=O)(=O)NCCC1CCCN1C)C1=NC(=O)C2=C(N1)C(CCC)=NN2C,O76074,P08684|P20815,P08684|P20815,PUBCHEM.COMPOUND:6918523,DOID:11120|DOID:13709,NCBIGENE:8654|NCBIGENE:9429
DB00637,345,COC1=CC=C(CCN2CCC(CC2)NC2=NC3=CC=CC=C3N2CC2=CC=C(F)C=C2)C=C1,P35367|Q12809|O95259|P10636,,,PUBCHEM.COMPOUND:2247,DOID:11204|DOID:2457|DOID:2474|DOID:4481|DOID:4730,NCBIGENE:146|NCBIGENE:1565|NCBIGENE:1573|NCBIGENE:1576|NCBIGENE:1577|NCBIGENE:1591|NCBIGENE:27133|NCBIGENE:3269|NCBIGENE:3357|NCBIGENE:3756|NCBIGENE:3757|NCBIGENE:8647
DB00636,346,CCOC(=O)C(C)(C)OC1=CC=C(Cl)C=C1,Q07869,P04798|Q02928|P08684|P09210|P05181,P04798|Q02928|P08684|P09210|P05181,PUBCHEM.COMPOUND:2796,DOID:1168,NCBIGENE:1374|NCBIGENE:1384|NCBIGENE:1448|NCBIGENE:1543|NCBIGENE:1579|NCBIGENE:2053|NCBIGENE:2168|NCBIGENE:2806|NCBIGENE:3162|NCBIGENE:335|NCBIGENE:338|NCBIGENE:4023|NCBIGENE:4318|NCBIGENE:51|NCBIGENE:5464|NCBIGENE:5468|NCBIGENE:8443|NCBIGENE:847|NCBIGENE:9060|NCBIGENE:9407
DB00753,347,FC(F)OC(Cl)C(F)(F)F,P14867|P98194|P23415|P42261|Q09470|P30049|P0DP23|P43681|P17787,P20813|P03886|P05181,P20813|P03886|P05181,PUBCHEM.COMPOUND:3763,DOID:0060262|DOID:11723|DOID:409|DOID:8545|DOID:9884,NCBIGENE:100506658|NCBIGENE:1627|NCBIGENE:212|NCBIGENE:2741|NCBIGENE:3162|NCBIGENE:338567|NCBIGENE:3479|NCBIGENE:3558|NCBIGENE:3736|NCBIGENE:3776|NCBIGENE:4318|NCBIGENE:4843|NCBIGENE:4846|NCBIGENE:4907|NCBIGENE:513|NCBIGENE:5582|NCBIGENE:6334|NCBIGENE:6505|NCBIGENE:801|NCBIGENE:805|NCBIGENE:808|NCBIGENE:836|NCBIGENE:857|NCBIGENE:8645|NCBIGENE:8877|NCBIGENE:9407
DB01319,348,CC(C)CN(C[C@@H](OP(O)(O)=O)[C@H](CC1=CC=CC=C1)NC(=O)O[C@H]1CCOC1)S(=O)(=O)C1=CC=C(N)C=C1,Q72874,P08684,P08684,PUBCHEM.COMPOUND:131536,DOID:0060262|DOID:0111135|DOID:0111136|DOID:0111137|DOID:0111138|DOID:10763|DOID:10825|DOID:11712|DOID:11847|DOID:12134|DOID:12259|DOID:1837|DOID:1883|DOID:2043|DOID:3393|DOID:409|DOID:4195|DOID:526|DOID:580|DOID:583|DOID:5844|DOID:585|DOID:5854|DOID:635|DOID:811|DOID:9351|DOID:9408|DOID:9970,
DB01283,349,CC1=CC=C(NC2=C(Cl)C=CC=C2F)C(CC(O)=O)=C1,P35354|P23219,,,PUBCHEM.COMPOUND:151166,DOID:381|DOID:848,NCBIGENE:5742|NCBIGENE:5743|NCBIGENE:7276
DB00175,350,[H][C@]12[C@H](C[C@H](O)C=C1C=C[C@H](C)[C@@H]2CC[C@@H](O)C[C@@H](O)CC(O)=O)OC(=O)[C@@H](C)CC,P04035|Q92769,,,PUBCHEM.COMPOUND:54687,DOID:0050741|DOID:0060262|DOID:0060573|DOID:0060692|DOID:0111045|DOID:0111052|DOID:0111054|DOID:0111056|DOID:0111057|DOID:1029|DOID:10652|DOID:10772|DOID:10808|DOID:10952|DOID:11249|DOID:11335|DOID:11870|DOID:12531|DOID:12678|DOID:12679|DOID:13189|DOID:13250|DOID:13404|DOID:13543|DOID:13809|DOID:1425|DOID:1443|DOID:14525|DOID:1574|DOID:1588|DOID:1936|DOID:2089|DOID:2215|DOID:2216|DOID:2236|DOID:2348|DOID:2349|DOID:2355|DOID:2361|DOID:2485|DOID:2527|DOID:2921|DOID:3145|DOID:3341|DOID:3526|DOID:409|DOID:423|DOID:5162|DOID:557|DOID:580|DOID:585|DOID:626|DOID:6713|DOID:7327|DOID:750,NCBIGENE:10599|NCBIGENE:1071|NCBIGENE:1244|NCBIGENE:1401|NCBIGENE:1576|NCBIGENE:1577|NCBIGENE:1906|NCBIGENE:2152|NCBIGENE:22796|NCBIGENE:2321|NCBIGENE:255738|NCBIGENE:2697|NCBIGENE:3156|NCBIGENE:3162|NCBIGENE:338|NCBIGENE:3458|NCBIGENE:3576|NCBIGENE:3600|NCBIGENE:3931|NCBIGENE:3949|NCBIGENE:4170|NCBIGENE:4846|NCBIGENE:4973|NCBIGENE:5228|NCBIGENE:5327|NCBIGENE:5879|NCBIGENE:5881|NCBIGENE:6347|NCBIGENE:6403|NCBIGENE:7056|NCBIGENE:7941|NCBIGENE:9021|NCBIGENE:9407
DB01128,351,CC(O)(CS(=O)(=O)C1=CC=C(F)C=C1)C(=O)NC1=CC(=C(C=C1)C#N)C(F)(F)F,P10275,P33261|P11712|P10635|P08684,P33261|P11712|P10635|P08684,PUBCHEM.COMPOUND:2375,DOID:0060262|DOID:1837|DOID:2355|DOID:2361|DOID:3082|DOID:409|DOID:4195|DOID:9351,NCBIGENE:10257|NCBIGENE:1956|NCBIGENE:3480|NCBIGENE:354|NCBIGENE:367|NCBIGENE:3817|NCBIGENE:4824|NCBIGENE:50636|NCBIGENE:54106|NCBIGENE:5728|NCBIGENE:890|NCBIGENE:9318
DB00783,352,[H][C@@]12CC[C@H](O)[C@@]1(C)CC[C@]1([H])C3=C(CC[C@@]21[H])C=C(O)C=C3,P03372|Q92731|O75469|P43681|Q99527|P00846|Q14457,,,PUBCHEM.COMPOUND:5757,DOID:0050328|DOID:0050741|DOID:0050848|DOID:0060262|DOID:0060731|DOID:0060810|DOID:10175|DOID:10283|DOID:10286|DOID:10493|DOID:10688|DOID:10763|DOID:10825|DOID:10952|DOID:114|DOID:11476|DOID:11603|DOID:11634|DOID:1168|DOID:11847|DOID:120|DOID:12139|DOID:12678|DOID:12679|DOID:12698|DOID:127|DOID:12859|DOID:1287|DOID:13206|DOID:13223|DOID:13268|DOID:13603|DOID:13774|DOID:1380|DOID:14115|DOID:14221|DOID:1425|DOID:1459|DOID:146|DOID:1470|DOID:1574|DOID:1595|DOID:1596|DOID:1727|DOID:1826|DOID:1837|DOID:2394|DOID:2450|DOID:2451|DOID:2452|DOID:2485|DOID:2527|DOID:2841|DOID:2848|DOID:2871|DOID:288|DOID:2883|DOID:289|DOID:2893|DOID:2921|DOID:3133|DOID:3393|DOID:3526|DOID:3571|DOID:3755|DOID:3756|DOID:3875|DOID:4079|DOID:409|DOID:4195|DOID:4362|DOID:4386|DOID:4964|DOID:557|DOID:5844|DOID:5854|DOID:6000|DOID:6364|DOID:6543|DOID:6713|DOID:684|DOID:6929|DOID:8689|DOID:9074|DOID:9351|DOID:9360|DOID:9408|DOID:9415|DOID:9460|DOID:9477|DOID:9741|DOID:9970,NCBIGENE:1000|NCBIGENE:100506658|NCBIGENE:1009|NCBIGENE:1017|NCBIGENE:1019|NCBIGENE:1027|NCBIGENE:1038|NCBIGENE:10524|NCBIGENE:10720|NCBIGENE:10941|NCBIGENE:11331|NCBIGENE:1312|NCBIGENE:1385|NCBIGENE:140880|NCBIGENE:147|NCBIGENE:1499|NCBIGENE:1509|NCBIGENE:1543|NCBIGENE:1544|NCBIGENE:1548|NCBIGENE:1549|NCBIGENE:1553|NCBIGENE:1555|NCBIGENE:1557|NCBIGENE:1558|NCBIGENE:1559|NCBIGENE:1562|NCBIGENE:1565|NCBIGENE:1572|NCBIGENE:1573|NCBIGENE:1576|NCBIGENE:1577|NCBIGENE:1580|NCBIGENE:1583|NCBIGENE:1594|NCBIGENE:1634|NCBIGENE:1717|NCBIGENE:1786|NCBIGENE:1816|NCBIGENE:1906|NCBIGENE:1952|NCBIGENE:1956|NCBIGENE:1958|NCBIGENE:1978|NCBIGENE:199974|NCBIGENE:2013|NCBIGENE:203328|NCBIGENE:2056|NCBIGENE:2064|NCBIGENE:2066|NCBIGENE:2100|NCBIGENE:216|NCBIGENE:2252|NCBIGENE:2254|NCBIGENE:2263|NCBIGENE:22920|NCBIGENE:2321|NCBIGENE:2353|NCBIGENE:2475|NCBIGENE:2492|NCBIGENE:251|NCBIGENE:2516|NCBIGENE:2526|NCBIGENE:2539|NCBIGENE:25800|NCBIGENE:2597|NCBIGENE:260293|NCBIGENE:268|NCBIGENE:2752|NCBIGENE:2796|NCBIGENE:2798|NCBIGENE:28511|NCBIGENE:2876|NCBIGENE:2878|NCBIGENE:2888|NCBIGENE:2896|NCBIGENE:2908|NCBIGENE:2919|NCBIGENE:2932|NCBIGENE:2936|NCBIGENE:2949|NCBIGENE:29785|NCBIGENE:3082|NCBIGENE:316|NCBIGENE:3162|NCBIGENE:3206|NCBIGENE:3240|NCBIGENE:3250|NCBIGENE:3292|NCBIGENE:3294|NCBIGENE:3295|NCBIGENE:335|NCBIGENE:3363|NCBIGENE:3376|NCBIGENE:338|NCBIGENE:3383|NCBIGENE:344901|NCBIGENE:3479|NCBIGENE:348|NCBIGENE:3480|NCBIGENE:3481|NCBIGENE:3485|NCBIGENE:3486|NCBIGENE:3487|NCBIGENE:354|NCBIGENE:3552|NCBIGENE:3553|NCBIGENE:3558|NCBIGENE:3565|NCBIGENE:3576|NCBIGENE:3586|NCBIGENE:3627|NCBIGENE:3667|NCBIGENE:367|NCBIGENE:3717|NCBIGENE:3725|NCBIGENE:3752|NCBIGENE:3757|NCBIGENE:3791|NCBIGENE:3814|NCBIGENE:387|NCBIGENE:3952|NCBIGENE:3972|NCBIGENE:4088|NCBIGENE:4313|NCBIGENE:4314|NCBIGENE:4316|NCBIGENE:4318|NCBIGENE:4322|NCBIGENE:4512|NCBIGENE:4824|NCBIGENE:4843|NCBIGENE:4846|NCBIGENE:4851|NCBIGENE:4869|NCBIGENE:4914|NCBIGENE:4925|NCBIGENE:4953|NCBIGENE:4982|NCBIGENE:4988|NCBIGENE:50|NCBIGENE:5020|NCBIGENE:5021|NCBIGENE:50674|NCBIGENE:50964|NCBIGENE:51083|NCBIGENE:51144|NCBIGENE:51170|NCBIGENE:51478|NCBIGENE:5228|NCBIGENE:5241|NCBIGENE:5304|NCBIGENE:5327|NCBIGENE:54361|NCBIGENE:5444|NCBIGENE:54575|NCBIGENE:54576|NCBIGENE:54577|NCBIGENE:54578|NCBIGENE:54579|NCBIGENE:546|NCBIGENE:54600|NCBIGENE:54657|NCBIGENE:54658|NCBIGENE:54659|NCBIGENE:54738|NCBIGENE:55359|NCBIGENE:5536|NCBIGENE:5578|NCBIGENE:5582|NCBIGENE:5590|NCBIGENE:5594|NCBIGENE:5595|NCBIGENE:55972|NCBIGENE:5604|NCBIGENE:5617|NCBIGENE:5663|NCBIGENE:56729|NCBIGENE:5727|NCBIGENE:5728|NCBIGENE:5730|NCBIGENE:5743|NCBIGENE:574537|NCBIGENE:57468|NCBIGENE:5747|NCBIGENE:57761|NCBIGENE:58480|NCBIGENE:5879|NCBIGENE:5881|NCBIGENE:5894|NCBIGENE:5914|NCBIGENE:5925|NCBIGENE:595|NCBIGENE:6198|NCBIGENE:627|NCBIGENE:6347|NCBIGENE:6364|NCBIGENE:6387|NCBIGENE:6401|NCBIGENE:6462|NCBIGENE:6464|NCBIGENE:6469|NCBIGENE:6489|NCBIGENE:64949|NCBIGENE:650|NCBIGENE:652|NCBIGENE:654|NCBIGENE:6580|NCBIGENE:6581|NCBIGENE:6615|NCBIGENE:6667|NCBIGENE:672|NCBIGENE:6750|NCBIGENE:6772|NCBIGENE:6774|NCBIGENE:6776|NCBIGENE:6783|NCBIGENE:6822|NCBIGENE:6868|NCBIGENE:6990|NCBIGENE:7015|NCBIGENE:7031|NCBIGENE:7040|NCBIGENE:7077|NCBIGENE:7124|NCBIGENE:7157|NCBIGENE:718|NCBIGENE:727897|NCBIGENE:7363|NCBIGENE:7364|NCBIGENE:7365|NCBIGENE:7366|NCBIGENE:7367|NCBIGENE:7412|NCBIGENE:7432|NCBIGENE:7480|NCBIGENE:7490|NCBIGENE:771|NCBIGENE:7803|NCBIGENE:7852|NCBIGENE:7857|NCBIGENE:7923|NCBIGENE:795|NCBIGENE:79799|NCBIGENE:800|NCBIGENE:81671|NCBIGENE:8202|NCBIGENE:836|NCBIGENE:839|NCBIGENE:841|NCBIGENE:842|NCBIGENE:857|NCBIGENE:860|NCBIGENE:8614|NCBIGENE:8660|NCBIGENE:8661|NCBIGENE:8788|NCBIGENE:8856|NCBIGENE:9360|NCBIGENE:9407|NCBIGENE:9429|NCBIGENE:958|NCBIGENE:9620|NCBIGENE:9623|NCBIGENE:973|NCBIGENE:999
DB00751,353,NC1=NCC2N1C1=CC=CC=C1CC1=CC=CC=C21,P35367|P25021|P35348|P08913|P28223|P34969,,,PUBCHEM.COMPOUND:3241,DOID:11204|DOID:2457|DOID:2474,NCBIGENE:148|NCBIGENE:150|NCBIGENE:3269|NCBIGENE:3274|NCBIGENE:3363
DB01236,354,FCOC(C(F)(F)F)C(F)(F)F,P23415|P42261|P03886|Q96ER9,P20813|P05181|P11509|P08684,P20813|P05181|P11509|P08684,PUBCHEM.COMPOUND:5206,DOID:0060262|DOID:10952|DOID:11459|DOID:11723|DOID:1425|DOID:1826|DOID:2527|DOID:2921|DOID:409|DOID:557|DOID:576|DOID:8545|DOID:9428|DOID:9884,NCBIGENE:1555|NCBIGENE:2741|NCBIGENE:3162|NCBIGENE:3736|NCBIGENE:4535|NCBIGENE:4694|NCBIGENE:513|NCBIGENE:5468|NCBIGENE:6261|NCBIGENE:6403|NCBIGENE:6517|NCBIGENE:7082|NCBIGENE:7097|NCBIGENE:7099|NCBIGENE:7138|NCBIGENE:836|NCBIGENE:840|NCBIGENE:8864|NCBIGENE:949|NCBIGENE:950|NCBIGENE:9575
DB00925,355,CC(COC1=CC=CC=C1)N(CCCl)CC1=CC=CC=C1,P35348|P08913|P18825|P18089|P0DP23|P07550|P35368|P25100,,,PUBCHEM.COMPOUND:4768,DOID:0050771|DOID:10021|DOID:10154|DOID:10952|DOID:117|DOID:1425|DOID:2527|DOID:2921|DOID:3393|DOID:3953|DOID:557,NCBIGENE:146|NCBIGENE:147|NCBIGENE:148|NCBIGENE:150|NCBIGENE:152|NCBIGENE:154|NCBIGENE:3269|NCBIGENE:6580|NCBIGENE:6581|NCBIGENE:6582|NCBIGENE:801|NCBIGENE:805|NCBIGENE:808
DB11828,356,CCOC1=C(NC(=O)\C=C\CN(C)C)C=C2C(NC3=CC=C(OCC4=CC=CC=N4)C(Cl)=C3)=C(C=NC2=C1)C#N,P00533,P08684|P31513,P08684|P31513,PUBCHEM.COMPOUND:9915743,,NCBIGENE:10494|NCBIGENE:11183|NCBIGENE:1956|NCBIGENE:2064|NCBIGENE:2065|NCBIGENE:2066|NCBIGENE:4216|NCBIGENE:50488|NCBIGENE:5062|NCBIGENE:51765|NCBIGENE:5604|NCBIGENE:5605|NCBIGENE:5607|NCBIGENE:640|NCBIGENE:6793|NCBIGENE:80122|NCBIGENE:8428|NCBIGENE:8491|NCBIGENE:9748
DB01248,357,[H][C@@]1(C[C@@]2(O)[C@@H](OC(=O)C3=CC=CC=C3)[C@]3([H])[C@@]4(CO[C@@H]4C[C@H](O)[C@@]3(C)C(=O)[C@H](O)C(=C1C)C2(C)C)OC(C)=O)OC(=O)[C@H](O)[C@@H](NC(=O)OC(C)(C)C)C1=CC=CC=C1,Q9H4B7|P11137|P27816|P10636|P10415|O75469,,,PUBCHEM.COMPOUND:148124,DOID:0050590|DOID:0060262|DOID:10283|DOID:10286|DOID:10534|DOID:11396|DOID:115|DOID:11875|DOID:11934|DOID:1227|DOID:12449|DOID:12987|DOID:1324|DOID:13250|DOID:1389|DOID:1588|DOID:1612|DOID:1803|DOID:2355|DOID:2361|DOID:2739|DOID:2741|DOID:3459|DOID:3908|DOID:409|DOID:5517|DOID:574|DOID:683|DOID:870|DOID:9637|DOID:9673,
DB01587,358,CN1C2=C(C=C(Cl)C=C2)C2(OC(C)=CC(=O)N2CC1=O)C1=CC=CC=C1,,P08684,P08684,PUBCHEM.COMPOUND:33746,,NCBIGENE:2560|NCBIGENE:2563|NCBIGENE:2564|NCBIGENE:2565
DB00575,359,ClC1=CC=CC(Cl)=C1NC1=NCCN1,P18089|P18825|P08913|P35348|P35368|P25100,P05177|P08684|P04798|P20815|P10635,P05177|P08684|P04798|P20815|P10635,PUBCHEM.COMPOUND:2803,DOID:0050820|DOID:0110741|DOID:0110742|DOID:0110743|DOID:0110744|DOID:0110745|DOID:0110746|DOID:0110747|DOID:0110748|DOID:0110749|DOID:0110750|DOID:0110751|DOID:0110752|DOID:0110753|DOID:0110754|DOID:0110755|DOID:0110756|DOID:0110757|DOID:0110758|DOID:0110759|DOID:0110760|DOID:0110761|DOID:10138|DOID:10140|DOID:10300|DOID:1067|DOID:10763|DOID:10825|DOID:1094|DOID:11847|DOID:12139|DOID:1247|DOID:12678|DOID:12679|DOID:13189|DOID:1470|DOID:1595|DOID:1596|DOID:1920|DOID:2485|DOID:2723|DOID:2848|DOID:2913|DOID:2983|DOID:3393|DOID:4500|DOID:4964|DOID:4989|DOID:5844|DOID:5854|DOID:6713|DOID:784|DOID:9074|DOID:9351|DOID:9352|DOID:9408|DOID:9744,NCBIGENE:11188|NCBIGENE:146|NCBIGENE:147|NCBIGENE:148|NCBIGENE:150|NCBIGENE:152|NCBIGENE:1621|NCBIGENE:2353|NCBIGENE:2688|NCBIGENE:314|NCBIGENE:3274|NCBIGENE:3725|NCBIGENE:4057|NCBIGENE:5409|NCBIGENE:55811|NCBIGENE:5972|NCBIGENE:7054|NCBIGENE:836|NCBIGENE:8639|NCBIGENE:9407
DB00185,360,CC1O[C@@]2(CS1)CN1CCC2CC1,P20309|P11229,P10635|P08684|Q01740,P10635|P08684|Q01740,PUBCHEM.COMPOUND:25137844,,NCBIGENE:1128|NCBIGENE:1131
DB00938,361,OCC1=C(O)C=CC(=C1)C(O)CNCCCCCCOCCCCC1=CC=CC=C1,P07550|P08588|P13945,P08684|P20815|P24462|P10632,P08684|P20815|P24462|P10632,PUBCHEM.COMPOUND:5152,DOID:0060870|DOID:0060872|DOID:0060873|DOID:0060874|DOID:0060875|DOID:0080158|DOID:0090070|DOID:0090071|DOID:0090072|DOID:0090073|DOID:0090074|DOID:0090076|DOID:0090077|DOID:0090078|DOID:0090079|DOID:0090080|DOID:0090081|DOID:0090082|DOID:0090083|DOID:0090084|DOID:0090085|DOID:0090086|DOID:0090087|DOID:0090089|DOID:0090090|DOID:0090092|DOID:0090093|DOID:0090094|DOID:10763|DOID:10825|DOID:11476|DOID:12361|DOID:14262|DOID:1508|DOID:1564|DOID:1686|DOID:1826|DOID:1837|DOID:2841|DOID:3393|DOID:3614|DOID:4195|DOID:4500|DOID:533|DOID:7997|DOID:7998|DOID:8913|DOID:9351|DOID:9360|DOID:9406|DOID:9410|DOID:9415|DOID:9476,NCBIGENE:1401|NCBIGENE:153|NCBIGENE:154|NCBIGENE:155|NCBIGENE:1576|NCBIGENE:1577|NCBIGENE:1843|NCBIGENE:2908|NCBIGENE:3567|NCBIGENE:3576|NCBIGENE:3586|NCBIGENE:3627|NCBIGENE:3684|NCBIGENE:7052|NCBIGENE:7124
DB00248,362,[H][C@@]12CC3=CNC4=CC=CC(=C34)[C@@]1([H])C[C@H](CN2CC=C)C(=O)N(CCCN(C)C)C(=O)NCC,P14416|P41595|P35462|P28223|P18089|P28221|P21917|P08913|P08908|P18825|P21918|P21728|P28222|P28335|P34969|P35348|P35368|P25100|P08588|P07550,P08684,P08684,PUBCHEM.COMPOUND:54746,DOID:0060262|DOID:12123|DOID:12700|DOID:2797|DOID:3770|DOID:4079|DOID:409,NCBIGENE:146|NCBIGENE:147|NCBIGENE:148|NCBIGENE:150|NCBIGENE:152|NCBIGENE:153|NCBIGENE:154|NCBIGENE:1813|NCBIGENE:1814|NCBIGENE:1815|NCBIGENE:1816|NCBIGENE:3350|NCBIGENE:3351|NCBIGENE:3357|NCBIGENE:3358|NCBIGENE:3363|NCBIGENE:5617
DB04898,363,CCOC(=O)CN[C@@H](C(=O)N1CC[C@H]1C(=O)NCC1=CC=C(C=C1)C(\N)=N\O)C1CCCCC1,P00734,,,PUBCHEM.COMPOUND:9574101,,NCBIGENE:2147|NCBIGENE:3586
DB01628,364,CC1=NC=C(C=C1)C1=C(C=C(Cl)C=N1)C1=CC=C(C=C1)S(C)(=O)=O,P35354,,,PUBCHEM.COMPOUND:123619,,NCBIGENE:4057|NCBIGENE:4241|NCBIGENE:5732|NCBIGENE:5743|NCBIGENE:7018|NCBIGENE:9376
DB00613,365,CCN(CC)CC1=C(O)C=CC(NC2=C3C=CC(Cl)=CC3=NC=C2)=C1,P50135,P10632|P04798|Q16678|P10635|P11712,P10632|P04798|Q16678|P10635|P11712,PUBCHEM.COMPOUND:2165,,NCBIGENE:1544|NCBIGENE:1557|NCBIGENE:1558|NCBIGENE:1559|NCBIGENE:1565|NCBIGENE:3176
DB09167,366,CN(C)CC\C=C1/C2=CC=CC=C2CSC2=CC=CC=C12,P08908|P28223|P35367|P11229|P08172|P20309|P08173|P08912|P23975|P31645,P10635|P05177|P33261|P11712,P10635|P05177|P33261|P11712,PUBCHEM.COMPOUND:5284550,DOID:1470|DOID:1595|DOID:1596|DOID:2848,
DB05381,367,NCCC1=CNC=N1,P35367|P25021|Q9Y5N1|Q9H3N8|Q05940,P50135,P50135,PUBCHEM.COMPOUND:774,DOID:0050741|DOID:0110741|DOID:0110742|DOID:0110743|DOID:0110744|DOID:0110745|DOID:0110746|DOID:0110747|DOID:0110748|DOID:0110749|DOID:0110750|DOID:0110751|DOID:0110752|DOID:0110753|DOID:0110754|DOID:0110755|DOID:0110756|DOID:0110757|DOID:0110758|DOID:0110759|DOID:0110760|DOID:0110761|DOID:10763|DOID:10825|DOID:11328|DOID:114|DOID:12361|DOID:1287|DOID:13206|DOID:13550|DOID:13739|DOID:13948|DOID:1405|DOID:14445|DOID:14557|DOID:1574|DOID:1686|DOID:1837|DOID:1936|DOID:2348|DOID:2841|DOID:2883|DOID:302|DOID:303|DOID:3393|DOID:381|DOID:4079|DOID:5160|DOID:5418|DOID:6000|DOID:6432|DOID:750|DOID:7997|DOID:7998|DOID:848|DOID:9119|DOID:9282|DOID:9351|DOID:9360|DOID:9415|DOID:9744,NCBIGENE:100463486|NCBIGENE:100996758|NCBIGENE:10316|NCBIGENE:104909134|NCBIGENE:10516|NCBIGENE:105379861|NCBIGENE:10563|NCBIGENE:10636|NCBIGENE:107|NCBIGENE:108|NCBIGENE:10803|NCBIGENE:10850|NCBIGENE:10874|NCBIGENE:10886|NCBIGENE:10887|NCBIGENE:109|NCBIGENE:111|NCBIGENE:112|NCBIGENE:11251|NCBIGENE:11255|NCBIGENE:1128|NCBIGENE:113091|NCBIGENE:1131|NCBIGENE:1132|NCBIGENE:1133|NCBIGENE:114|NCBIGENE:115|NCBIGENE:115557|NCBIGENE:1215|NCBIGENE:122042|NCBIGENE:1230|NCBIGENE:1232|NCBIGENE:1233|NCBIGENE:1234|NCBIGENE:1236|NCBIGENE:1237|NCBIGENE:1269|NCBIGENE:128674|NCBIGENE:129521|NCBIGENE:134864|NCBIGENE:136|NCBIGENE:1392|NCBIGENE:1394|NCBIGENE:1395|NCBIGENE:1437|NCBIGENE:146|NCBIGENE:147|NCBIGENE:148|NCBIGENE:1499|NCBIGENE:150|NCBIGENE:152|NCBIGENE:153|NCBIGENE:154|NCBIGENE:155|NCBIGENE:156|NCBIGENE:165140|NCBIGENE:1813|NCBIGENE:1814|NCBIGENE:1815|NCBIGENE:1816|NCBIGENE:183|NCBIGENE:186|NCBIGENE:1901|NCBIGENE:1906|NCBIGENE:1907|NCBIGENE:1908|NCBIGENE:1909|NCBIGENE:1910|NCBIGENE:1958|NCBIGENE:196883|NCBIGENE:213|NCBIGENE:2149|NCBIGENE:2150|NCBIGENE:2151|NCBIGENE:2152|NCBIGENE:216|NCBIGENE:222545|NCBIGENE:2260|NCBIGENE:23236|NCBIGENE:2353|NCBIGENE:2359|NCBIGENE:23620|NCBIGENE:2492|NCBIGENE:2520|NCBIGENE:256933|NCBIGENE:257313|NCBIGENE:2587|NCBIGENE:259285|NCBIGENE:259286|NCBIGENE:259287|NCBIGENE:259289|NCBIGENE:259290|NCBIGENE:259292|NCBIGENE:259293|NCBIGENE:259294|NCBIGENE:259295|NCBIGENE:259296|NCBIGENE:2641|NCBIGENE:2642|NCBIGENE:2692|NCBIGENE:2693|NCBIGENE:2695|NCBIGENE:2696|NCBIGENE:27199|NCBIGENE:27334|NCBIGENE:2740|NCBIGENE:2767|NCBIGENE:2769|NCBIGENE:2770|NCBIGENE:2771|NCBIGENE:2773|NCBIGENE:2776|NCBIGENE:2778|NCBIGENE:2796|NCBIGENE:2797|NCBIGENE:2798|NCBIGENE:2826|NCBIGENE:2828|NCBIGENE:2829|NCBIGENE:2831|NCBIGENE:2832|NCBIGENE:2833|NCBIGENE:2837|NCBIGENE:283869|NCBIGENE:2841|NCBIGENE:2847|NCBIGENE:2862|NCBIGENE:2864|NCBIGENE:2865|NCBIGENE:2869|NCBIGENE:2912|NCBIGENE:2913|NCBIGENE:2915|NCBIGENE:2916|NCBIGENE:2917|NCBIGENE:2918|NCBIGENE:2919|NCBIGENE:2920|NCBIGENE:2921|NCBIGENE:2922|NCBIGENE:2925|NCBIGENE:29933|NCBIGENE:3060|NCBIGENE:3067|NCBIGENE:314|NCBIGENE:3176|NCBIGENE:3269|NCBIGENE:3274|NCBIGENE:3350|NCBIGENE:3351|NCBIGENE:3354|NCBIGENE:3355|NCBIGENE:3357|NCBIGENE:3358|NCBIGENE:3360|NCBIGENE:3361|NCBIGENE:3362|NCBIGENE:3363|NCBIGENE:3375|NCBIGENE:3383|NCBIGENE:338398|NCBIGENE:338442|NCBIGENE:338567|NCBIGENE:339403|NCBIGENE:3439|NCBIGENE:3447|NCBIGENE:346562|NCBIGENE:351|NCBIGENE:3553|NCBIGENE:3558|NCBIGENE:3565|NCBIGENE:3576|NCBIGENE:3577|NCBIGENE:3579|NCBIGENE:3586|NCBIGENE:3600|NCBIGENE:3603|NCBIGENE:362|NCBIGENE:3627|NCBIGENE:3676|NCBIGENE:3757|NCBIGENE:3814|NCBIGENE:3827|NCBIGENE:3973|NCBIGENE:4056|NCBIGENE:4088|NCBIGENE:4157|NCBIGENE:4158|NCBIGENE:4159|NCBIGENE:4160|NCBIGENE:4161|NCBIGENE:4283|NCBIGENE:4295|NCBIGENE:4312|NCBIGENE:4543|NCBIGENE:4544|NCBIGENE:4803|NCBIGENE:4828|NCBIGENE:4829|NCBIGENE:4843|NCBIGENE:4846|NCBIGENE:4886|NCBIGENE:4887|NCBIGENE:4922|NCBIGENE:4923|NCBIGENE:4973|NCBIGENE:4985|NCBIGENE:4986|NCBIGENE:4987|NCBIGENE:4988|NCBIGENE:5020|NCBIGENE:5021|NCBIGENE:5028|NCBIGENE:5029|NCBIGENE:5030|NCBIGENE:50831|NCBIGENE:50832|NCBIGENE:50833|NCBIGENE:50834|NCBIGENE:50835|NCBIGENE:50836|NCBIGENE:50837|NCBIGENE:50838|NCBIGENE:50839|NCBIGENE:50840|NCBIGENE:50865|NCBIGENE:51083|NCBIGENE:51289|NCBIGENE:5179|NCBIGENE:5290|NCBIGENE:5330|NCBIGENE:53637|NCBIGENE:5367|NCBIGENE:5368|NCBIGENE:53829|NCBIGENE:54331|NCBIGENE:54429|NCBIGENE:5473|NCBIGENE:551|NCBIGENE:552|NCBIGENE:5540|NCBIGENE:5595|NCBIGENE:5617|NCBIGENE:5644|NCBIGENE:5646|NCBIGENE:56477|NCBIGENE:56670|NCBIGENE:56923|NCBIGENE:5697|NCBIGENE:57007|NCBIGENE:57105|NCBIGENE:57121|NCBIGENE:5726|NCBIGENE:5729|NCBIGENE:5731|NCBIGENE:5732|NCBIGENE:5733|NCBIGENE:5734|NCBIGENE:5737|NCBIGENE:5739|NCBIGENE:5741|NCBIGENE:57413|NCBIGENE:5743|NCBIGENE:5745|NCBIGENE:5746|NCBIGENE:58191|NCBIGENE:59340|NCBIGENE:594857|NCBIGENE:5972|NCBIGENE:5996|NCBIGENE:5997|NCBIGENE:5999|NCBIGENE:6000|NCBIGENE:6001|NCBIGENE:60675|NCBIGENE:623|NCBIGENE:6343|NCBIGENE:6344|NCBIGENE:6347|NCBIGENE:6363|NCBIGENE:6364|NCBIGENE:6366|NCBIGENE:6370|NCBIGENE:6372|NCBIGENE:6373|NCBIGENE:6374|NCBIGENE:6375|NCBIGENE:6387|NCBIGENE:64106|NCBIGENE:643|NCBIGENE:64407|NCBIGENE:64805|NCBIGENE:6506|NCBIGENE:6531|NCBIGENE:6571|NCBIGENE:6580|NCBIGENE:6582|NCBIGENE:6622|NCBIGENE:6649|NCBIGENE:6750|NCBIGENE:6751|NCBIGENE:6752|NCBIGENE:6754|NCBIGENE:6755|NCBIGENE:6774|NCBIGENE:6809|NCBIGENE:6846|NCBIGENE:6863|NCBIGENE:6865|NCBIGENE:6869|NCBIGENE:6870|NCBIGENE:6915|NCBIGENE:7054|NCBIGENE:7096|NCBIGENE:7098|NCBIGENE:7099|NCBIGENE:7124|NCBIGENE:718|NCBIGENE:719|NCBIGENE:7200|NCBIGENE:7204|NCBIGENE:727|NCBIGENE:728|NCBIGENE:729230|NCBIGENE:7412|NCBIGENE:7432|NCBIGENE:7433|NCBIGENE:7434|NCBIGENE:7450|NCBIGENE:7852|NCBIGENE:7857|NCBIGENE:79054|NCBIGENE:796|NCBIGENE:799|NCBIGENE:8111|NCBIGENE:81793|NCBIGENE:84109|NCBIGENE:84432|NCBIGENE:84539|NCBIGENE:846|NCBIGENE:84634|NCBIGENE:8477|NCBIGENE:8484|NCBIGENE:8601|NCBIGENE:8620|NCBIGENE:8673|NCBIGENE:8698|NCBIGENE:8811|NCBIGENE:8843|NCBIGENE:886|NCBIGENE:887|NCBIGENE:8877|NCBIGENE:8997|NCBIGENE:9002|NCBIGENE:9294|NCBIGENE:9340|NCBIGENE:9407|NCBIGENE:942|NCBIGENE:94233|NCBIGENE:9451|NCBIGENE:9628|NCBIGENE:9630|NCBIGENE:9934
DB11737,368,C#CC1=CC=CC(NC2=NC=NC3=CC4=C(OCCOCCOCCO4)C=C23)=C1,P00533,P08684|P05177|P20815,P08684|P05177|P20815,PUBCHEM.COMPOUND:22024915,DOID:1324|DOID:3908,NCBIGENE:1956
DB01186,369,[H][C@@]12CC3=CNC4=CC=CC(=C34)[C@@]1([H])C[C@@H](CSC)CN2CCC,P14416|P35462|P21917|P21918|P21728|P08908|P41595|P28223|P28221|P28222|P28335|P35348|P35368|P25100,P08684,P08684,PUBCHEM.COMPOUND:47811,DOID:10952|DOID:11482|DOID:118|DOID:13548|DOID:1425|DOID:1787|DOID:2527|DOID:2921|DOID:4079|DOID:557,NCBIGENE:146|NCBIGENE:147|NCBIGENE:148|NCBIGENE:150|NCBIGENE:152|NCBIGENE:1813|NCBIGENE:1814|NCBIGENE:1815|NCBIGENE:1816|NCBIGENE:3166|NCBIGENE:3350|NCBIGENE:3351|NCBIGENE:3357|NCBIGENE:3358|NCBIGENE:3362|NCBIGENE:3363|NCBIGENE:7054|NCBIGENE:7299
DB01184,370,ClC1=CC2=C(C=C1)N(C1CCN(CCCN3C(=O)NC4=CC=CC=C34)CC1)C(=O)N2,P35462|P14416,P05177|P20813|P10632|P10635|P08684|P20815|P24462,P05177|P20813|P10632|P10635|P08684|P20815|P24462,PUBCHEM.COMPOUND:3151,DOID:0060262|DOID:409,NCBIGENE:1555|NCBIGENE:1576|NCBIGENE:1577|NCBIGENE:1813|NCBIGENE:1814|NCBIGENE:1815|NCBIGENE:3757|NCBIGENE:7200
DB01589,371,FC1=CC=CC=C1C1=NCC(=S)N(CC(F)(F)F)C2=C1C=C(Cl)C=C2,,P08684|P33261|P11712,P08684|P33261|P11712,PUBCHEM.COMPOUND:4999,DOID:0050848|DOID:0060262|DOID:0060731|DOID:10952|DOID:12139|DOID:13268|DOID:1425|DOID:1470|DOID:1595|DOID:1596|DOID:2527|DOID:2848|DOID:2921|DOID:302|DOID:303|DOID:409|DOID:4964|DOID:557|DOID:850,NCBIGENE:2558|NCBIGENE:2560|NCBIGENE:2563|NCBIGENE:2564|NCBIGENE:2565|NCBIGENE:2566|NCBIGENE:2569|NCBIGENE:2570
DB01216,372,[H][C@@]12CC[C@H](C(=O)NC(C)(C)C)[C@@]1(C)CC[C@@]1([H])[C@@]2([H])CC[C@@]2([H])NC(=O)C=C[C@]12C,P31213|P18405|P51857,P08684|P20815|P24462,P08684|P20815|P24462,PUBCHEM.COMPOUND:57363,DOID:0060262|DOID:13206|DOID:2883|DOID:409,NCBIGENE:1576|NCBIGENE:1577|NCBIGENE:354|NCBIGENE:367|NCBIGENE:4318|NCBIGENE:5179|NCBIGENE:6715|NCBIGENE:6718|NCBIGENE:79644
DB00471,373,OC(=O)CC1(CC1)CS[C@H](CCC1=CC=CC=C1C(O)(C)C)C1=CC=CC(\C=C\C2=NC3=C(C=CC(Cl)=C3)C=C2)=C1,Q9Y271|P09917,P23219|P11509|P08684|P11712|P10632,P23219|P11509|P08684|P11712|P10632,PUBCHEM.COMPOUND:5281040,DOID:12139|DOID:14320|DOID:1470|DOID:1595|DOID:1596|DOID:2030|DOID:2841|DOID:2848|DOID:4481|DOID:4730|DOID:4964|DOID:9360|DOID:9415,NCBIGENE:1558|NCBIGENE:240|NCBIGENE:3565|NCBIGENE:3567|NCBIGENE:3596|NCBIGENE:57105|NCBIGENE:6356
DB01424,374,CN(C)C1=C(C)N(C)N(C1=O)C1=CC=CC=C1,,P11712|P10635|P08684|P33260|P05093|P33261|P05177|P10632,P11712|P10635|P08684|P33260|P05093|P33261|P05177|P10632,PUBCHEM.COMPOUND:6009,,NCBIGENE:1557|NCBIGENE:5742
DB00784,375,CC1=C(C)C(NC2=CC=CC=C2C(O)=O)=CC=C1,P35354|P23219,,,PUBCHEM.COMPOUND:4044,DOID:0060262|DOID:10763|DOID:10825|DOID:10952|DOID:114|DOID:11847|DOID:1247|DOID:1287|DOID:1425|DOID:2527|DOID:2921|DOID:409|DOID:557|DOID:5844|DOID:5854|DOID:750|DOID:9408,NCBIGENE:1646|NCBIGENE:4057|NCBIGENE:5742|NCBIGENE:5743|NCBIGENE:6906|NCBIGENE:7018|NCBIGENE:8644
DB01253,376,[H][C@@]12CC3=CNC4=CC=CC(=C34)C1=C[C@H](CN2C)C(=O)N[C@@H](C)CO,P35348,P08684,P08684,PUBCHEM.COMPOUND:443884,DOID:0060262|DOID:10763|DOID:10825|DOID:10952|DOID:1425|DOID:1826|DOID:2527|DOID:2921|DOID:3526|DOID:409|DOID:5160|DOID:557|DOID:6713,NCBIGENE:148|NCBIGENE:3351|NCBIGENE:3354|NCBIGENE:3357|NCBIGENE:3358|NCBIGENE:3362
DB00297,377,CCCCN1CCCCC1C(=O)NC1=C(C)C=CC=C1C,Q9Y5Y9|P34995,,,PUBCHEM.COMPOUND:2474,DOID:0050328|DOID:0050589|DOID:0050741|DOID:0060224|DOID:0060262|DOID:0110423|DOID:0110424|DOID:0110426|DOID:0110427|DOID:0110428|DOID:0110429|DOID:0110430|DOID:0110431|DOID:0110432|DOID:0110433|DOID:0110434|DOID:0110435|DOID:0110436|DOID:0110437|DOID:0110438|DOID:0110439|DOID:0110441|DOID:0110442|DOID:0110443|DOID:0110444|DOID:0110445|DOID:0110446|DOID:0110447|DOID:0110448|DOID:0110449|DOID:0110450|DOID:0110451|DOID:0110452|DOID:0110453|DOID:0110454|DOID:0110455|DOID:0110456|DOID:0110457|DOID:0110458|DOID:0110459|DOID:0110460|DOID:0110461|DOID:0110892|DOID:10493|DOID:10763|DOID:10825|DOID:10952|DOID:114|DOID:11459|DOID:11634|DOID:11847|DOID:11981|DOID:12361|DOID:12720|DOID:1287|DOID:12930|DOID:13087|DOID:13097|DOID:1319|DOID:13206|DOID:13548|DOID:13550|DOID:13603|DOID:13774|DOID:1405|DOID:1425|DOID:14445|DOID:1459|DOID:1574|DOID:1742|DOID:1826|DOID:1837|DOID:2089|DOID:2527|DOID:2841|DOID:2883|DOID:2921|DOID:302|DOID:303|DOID:3083|DOID:3393|DOID:384|DOID:3878|DOID:409|DOID:437|DOID:4500|DOID:557|DOID:5844|DOID:5854|DOID:7997|DOID:7998|DOID:8442|DOID:8515|DOID:8577|DOID:9351|DOID:9408|DOID:9428|DOID:9741,NCBIGENE:1576|NCBIGENE:3741|NCBIGENE:3776|NCBIGENE:4988|NCBIGENE:5566|NCBIGENE:5567|NCBIGENE:5731|NCBIGENE:57539|NCBIGENE:6336|NCBIGENE:788|NCBIGENE:9451
DB00294,378,[H][C@@]12CC[C@@](O)(C#C)[C@@]1(CC)CC(=C)[C@]1([H])[C@@]3([H])CCC(=O)C=C3CC[C@@]21[H],P06401,P08684,P08684,PUBCHEM.COMPOUND:6917715,DOID:0060262|DOID:10175|DOID:10763|DOID:10825|DOID:10952|DOID:1168|DOID:11847|DOID:12139|DOID:13268|DOID:1380|DOID:14115|DOID:14221|DOID:1425|DOID:146|DOID:1470|DOID:1595|DOID:1596|DOID:1727|DOID:1826|DOID:1837|DOID:2394|DOID:2450|DOID:2527|DOID:2841|DOID:2848|DOID:2871|DOID:2921|DOID:3393|DOID:3526|DOID:3571|DOID:3875|DOID:4079|DOID:409|DOID:4964|DOID:557|DOID:5844|DOID:5854|DOID:6364|DOID:6713|DOID:684|DOID:6929|DOID:9074|DOID:9351|DOID:9360|DOID:9408|DOID:9415|DOID:9460|DOID:9477|DOID:9970,NCBIGENE:1557|NCBIGENE:5241
DB00243,379,COC1=CC=CC=C1OCC(O)CN1CCN(CC(=O)NC2=C(C)C=CC=C2C)CC1,P08588,P08684|P10635,P08684|P10635,PUBCHEM.COMPOUND:56959,DOID:10952|DOID:1425|DOID:2527|DOID:2921|DOID:5082|DOID:557,NCBIGENE:3752|NCBIGENE:3757|NCBIGENE:6335|NCBIGENE:6336
DB01437,380,CCC1(CCC(=O)NC1=O)C1=CC=CC=C1,P14867,P05108,P05108,PUBCHEM.COMPOUND:3487,DOID:0050328|DOID:0060262|DOID:11634|DOID:1459|DOID:2739|DOID:2741|DOID:409|DOID:9993,NCBIGENE:1565
DB12332,381,CNCC1=CC=C(C=C1)C1=C2CCNC(=O)C3=C2C(N1)=CC(F)=C3,P09874|Q9UGN5|Q9Y6F1,P10635|P05177|P08684|P20815|P24462|Q9HB55|P33261|P11712|P10632|P22309,P10635|P05177|P08684|P20815|P24462|Q9HB55|P33261|P11712|P10632|P22309,PUBCHEM.COMPOUND:9931954,DOID:2394,
DB03756,382,CC\C=C/C\C=C/C\C=C/C\C=C/C\C=C/C\C=C/CCC(O)=O,Q07869|P37231|P19793|P28702|P48443|P36956|P01106,P11712,P11712,PUBCHEM.COMPOUND:445580,,NCBIGENE:10005|NCBIGENE:10965|NCBIGENE:11332|NCBIGENE:122970|NCBIGENE:2173|NCBIGENE:2641|NCBIGENE:30|NCBIGENE:338557|NCBIGENE:5122|NCBIGENE:5468|NCBIGENE:570|NCBIGENE:5743|NCBIGENE:6256|NCBIGENE:6342|NCBIGENE:641371
DB00889,383,CN1N=C(C(=O)N[C@@H]2C[C@@H]3CCC[C@H](C2)N3C)C2=C1C=CC=C2,P46098,P08684|P04798,P08684|P04798,PUBCHEM.COMPOUND:5284566,DOID:4500,
DB00946,384,CCC(C1=CC=CC=C1)C1=C(O)C2=C(OC1=O)C=CC=C2,Q9BQB6,,,PUBCHEM.COMPOUND:54680692,DOID:11847|DOID:5844|DOID:5854|DOID:9408,NCBIGENE:1559|NCBIGENE:213|NCBIGENE:79001
DB00381,385,CCOC(=O)C1=C(COCCN)NC(C)=C(C1C1=CC=CC=C1Cl)C(=O)OC,Q13936|Q9P0X4|Q00975|Q02641|Q8IZS8|P00915|P17405,,,PUBCHEM.COMPOUND:2162,DOID:0050328|DOID:0050590|DOID:0050741|DOID:0060262|DOID:0080001|DOID:1029|DOID:10763|DOID:10825|DOID:10952|DOID:11634|DOID:1222|DOID:1227|DOID:12449|DOID:12550|DOID:12678|DOID:12679|DOID:12987|DOID:13189|DOID:13413|DOID:13543|DOID:13580|DOID:1425|DOID:1459|DOID:14735|DOID:1558|DOID:1574|DOID:1837|DOID:1920|DOID:2383|DOID:2485|DOID:2527|DOID:2913|DOID:2921|DOID:2972|DOID:2983|DOID:3341|DOID:3526|DOID:409|DOID:423|DOID:4500|DOID:4989|DOID:557|DOID:65|DOID:6713|DOID:7327|DOID:854|DOID:9074|DOID:9351|DOID:9352,NCBIGENE:1401|NCBIGENE:1576|NCBIGENE:1577|NCBIGENE:3156|NCBIGENE:3717|NCBIGENE:5444|NCBIGENE:55799|NCBIGENE:5972|NCBIGENE:6403|NCBIGENE:6609|NCBIGENE:7040|NCBIGENE:775|NCBIGENE:776|NCBIGENE:779|NCBIGENE:781|NCBIGENE:782|NCBIGENE:783
DB00717,386,[H][C@@]12CC[C@@](O)(C#C)[C@@]1(C)CC[C@]1([H])[C@@]3([H])CCC(=O)C=C3CC[C@@]21[H],P06401|P10275|P04150,P08684|P17516|P26439|P51857|P33261|P05177|P11509,P08684|P17516|P26439|P51857|P33261|P05177|P11509,PUBCHEM.COMPOUND:6230,DOID:0050328|DOID:0060262|DOID:0060810|DOID:10175|DOID:10763|DOID:10825|DOID:10952|DOID:11476|DOID:11634|DOID:1168|DOID:11847|DOID:12139|DOID:12678|DOID:12679|DOID:127|DOID:12859|DOID:13223|DOID:13268|DOID:13603|DOID:1380|DOID:1425|DOID:1459|DOID:146|DOID:1470|DOID:1595|DOID:1596|DOID:1727|DOID:1826|DOID:1837|DOID:2394|DOID:2450|DOID:2451|DOID:2452|DOID:2485|DOID:2527|DOID:2841|DOID:2848|DOID:2871|DOID:288|DOID:289|DOID:2893|DOID:2921|DOID:3133|DOID:3393|DOID:3526|DOID:3571|DOID:3755|DOID:3756|DOID:3875|DOID:4079|DOID:409|DOID:4195|DOID:4362|DOID:4386|DOID:4964|DOID:557|DOID:5844|DOID:5854|DOID:6364|DOID:6543|DOID:6713|DOID:684|DOID:6929|DOID:9074|DOID:9351|DOID:9360|DOID:9408|DOID:9415|DOID:9460|DOID:9477|DOID:9741|DOID:9970,NCBIGENE:1557|NCBIGENE:5241|NCBIGENE:632|NCBIGENE:6462|NCBIGENE:7476
DB06016,387,CN(C)C(=O)N[C@H]1CC[C@H](CCN2CCN(CC2)C2=C(Cl)C(Cl)=CC=C2)CC1,P35462|P14416|P08908|P41595|P28223|P35367|P28335|P35348,P08684|P10635|P20815|P05177|P11712|P33261|P05181,P08684|P10635|P20815|P05177|P11712|P33261|P05181,PUBCHEM.COMPOUND:11154555,DOID:3312|DOID:5419,NCBIGENE:1576|NCBIGENE:1813|NCBIGENE:1814|NCBIGENE:3350
DB00712,388,CC(C(O)=O)C1=CC(F)=C(C=C1)C1=CC=CC=C1,P35354|P23219,,,PUBCHEM.COMPOUND:3394,DOID:0050741|DOID:0060262|DOID:10763|DOID:10825|DOID:10952|DOID:114|DOID:11847|DOID:1247|DOID:1287|DOID:1425|DOID:1574|DOID:2527|DOID:2921|DOID:381|DOID:409|DOID:557|DOID:5844|DOID:5854|DOID:7148|DOID:750|DOID:848|DOID:9408,NCBIGENE:1559|NCBIGENE:1645|NCBIGENE:1646|NCBIGENE:213|NCBIGENE:2166|NCBIGENE:224|NCBIGENE:3248|NCBIGENE:351|NCBIGENE:3952|NCBIGENE:4318|NCBIGENE:54578|NCBIGENE:54659|NCBIGENE:5742|NCBIGENE:5743|NCBIGENE:7364|NCBIGENE:8644
DB11581,389,CC1(C)CCC(CN2CCN(CC2)C2=CC=C(C(=O)NS(=O)(=O)C3=CC=C(NCC4CCOCC4)C(=C3)[N+]([O-])=O)C(OC3=CN=C4NC=CC4=C3)=C2)=C(C1)C1=CC=C(Cl)C=C1,P10415,P08684,P08684,PUBCHEM.COMPOUND:49846579,DOID:1040|DOID:1703,
DB01223,390,NCCN.CN1C2=C(NC=N2)C(=O)N(C)C1=O.CN1C2=C(NC=N2)C(=O)N(C)C1=O,Q14432|P30542|P0DMS8|Q92769,P05181|P08684|P05177,P05181|P08684|P05177,PUBCHEM.COMPOUND:9433,,NCBIGENE:112802|NCBIGENE:121391|NCBIGENE:3066|NCBIGENE:3558|NCBIGENE:5139|NCBIGENE:5648|NCBIGENE:836
DB04572,391,S=P(N1CC1)(N1CC1)N1CC1,,P08684|P06276|P20813,P08684|P06276|P20813,PUBCHEM.COMPOUND:5453,DOID:0060058|DOID:0060060|DOID:0060262|DOID:10952|DOID:11054|DOID:12449|DOID:1247|DOID:1425|DOID:1588|DOID:2355|DOID:2361|DOID:2394|DOID:2527|DOID:2571|DOID:2921|DOID:4007|DOID:409|DOID:557|DOID:615|DOID:707|DOID:8538|DOID:8543|DOID:8567|DOID:8628|DOID:8651|DOID:8654|DOID:8675,NCBIGENE:1555|NCBIGENE:2950
DB00477,392,CN(C)CCCN1C2=CC=CC=C2SC2=C1C=C(Cl)C=C2,P14416|P21728|P08908|P28223|P35348|P35368|P35367|Q12809|P35462|P21917|P21918|P28335|P11229|P20309|P17405|P0DP23|P50406|P34969|Q9H3N8,P10635|P05177|P05181|P08684|P06276,P10635|P05177|P05181|P08684|P06276,PUBCHEM.COMPOUND:2726,DOID:0050590|DOID:0050741|DOID:0050841|DOID:0060262|DOID:11328|DOID:11847|DOID:1227|DOID:12700|DOID:12987|DOID:12995|DOID:13206|DOID:13548|DOID:14221|DOID:1432|DOID:14464|DOID:1574|DOID:1588|DOID:1686|DOID:1826|DOID:2355|DOID:2361|DOID:2883|DOID:3393|DOID:3890|DOID:409|DOID:4195|DOID:529|DOID:5418|DOID:5419|DOID:5844|DOID:5854|DOID:615|DOID:679|DOID:9408|DOID:9854|DOID:9970,NCBIGENE:10396|NCBIGENE:1128|NCBIGENE:1131|NCBIGENE:1132|NCBIGENE:1133|NCBIGENE:1211|NCBIGENE:146|NCBIGENE:147|NCBIGENE:148|NCBIGENE:150|NCBIGENE:152|NCBIGENE:1544|NCBIGENE:1555|NCBIGENE:1565|NCBIGENE:1576|NCBIGENE:1813|NCBIGENE:1814|NCBIGENE:1815|NCBIGENE:1816|NCBIGENE:216|NCBIGENE:2237|NCBIGENE:2288|NCBIGENE:3269|NCBIGENE:3274|NCBIGENE:335|NCBIGENE:3350|NCBIGENE:3354|NCBIGENE:3357|NCBIGENE:3358|NCBIGENE:3362|NCBIGENE:3363|NCBIGENE:3757|NCBIGENE:43|NCBIGENE:5004|NCBIGENE:5005|NCBIGENE:5621|NCBIGENE:59340|NCBIGENE:6285|NCBIGENE:6609|NCBIGENE:6616|NCBIGENE:6649|NCBIGENE:7018|NCBIGENE:801|NCBIGENE:805|NCBIGENE:808|NCBIGENE:9407
DB00475,393,CNC1=NC2=C(C=C(Cl)C=C2)C(C2=CC=CC=C2)=[N+]([O-])C1,,P08684,P08684,PUBCHEM.COMPOUND:2712,DOID:0050328|DOID:0050741|DOID:0050848|DOID:0060185|DOID:0060262|DOID:0060731|DOID:0060810|DOID:0110892|DOID:1067|DOID:10763|DOID:10808|DOID:10825|DOID:10915|DOID:10952|DOID:11328|DOID:11569|DOID:11634|DOID:1168|DOID:11847|DOID:11963|DOID:12139|DOID:12361|DOID:12642|DOID:12678|DOID:12679|DOID:127|DOID:12859|DOID:13186|DOID:13206|DOID:13223|DOID:13268|DOID:13550|DOID:1380|DOID:13948|DOID:13976|DOID:1405|DOID:1425|DOID:14250|DOID:14320|DOID:14445|DOID:1459|DOID:1470|DOID:1574|DOID:1595|DOID:1596|DOID:1686|DOID:1727|DOID:1826|DOID:1837|DOID:2030|DOID:2394|DOID:2450|DOID:2451|DOID:2452|DOID:2485|DOID:2527|DOID:2841|DOID:2848|DOID:2871|DOID:288|DOID:2883|DOID:289|DOID:2921|DOID:302|DOID:303|DOID:3133|DOID:3393|DOID:3526|DOID:3755|DOID:3756|DOID:3827|DOID:3875|DOID:3878|DOID:409|DOID:437|DOID:4386|DOID:4964|DOID:5200|DOID:5418|DOID:557|DOID:5844|DOID:5854|DOID:6364|DOID:6713|DOID:750|DOID:7997|DOID:7998|DOID:8442|DOID:850|DOID:8534|DOID:8577|DOID:9074|DOID:9164|DOID:9351|DOID:936|DOID:9360|DOID:9408|DOID:9415|DOID:9460|DOID:9477|DOID:9778|DOID:9970,
DB00472,394,CNCCC(OC1=CC=C(C=C1)C(F)(F)F)C1=CC=CC=C1,P31645|P28335|Q15822|P32297|P30926|P61024|Q12809,,,PUBCHEM.COMPOUND:3386,DOID:0050590|DOID:0060262|DOID:10933|DOID:1168|DOID:11847|DOID:12129|DOID:12139|DOID:1227|DOID:1247|DOID:12700|DOID:12987|DOID:13003|DOID:13206|DOID:13550|DOID:1405|DOID:14221|DOID:14445|DOID:14464|DOID:1470|DOID:1595|DOID:1596|DOID:1826|DOID:1837|DOID:1876|DOID:224|DOID:2848|DOID:2883|DOID:3312|DOID:3393|DOID:3401|DOID:3526|DOID:3878|DOID:409|DOID:4195|DOID:4964|DOID:5082|DOID:5844|DOID:5854|DOID:594|DOID:6000|DOID:615|DOID:6713|DOID:8442|DOID:8689|DOID:9351|DOID:9408|DOID:9854|DOID:9970,NCBIGENE:1128|NCBIGENE:1131|NCBIGENE:1325|NCBIGENE:1385|NCBIGENE:1392|NCBIGENE:1557|NCBIGENE:1558|NCBIGENE:1559|NCBIGENE:1565|NCBIGENE:1576|NCBIGENE:1906|NCBIGENE:284695|NCBIGENE:2898|NCBIGENE:2908|NCBIGENE:3350|NCBIGENE:3351|NCBIGENE:3357|NCBIGENE:3358|NCBIGENE:3363|NCBIGENE:3481|NCBIGENE:3576|NCBIGENE:3746|NCBIGENE:3752|NCBIGENE:3757|NCBIGENE:3760|NCBIGENE:4129|NCBIGENE:4318|NCBIGENE:5322|NCBIGENE:57030|NCBIGENE:590|NCBIGENE:598|NCBIGENE:627|NCBIGENE:6285|NCBIGENE:6500|NCBIGENE:6530|NCBIGENE:6531|NCBIGENE:6532|NCBIGENE:6657|NCBIGENE:6855|NCBIGENE:7054|NCBIGENE:7124|NCBIGENE:7157|NCBIGENE:7473|NCBIGENE:836|NCBIGENE:8399|NCBIGENE:89780|NCBIGENE:9407
DB09082,395,OCC1=C(O)C=CC(=C1)[C@@H](O)CNCCCCCCOCCOCC1=C(Cl)C=CC=C1Cl,P07550,P08684,P08684,PUBCHEM.COMPOUND:10184665,DOID:2841|DOID:3083|DOID:6132|DOID:9360|DOID:9415,NCBIGENE:154
DB00857,396,CN(C\C=C\C#CC(C)(C)C)CC1=CC=CC2=CC=CC=C12,Q92206|Q14534,P23219|P10635|P11712|P05177|P08684|P10632|P33261,P23219|P10635|P11712|P05177|P08684|P10632|P33261,PUBCHEM.COMPOUND:1549008,DOID:0050741|DOID:0060262|DOID:10952|DOID:12179|DOID:1425|DOID:1574|DOID:2527|DOID:2921|DOID:409|DOID:557|DOID:9060|DOID:9074,
DB00402,397,CN1CCN(CC1)C(=O)O[C@@H]1N(C(=O)C2=NC=CN=C12)C1=NC=C(Cl)C=C1,P14867|P47869|P34903|P31644,P08684|P10632,P08684|P10632,PUBCHEM.COMPOUND:969472,DOID:12139|DOID:1470|DOID:1595|DOID:1596|DOID:2848|DOID:4964,NCBIGENE:2558
DB00554,398,CN1C(C(=O)NC2=NC=CC=C2)=C(O)C2=C(C=CC=C2)S1(=O)=O,P35354|P23219,,,PUBCHEM.COMPOUND:54676228,DOID:0050741|DOID:0060262|DOID:10763|DOID:10825|DOID:10952|DOID:114|DOID:11847|DOID:1247|DOID:1287|DOID:1425|DOID:1432|DOID:1574|DOID:2237|DOID:2355|DOID:2361|DOID:2527|DOID:2921|DOID:3526|DOID:381|DOID:409|DOID:557|DOID:5844|DOID:5854|DOID:6000|DOID:6713|DOID:7148|DOID:848|DOID:9408,
DB12161,399,[2H]C([2H])([2H])OC1=CC2=C(C=C1OC([2H])([2H])[2H])[C@@H]1CC(=O)[C@@H](CC(C)C)CN1CC2,Q05940,P16152|O75828|P10635|P05177|P20815|P08684,P16152|O75828|P10635|P05177|P20815|P08684,PUBCHEM.COMPOUND:73442840,,
DB01394,400,COC1=CC2=C(C(OC)=C1OC)C1=CC=C(OC)C(=O)C=C1[C@H](CC2)NC(C)=O,P07437,P08684|P20813|P10632|P05181,P08684|P20813|P10632|P05181,PUBCHEM.COMPOUND:2833,,NCBIGENE:100463486|NCBIGENE:100996758|NCBIGENE:10316|NCBIGENE:105379861|NCBIGENE:10563|NCBIGENE:10636|NCBIGENE:107|NCBIGENE:108|NCBIGENE:10803|NCBIGENE:10850|NCBIGENE:10874|NCBIGENE:109|NCBIGENE:111|NCBIGENE:112|NCBIGENE:11251|NCBIGENE:11255|NCBIGENE:1132|NCBIGENE:114|NCBIGENE:115|NCBIGENE:1230|NCBIGENE:1232|NCBIGENE:1233|NCBIGENE:1234|NCBIGENE:1236|NCBIGENE:1237|NCBIGENE:1269|NCBIGENE:129521|NCBIGENE:150|NCBIGENE:152|NCBIGENE:165140|NCBIGENE:1813|NCBIGENE:1814|NCBIGENE:1815|NCBIGENE:183|NCBIGENE:186|NCBIGENE:1901|NCBIGENE:196883|NCBIGENE:203068|NCBIGENE:2359|NCBIGENE:256933|NCBIGENE:2587|NCBIGENE:259285|NCBIGENE:259286|NCBIGENE:259287|NCBIGENE:259289|NCBIGENE:259290|NCBIGENE:259292|NCBIGENE:259293|NCBIGENE:259294|NCBIGENE:259295|NCBIGENE:259296|NCBIGENE:27199|NCBIGENE:2770|NCBIGENE:2771|NCBIGENE:2773|NCBIGENE:2826|NCBIGENE:2831|NCBIGENE:2832|NCBIGENE:2833|NCBIGENE:283869|NCBIGENE:2841|NCBIGENE:2847|NCBIGENE:2912|NCBIGENE:2913|NCBIGENE:2916|NCBIGENE:2917|NCBIGENE:2918|NCBIGENE:2919|NCBIGENE:2920|NCBIGENE:2921|NCBIGENE:3350|NCBIGENE:3351|NCBIGENE:3354|NCBIGENE:3355|NCBIGENE:3361|NCBIGENE:338398|NCBIGENE:338442|NCBIGENE:339403|NCBIGENE:346562|NCBIGENE:351|NCBIGENE:3576|NCBIGENE:3577|NCBIGENE:3579|NCBIGENE:3627|NCBIGENE:3827|NCBIGENE:4283|NCBIGENE:4543|NCBIGENE:4544|NCBIGENE:4886|NCBIGENE:4887|NCBIGENE:4985|NCBIGENE:4986|NCBIGENE:4987|NCBIGENE:4988|NCBIGENE:5030|NCBIGENE:50831|NCBIGENE:50832|NCBIGENE:50833|NCBIGENE:50834|NCBIGENE:50835|NCBIGENE:50836|NCBIGENE:50837|NCBIGENE:50838|NCBIGENE:50839|NCBIGENE:50840|NCBIGENE:50865|NCBIGENE:51083|NCBIGENE:51289|NCBIGENE:5179|NCBIGENE:53637|NCBIGENE:5367|NCBIGENE:5368|NCBIGENE:53829|NCBIGENE:54331|NCBIGENE:54429|NCBIGENE:5473|NCBIGENE:5540|NCBIGENE:56477|NCBIGENE:56670|NCBIGENE:56923|NCBIGENE:5697|NCBIGENE:57007|NCBIGENE:57121|NCBIGENE:5726|NCBIGENE:5733|NCBIGENE:57413|NCBIGENE:58191|NCBIGENE:59340|NCBIGENE:5996|NCBIGENE:5999|NCBIGENE:6000|NCBIGENE:6001|NCBIGENE:623|NCBIGENE:6363|NCBIGENE:6364|NCBIGENE:6366|NCBIGENE:6370|NCBIGENE:6372|NCBIGENE:6373|NCBIGENE:6374|NCBIGENE:6387|NCBIGENE:643|NCBIGENE:64407|NCBIGENE:64805|NCBIGENE:6750|NCBIGENE:6751|NCBIGENE:6752|NCBIGENE:6754|NCBIGENE:6755|NCBIGENE:718|NCBIGENE:719|NCBIGENE:727|NCBIGENE:728|NCBIGENE:729230|NCBIGENE:7852|NCBIGENE:81027|NCBIGENE:84539|NCBIGENE:846|NCBIGENE:8484|NCBIGENE:8601|NCBIGENE:8698|NCBIGENE:8811|NCBIGENE:8843|NCBIGENE:9294|NCBIGENE:9628|NCBIGENE:9934
DB00455,401,CCOC(=O)N1CCC(CC1)=C1C2=C(CCC3=C1N=CC=C3)C=C(Cl)C=C2,P35367|Q12809,,,PUBCHEM.COMPOUND:3957,DOID:0060262|DOID:10459|DOID:10460|DOID:10763|DOID:10825|DOID:10952|DOID:11204|DOID:12361|DOID:13206|DOID:13550|DOID:13739|DOID:1405|DOID:1425|DOID:14445|DOID:1837|DOID:1936|DOID:2275|DOID:2348|DOID:2457|DOID:2474|DOID:2527|DOID:2883|DOID:2921|DOID:3393|DOID:409|DOID:4481|DOID:4730|DOID:557|DOID:7997|DOID:7998|DOID:9351,NCBIGENE:1111|NCBIGENE:1557|NCBIGENE:1576|NCBIGENE:2796|NCBIGENE:3269|NCBIGENE:3383|NCBIGENE:338567|NCBIGENE:3741|NCBIGENE:3757|NCBIGENE:627|NCBIGENE:85569
DB12267,402,COC1=CC(=CC=C1NC1=NC=C(Cl)C(NC2=CC=CC=C2P(C)(C)=O)=N1)N1CCC(CC1)N1CCN(C)CC1,Q9UM73|P00533|P00519|P08069|P36888|P06213|P08581|Q15303|P04626,P10632|P08684,P10632|P08684,PUBCHEM.COMPOUND:68165256,DOID:1324|DOID:3908,
DB00568,403,C(\C=C\C1=CC=CC=C1)N1CCN(CC1)C(C1=CC=CC=C1)C1=CC=CC=C1,P35367|Q13936|Q01668|O60840|Q13698|O43497|O95180|Q9P0X4|P14416,,,PUBCHEM.COMPOUND:2761,,NCBIGENE:1128|NCBIGENE:1813|NCBIGENE:3269|NCBIGENE:775|NCBIGENE:776|NCBIGENE:778|NCBIGENE:779|NCBIGENE:8911|NCBIGENE:8912|NCBIGENE:8913
DB00877,404,[H][C@@]1(C[C@@H](C)[C@]2([H])CC(=O)[C@H](C)\C=C(C)\[C@@H](O)[C@@H](OC)C(=O)[C@H](C)C[C@H](C)\C=C\C=C\C=C(C)\[C@H](C[C@]3([H])CC[C@@H](C)[C@@](O)(O3)C(=O)C(=O)N3CCCC[C@@]3([H])C(=O)O2)OC)CC[C@@H](O)[C@@H](C1)OC,P42345,P08684|P20815|P24462,P08684|P20815|P24462,PUBCHEM.COMPOUND:5284616,DOID:0060058|DOID:0060262|DOID:10763|DOID:10825|DOID:10952|DOID:11482|DOID:1168|DOID:118|DOID:1319|DOID:1425|DOID:162|DOID:1837|DOID:2527|DOID:2739|DOID:2741|DOID:2921|DOID:3082|DOID:3165|DOID:3234|DOID:3319|DOID:3526|DOID:409|DOID:4159|DOID:4195|DOID:4450|DOID:4451|DOID:4464|DOID:4465|DOID:4467|DOID:4471|DOID:4473|DOID:4766|DOID:4976|DOID:4977|DOID:557|DOID:576|DOID:643|DOID:6713|DOID:8675|DOID:9351,NCBIGENE:10018|NCBIGENE:1017|NCBIGENE:1019|NCBIGENE:1027|NCBIGENE:10365|NCBIGENE:1050|NCBIGENE:10568|NCBIGENE:1071|NCBIGENE:11067|NCBIGENE:1234|NCBIGENE:140803|NCBIGENE:1440|NCBIGENE:154091|NCBIGENE:1576|NCBIGENE:1577|NCBIGENE:1843|NCBIGENE:1938|NCBIGENE:1978|NCBIGENE:1979|NCBIGENE:2019|NCBIGENE:208|NCBIGENE:213|NCBIGENE:2152|NCBIGENE:2194|NCBIGENE:2200|NCBIGENE:2281|NCBIGENE:2287|NCBIGENE:2288|NCBIGENE:2324|NCBIGENE:23362|NCBIGENE:2475|NCBIGENE:25805|NCBIGENE:2596|NCBIGENE:27250|NCBIGENE:283|NCBIGENE:2876|NCBIGENE:2932|NCBIGENE:2938|NCBIGENE:30009|NCBIGENE:3002|NCBIGENE:3064|NCBIGENE:30835|NCBIGENE:3156|NCBIGENE:3162|NCBIGENE:3206|NCBIGENE:3479|NCBIGENE:3484|NCBIGENE:3486|NCBIGENE:3558|NCBIGENE:3559|NCBIGENE:3562|NCBIGENE:3586|NCBIGENE:3603|NCBIGENE:3638|NCBIGENE:3659|NCBIGENE:3667|NCBIGENE:3725|NCBIGENE:3815|NCBIGENE:388969|NCBIGENE:3952|NCBIGENE:4000|NCBIGENE:404281|NCBIGENE:4170|NCBIGENE:4175|NCBIGENE:440275|NCBIGENE:471|NCBIGENE:472|NCBIGENE:4843|NCBIGENE:4846|NCBIGENE:4851|NCBIGENE:4953|NCBIGENE:4968|NCBIGENE:50507|NCBIGENE:5054|NCBIGENE:50943|NCBIGENE:5315|NCBIGENE:5366|NCBIGENE:54106|NCBIGENE:54210|NCBIGENE:54541|NCBIGENE:5468|NCBIGENE:54700|NCBIGENE:5478|NCBIGENE:55294|NCBIGENE:5530|NCBIGENE:5578|NCBIGENE:5582|NCBIGENE:5594|NCBIGENE:5728|NCBIGENE:5743|NCBIGENE:57468|NCBIGENE:57521|NCBIGENE:57650|NCBIGENE:5925|NCBIGENE:595|NCBIGENE:6009|NCBIGENE:6093|NCBIGENE:6135|NCBIGENE:6194|NCBIGENE:6195|NCBIGENE:6198|NCBIGENE:6199|NCBIGENE:6261|NCBIGENE:627|NCBIGENE:6319|NCBIGENE:6347|NCBIGENE:6401|NCBIGENE:6402|NCBIGENE:65018|NCBIGENE:6506|NCBIGENE:652|NCBIGENE:6543|NCBIGENE:6774|NCBIGENE:7018|NCBIGENE:7040|NCBIGENE:7096|NCBIGENE:7097|NCBIGENE:7099|NCBIGENE:7157|NCBIGENE:7248|NCBIGENE:7249|NCBIGENE:7494|NCBIGENE:7528|NCBIGENE:7879|NCBIGENE:80139|NCBIGENE:81671|NCBIGENE:81793|NCBIGENE:83540|NCBIGENE:836|NCBIGENE:861|NCBIGENE:8637|NCBIGENE:896|NCBIGENE:9021|NCBIGENE:9365|NCBIGENE:940|NCBIGENE:9407|NCBIGENE:9429|NCBIGENE:953|NCBIGENE:959|NCBIGENE:9935|NCBIGENE:999
DB00653,405,[Mg++].[O-]S([O-])(=O)=O,,,,PUBCHEM.COMPOUND:24083,DOID:0060173|DOID:1029|DOID:10952|DOID:11914|DOID:12678|DOID:12679|DOID:1425|DOID:14451|DOID:14452|DOID:2089|DOID:2106|DOID:2485|DOID:2527|DOID:2921|DOID:557|DOID:8337,NCBIGENE:775|NCBIGENE:779|NCBIGENE:781|NCBIGENE:782|NCBIGENE:783|NCBIGENE:786|NCBIGENE:973
DB05541,406,CCC[C@H]1CN([C@@H](CC)C(N)=O)C(=O)C1,Q7L0J3,P08684|P33261|P20813|P11712,P08684|P33261|P20813|P11712,PUBCHEM.COMPOUND:9837243,DOID:2234|DOID:3327,NCBIGENE:9900
DB00829,407,CN1C2=C(C=C(Cl)C=C2)C(=NCC1=O)C1=CC=CC=C1,,P11712|P24462|P08684|P33261|P20815|P20813|P23219|P33260|P10632,P11712|P24462|P08684|P33261|P20815|P20813|P23219|P33260|P10632,PUBCHEM.COMPOUND:3016,DOID:0050848|DOID:0060262|DOID:0060731|DOID:1067|DOID:10915|DOID:12139|DOID:13550|DOID:1405|DOID:14320|DOID:14445|DOID:1470|DOID:1595|DOID:1596|DOID:1824|DOID:1826|DOID:2030|DOID:2848|DOID:302|DOID:303|DOID:409|DOID:437|DOID:4964|DOID:850,NCBIGENE:1325|NCBIGENE:1557|NCBIGENE:1576|NCBIGENE:1577|NCBIGENE:213|NCBIGENE:2247|NCBIGENE:2353|NCBIGENE:2557|NCBIGENE:2558|NCBIGENE:2559|NCBIGENE:2560|NCBIGENE:2561|NCBIGENE:2563|NCBIGENE:2564|NCBIGENE:2565|NCBIGENE:2566|NCBIGENE:2569|NCBIGENE:2570|NCBIGENE:3600|NCBIGENE:43|NCBIGENE:5617|NCBIGENE:590|NCBIGENE:801|NCBIGENE:805|NCBIGENE:808|NCBIGENE:9360|NCBIGENE:9407
DB00451,408,N[C@@H](CC1=CC(I)=C(OC2=CC(I)=C(O)C(I)=C2)C(I)=C1)C(O)=O,P06756|P05106|P10827|P10828,,,PUBCHEM.COMPOUND:5819,DOID:0050328|DOID:0060870|DOID:0060872|DOID:0060873|DOID:0060874|DOID:0060875|DOID:0090070|DOID:0090071|DOID:0090072|DOID:0090073|DOID:0090074|DOID:0090076|DOID:0090077|DOID:0090078|DOID:0090079|DOID:0090080|DOID:0090081|DOID:0090082|DOID:0090083|DOID:0090084|DOID:0090085|DOID:0090086|DOID:0090087|DOID:0090089|DOID:0090090|DOID:0090092|DOID:0090093|DOID:0090094|DOID:10493|DOID:10763|DOID:10825|DOID:114|DOID:11476|DOID:11634|DOID:1168|DOID:11847|DOID:12176|DOID:12361|DOID:12837|DOID:1287|DOID:13195|DOID:13774|DOID:1459|DOID:1781|DOID:1837|DOID:3393|DOID:3614|DOID:50|DOID:533|DOID:5844|DOID:5854|DOID:7188|DOID:7997|DOID:7998|DOID:9351|DOID:9406|DOID:9408|DOID:9410|DOID:9476,NCBIGENE:10599|NCBIGENE:10720|NCBIGENE:1244|NCBIGENE:1733|NCBIGENE:1735|NCBIGENE:213|NCBIGENE:28231|NCBIGENE:551|NCBIGENE:6462|NCBIGENE:6906|NCBIGENE:7038|NCBIGENE:7067|NCBIGENE:7173|NCBIGENE:7200|NCBIGENE:7252|NCBIGENE:7276|NCBIGENE:7365
DB00651,409,CN1C2=C(N(CC(O)CO)C=N2)C(=O)N(C)C1=O,Q07343|P27815|Q08493|Q08499|P30542|P29274,,,PUBCHEM.COMPOUND:3182,DOID:0050590|DOID:0050741|DOID:0050848|DOID:0060262|DOID:0060731|DOID:10763|DOID:10825|DOID:10952|DOID:11328|DOID:114|DOID:11847|DOID:12139|DOID:1227|DOID:12361|DOID:12550|DOID:1287|DOID:12987|DOID:13206|DOID:13268|DOID:13413|DOID:13550|DOID:1405|DOID:1425|DOID:14445|DOID:1470|DOID:1574|DOID:1588|DOID:1595|DOID:1596|DOID:1686|DOID:1837|DOID:2355|DOID:2361|DOID:2527|DOID:2841|DOID:2848|DOID:2883|DOID:2921|DOID:302|DOID:303|DOID:3393|DOID:4029|DOID:409|DOID:4964|DOID:5418|DOID:557|DOID:5844|DOID:5854|DOID:6132|DOID:750|DOID:7997|DOID:7998|DOID:8515|DOID:9267|DOID:9351|DOID:9360|DOID:9408|DOID:9415,NCBIGENE:27115|NCBIGENE:5142|NCBIGENE:5143|NCBIGENE:5144|NCBIGENE:5150
DB01105,410,CC(C)CC(N(C)C)C1(CCC1)C1=CC=C(Cl)C=C1,Q01959|P31645|P23975,P08684,P08684,PUBCHEM.COMPOUND:5210,DOID:10763|DOID:10825|DOID:10952|DOID:114|DOID:11847|DOID:12129|DOID:1247|DOID:1287|DOID:13003|DOID:13550|DOID:1405|DOID:1425|DOID:14445|DOID:14464|DOID:1826|DOID:1837|DOID:224|DOID:2527|DOID:2921|DOID:3393|DOID:3526|DOID:557|DOID:5844|DOID:5854|DOID:6713|DOID:784|DOID:8689|DOID:9351|DOID:9408|DOID:9970,NCBIGENE:5054|NCBIGENE:6530|NCBIGENE:6531|NCBIGENE:6532
DB01104,411,CN[C@H]1CC[C@@H](C2=CC(Cl)=C(Cl)C=C2)C2=CC=CC=C12,P31645|Q01959|P23975|Q7RTT9,P08684|P10635|P33261|P11712|P20813|P27338|P21397|Q14097|P05181,P08684|P10635|P33261|P11712|P20813|P27338|P21397|Q14097|P05181,PUBCHEM.COMPOUND:68617,DOID:0060262|DOID:10933|DOID:11257|DOID:12139|DOID:1247|DOID:14464|DOID:1470|DOID:1595|DOID:1596|DOID:1826|DOID:2055|DOID:2848|DOID:3312|DOID:3401|DOID:409|DOID:4964|DOID:591|DOID:594,
DB00822,412,CCN(CC)C(=S)SSC(=S)N(CC)CC,P09172|P05091,,,PUBCHEM.COMPOUND:3117,DOID:0050328|DOID:0050741|DOID:0060262|DOID:10952|DOID:11328|DOID:11634|DOID:13739|DOID:1459|DOID:1574|DOID:1826|DOID:1837|DOID:1936|DOID:2348|DOID:2921|DOID:3393|DOID:409|DOID:5082|DOID:5418|DOID:557|DOID:9351,NCBIGENE:1576|NCBIGENE:1621|NCBIGENE:213|NCBIGENE:216|NCBIGENE:217|NCBIGENE:224|NCBIGENE:2475|NCBIGENE:4313|NCBIGENE:4363|NCBIGENE:4613|NCBIGENE:5066|NCBIGENE:768|NCBIGENE:7915|NCBIGENE:8854|NCBIGENE:9669
DB01100,413,FC1=CC=C(C=C1)C(CCCN1CCC(CC1)N1C(=O)NC2=CC=CC=C12)C1=CC=C(F)C=C1,P14416|P35462|Q12809|P0DP23,P10635|P08684|P05177|P20815|P24462,P10635|P08684|P05177|P20815|P24462,PUBCHEM.COMPOUND:16362,DOID:0050590|DOID:0060262|DOID:10600|DOID:10952|DOID:11119|DOID:1227|DOID:12700|DOID:12987|DOID:13206|DOID:13548|DOID:1425|DOID:14464|DOID:1686|DOID:1826|DOID:2527|DOID:2768|DOID:2769|DOID:2883|DOID:2921|DOID:409|DOID:4500|DOID:557|DOID:615|DOID:9854,NCBIGENE:148|NCBIGENE:152|NCBIGENE:1576|NCBIGENE:1577|NCBIGENE:1813|NCBIGENE:1814|NCBIGENE:1815|NCBIGENE:3269|NCBIGENE:3350|NCBIGENE:3358|NCBIGENE:3362|NCBIGENE:3363|NCBIGENE:3757|NCBIGENE:4985|NCBIGENE:5617|NCBIGENE:5741|NCBIGENE:6774|NCBIGENE:6776|NCBIGENE:6777|NCBIGENE:801|NCBIGENE:805|NCBIGENE:808
DB00169,414,CC(C)CCC[C@@H](C)[C@@]1([H])CC[C@@]2([H])\C(CCC[C@]12C)=C\C=C1\C[C@@H](O)CCC1=C,P11473,,,PUBCHEM.COMPOUND:5280795,DOID:0050459|DOID:0060224|DOID:0060262|DOID:10283|DOID:10286|DOID:10573|DOID:10609|DOID:10763|DOID:10825|DOID:10923|DOID:10952|DOID:11199|DOID:11335|DOID:11476|DOID:1168|DOID:11963|DOID:1247|DOID:12678|DOID:12679|DOID:13186|DOID:13250|DOID:13404|DOID:13543|DOID:13711|DOID:1380|DOID:13976|DOID:1425|DOID:1837|DOID:2089|DOID:2351|DOID:2352|DOID:2485|DOID:2527|DOID:2871|DOID:2893|DOID:2921|DOID:2977|DOID:3341|DOID:4029|DOID:409|DOID:4184|DOID:4362|DOID:5160|DOID:557|DOID:580|DOID:585|DOID:626|DOID:8534|DOID:8643|DOID:893|DOID:9164|DOID:9351|DOID:9971,NCBIGENE:1017|NCBIGENE:10627|NCBIGENE:10803|NCBIGENE:11151|NCBIGENE:120227|NCBIGENE:1514|NCBIGENE:1555|NCBIGENE:1559|NCBIGENE:1565|NCBIGENE:1576|NCBIGENE:1577|NCBIGENE:1591|NCBIGENE:1594|NCBIGENE:23411|NCBIGENE:2475|NCBIGENE:250|NCBIGENE:251|NCBIGENE:2638|NCBIGENE:2729|NCBIGENE:3178|NCBIGENE:3486|NCBIGENE:3567|NCBIGENE:3576|NCBIGENE:3578|NCBIGENE:3586|NCBIGENE:3600|NCBIGENE:3662|NCBIGENE:3952|NCBIGENE:4023|NCBIGENE:4313|NCBIGENE:4318|NCBIGENE:4792|NCBIGENE:4803|NCBIGENE:50964|NCBIGENE:51150|NCBIGENE:54106|NCBIGENE:5447|NCBIGENE:57393|NCBIGENE:5741|NCBIGENE:595|NCBIGENE:5972|NCBIGENE:632|NCBIGENE:634|NCBIGENE:6347|NCBIGENE:6696|NCBIGENE:7097|NCBIGENE:7099|NCBIGENE:7421|NCBIGENE:795|NCBIGENE:796|NCBIGENE:8074|NCBIGENE:836|NCBIGENE:85480|NCBIGENE:860|NCBIGENE:8856|NCBIGENE:8864|NCBIGENE:9365
DB00988,415,NCCC1=CC(O)=C(O)C=C1,P14416|P21728|P21918|P35462|P21917|Q01959|P09172|P08908|P34969|P23975|P31645|P46098|O95264|P00441|Q05940,,,PUBCHEM.COMPOUND:681,DOID:0050771|DOID:10021|DOID:10154|DOID:117|DOID:3650|DOID:3953,NCBIGENE:100463486|NCBIGENE:100996758|NCBIGENE:10316|NCBIGENE:104909134|NCBIGENE:105379861|NCBIGENE:10563|NCBIGENE:10636|NCBIGENE:107|NCBIGENE:108|NCBIGENE:10803|NCBIGENE:10815|NCBIGENE:10850|NCBIGENE:10874|NCBIGENE:109|NCBIGENE:111|NCBIGENE:112|NCBIGENE:11251|NCBIGENE:11255|NCBIGENE:113091|NCBIGENE:1132|NCBIGENE:114|NCBIGENE:115|NCBIGENE:122042|NCBIGENE:1230|NCBIGENE:1232|NCBIGENE:1233|NCBIGENE:1234|NCBIGENE:1236|NCBIGENE:1237|NCBIGENE:1269|NCBIGENE:129521|NCBIGENE:1312|NCBIGENE:134864|NCBIGENE:136|NCBIGENE:1392|NCBIGENE:1394|NCBIGENE:1395|NCBIGENE:142|NCBIGENE:150|NCBIGENE:152|NCBIGENE:153|NCBIGENE:154|NCBIGENE:155|NCBIGENE:156|NCBIGENE:1565|NCBIGENE:1576|NCBIGENE:1621|NCBIGENE:165140|NCBIGENE:1813|NCBIGENE:1814|NCBIGENE:1815|NCBIGENE:1816|NCBIGENE:183|NCBIGENE:186|NCBIGENE:1901|NCBIGENE:196883|NCBIGENE:220074|NCBIGENE:22999|NCBIGENE:23413|NCBIGENE:2359|NCBIGENE:2475|NCBIGENE:2492|NCBIGENE:256933|NCBIGENE:2571|NCBIGENE:2587|NCBIGENE:259285|NCBIGENE:259286|NCBIGENE:259287|NCBIGENE:259289|NCBIGENE:259290|NCBIGENE:259292|NCBIGENE:259293|NCBIGENE:259294|NCBIGENE:259295|NCBIGENE:259296|NCBIGENE:2641|NCBIGENE:2642|NCBIGENE:2692|NCBIGENE:2695|NCBIGENE:2696|NCBIGENE:27199|NCBIGENE:2740|NCBIGENE:2770|NCBIGENE:2771|NCBIGENE:2773|NCBIGENE:2778|NCBIGENE:2792|NCBIGENE:2796|NCBIGENE:2826|NCBIGENE:2831|NCBIGENE:2832|NCBIGENE:2833|NCBIGENE:283869|NCBIGENE:2841|NCBIGENE:2847|NCBIGENE:2912|NCBIGENE:2913|NCBIGENE:2916|NCBIGENE:2917|NCBIGENE:2918|NCBIGENE:2919|NCBIGENE:2920|NCBIGENE:2921|NCBIGENE:314|NCBIGENE:3274|NCBIGENE:3350|NCBIGENE:3351|NCBIGENE:3354|NCBIGENE:3355|NCBIGENE:3358|NCBIGENE:3360|NCBIGENE:3361|NCBIGENE:3362|NCBIGENE:3363|NCBIGENE:3375|NCBIGENE:338398|NCBIGENE:338442|NCBIGENE:339403|NCBIGENE:346562|NCBIGENE:351|NCBIGENE:3576|NCBIGENE:3577|NCBIGENE:3579|NCBIGENE:3593|NCBIGENE:3612|NCBIGENE:3627|NCBIGENE:3725|NCBIGENE:38|NCBIGENE:3827|NCBIGENE:3972|NCBIGENE:3973|NCBIGENE:4128|NCBIGENE:4129|NCBIGENE:4157|NCBIGENE:4158|NCBIGENE:4159|NCBIGENE:4160|NCBIGENE:4161|NCBIGENE:4283|NCBIGENE:4543|NCBIGENE:4544|NCBIGENE:4886|NCBIGENE:4887|NCBIGENE:4922|NCBIGENE:4985|NCBIGENE:4986|NCBIGENE:4987|NCBIGENE:4988|NCBIGENE:5020|NCBIGENE:5030|NCBIGENE:5053|NCBIGENE:50831|NCBIGENE:50832|NCBIGENE:50833|NCBIGENE:50834|NCBIGENE:50835|NCBIGENE:50836|NCBIGENE:50837|NCBIGENE:50838|NCBIGENE:50839|NCBIGENE:50840|NCBIGENE:50865|NCBIGENE:51083|NCBIGENE:51289|NCBIGENE:5179|NCBIGENE:53637|NCBIGENE:5367|NCBIGENE:5368|NCBIGENE:53829|NCBIGENE:54331|NCBIGENE:54429|NCBIGENE:5473|NCBIGENE:551|NCBIGENE:5540|NCBIGENE:5590|NCBIGENE:5594|NCBIGENE:5595|NCBIGENE:5617|NCBIGENE:56477|NCBIGENE:56670|NCBIGENE:56923|NCBIGENE:5697|NCBIGENE:57007|NCBIGENE:57121|NCBIGENE:5726|NCBIGENE:5729|NCBIGENE:5732|NCBIGENE:5733|NCBIGENE:5734|NCBIGENE:5739|NCBIGENE:5741|NCBIGENE:57413|NCBIGENE:5743|NCBIGENE:5745|NCBIGENE:5746|NCBIGENE:58191|NCBIGENE:5864|NCBIGENE:59340|NCBIGENE:594857|NCBIGENE:5972|NCBIGENE:5996|NCBIGENE:5999|NCBIGENE:6000|NCBIGENE:6001|NCBIGENE:623|NCBIGENE:627|NCBIGENE:6343|NCBIGENE:6344|NCBIGENE:6363|NCBIGENE:6364|NCBIGENE:6366|NCBIGENE:6370|NCBIGENE:6372|NCBIGENE:6373|NCBIGENE:6374|NCBIGENE:6387|NCBIGENE:643|NCBIGENE:64407|NCBIGENE:64805|NCBIGENE:6505|NCBIGENE:6530|NCBIGENE:6531|NCBIGENE:6532|NCBIGENE:6550|NCBIGENE:6571|NCBIGENE:6580|NCBIGENE:6582|NCBIGENE:6616|NCBIGENE:6622|NCBIGENE:6647|NCBIGENE:6750|NCBIGENE:6751|NCBIGENE:6752|NCBIGENE:6754|NCBIGENE:6755|NCBIGENE:6822|NCBIGENE:6844|NCBIGENE:6857|NCBIGENE:6863|NCBIGENE:7054|NCBIGENE:7082|NCBIGENE:7124|NCBIGENE:718|NCBIGENE:719|NCBIGENE:7200|NCBIGENE:727|NCBIGENE:728|NCBIGENE:729230|NCBIGENE:7299|NCBIGENE:7432|NCBIGENE:7433|NCBIGENE:7434|NCBIGENE:7852|NCBIGENE:796|NCBIGENE:799|NCBIGENE:836|NCBIGENE:840|NCBIGENE:84152|NCBIGENE:84162|NCBIGENE:84539|NCBIGENE:846|NCBIGENE:8484|NCBIGENE:8601|NCBIGENE:8639|NCBIGENE:8698|NCBIGENE:8811|NCBIGENE:8843|NCBIGENE:886|NCBIGENE:887|NCBIGENE:9294|NCBIGENE:9340|NCBIGENE:9407|NCBIGENE:9578|NCBIGENE:9628|NCBIGENE:9768|NCBIGENE:9934
DB00625,416,FC(F)(F)[C@]1(OC(=O)NC2=C1C=C(Cl)C=C2)C#CC1CC1,Q72547,,,PUBCHEM.COMPOUND:64139,DOID:0060262|DOID:10573|DOID:10609|DOID:1062|DOID:10952|DOID:12139|DOID:1229|DOID:1425|DOID:1470|DOID:1595|DOID:1596|DOID:1826|DOID:1883|DOID:2043|DOID:2527|DOID:2848|DOID:2921|DOID:3312|DOID:3650|DOID:409|DOID:4964|DOID:526|DOID:557|DOID:635|DOID:778|DOID:9452|DOID:9970,NCBIGENE:10858|NCBIGENE:1555|NCBIGENE:1559|NCBIGENE:1576|NCBIGENE:1577|NCBIGENE:920
DB01087,417,COC1=CC(NC(C)CCCN)=C2N=CC=CC2=C1,P08729|P16083,P08684|P05177|P10635|P04798|Q16678,P08684|P05177|P10635|P04798|Q16678,PUBCHEM.COMPOUND:4908,DOID:0050590|DOID:1227|DOID:12449|DOID:12978|DOID:12987|DOID:2747|DOID:2749|DOID:2862|DOID:583|DOID:9266|DOID:9269|DOID:9870,NCBIGENE:1543|NCBIGENE:1544|NCBIGENE:1565|NCBIGENE:1576|NCBIGENE:2539|NCBIGENE:3855|NCBIGENE:8647|NCBIGENE:920
DB06742,418,NC1=C(Br)C=C(Br)C=C1CN[C@H]1CC[C@H](O)CC1,,P08684,P08684,PUBCHEM.COMPOUND:2132,DOID:2275,NCBIGENE:2629|NCBIGENE:6622
DB00802,419,CCN1N=NN(CCN2CCC(COC)(CC2)N(C(=O)CC)C2=CC=CC=C2)C1=O,P35372,,,PUBCHEM.COMPOUND:51263,DOID:0060262|DOID:10952|DOID:11459|DOID:1425|DOID:2527|DOID:2921|DOID:409|DOID:557|DOID:9428,NCBIGENE:1576|NCBIGENE:1577|NCBIGENE:4988
DB01274,420,COC1=CC=C(C[C@@H](C)NC[C@H](O)C2=CC(NC=O)=C(O)C=C2)C=C1,P07550,P10635|P33261|P11712|P11509,P10635|P33261|P11712|P11509,PUBCHEM.COMPOUND:3083544,DOID:3083|DOID:6132,NCBIGENE:153|NCBIGENE:154|NCBIGENE:155
DB00884,421,OC(CC1=CN=CC=C1)(P(O)(O)=O)P(O)(O)=O,P14324,,,PUBCHEM.COMPOUND:5245,DOID:10952|DOID:11335|DOID:11476|DOID:12678|DOID:12679|DOID:13186|DOID:13404|DOID:13543|DOID:1425|DOID:2089|DOID:2485|DOID:2527|DOID:2921|DOID:3341|DOID:4029|DOID:5408|DOID:557|DOID:580|DOID:585|DOID:626|DOID:631|DOID:633|DOID:8643|DOID:9164,NCBIGENE:2224|NCBIGENE:2697|NCBIGENE:4313|NCBIGENE:632|NCBIGENE:860|NCBIGENE:975
DB06595,422,CO[C@@H]1[C@@H](C[C@H]2O[C@]1(C)N1C3=C(C=CC=C3)C3=C1C1=C(C4=C(C=CC=C4)N21)C1=C3CNC1=O)N(C)C(=O)C1=CC=CC=C1,P17252|P35968|P16234|P09619|P36888|P10721,P05177|P20813|P10632|P11712|P33261|P10635|P05181|P08684|P20815|P24462|Q9HB55,P05177|P20813|P10632|P11712|P33261|P10635|P05181|P08684|P20815|P24462|Q9HB55,PUBCHEM.COMPOUND:9829523,DOID:349|DOID:4660|DOID:4798|DOID:9119|DOID:9254,NCBIGENE:11116|NCBIGENE:1523|NCBIGENE:2322|NCBIGENE:26127|NCBIGENE:3162|NCBIGENE:4846|NCBIGENE:613
DB00912,423,CCOC1=C(C=CC(CC(=O)N[C@@H](CC(C)C)C2=CC=CC=C2N2CCCCC2)=C1)C(O)=O,Q09428|P37231|P35367,,,PUBCHEM.COMPOUND:65981,DOID:0050741|DOID:0060262|DOID:0060870|DOID:0060872|DOID:0060873|DOID:0060874|DOID:0060875|DOID:0090070|DOID:0090071|DOID:0090072|DOID:0090073|DOID:0090074|DOID:0090076|DOID:0090077|DOID:0090078|DOID:0090079|DOID:0090080|DOID:0090081|DOID:0090082|DOID:0090083|DOID:0090084|DOID:0090085|DOID:0090086|DOID:0090087|DOID:0090089|DOID:0090090|DOID:0090092|DOID:0090093|DOID:0090094|DOID:10493|DOID:10952|DOID:11847|DOID:13774|DOID:1425|DOID:1574|DOID:2527|DOID:2921|DOID:3614|DOID:3650|DOID:409|DOID:533|DOID:557|DOID:5844|DOID:5854|DOID:9351|DOID:9352|DOID:9406|DOID:9408|DOID:9410|DOID:9476|DOID:9993,NCBIGENE:10599|NCBIGENE:1558|NCBIGENE:1576|NCBIGENE:3758|NCBIGENE:3767|NCBIGENE:5468
DB00910,424,[H][C@@]1(CC[C@@]2([H])\C(CCC[C@]12C)=C\C=C1C[C@@H](O)C[C@H](O)C1)[C@H](C)\C=C\[C@H](C)C(C)(C)O,P11473,Q07973|P08684|P22310,Q07973|P08684|P22310,PUBCHEM.COMPOUND:5281104,DOID:0050459|DOID:12678|DOID:12679|DOID:2485|DOID:9971,NCBIGENE:1017|NCBIGENE:1591|NCBIGENE:183|NCBIGENE:5741|NCBIGENE:5743|NCBIGENE:5745|NCBIGENE:5746|NCBIGENE:5972|NCBIGENE:6347|NCBIGENE:6696|NCBIGENE:7421|NCBIGENE:8074
DB00911,425,CCS(=O)(=O)CCN1C(C)=NC=C1[N+]([O-])=O,,P08684,P08684,PUBCHEM.COMPOUND:5479,DOID:0050590|DOID:10718|DOID:1227|DOID:12987|DOID:1389|DOID:1826|DOID:1947|DOID:2170|DOID:2273|DOID:3385|DOID:3901|DOID:574|DOID:870,
DB06292,426,CCOC1=CC=C(CC2=C(Cl)C=CC(=C2)[C@@H]2O[C@H](CO)[C@@H](O)[C@H](O)[C@H]2O)C=C1,P31639,O60656|P06133|P16662|P04798|P05177|P11509|P11712|P10635|P08684,O60656|P06133|P16662|P04798|P05177|P11509|P11712|P10635|P08684,PUBCHEM.COMPOUND:9887712,DOID:9351|DOID:9352,NCBIGENE:115584|NCBIGENE:6523|NCBIGENE:6524|NCBIGENE:6527
DB11560,427,OC(=O)CSC1=NN=C(Br)N1C1=CC=C(C2CC2)C2=C1C=CC=C2,Q96S37|Q9NSA0,P11712|P08684,P11712|P08684,PUBCHEM.COMPOUND:53465279,DOID:1920,
DB00969,428,CN1C2=C(C3=CC=CC=C13)C(=O)N(CC1=C(C)NC=N1)CC2,P46098,P05177|P08684|P11712|P05181,P05177|P08684|P11712|P05181,PUBCHEM.COMPOUND:2099,DOID:0060180|DOID:0060189|DOID:0060190|DOID:0060192|DOID:0060262|DOID:0110892|DOID:2089|DOID:2326|DOID:2451|DOID:2452|DOID:3755|DOID:3756|DOID:3875|DOID:409|DOID:8577|DOID:8778,NCBIGENE:3359
DB01601,429,CC(C)[C@H](N1CCCNC1=O)C(=O)N[C@H](C[C@H](O)[C@H](CC1=CC=CC=C1)NC(=O)COC1=C(C)C=CC=C1C)CC1=CC=CC=C1,Q72874,P08684|P10635|P05177|P33261|P20813|P11712,P08684|P10635|P05177|P33261|P20813|P11712,PUBCHEM.COMPOUND:92727,DOID:0050700|DOID:0060262|DOID:11984|DOID:12134|DOID:12259|DOID:12932|DOID:13809|DOID:1837|DOID:1883|DOID:2043|DOID:2739|DOID:2741|DOID:2913|DOID:3393|DOID:409|DOID:4195|DOID:4500|DOID:4989|DOID:5082|DOID:526|DOID:635|DOID:9351,NCBIGENE:10269|NCBIGENE:1244|NCBIGENE:1576
DB00239,430,ClC1=CC(Cl)=C(CO\N=C(/CN2C=CN=C2)C2=CC=C(Cl)C=C2Cl)C=C1,P10613|Q04782|O75469,P08684|P33261,P08684|P33261,PUBCHEM.COMPOUND:5353853,DOID:12179|DOID:9060,NCBIGENE:1595
DB00701,431,CC(C)CN(C[C@@H](O)[C@H](CC1=CC=CC=C1)NC(=O)O[C@H]1CCOC1)S(=O)(=O)C1=CC=C(N)C=C1,Q72874,P20813|P33261|P11712|P10635|P20815|P08684,P20813|P33261|P11712|P10635|P20815|P08684,PUBCHEM.COMPOUND:65016,DOID:0060262|DOID:0111135|DOID:0111136|DOID:0111137|DOID:0111138|DOID:10763|DOID:10825|DOID:1098|DOID:11712|DOID:11847|DOID:12134|DOID:12259|DOID:1247|DOID:1837|DOID:1883|DOID:2043|DOID:3393|DOID:409|DOID:4195|DOID:526|DOID:580|DOID:583|DOID:5844|DOID:585|DOID:5854|DOID:635|DOID:718|DOID:811|DOID:9351|DOID:9408|DOID:9970,NCBIGENE:1576|NCBIGENE:3952|NCBIGENE:949|NCBIGENE:950
DB01039,432,CC(C)OC(=O)C(C)(C)OC1=CC=C(C=C1)C(=O)C1=CC=C(Cl)C=C1,Q07869|O75469|Q9NPA2,O60656|P23141|P16152|P10632|P33261|P11509|Q04828|P52895|P42330|P15121|P11712,O60656|P23141|P16152|P10632|P33261|P11509|Q04828|P52895|P42330|P15121|P11712,PUBCHEM.COMPOUND:3339,DOID:0050590|DOID:0050766|DOID:0060262|DOID:1029|DOID:11151|DOID:1168|DOID:11755|DOID:12236|DOID:1227|DOID:12987|DOID:13809|DOID:1386|DOID:1387|DOID:1388|DOID:1391|DOID:1588|DOID:2355|DOID:2361|DOID:2913|DOID:409|DOID:423|DOID:4989|DOID:615|DOID:633|DOID:7327,NCBIGENE:1071|NCBIGENE:1384|NCBIGENE:1401|NCBIGENE:145264|NCBIGENE:1558|NCBIGENE:1559|NCBIGENE:1906|NCBIGENE:2053|NCBIGENE:225|NCBIGENE:22796|NCBIGENE:2308|NCBIGENE:23411|NCBIGENE:255738|NCBIGENE:2660|NCBIGENE:2950|NCBIGENE:335|NCBIGENE:336|NCBIGENE:338|NCBIGENE:3398|NCBIGENE:345|NCBIGENE:3458|NCBIGENE:3479|NCBIGENE:348|NCBIGENE:3480|NCBIGENE:3553|NCBIGENE:3605|NCBIGENE:3949|NCBIGENE:3952|NCBIGENE:4023|NCBIGENE:4089|NCBIGENE:4312|NCBIGENE:4314|NCBIGENE:4322|NCBIGENE:4323|NCBIGENE:4324|NCBIGENE:4654|NCBIGENE:4656|NCBIGENE:4843|NCBIGENE:4846|NCBIGENE:4982|NCBIGENE:5054|NCBIGENE:51|NCBIGENE:5468|NCBIGENE:57016|NCBIGENE:57104|NCBIGENE:5825|NCBIGENE:5826|NCBIGENE:6347|NCBIGENE:6401|NCBIGENE:64386|NCBIGENE:6720|NCBIGENE:6721|NCBIGENE:7045|NCBIGENE:7124|NCBIGENE:7352|NCBIGENE:7412|NCBIGENE:7436|NCBIGENE:7941|NCBIGENE:79602|NCBIGENE:79888|NCBIGENE:8431|NCBIGENE:84699|NCBIGENE:949|NCBIGENE:950|NCBIGENE:958|NCBIGENE:960
DB01126,433,[H][C@@]1(CC[C@@]2([H])[C@]3([H])CC[C@@]4([H])NC(=O)C=C[C@]4(C)[C@@]3([H])CC[C@]12C)C(=O)NC1=CC(=CC=C1C(F)(F)F)C(F)(F)F,P18405|P31213,P20815,P20815,PUBCHEM.COMPOUND:6918296,DOID:0060262|DOID:13206|DOID:2883|DOID:409|DOID:9286,NCBIGENE:6715|NCBIGENE:990
DB04841,434,FC1=CC=C(C=C1)C(N1CCN(C\C=C\C2=CC=CC=C2)CC1)C1=CC=C(F)C=C1,O43497|O95180|Q9P0X4|P0DP23|P35367,,,PUBCHEM.COMPOUND:941361,,NCBIGENE:23423|NCBIGENE:3269|NCBIGENE:801|NCBIGENE:805|NCBIGENE:808|NCBIGENE:8911|NCBIGENE:8912|NCBIGENE:8913
DB06712,435,COC(=O)C1=C(NC(C)=C(C1C1=CC(=CC=C1)[N+]([O-])=O)C(=O)OC(C)C)C#N,Q13936|P54289|Q08289|Q01668|Q13698|Q8IZS8|O95180|Q9P0X4,P11509|P33261|P10632|P05181|P08684,P11509|P33261|P10632|P05181|P08684,PUBCHEM.COMPOUND:4494,,NCBIGENE:55799|NCBIGENE:775|NCBIGENE:776|NCBIGENE:779|NCBIGENE:781|NCBIGENE:783
DB13179,436,CO[C@H]1C[C@H](O[C@H]2[C@H](C)[C@@H](O[C@@H]3O[C@H](C)C[C@@H]([C@H]3OC(C)=O)N(C)C)[C@@H](C)C[C@@]3(CO3)C(=O)[C@H](C)[C@@H](OC(C)=O)[C@@H](C)[C@@H](C)OC(=O)[C@@H]2C)O[C@@H](C)[C@@H]1OC(C)=O,P49228|P60723|O75469,Q9HB55|P10632|P08684|P24462|P20815,Q9HB55|P10632|P08684|P24462|P20815,PUBCHEM.COMPOUND:202225,,NCBIGENE:1555|NCBIGENE:1576|NCBIGENE:1577|NCBIGENE:83886
DB06589,437,CN(C1=CC2=NN(C)C(C)=C2C=C1)C1=CC=NC(NC2=CC=C(C)C(=C2)S(N)(=O)=O)=N1,P17948|P35968|P35916|P16234|P09619|P10721|P22607|Q08881|P05230|Q9UQQ2,P10635|P10632|P05177|P08684,P10635|P10632|P05177|P08684,PUBCHEM.COMPOUND:10113978,DOID:0050328|DOID:10763|DOID:10825|DOID:1115|DOID:11634|DOID:11847|DOID:12678|DOID:12679|DOID:13250|DOID:1459|DOID:162|DOID:2485|DOID:2739|DOID:2741|DOID:2913|DOID:4235|DOID:4450|DOID:4451|DOID:4464|DOID:4465|DOID:4467|DOID:4471|DOID:4473|DOID:4500|DOID:4989|DOID:576|DOID:5844|DOID:5854|DOID:6193|DOID:9408,NCBIGENE:10019|NCBIGENE:1003|NCBIGENE:11183|NCBIGENE:1436|NCBIGENE:1576|NCBIGENE:2261|NCBIGENE:2321|NCBIGENE:2324|NCBIGENE:3702|NCBIGENE:3791|NCBIGENE:3815|NCBIGENE:4293|NCBIGENE:4294|NCBIGENE:4296|NCBIGENE:51347|NCBIGENE:5156|NCBIGENE:5159|NCBIGENE:54578|NCBIGENE:54658|NCBIGENE:57551|NCBIGENE:5894|NCBIGENE:5979|NCBIGENE:6098|NCBIGENE:6793|NCBIGENE:7294|NCBIGENE:9344
DB00458,438,CN(C)CCCN1C2=CC=CC=C2CCC2=CC=CC=C12,P23975|P31645|P28223|P35367|P35348|P25100|P11229|P08172|P20309|P08173|P08912|Q9NZV8|Q9UK17|P28335|P35368|P34969|P14416|Q12809|Q01959|P08908|P50406|O95259|P19652,,,PUBCHEM.COMPOUND:3696,DOID:0050590|DOID:0050741|DOID:0060262|DOID:10952|DOID:114|DOID:12139|DOID:1227|DOID:12361|DOID:1287|DOID:12987|DOID:13206|DOID:13550|DOID:1405|DOID:1425|DOID:14445|DOID:1470|DOID:1574|DOID:1588|DOID:1595|DOID:1596|DOID:1826|DOID:2527|DOID:2848|DOID:2883|DOID:2921|DOID:3312|DOID:3393|DOID:3526|DOID:3878|DOID:409|DOID:4964|DOID:5419|DOID:557|DOID:6713|DOID:7997|DOID:7998|DOID:8437|DOID:8440|DOID:8442|DOID:9282,NCBIGENE:1128|NCBIGENE:1131|NCBIGENE:1132|NCBIGENE:1133|NCBIGENE:1385|NCBIGENE:146|NCBIGENE:147|NCBIGENE:148|NCBIGENE:1544|NCBIGENE:1557|NCBIGENE:1565|NCBIGENE:1576|NCBIGENE:1813|NCBIGENE:1814|NCBIGENE:1958|NCBIGENE:23236|NCBIGENE:2597|NCBIGENE:3269|NCBIGENE:3350|NCBIGENE:3358|NCBIGENE:3362|NCBIGENE:3363|NCBIGENE:3751|NCBIGENE:3752|NCBIGENE:3756|NCBIGENE:3757|NCBIGENE:4129|NCBIGENE:43|NCBIGENE:54657|NCBIGENE:55244|NCBIGENE:57413|NCBIGENE:627|NCBIGENE:6530|NCBIGENE:6531|NCBIGENE:6532|NCBIGENE:6581|NCBIGENE:836|NCBIGENE:9407
DB00641,439,[H][C@]12[C@H](C[C@@H](C)C=C1C=C[C@H](C)[C@@H]2CC[C@@H]1C[C@@H](O)CC(=O)O1)OC(=O)C(C)(C)CC,P04035|P20701|Q92769,,,PUBCHEM.COMPOUND:54454,DOID:0050741|DOID:0050766|DOID:0060262|DOID:1029|DOID:11847|DOID:1247|DOID:13189|DOID:13809|DOID:1386|DOID:1387|DOID:1388|DOID:1391|DOID:1574|DOID:1588|DOID:1837|DOID:1936|DOID:2348|DOID:2349|DOID:2913|DOID:3145|DOID:326|DOID:3393|DOID:3526|DOID:409|DOID:4195|DOID:423|DOID:4989|DOID:5162|DOID:5844|DOID:5854|DOID:6713|DOID:7327|DOID:750|DOID:9351|DOID:9408,NCBIGENE:100506658|NCBIGENE:1027|NCBIGENE:10365|NCBIGENE:10599|NCBIGENE:1071|NCBIGENE:10891|NCBIGENE:11309|NCBIGENE:1244|NCBIGENE:1316|NCBIGENE:1401|NCBIGENE:1558|NCBIGENE:1576|NCBIGENE:1577|NCBIGENE:1666|NCBIGENE:19|NCBIGENE:1906|NCBIGENE:2064|NCBIGENE:2147|NCBIGENE:2152|NCBIGENE:22796|NCBIGENE:23576|NCBIGENE:2475|NCBIGENE:252995|NCBIGENE:2625|NCBIGENE:3156|NCBIGENE:3162|NCBIGENE:3315|NCBIGENE:335|NCBIGENE:338|NCBIGENE:3458|NCBIGENE:348|NCBIGENE:3480|NCBIGENE:3491|NCBIGENE:351|NCBIGENE:3553|NCBIGENE:3565|NCBIGENE:3576|NCBIGENE:359|NCBIGENE:3593|NCBIGENE:3605|NCBIGENE:3662|NCBIGENE:367|NCBIGENE:3725|NCBIGENE:3845|NCBIGENE:387|NCBIGENE:388|NCBIGENE:3949|NCBIGENE:3952|NCBIGENE:3956|NCBIGENE:3990|NCBIGENE:4023|NCBIGENE:427|NCBIGENE:4312|NCBIGENE:4313|NCBIGENE:4314|NCBIGENE:4318|NCBIGENE:4353|NCBIGENE:4843|NCBIGENE:4846|NCBIGENE:5054|NCBIGENE:5155|NCBIGENE:5244|NCBIGENE:5327|NCBIGENE:5444|NCBIGENE:54514|NCBIGENE:5468|NCBIGENE:5595|NCBIGENE:5621|NCBIGENE:5879|NCBIGENE:5881|NCBIGENE:6009|NCBIGENE:627|NCBIGENE:632|NCBIGENE:6347|NCBIGENE:6364|NCBIGENE:650|NCBIGENE:659|NCBIGENE:6720|NCBIGENE:673|NCBIGENE:6772|NCBIGENE:6774|NCBIGENE:7040|NCBIGENE:7124|NCBIGENE:7157|NCBIGENE:7293|NCBIGENE:7412|NCBIGENE:7941|NCBIGENE:81631|NCBIGENE:836|NCBIGENE:837|NCBIGENE:8399|NCBIGENE:840|NCBIGENE:841|NCBIGENE:842|NCBIGENE:847|NCBIGENE:857|NCBIGENE:860|NCBIGENE:8651|NCBIGENE:8714|NCBIGENE:8856|NCBIGENE:8988|NCBIGENE:920|NCBIGENE:9407|NCBIGENE:958|NCBIGENE:959
DB00514,440,[H][C@]12CCCC[C@]11CCN(C)[C@H]2CC2=C1C=C(OC)C=C2,Q99720|Q8TCU5|Q15822|P31645|O00264|P32297|P43681|P30926|P17787|P36544|P35372|P41143|P41145|P23975,P10635|P08684|P24462|P20813|P33261|P11712|P06133|P16662|P54855|O75795,P10635|P08684|P24462|P20813|P33261|P11712|P06133|P16662|P54855|O75795,PUBCHEM.COMPOUND:5360696,DOID:0050328|DOID:0050589|DOID:0050741|DOID:0050848|DOID:0060173|DOID:0060215|DOID:0060262|DOID:0060674|DOID:0060675|DOID:0060676|DOID:0060677|DOID:0060678|DOID:0060679|DOID:0060731|DOID:0110892|DOID:1029|DOID:10459|DOID:10460|DOID:10493|DOID:10588|DOID:10763|DOID:10783|DOID:10808|DOID:10825|DOID:10952|DOID:11396|DOID:114|DOID:11459|DOID:11634|DOID:11847|DOID:11963|DOID:11981|DOID:12176|DOID:12361|DOID:12449|DOID:12451|DOID:12642|DOID:12678|DOID:12679|DOID:1287|DOID:13186|DOID:1319|DOID:13195|DOID:13206|DOID:13550|DOID:13739|DOID:13774|DOID:13948|DOID:13976|DOID:1405|DOID:1425|DOID:14250|DOID:14445|DOID:14451|DOID:14452|DOID:14464|DOID:1459|DOID:1574|DOID:1588|DOID:1742|DOID:1826|DOID:1837|DOID:1936|DOID:2089|DOID:2275|DOID:2348|DOID:2349|DOID:2485|DOID:2527|DOID:2722|DOID:2739|DOID:2741|DOID:2747|DOID:2749|DOID:2862|DOID:2883|DOID:2913|DOID:2921|DOID:2983|DOID:302|DOID:303|DOID:3083|DOID:331|DOID:3393|DOID:3650|DOID:3827|DOID:3878|DOID:409|DOID:437|DOID:4481|DOID:4483|DOID:4500|DOID:4730|DOID:4989|DOID:50|DOID:5162|DOID:5200|DOID:557|DOID:5844|DOID:5854|DOID:6000|DOID:6132|DOID:7188|DOID:7327|DOID:750|DOID:7997|DOID:7998|DOID:8442|DOID:8505|DOID:8515|DOID:8534|DOID:8577|DOID:863|DOID:8986|DOID:9164|DOID:9266|DOID:9269|DOID:9282|DOID:9351|DOID:936|DOID:9408|DOID:9428|DOID:9870,NCBIGENE:10280|NCBIGENE:116443|NCBIGENE:1565|NCBIGENE:1576|NCBIGENE:1577|NCBIGENE:2353|NCBIGENE:6532|NCBIGENE:9407
DB01103,441,CCN(CC)CCCC(C)NC1=C2C=C(OC)C=CC2=NC2=C1C=CC(Cl)=C2,O60733|P47712|Q15111,P08684|P20815|P50135,P08684|P20815|P50135,PUBCHEM.COMPOUND:237,DOID:10718,NCBIGENE:1786|NCBIGENE:240|NCBIGENE:3827|NCBIGENE:4312|NCBIGENE:4318|NCBIGENE:4791|NCBIGENE:4953|NCBIGENE:5319|NCBIGENE:5321|NCBIGENE:5334|NCBIGENE:5621|NCBIGENE:7157|NCBIGENE:8398
DB01595,442,[O-][N+](=O)C1=CC2=C(NC(=O)CN=C2C2=CC=CC=C2)C=C1,P35498,P08684|P05181,P08684|P05181,PUBCHEM.COMPOUND:4506,DOID:308,NCBIGENE:2557|NCBIGENE:2558|NCBIGENE:2559|NCBIGENE:2560|NCBIGENE:2561|NCBIGENE:2563|NCBIGENE:2564|NCBIGENE:2565|NCBIGENE:2566|NCBIGENE:2569|NCBIGENE:2570|NCBIGENE:6323
DB01597,443,CC1(C)C[C@@H]1C(=O)N\C(=C/CCCCSC[C@H](N)C(O)=O)C(O)=O,P16444,,,PUBCHEM.COMPOUND:6435415,DOID:1002|DOID:10952|DOID:1425|DOID:1826|DOID:2527|DOID:2921|DOID:381|DOID:4562|DOID:557|DOID:813|DOID:874,
DB00528,444,COC(=O)C1=C(C)NC(C)=C(C1C1=CC(=CC=C1)[N+]([O-])=O)C(=O)OC(C)(C)CN(C)CCC(C1=CC=CC=C1)C1=CC=CC=C1,Q06432,P10635|P08684|P20815|P24462,P10635|P08684|P20815|P24462,PUBCHEM.COMPOUND:65866,DOID:10763|DOID:10825,NCBIGENE:1576|NCBIGENE:1577|NCBIGENE:781|NCBIGENE:786
DB00519,445,[H][C@@]12C[C@H](N(C(=O)[C@H](C)N[C@@H](CCC3=CC=CC=C3)C(=O)OCC)[C@@]1([H])CCCC2)C(O)=O,P12821,,,PUBCHEM.COMPOUND:5484727,DOID:0050590|DOID:0050700|DOID:0060262|DOID:0060674|DOID:0060675|DOID:0060676|DOID:0060677|DOID:0060678|DOID:0060679|DOID:0080001|DOID:10763|DOID:10825|DOID:10952|DOID:11723|DOID:11984|DOID:1222|DOID:1227|DOID:12449|DOID:12932|DOID:12987|DOID:13087|DOID:13884|DOID:1425|DOID:14735|DOID:1558|DOID:1712|DOID:2527|DOID:2921|DOID:2972|DOID:384|DOID:409|DOID:437|DOID:557|DOID:6000|DOID:65|DOID:854|DOID:9884,NCBIGENE:1636|NCBIGENE:5972
DB01060,446,[H][C@]12SC(C)(C)[C@@H](N1C(=O)[C@H]2NC(=O)[C@H](N)C1=CC=C(O)C=C1)C(O)=O,Q8L103,P10632|P04190,P10632|P04190,PUBCHEM.COMPOUND:33613,DOID:0060262|DOID:0060674|DOID:0060675|DOID:0060676|DOID:0060677|DOID:0060678|DOID:0060679|DOID:10754|DOID:10952|DOID:11476|DOID:13268|DOID:13580|DOID:1425|DOID:2275|DOID:2527|DOID:2921|DOID:409|DOID:437|DOID:557|DOID:8568|DOID:874,
DB11575,447,COC1=CC2=NC3=C(CCCCC[C@@H]4C[C@H]4OC(=O)N[C@H](C(=O)N4C[C@@H](C[C@H]4C(=O)N[C@@]4(C[C@H]4C=C)C(=O)NS(=O)(=O)C4CC4)O3)C(C)(C)C)N=C2C=C1,B0B3C9,P08684,P08684,PUBCHEM.COMPOUND:44603531,DOID:1883,
DB00845,448,CC(C)N=C1C=C2N(C3=CC=C(Cl)C=C3)C3=C(C=CC=C3)N=C2C=C1NC1=CC=C(Cl)C=C1,P37231|P22001,P08684|P20815|P10632|P10635,P08684|P20815|P10632|P10635,PUBCHEM.COMPOUND:2794,DOID:0060262|DOID:1024|DOID:13250|DOID:2529|DOID:2533|DOID:409|DOID:5295|DOID:6376|DOID:77|DOID:8553,NCBIGENE:123|NCBIGENE:142|NCBIGENE:22943|NCBIGENE:3211|NCBIGENE:3738|NCBIGENE:5319|NCBIGENE:8647
DB09216,449,CC1=C(Cl)C=CC=C1NC1=CC=CC=C1C(O)=O,P23219|P35354,P08684,P08684,PUBCHEM.COMPOUND:610479,,NCBIGENE:1958|NCBIGENE:23621|NCBIGENE:4057|NCBIGENE:4233|NCBIGENE:5742|NCBIGENE:5743|NCBIGENE:7018|NCBIGENE:8644
DB06155,450,CC1=C(N(N=C1C(=O)NN1CCCCC1)C1=C(Cl)C=C(Cl)C=C1)C1=CC=C(Cl)C=C1,P21554|Q9Y2T6,P08684,P08684,PUBCHEM.COMPOUND:104850,DOID:9970,
DB00338,451,COC1=CC2=C(C=C1)N=C(N2)S(=O)CC1=NC=C(C)C(OC)=C1C,P20648|P35869,,,PUBCHEM.COMPOUND:4594,DOID:0050782|DOID:0060262|DOID:10808|DOID:11476|DOID:11963|DOID:13656|DOID:13976|DOID:1724|DOID:2018|DOID:409|DOID:6000|DOID:750|DOID:8534|DOID:8929,NCBIGENE:1543|NCBIGENE:1544|NCBIGENE:1555|NCBIGENE:1557|NCBIGENE:1576|NCBIGENE:1577|NCBIGENE:196|NCBIGENE:2520|NCBIGENE:2922|NCBIGENE:3162|NCBIGENE:3565|NCBIGENE:3576|NCBIGENE:479|NCBIGENE:495|NCBIGENE:54578|NCBIGENE:54658|NCBIGENE:6778|NCBIGENE:788|NCBIGENE:8647|NCBIGENE:8714|NCBIGENE:8856|NCBIGENE:9407
DB09296,452,COC(=O)N[C@@H](C(C)C)C(=O)N1CCC[C@H]1C(=O)NC1=CC=C(C=C1)[C@@H]1CC[C@H](N1C1=CC=C(C=C1)C(C)(C)C)C1=CC=C(NC(=O)[C@@H]2CCCN2C(=O)[C@@H](NC(=O)OC)C(C)C)C=C1,Q5L478,P10632|P22309,P10632|P22309,PUBCHEM.COMPOUND:54767916,DOID:1883,
DB00734,453,CC1=C(CCN2CCC(CC2)C2=NOC3=C2C=CC(F)=C3)C(=O)N2CCCCC2=N1,P28223|P14416|P35368|P18089|P35348|P18825|P35367|P28335|P28221|P08908|P34969|P21728,P10635|P08684,P10635|P08684,PUBCHEM.COMPOUND:5073,DOID:0050590|DOID:0060262|DOID:114|DOID:1168|DOID:11847|DOID:12217|DOID:1227|DOID:12700|DOID:12849|DOID:1287|DOID:12987|DOID:13548|DOID:14221|DOID:14464|DOID:1826|DOID:1837|DOID:302|DOID:303|DOID:3312|DOID:3393|DOID:3526|DOID:409|DOID:4195|DOID:5419|DOID:5844|DOID:5854|DOID:615|DOID:6713|DOID:9286|DOID:9351|DOID:9408|DOID:9854|DOID:9970,NCBIGENE:146|NCBIGENE:147|NCBIGENE:148|NCBIGENE:150|NCBIGENE:152|NCBIGENE:153|NCBIGENE:1565|NCBIGENE:1576|NCBIGENE:1577|NCBIGENE:1813|NCBIGENE:1814|NCBIGENE:1815|NCBIGENE:1816|NCBIGENE:2752|NCBIGENE:3269|NCBIGENE:3274|NCBIGENE:3308|NCBIGENE:3350|NCBIGENE:3351|NCBIGENE:3354|NCBIGENE:3355|NCBIGENE:3357|NCBIGENE:3358|NCBIGENE:3362|NCBIGENE:3363|NCBIGENE:3593|NCBIGENE:4128|NCBIGENE:5617|NCBIGENE:57084|NCBIGENE:801|NCBIGENE:805|NCBIGENE:808
DB11362,454,CC(C)N(CCCCOCC(=O)NS(C)(=O)=O)C1=NC(C2=CC=CC=C2)=C(N=C1)C1=CC=CC=C1,P43119,P23141|P10632|P08684,P23141|P10632|P08684,PUBCHEM.COMPOUND:9913767,,
DB00333,455,CCC(=O)C(CC(C)N(C)C)(C1=CC=CC=C1)C1=CC=CC=C1,P35372|P41143|P36544|P46098|P32297|P43681|P17787,,,PUBCHEM.COMPOUND:4095,DOID:0050328|DOID:0050589|DOID:0060262|DOID:10952|DOID:11459|DOID:11634|DOID:13206|DOID:1425|DOID:1459|DOID:1826|DOID:2527|DOID:2841|DOID:2883|DOID:2921|DOID:302|DOID:303|DOID:3878|DOID:409|DOID:557|DOID:8442|DOID:9428,NCBIGENE:116443|NCBIGENE:1555|NCBIGENE:1557|NCBIGENE:1565|NCBIGENE:1576|NCBIGENE:1577|NCBIGENE:3359|NCBIGENE:3757|NCBIGENE:4985|NCBIGENE:4986|NCBIGENE:4987|NCBIGENE:4988|NCBIGENE:5617|NCBIGENE:57053|NCBIGENE:9360|NCBIGENE:9429
DB00426,456,CC(=O)OCC(CCN1C=NC2=CN=C(N)N=C12)COC(C)=O,P04293,Q06278,Q06278,PUBCHEM.COMPOUND:3324,DOID:10952|DOID:1425|DOID:2527|DOID:2921|DOID:557|DOID:8536,
DB00390,457,[H][C@]12CC[C@]3([H])[C@]([H])(C[C@@H](O)[C@]4(C)[C@H](CC[C@]34O)C3=CC(=O)OC3)[C@@]1(C)CC[C@@H](C2)O[C@H]1C[C@H](O)[C@H](O[C@H]2C[C@H](O)[C@H](O[C@H]3C[C@H](O)[C@H](O)[C@@H](C)O3)[C@@H](C)O2)[C@@H](C)O1,P05023,P05108,P05108,PUBCHEM.COMPOUND:2724385,DOID:0050328|DOID:0050820|DOID:0060224|DOID:0110307|DOID:10952|DOID:11481|DOID:11634|DOID:11847|DOID:11984|DOID:12678|DOID:12679|DOID:13087|DOID:13884|DOID:1425|DOID:1459|DOID:2485|DOID:2527|DOID:2921|DOID:384|DOID:397|DOID:4500|DOID:557|DOID:5844|DOID:5854|DOID:820|DOID:8515|DOID:9408,NCBIGENE:123264|NCBIGENE:1576|NCBIGENE:200931|NCBIGENE:353189|NCBIGENE:3605|NCBIGENE:5972|NCBIGENE:6097|NCBIGENE:8856|NCBIGENE:9429
DB00396,458,[H][C@@]12CC[C@H](C(C)=O)[C@@]1(C)CC[C@@]1([H])[C@@]2([H])CCC2=CC(=O)CC[C@]12C,P06401|P08235|P03372|P05093|P41145|P02763|P04150|P10275|P04278|Q92731,,,PUBCHEM.COMPOUND:5994,DOID:0050328|DOID:0050741|DOID:0060262|DOID:0060329|DOID:0060810|DOID:10175|DOID:10603|DOID:10763|DOID:10825|DOID:10952|DOID:11476|DOID:11634|DOID:1168|DOID:11716|DOID:11847|DOID:12139|DOID:12678|DOID:12679|DOID:127|DOID:12859|DOID:13223|DOID:13268|DOID:1380|DOID:1425|DOID:1459|DOID:146|DOID:1470|DOID:1574|DOID:1595|DOID:1596|DOID:1727|DOID:1826|DOID:1837|DOID:2394|DOID:2450|DOID:2451|DOID:2452|DOID:2485|DOID:2527|DOID:2841|DOID:2848|DOID:2871|DOID:288|DOID:289|DOID:2921|DOID:3133|DOID:3393|DOID:3526|DOID:3571|DOID:3755|DOID:3756|DOID:3875|DOID:409|DOID:4195|DOID:4386|DOID:4964|DOID:557|DOID:5844|DOID:5854|DOID:6364|DOID:6713|DOID:684|DOID:6929|DOID:8689|DOID:9074|DOID:9351|DOID:9360|DOID:9408|DOID:9415|DOID:9460|DOID:9477|DOID:9970,NCBIGENE:1017|NCBIGENE:1038|NCBIGENE:104909134|NCBIGENE:10857|NCBIGENE:114571|NCBIGENE:1154|NCBIGENE:115584|NCBIGENE:117144|NCBIGENE:1191|NCBIGENE:1234|NCBIGENE:1312|NCBIGENE:1392|NCBIGENE:1394|NCBIGENE:1401|NCBIGENE:1447|NCBIGENE:1448|NCBIGENE:150|NCBIGENE:1509|NCBIGENE:1543|NCBIGENE:1548|NCBIGENE:1555|NCBIGENE:1557|NCBIGENE:1576|NCBIGENE:1577|NCBIGENE:157855|NCBIGENE:1583|NCBIGENE:1584|NCBIGENE:1585|NCBIGENE:1586|NCBIGENE:1589|NCBIGENE:1610|NCBIGENE:1634|NCBIGENE:1645|NCBIGENE:1646|NCBIGENE:1803|NCBIGENE:183|NCBIGENE:1832|NCBIGENE:1839|NCBIGENE:1950|NCBIGENE:1956|NCBIGENE:1959|NCBIGENE:2001|NCBIGENE:2013|NCBIGENE:2050|NCBIGENE:2064|NCBIGENE:2100|NCBIGENE:2166|NCBIGENE:220074|NCBIGENE:2247|NCBIGENE:23508|NCBIGENE:2353|NCBIGENE:240|NCBIGENE:2492|NCBIGENE:2516|NCBIGENE:257062|NCBIGENE:2571|NCBIGENE:2623|NCBIGENE:2641|NCBIGENE:2688|NCBIGENE:2770|NCBIGENE:2778|NCBIGENE:2792|NCBIGENE:2796|NCBIGENE:2908|NCBIGENE:2932|NCBIGENE:2938|NCBIGENE:2940|NCBIGENE:3133|NCBIGENE:3206|NCBIGENE:3207|NCBIGENE:3248|NCBIGENE:3283|NCBIGENE:3291|NCBIGENE:3295|NCBIGENE:347|NCBIGENE:347732|NCBIGENE:3479|NCBIGENE:3480|NCBIGENE:3484|NCBIGENE:3485|NCBIGENE:3486|NCBIGENE:3489|NCBIGENE:3552|NCBIGENE:3553|NCBIGENE:3557|NCBIGENE:356|NCBIGENE:3565|NCBIGENE:3576|NCBIGENE:3586|NCBIGENE:3600|NCBIGENE:3624|NCBIGENE:3627|NCBIGENE:3667|NCBIGENE:367|NCBIGENE:3738|NCBIGENE:378807|NCBIGENE:3952|NCBIGENE:3972|NCBIGENE:4023|NCBIGENE:4313|NCBIGENE:4314|NCBIGENE:4316|NCBIGENE:4323|NCBIGENE:4488|NCBIGENE:4846|NCBIGENE:4986|NCBIGENE:5020|NCBIGENE:5021|NCBIGENE:5054|NCBIGENE:5058|NCBIGENE:5069|NCBIGENE:5154|NCBIGENE:5241|NCBIGENE:5268|NCBIGENE:5284|NCBIGENE:5340|NCBIGENE:54361|NCBIGENE:5594|NCBIGENE:5595|NCBIGENE:5617|NCBIGENE:5741|NCBIGENE:5743|NCBIGENE:57828|NCBIGENE:5894|NCBIGENE:595|NCBIGENE:5970|NCBIGENE:627|NCBIGENE:632|NCBIGENE:633|NCBIGENE:6337|NCBIGENE:6340|NCBIGENE:6343|NCBIGENE:6347|NCBIGENE:650|NCBIGENE:6505|NCBIGENE:6506|NCBIGENE:6513|NCBIGENE:6532|NCBIGENE:6548|NCBIGENE:6580|NCBIGENE:6581|NCBIGENE:6659|NCBIGENE:6696|NCBIGENE:6715|NCBIGENE:6718|NCBIGENE:6781|NCBIGENE:6822|NCBIGENE:6935|NCBIGENE:7018|NCBIGENE:7040|NCBIGENE:7054|NCBIGENE:7057|NCBIGENE:7077|NCBIGENE:7124|NCBIGENE:7157|NCBIGENE:7276|NCBIGENE:7321|NCBIGENE:7421|NCBIGENE:7432|NCBIGENE:7481|NCBIGENE:7490|NCBIGENE:7832|NCBIGENE:7852|NCBIGENE:795|NCBIGENE:796|NCBIGENE:79644|NCBIGENE:79820|NCBIGENE:80036|NCBIGENE:836|NCBIGENE:857|NCBIGENE:8644|NCBIGENE:8647|NCBIGENE:8651|NCBIGENE:866|NCBIGENE:8660|NCBIGENE:8856|NCBIGENE:8877|NCBIGENE:891|NCBIGENE:908|NCBIGENE:9407|NCBIGENE:9429|NCBIGENE:969|NCBIGENE:999
DB00136,459,C[C@H](CCCC(C)(C)O)[C@@]1([H])CC[C@@]2([H])\C(CCC[C@]12C)=C\C=C1\C[C@@H](O)C[C@H](O)C1=C,P11473|P31260,Q07973|P08684,Q07973|P08684,PUBCHEM.COMPOUND:5280453,DOID:0050459|DOID:10952|DOID:11199|DOID:11335|DOID:12678|DOID:12679|DOID:13068|DOID:13404|DOID:1425|DOID:2485|DOID:2527|DOID:2921|DOID:4184|DOID:5160|DOID:557|DOID:580|DOID:585|DOID:626|DOID:9971,NCBIGENE:1015|NCBIGENE:1017|NCBIGENE:1027|NCBIGENE:1052|NCBIGENE:10686|NCBIGENE:11221|NCBIGENE:112802|NCBIGENE:121391|NCBIGENE:1277|NCBIGENE:1280|NCBIGENE:1436|NCBIGENE:1445|NCBIGENE:1493|NCBIGENE:1499|NCBIGENE:1576|NCBIGENE:1583|NCBIGENE:1591|NCBIGENE:1594|NCBIGENE:1843|NCBIGENE:1909|NCBIGENE:1910|NCBIGENE:1956|NCBIGENE:22943|NCBIGENE:23135|NCBIGENE:2353|NCBIGENE:240|NCBIGENE:250|NCBIGENE:251|NCBIGENE:2539|NCBIGENE:2597|NCBIGENE:2625|NCBIGENE:2668|NCBIGENE:2697|NCBIGENE:27121|NCBIGENE:27123|NCBIGENE:2908|NCBIGENE:3206|NCBIGENE:3248|NCBIGENE:3294|NCBIGENE:330|NCBIGENE:3371|NCBIGENE:3381|NCBIGENE:3383|NCBIGENE:3439|NCBIGENE:3447|NCBIGENE:3458|NCBIGENE:3479|NCBIGENE:3481|NCBIGENE:3486|NCBIGENE:3487|NCBIGENE:354|NCBIGENE:3552|NCBIGENE:3553|NCBIGENE:3558|NCBIGENE:3576|NCBIGENE:3586|NCBIGENE:3605|NCBIGENE:367|NCBIGENE:3684|NCBIGENE:3725|NCBIGENE:3756|NCBIGENE:387|NCBIGENE:4023|NCBIGENE:4036|NCBIGENE:4052|NCBIGENE:4179|NCBIGENE:4214|NCBIGENE:4217|NCBIGENE:4233|NCBIGENE:4312|NCBIGENE:4318|NCBIGENE:4322|NCBIGENE:4323|NCBIGENE:4629|NCBIGENE:4654|NCBIGENE:4656|NCBIGENE:466|NCBIGENE:4773|NCBIGENE:4843|NCBIGENE:4868|NCBIGENE:4953|NCBIGENE:50943|NCBIGENE:5251|NCBIGENE:5319|NCBIGENE:5329|NCBIGENE:5337|NCBIGENE:54210|NCBIGENE:5468|NCBIGENE:5507|NCBIGENE:55503|NCBIGENE:5578|NCBIGENE:5579|NCBIGENE:5594|NCBIGENE:5595|NCBIGENE:5617|NCBIGENE:5741|NCBIGENE:57708|NCBIGENE:5915|NCBIGENE:5925|NCBIGENE:595|NCBIGENE:5971|NCBIGENE:5972|NCBIGENE:602|NCBIGENE:6256|NCBIGENE:632|NCBIGENE:6347|NCBIGENE:6376|NCBIGENE:64145|NCBIGENE:6422|NCBIGENE:6505|NCBIGENE:6696|NCBIGENE:6781|NCBIGENE:7040|NCBIGENE:7051|NCBIGENE:7057|NCBIGENE:7076|NCBIGENE:7097|NCBIGENE:7124|NCBIGENE:7157|NCBIGENE:7200|NCBIGENE:7225|NCBIGENE:7350|NCBIGENE:7351|NCBIGENE:7366|NCBIGENE:7421|NCBIGENE:793|NCBIGENE:795|NCBIGENE:796|NCBIGENE:79660|NCBIGENE:8074|NCBIGENE:81793|NCBIGENE:836|NCBIGENE:846|NCBIGENE:860|NCBIGENE:8614|NCBIGENE:8651|NCBIGENE:8728|NCBIGENE:8870|NCBIGENE:9021|NCBIGENE:9023|NCBIGENE:929|NCBIGENE:9308|NCBIGENE:9314|NCBIGENE:9332|NCBIGENE:9365|NCBIGENE:9407|NCBIGENE:952|NCBIGENE:973|NCBIGENE:978|NCBIGENE:999
DB00749,460,CCC1=C2NC3=C(CCOC3(CC)CC(O)=O)C2=CC=C1,P35354|P23219|P19793,,,PUBCHEM.COMPOUND:3308,DOID:0060262|DOID:10763|DOID:10825|DOID:10952|DOID:114|DOID:11847|DOID:1247|DOID:1287|DOID:1425|DOID:2527|DOID:2921|DOID:381|DOID:409|DOID:557|DOID:5844|DOID:5854|DOID:676|DOID:7148|DOID:750|DOID:848|DOID:9408,NCBIGENE:5742|NCBIGENE:5743|NCBIGENE:6256|NCBIGENE:6615|NCBIGENE:999
DB00343,461,COC1=CC=C(C=C1)[C@@H]1SC2=C(C=CC=C2)N(CCN(C)C)C(=O)[C@@H]1OC(C)=O,Q13936|Q06432,,,PUBCHEM.COMPOUND:39186,DOID:0050590|DOID:0050700|DOID:0060224|DOID:0060262|DOID:0060674|DOID:0060675|DOID:0060676|DOID:0060677|DOID:0060678|DOID:0060679|DOID:0080001|DOID:10763|DOID:10825|DOID:10952|DOID:11984|DOID:1222|DOID:1227|DOID:12449|DOID:12932|DOID:12987|DOID:13087|DOID:13884|DOID:1425|DOID:14735|DOID:1558|DOID:1712|DOID:2527|DOID:2921|DOID:2972|DOID:384|DOID:409|DOID:557|DOID:65|DOID:854,NCBIGENE:112802|NCBIGENE:121391|NCBIGENE:1260|NCBIGENE:1576|NCBIGENE:1577|NCBIGENE:1906|NCBIGENE:2629|NCBIGENE:3553|NCBIGENE:3739|NCBIGENE:5741|NCBIGENE:5972|NCBIGENE:775|NCBIGENE:779|NCBIGENE:781|NCBIGENE:786|NCBIGENE:79813|NCBIGENE:9407
DB00700,462,[H][C@@]12CC[C@@]3(CCC(=O)O3)[C@@]1(C)C[C@H]1O[C@@]11[C@@]2([H])[C@@H](CC2=CC(=O)CC[C@]12C)C(=O)OC,P08235,,,PUBCHEM.COMPOUND:443872,DOID:0060262|DOID:10763|DOID:10825|DOID:409,NCBIGENE:1576|NCBIGENE:1577|NCBIGENE:2876|NCBIGENE:4689|NCBIGENE:4846|NCBIGENE:5972|NCBIGENE:7077
DB06710,463,[H][C@@]12CC[C@](C)(O)[C@@]1(C)CC[C@@]1([H])[C@@]2([H])CCC2=CC(=O)CC[C@]12C,P10275|P03372,P20813|P08684|P11511,P20813|P08684|P11511,PUBCHEM.COMPOUND:6010,DOID:0050328|DOID:0060262|DOID:0060810|DOID:10283|DOID:10286|DOID:10763|DOID:10787|DOID:10825|DOID:10952|DOID:11634|DOID:1168|DOID:11847|DOID:12678|DOID:12679|DOID:127|DOID:12859|DOID:13206|DOID:13223|DOID:1380|DOID:1425|DOID:1459|DOID:1727|DOID:1826|DOID:1837|DOID:1924|DOID:2394|DOID:2450|DOID:2451|DOID:2452|DOID:2485|DOID:2527|DOID:2841|DOID:2871|DOID:288|DOID:2883|DOID:289|DOID:2921|DOID:3133|DOID:3393|DOID:3526|DOID:3571|DOID:3755|DOID:3756|DOID:3875|DOID:409|DOID:4386|DOID:4674|DOID:5003|DOID:557|DOID:5844|DOID:5854|DOID:6000|DOID:6364|DOID:6713|DOID:9074|DOID:9351|DOID:9360|DOID:9408|DOID:9415|DOID:9460|DOID:9477|DOID:9970,NCBIGENE:367|NCBIGENE:6462
DB00371,464,CCCC(C)(COC(N)=O)COC(N)=O,P14867|P47869|P34903|P48169|P31644|Q16445,,,PUBCHEM.COMPOUND:4064,DOID:0050328|DOID:0050741|DOID:0060262|DOID:0060573|DOID:0060692|DOID:0060810|DOID:0111045|DOID:0111052|DOID:0111054|DOID:0111056|DOID:0111057|DOID:10652|DOID:10763|DOID:10772|DOID:10808|DOID:10825|DOID:10952|DOID:11249|DOID:11634|DOID:1168|DOID:11847|DOID:11870|DOID:12531|DOID:12678|DOID:12679|DOID:127|DOID:12859|DOID:13189|DOID:13223|DOID:1380|DOID:1425|DOID:14320|DOID:1443|DOID:14525|DOID:1459|DOID:1574|DOID:1588|DOID:1727|DOID:1826|DOID:1837|DOID:2030|DOID:2215|DOID:2216|DOID:2236|DOID:2355|DOID:2361|DOID:2394|DOID:2450|DOID:2451|DOID:2452|DOID:2485|DOID:2527|DOID:2841|DOID:2871|DOID:288|DOID:289|DOID:2921|DOID:302|DOID:303|DOID:3133|DOID:3393|DOID:3526|DOID:3755|DOID:3756|DOID:3875|DOID:3890|DOID:409|DOID:4386|DOID:557|DOID:5844|DOID:5854|DOID:6364|DOID:6713|DOID:750|DOID:9074|DOID:9351|DOID:9360|DOID:9408|DOID:9415|DOID:9460|DOID:9477|DOID:9970,NCBIGENE:2557|NCBIGENE:2558|NCBIGENE:2559|NCBIGENE:5581|NCBIGENE:64146
DB00454,465,CCOC(=O)C1(CCN(C)CC1)C1=CC=CC=C1,P41145|Q05586|Q13224|Q12879|Q14957|O15399|P35372|Q01959|P23975|P31645|P23141,P08684|P33261|P20813|P10635|P05177,P08684|P33261|P20813|P10635|P05177,PUBCHEM.COMPOUND:4058,DOID:0050328|DOID:0050590|DOID:0050741|DOID:0050771|DOID:0050841|DOID:0050848|DOID:0060215|DOID:0060262|DOID:0060731|DOID:10021|DOID:10154|DOID:10493|DOID:10588|DOID:10923|DOID:114|DOID:11459|DOID:11634|DOID:117|DOID:1227|DOID:12449|DOID:1287|DOID:12987|DOID:13206|DOID:13550|DOID:13774|DOID:13948|DOID:1405|DOID:14445|DOID:14464|DOID:1459|DOID:1574|DOID:1742|DOID:1826|DOID:2739|DOID:2741|DOID:2841|DOID:2883|DOID:302|DOID:303|DOID:3083|DOID:331|DOID:3875|DOID:3953|DOID:409|DOID:529|DOID:615|DOID:679|DOID:750|DOID:8515|DOID:863|DOID:8986|DOID:936|DOID:9428,NCBIGENE:1128|NCBIGENE:2902|NCBIGENE:2905|NCBIGENE:2906|NCBIGENE:4985|NCBIGENE:4986|NCBIGENE:4988|NCBIGENE:6530|NCBIGENE:6531|NCBIGENE:6532
DB01068,466,[O-][N+](=O)C1=CC2=C(NC(=O)CN=C2C2=CC=CC=C2Cl)C=C1,O75469,P05181|P11245|P08684,P05181|P11245|P08684,PUBCHEM.COMPOUND:2802,DOID:0050848|DOID:0060262|DOID:0060731|DOID:1067|DOID:10952|DOID:11832|DOID:12139|DOID:13268|DOID:13550|DOID:1405|DOID:1425|DOID:14445|DOID:1470|DOID:1595|DOID:1596|DOID:1825|DOID:2527|DOID:2848|DOID:2921|DOID:302|DOID:303|DOID:308|DOID:409|DOID:4964|DOID:557|DOID:594,NCBIGENE:2741|NCBIGENE:9407
DB00377,467,[H][C@]12CCCC3=C1C(=CC=C3)C(=O)N(C2)[C@@H]1CN2CCC1CC2,P46098,P10635|P08684|P05177,P10635|P08684|P05177,PUBCHEM.COMPOUND:6337614,DOID:0060224|DOID:0060262|DOID:10763|DOID:10825|DOID:13003|DOID:1727|DOID:224|DOID:2450|DOID:2451|DOID:2452|DOID:2988|DOID:3393|DOID:3526|DOID:3755|DOID:3756|DOID:3875|DOID:409|DOID:6713|DOID:9477,NCBIGENE:3359
DB06694,468,CC1=CC(=CC(C)=C1CC1=NCCN1)C(C)(C)C,P08913|P18089|P35348|P35368|P25100|P18825,,,PUBCHEM.COMPOUND:5709,DOID:10459|DOID:10763|DOID:10825|DOID:114|DOID:12361|DOID:1287|DOID:1837|DOID:2275|DOID:7997|DOID:7998|DOID:9351,NCBIGENE:146|NCBIGENE:147|NCBIGENE:148|NCBIGENE:150|NCBIGENE:152
DB00647,469,CCC(=O)O[C@@](CC1=CC=CC=C1)([C@H](C)CN(C)C)C1=CC=CC=C1,P35372|P41143|P41145|P23141,,,PUBCHEM.COMPOUND:10100,DOID:0050741|DOID:0060262|DOID:0060573|DOID:0060692|DOID:0111045|DOID:0111052|DOID:0111054|DOID:0111056|DOID:0111057|DOID:10652|DOID:10763|DOID:10772|DOID:10808|DOID:10825|DOID:10933|DOID:10952|DOID:11249|DOID:11870|DOID:12139|DOID:12531|DOID:13189|DOID:13603|DOID:1425|DOID:1443|DOID:14525|DOID:1470|DOID:1574|DOID:1588|DOID:1595|DOID:1596|DOID:1826|DOID:2215|DOID:2216|DOID:2236|DOID:2355|DOID:2361|DOID:2527|DOID:2841|DOID:2848|DOID:2913|DOID:2921|DOID:302|DOID:303|DOID:3083|DOID:3393|DOID:3878|DOID:409|DOID:4964|DOID:4989|DOID:557|DOID:593|DOID:594|DOID:750|DOID:8442|DOID:8515|DOID:8677|DOID:9741,NCBIGENE:1565|NCBIGENE:4985|NCBIGENE:4986|NCBIGENE:4988
DB12026,470,CC[C@@H]1[C@@H]2CN([C@@H]1C(=O)N[C@@]1(C[C@H]1C(F)F)C(=O)NS(=O)(=O)C1(C)CC1)C(=O)[C@@H](NC(=O)O[C@@H]1C[C@H]1CCCCC(F)(F)C1=C(O2)N=C2C=C(OC)C=CC2=N1)C(C)(C)C,B0B3C9,P08684|P05177|P10632,P08684|P05177|P10632,PUBCHEM.COMPOUND:89921642,DOID:1883,
DB05271,471,CCCN(CCC1=CC=CS1)[C@H]1CCC2=C(O)C=CC=C2C1,P35462|P21917|P14416|P21918|P21728|P08908|P18089,P08684|P10635|P33261,P08684|P10635|P33261,PUBCHEM.COMPOUND:59227,DOID:0050425|DOID:0060891|DOID:0060895|DOID:0060896|DOID:10763|DOID:10825|DOID:14330|DOID:543,
DB00270,472,COC(=O)C1=C(C)NC(C)=C(C1C1=CC=CC2=NON=C12)C(=O)OC(C)C,Q13936|P54289|Q08289|O95180|Q9NY47|Q01668|Q13698,,,PUBCHEM.COMPOUND:3784,DOID:0060262|DOID:10763|DOID:10825|DOID:11847|DOID:13739|DOID:1936|DOID:2348|DOID:3393|DOID:409|DOID:5844|DOID:5854|DOID:9408,NCBIGENE:5972|NCBIGENE:775|NCBIGENE:776|NCBIGENE:779|NCBIGENE:781|NCBIGENE:783|NCBIGENE:8912|NCBIGENE:8913|NCBIGENE:9254
DB00222,473,CCC1=C(C)CN(C(=O)NCCC2=CC=C(C=C2)S(=O)(=O)NC(=O)N[C@H]2CC[C@H](C)CC2)C1=O,Q14654|P48048|Q09428,P11712,P11712,PUBCHEM.COMPOUND:3476,DOID:0050741|DOID:0060262|DOID:0060870|DOID:0060872|DOID:0060873|DOID:0060874|DOID:0060875|DOID:0090070|DOID:0090071|DOID:0090072|DOID:0090073|DOID:0090074|DOID:0090076|DOID:0090077|DOID:0090078|DOID:0090079|DOID:0090080|DOID:0090081|DOID:0090082|DOID:0090083|DOID:0090084|DOID:0090085|DOID:0090086|DOID:0090087|DOID:0090089|DOID:0090090|DOID:0090092|DOID:0090093|DOID:0090094|DOID:10493|DOID:10952|DOID:11054|DOID:11396|DOID:11476|DOID:11847|DOID:13774|DOID:1425|DOID:1574|DOID:2527|DOID:2921|DOID:3133|DOID:3393|DOID:3526|DOID:3614|DOID:4007|DOID:409|DOID:4447|DOID:4449|DOID:533|DOID:557|DOID:583|DOID:5844|DOID:5854|DOID:6000|DOID:6713|DOID:9351|DOID:9352|DOID:9406|DOID:9408|DOID:9410|DOID:9476|DOID:9993,NCBIGENE:1559|NCBIGENE:1803|NCBIGENE:2641|NCBIGENE:3758|NCBIGENE:3767|NCBIGENE:4846|NCBIGENE:5054|NCBIGENE:54578|NCBIGENE:54579|NCBIGENE:54659|NCBIGENE:5621|NCBIGENE:6517|NCBIGENE:857
DB01120,474,[H][C@@]12CCC[C@]1([H])CN(C2)NC(=O)NS(=O)(=O)C1=CC=C(C)C=C1,Q09428|P15692,,,PUBCHEM.COMPOUND:3475,DOID:9351|DOID:9352,NCBIGENE:2641|NCBIGENE:3758|NCBIGENE:3767
DB00278,475,C[C@@H]1CCN([C@H](C1)C(O)=O)C(=O)[C@H](CCCNC(N)=N)NS(=O)(=O)C1=CC=CC2=C1NCC(C)C2,P00734,,,PUBCHEM.COMPOUND:152951,,NCBIGENE:2147
DB09048,476,CN(C(=O)C(C)(C)C1=CC(=CC(=C1)C(F)(F)F)C(F)(F)F)C1=CN=C(C=C1C1=CC=CC=C1C)N1CCN(C)CC1,P25103,Q9HB55|P11712|P10635|P08684,Q9HB55|P11712|P10635|P08684,PUBCHEM.COMPOUND:6451149,,NCBIGENE:6869
DB01028,477,COC(F)(F)C(Cl)Cl,P14867|P42261|P23415|Q09470|P98194|P03886,P05177|P11509|P20813|P11712|P10635|P08684|P05181,P05177|P11509|P20813|P11712|P10635|P08684|P05181,PUBCHEM.COMPOUND:4116,,NCBIGENE:1528|NCBIGENE:1555|NCBIGENE:2741|NCBIGENE:3736|NCBIGENE:4535|NCBIGENE:513|NCBIGENE:6646
DB00768,478,CN(C)CC\C=C1\C2=CC=CC=C2COC2=C1C=C(CC(O)=O)C=C2,P35367|P25021|Q9Y5N1|P23297|P80511|P04271|Q99584|P29034,,,PUBCHEM.COMPOUND:5281071,DOID:11204|DOID:2457|DOID:2474|DOID:4481|DOID:4730,NCBIGENE:11255|NCBIGENE:3269|NCBIGENE:3274|NCBIGENE:3383|NCBIGENE:6271|NCBIGENE:6273|NCBIGENE:6283|NCBIGENE:6285|NCBIGENE:6361|NCBIGENE:85480
DB01263,479,CC[C@@H]([C@H](C)O)N1N=CN(C1=O)C1=CC=C(C=C1)N1CCN(CC1)C1=CC=C(OC[C@@H]2CO[C@](CN3C=NC=N3)(C2)C2=C(F)C=C(F)C=C2)C=C1,P10613,P08684,P08684,PUBCHEM.COMPOUND:468595,DOID:12711|DOID:13078|DOID:13450|DOID:13564|DOID:13902|DOID:14262|DOID:14484|DOID:1508|DOID:1731,NCBIGENE:10858|NCBIGENE:1576|NCBIGENE:1595
DB09166,480,CCC1=CC2=C(S1)N1C(C)=NN=C1CN=C2C1=CC=CC=C1Cl,P25105,P08684|P33260|P33261,P08684|P33260|P33261,PUBCHEM.COMPOUND:3307,DOID:14320|DOID:2030,NCBIGENE:23476
DB01261,481,N[C@@H](CC(=O)N1CCN2C(C1)=NN=C2C(F)(F)F)CC1=CC(F)=C(F)C=C1F,P27487,P08684|P10632,P08684|P10632,PUBCHEM.COMPOUND:4369359,DOID:0050741|DOID:0060262|DOID:0060870|DOID:0060872|DOID:0060873|DOID:0060874|DOID:0060875|DOID:0090070|DOID:0090071|DOID:0090072|DOID:0090073|DOID:0090074|DOID:0090076|DOID:0090077|DOID:0090078|DOID:0090079|DOID:0090080|DOID:0090081|DOID:0090082|DOID:0090083|DOID:0090084|DOID:0090085|DOID:0090086|DOID:0090087|DOID:0090089|DOID:0090090|DOID:0090092|DOID:0090093|DOID:0090094|DOID:10493|DOID:10952|DOID:11847|DOID:13774|DOID:1425|DOID:1574|DOID:2527|DOID:2913|DOID:2921|DOID:3614|DOID:3650|DOID:409|DOID:4989|DOID:533|DOID:557|DOID:5844|DOID:5854|DOID:9351|DOID:9352|DOID:9406|DOID:9408|DOID:9410|DOID:9476|DOID:9993,NCBIGENE:1803|NCBIGENE:2641|NCBIGENE:3958|NCBIGENE:4288|NCBIGENE:6387|NCBIGENE:6517|NCBIGENE:836
DB00661,482,COC1=C(OC)C=C(CCN(C)CCCC(C#N)(C(C)C)C2=CC(OC)=C(OC)C=C2)C=C1,Q13936|Q00975|O00555|Q14654|O43497|O95180|Q12809|P31645|P35348|P35368|P25100|P08183,,,PUBCHEM.COMPOUND:2520,DOID:0050590|DOID:0050700|DOID:0060224|DOID:0060262|DOID:0060674|DOID:0060675|DOID:0060676|DOID:0060677|DOID:0060678|DOID:0060679|DOID:0080001|DOID:10763|DOID:10825|DOID:10952|DOID:11723|DOID:11984|DOID:1222|DOID:1227|DOID:12449|DOID:12932|DOID:12987|DOID:13087|DOID:13884|DOID:1425|DOID:14735|DOID:1558|DOID:1712|DOID:2527|DOID:2921|DOID:2972|DOID:326|DOID:384|DOID:409|DOID:437|DOID:557|DOID:6000|DOID:65|DOID:854|DOID:9884,NCBIGENE:11196|NCBIGENE:112802|NCBIGENE:121391|NCBIGENE:1544|NCBIGENE:1558|NCBIGENE:1576|NCBIGENE:1577|NCBIGENE:1813|NCBIGENE:19|NCBIGENE:1906|NCBIGENE:2487|NCBIGENE:283871|NCBIGENE:340273|NCBIGENE:343450|NCBIGENE:368|NCBIGENE:3738|NCBIGENE:3757|NCBIGENE:3767|NCBIGENE:4363|NCBIGENE:4846|NCBIGENE:5154|NCBIGENE:5244|NCBIGENE:551|NCBIGENE:55811|NCBIGENE:5617|NCBIGENE:5741|NCBIGENE:5972|NCBIGENE:6262|NCBIGENE:6337|NCBIGENE:6340|NCBIGENE:6403|NCBIGENE:6532|NCBIGENE:6584|NCBIGENE:6662|NCBIGENE:6863|NCBIGENE:773|NCBIGENE:775|NCBIGENE:776|NCBIGENE:778|NCBIGENE:779|NCBIGENE:782|NCBIGENE:783|NCBIGENE:784|NCBIGENE:785|NCBIGENE:8313|NCBIGENE:8856|NCBIGENE:8911|NCBIGENE:8913|NCBIGENE:9429
DB06268,483,CC1=NOC(NS(=O)(=O)C2=C(SC=C2)C(=O)CC2=CC3=C(OCO3)C=C2C)=C1Cl,P25101|P24530,P33261|P11712|P08684,P33261|P11712|P08684,PUBCHEM.COMPOUND:216235,,NCBIGENE:1559|NCBIGENE:1576|NCBIGENE:1909|NCBIGENE:1910|NCBIGENE:6554|NCBIGENE:8647
DB01190,484,[H][C@@](NC(=O)[C@@H]1C[C@@H](CCC)CN1C)([C@H](C)Cl)[C@@]1([H])O[C@H](SC)[C@H](O)[C@@H](O)[C@H]1O,Q2G0P0,,,PUBCHEM.COMPOUND:446598,DOID:0050152|DOID:0060192|DOID:0110892|DOID:13250|DOID:2170|DOID:2272|DOID:2273|DOID:2723|DOID:3240|DOID:3310|DOID:3385|DOID:3798|DOID:381|DOID:3901|DOID:6543|DOID:813|DOID:8577|DOID:8778,NCBIGENE:1576
DB00748,485,CN(C)CCOC(C1=CC=C(Cl)C=C1)C1=CC=CC=N1,P35367,,,PUBCHEM.COMPOUND:2564,DOID:0050328|DOID:0050589|DOID:0060262|DOID:0060674|DOID:0060675|DOID:0060676|DOID:0060677|DOID:0060678|DOID:0060679|DOID:0110892|DOID:10459|DOID:10460|DOID:10493|DOID:10763|DOID:10808|DOID:10825|DOID:10952|DOID:11204|DOID:114|DOID:11459|DOID:11634|DOID:11847|DOID:11963|DOID:11981|DOID:12361|DOID:12642|DOID:1287|DOID:13186|DOID:1319|DOID:13206|DOID:13550|DOID:13739|DOID:13774|DOID:13948|DOID:13976|DOID:1405|DOID:1425|DOID:14250|DOID:14445|DOID:1459|DOID:1558|DOID:1742|DOID:1826|DOID:1837|DOID:1936|DOID:2089|DOID:2348|DOID:2349|DOID:2457|DOID:2474|DOID:2527|DOID:2883|DOID:2913|DOID:2921|DOID:302|DOID:303|DOID:3393|DOID:3650|DOID:3827|DOID:3878|DOID:409|DOID:437|DOID:4481|DOID:4730|DOID:4989|DOID:5162|DOID:5200|DOID:557|DOID:5844|DOID:5854|DOID:743|DOID:750|DOID:7997|DOID:7998|DOID:8442|DOID:8515|DOID:8534|DOID:8577|DOID:9164|DOID:9282|DOID:9351|DOID:936|DOID:9408|DOID:9428,NCBIGENE:1128|NCBIGENE:3269
DB01142,486,[H]C(CCN(C)C)=C1C2=CC=CC=C2COC2=CC=CC=C12,P35367|P25021|P23975|P31645|P28223|P41595|P28335|P11229|P08172|P20309|P08173|P08912|P35348|P35368|P25100|P08908|P50406|Q9H3N8|Q12809,,,PUBCHEM.COMPOUND:667468,,NCBIGENE:1128|NCBIGENE:1131|NCBIGENE:1132|NCBIGENE:1133|NCBIGENE:146|NCBIGENE:147|NCBIGENE:148|NCBIGENE:150|NCBIGENE:152|NCBIGENE:1813|NCBIGENE:3269|NCBIGENE:3274|NCBIGENE:3350|NCBIGENE:3357|NCBIGENE:3358|NCBIGENE:3362|NCBIGENE:3757|NCBIGENE:59340|NCBIGENE:6530|NCBIGENE:6532
DB00744,487,CC(N(O)C(N)=O)C1=CC2=CC=CC=C2S1,P09917,P23219|O60656|P11712|P05177|P08684,P23219|O60656|P11712|P05177|P08684,PUBCHEM.COMPOUND:60490,DOID:0060262|DOID:12139|DOID:14320|DOID:1470|DOID:1595|DOID:1596|DOID:2030|DOID:2841|DOID:2848|DOID:409|DOID:4964|DOID:9360|DOID:9415,NCBIGENE:1544|NCBIGENE:1576|NCBIGENE:240
DB00745,488,NC(=O)CS(=O)C(C1=CC=CC=C1)C1=CC=CC=C1,Q01959|P35368,P33261|P08684|P20815|P05177|P20813|P11712|P10635,P33261|P08684|P20815|P05177|P20813|P11712|P10635,PUBCHEM.COMPOUND:4236,DOID:0050741|DOID:0060215|DOID:10588|DOID:10763|DOID:10825|DOID:11328|DOID:11502|DOID:11847|DOID:12139|DOID:1470|DOID:1574|DOID:1595|DOID:1596|DOID:2848|DOID:326|DOID:331|DOID:3312|DOID:3393|DOID:4964|DOID:5418|DOID:5844|DOID:5854|DOID:8986|DOID:9408|DOID:988,NCBIGENE:146|NCBIGENE:147|NCBIGENE:148|NCBIGENE:1544|NCBIGENE:1557|NCBIGENE:1559|NCBIGENE:1576|NCBIGENE:1577|NCBIGENE:2353|NCBIGENE:3060|NCBIGENE:6531
DB08798,489,CC1=C(C)N=C(NS(=O)(=O)C2=CC=C(N)C=C2)O1,Q27738,P11712,P11712,PUBCHEM.COMPOUND:12894,,
DB08931,490,COC(=O)N(C)C1=C(N)N=C(N=C1N)C1=NN(CC2=C(F)C=CC=C2)C2=C1C=CC=N2,P33402,P04798|P08684|P10632|P51589,P04798|P08684|P10632|P51589,PUBCHEM.COMPOUND:11304743,,
DB00921,491,CO[C@]12CC[C@@]3(C[C@@H]1[C@](C)(O)C(C)(C)C)[C@H]1CC4=C5C(O[C@@H]2[C@@]35CCN1CC1CC1)=C(O)C=C4,P41145|P35372|P41143|P41146,,,PUBCHEM.COMPOUND:644073,DOID:0050328|DOID:0060262|DOID:10493|DOID:11459|DOID:11634|DOID:13206|DOID:13603|DOID:13774|DOID:1459|DOID:1742|DOID:1883|DOID:2043|DOID:2559|DOID:2560|DOID:2883|DOID:302|DOID:303|DOID:3083|DOID:3878|DOID:409|DOID:8442|DOID:8515|DOID:9428|DOID:9741|DOID:9976,NCBIGENE:1565|NCBIGENE:1576|NCBIGENE:4985|NCBIGENE:4986|NCBIGENE:4987|NCBIGENE:4988|NCBIGENE:5594|NCBIGENE:5595
DB00927,492,NC(N)=NC1=NC(CSCCC(N)=NS(N)(=O)=O)=CS1,P25021,,,PUBCHEM.COMPOUND:3325,,NCBIGENE:3274
DB01466,493,[H][C@@]12OC3=C(OCC)C=CC4=C3[C@@]11CCN(C)[C@]([H])(C4)[C@]1([H])C=C[C@@H]2O,P35372,,,PUBCHEM.COMPOUND:5359271,,NCBIGENE:1565|NCBIGENE:4988
DB06216,494,CN1CC2C(C1)C1=C(OC3=CC=C(Cl)C=C23)C=CC=C1,P28223|P14416|P08908|P28222|P41595|P28335|P47898|P50406|P34969|P35462|P21917|P21728|P35348|P08913|P18089|P18825|P35367|P25021|P08588|P07550,P22310|P05177|P10635|P08684,P22310|P05177|P10635|P08684,PUBCHEM.COMPOUND:11954293,,
DB08881,495,CCCS(=O)(=O)NC1=C(F)C(C(=O)C2=CNC3=NC=C(C=C23)C2=CC=C(Cl)C=C2)=C(F)C=C1,P15056,P05177|P10635|P08684|P11712|P10632|P20813,P05177|P10635|P08684|P11712|P10632|P20813,PUBCHEM.COMPOUND:42611257,DOID:12030|DOID:12678|DOID:12679|DOID:13141|DOID:1406|DOID:240|DOID:2485|DOID:2739|DOID:2741|DOID:4353|DOID:4500,NCBIGENE:2065|NCBIGENE:2735|NCBIGENE:3454|NCBIGENE:5159|NCBIGENE:5894|NCBIGENE:673|NCBIGENE:8078|NCBIGENE:8795|NCBIGENE:9451
DB01026,496,CC(=O)N1CCN(CC1)C1=CC=C(OCC2COC(CN3C=CN=C3)(O2)C2=CC=C(Cl)C=C2Cl)C=C1,P50859|P05093|P10275|P08686|Q12809|O75469|Q14994,P08684|P20815|P33261|P04798|P05177|P11509|Q16678|P20813|P10632|P11712|P10635|P15538|P22309|Q9HAW7|P16662|Q9HCS2|P11511|P78329,P08684|P20815|P33261|P04798|P05177|P11509|Q16678|P20813|P10632|P11712|P10635|P15538|P22309|Q9HAW7|P16662|Q9HCS2|P11511|P78329,PUBCHEM.COMPOUND:3823,,NCBIGENE:1576|NCBIGENE:1589|NCBIGENE:367
DB00277,497,CN1C2=C(NC=N2)C(=O)N(C)C1=O,P30542|P29274|P29275|Q07343|O76074|P27815|Q14432|Q92769|Q99829|Q8TCT9|Q15155|P09874|Q7Z5B4|Q9Y4R7,,,PUBCHEM.COMPOUND:2153,DOID:0050328|DOID:0050590|DOID:0050741|DOID:0050848|DOID:0060262|DOID:0060731|DOID:1067|DOID:10763|DOID:10825|DOID:10952|DOID:11328|DOID:11396|DOID:114|DOID:11634|DOID:11847|DOID:12139|DOID:12176|DOID:1227|DOID:12361|DOID:12550|DOID:1287|DOID:12987|DOID:13195|DOID:13206|DOID:13268|DOID:13413|DOID:13550|DOID:13739|DOID:13948|DOID:1405|DOID:1425|DOID:14445|DOID:1459|DOID:1470|DOID:1485|DOID:1574|DOID:1588|DOID:1595|DOID:1596|DOID:1826|DOID:1837|DOID:1936|DOID:2348|DOID:2355|DOID:2361|DOID:2527|DOID:2722|DOID:2841|DOID:2848|DOID:2883|DOID:2921|DOID:302|DOID:303|DOID:3393|DOID:409|DOID:4964|DOID:50|DOID:5418|DOID:557|DOID:5844|DOID:5854|DOID:6132|DOID:7188|DOID:750|DOID:7997|DOID:7998|DOID:850|DOID:8505|DOID:8515|DOID:9267|DOID:9351|DOID:9360|DOID:9408|DOID:9415,NCBIGENE:128240|NCBIGENE:136|NCBIGENE:1437|NCBIGENE:1544|NCBIGENE:22934|NCBIGENE:2353|NCBIGENE:2520|NCBIGENE:3066|NCBIGENE:3562|NCBIGENE:3596|NCBIGENE:3606|NCBIGENE:440068|NCBIGENE:501|NCBIGENE:5139|NCBIGENE:5142|NCBIGENE:5290|NCBIGENE:57413|NCBIGENE:5972|NCBIGENE:6750|NCBIGENE:7124|NCBIGENE:7299|NCBIGENE:8566|NCBIGENE:8654
DB00266,498,OC1=C(CC2=C(O)C3=C(OC2=O)C=CC=C3)C(=O)OC2=C1C=CC=C2,Q9BQB6|P15559|Q08257,,,PUBCHEM.COMPOUND:54676038,DOID:0050328|DOID:0050741|DOID:0060262|DOID:0080001|DOID:10602|DOID:10763|DOID:10825|DOID:10941|DOID:10966|DOID:11249|DOID:11328|DOID:11482|DOID:11634|DOID:1168|DOID:118|DOID:1184|DOID:11847|DOID:1222|DOID:12361|DOID:1247|DOID:13580|DOID:1459|DOID:1574|DOID:162|DOID:1787|DOID:2355|DOID:2361|DOID:2451|DOID:2452|DOID:2590|DOID:3721|DOID:3755|DOID:3756|DOID:409|DOID:4372|DOID:4562|DOID:4766|DOID:5418|DOID:5844|DOID:5854|DOID:6000|DOID:65|DOID:6713|DOID:7997|DOID:7998|DOID:8432|DOID:854|DOID:865|DOID:8997|DOID:9408|DOID:9667,
DB01242,499,CN(C)CCCN1C2=CC=CC=C2CCC2=C1C=C(Cl)C=C2,P31645|P28223|P41595|P28335|P23975|P09211,,,PUBCHEM.COMPOUND:2801,DOID:0050741|DOID:0050771|DOID:0060262|DOID:10021|DOID:10154|DOID:10933|DOID:117|DOID:12361|DOID:1574|DOID:1686|DOID:1826|DOID:3953|DOID:409|DOID:769|DOID:7997|DOID:7998|DOID:8545,NCBIGENE:1128|NCBIGENE:1131|NCBIGENE:1132|NCBIGENE:1133|NCBIGENE:146|NCBIGENE:148|NCBIGENE:150|NCBIGENE:1544|NCBIGENE:1557|NCBIGENE:1565|NCBIGENE:1813|NCBIGENE:1814|NCBIGENE:2950|NCBIGENE:3269|NCBIGENE:3357|NCBIGENE:3358|NCBIGENE:3362|NCBIGENE:5617|NCBIGENE:6530|NCBIGENE:6531|NCBIGENE:6532|NCBIGENE:836
DB00738,500,NC(=N)C1=CC=C(OCCCCCOC2=CC=C(C=C2)C(N)=N)C=C1,O14717,P33261|P04798|P10635|P20815|Q02928,P33261|P04798|P10635|P20815|Q02928,PUBCHEM.COMPOUND:4735,DOID:0060262|DOID:10112|DOID:10113|DOID:10763|DOID:10825|DOID:10952|DOID:12678|DOID:12679|DOID:1425|DOID:1588|DOID:1837|DOID:2355|DOID:2361|DOID:2485|DOID:2527|DOID:2841|DOID:2913|DOID:2921|DOID:409|DOID:4195|DOID:4989|DOID:557|DOID:615|DOID:9351|DOID:9360|DOID:9415|DOID:9993,NCBIGENE:10524|NCBIGENE:1787|NCBIGENE:3757|NCBIGENE:4361|NCBIGENE:472|NCBIGENE:6285
DB01232,501,[H][C@@]12CCCC[C@]1([H])CN(C[C@@H](O)[C@H](CC1=CC=CC=C1)NC(=O)[C@H](CC(N)=O)NC(=O)C1=NC3=C(C=CC=C3)C=C1)[C@@H](C2)C(=O)NC(C)(C)C,Q72874,P10632|P10635|P08684|P20815|P24462,P10632|P10635|P08684|P20815|P24462,PUBCHEM.COMPOUND:441243,DOID:0050741|DOID:0060262|DOID:12134|DOID:12259|DOID:1574|DOID:1837|DOID:1883|DOID:2043|DOID:409|DOID:4195|DOID:4500|DOID:5082|DOID:526|DOID:635|DOID:9351,
DB00814,502,CN1C(C(=O)NC2=NC=C(C)S2)=C(O)C2=C(C=CC=C2)S1(=O)=O,P35354|P23219,,,PUBCHEM.COMPOUND:54677470,DOID:0050741|DOID:10763|DOID:10825|DOID:10952|DOID:114|DOID:1168|DOID:11847|DOID:1247|DOID:1287|DOID:1425|DOID:1574|DOID:1837|DOID:2355|DOID:2361|DOID:2527|DOID:2921|DOID:3526|DOID:381|DOID:4029|DOID:557|DOID:5844|DOID:5854|DOID:6000|DOID:6713|DOID:676|DOID:7148|DOID:848|DOID:9351|DOID:9408,
DB00393,503,COCCOC(=O)C1=C(C)NC(C)=C(C1C1=CC(=CC=C1)[N+]([O-])=O)C(=O)OC(C)C,Q13936|Q01668|O60840|Q13698|Q02641|Q08289|P54284|O00305|P08235|P35869,,,PUBCHEM.COMPOUND:4497,DOID:0060262|DOID:409,NCBIGENE:196|NCBIGENE:3177|NCBIGENE:4915|NCBIGENE:5617|NCBIGENE:6750|NCBIGENE:775|NCBIGENE:776|NCBIGENE:778|NCBIGENE:779|NCBIGENE:782|NCBIGENE:783|NCBIGENE:784|NCBIGENE:785|NCBIGENE:836|NCBIGENE:8856
DB00571,504,CC(C)NCC(O)COC1=CC=CC2=C1C=CC=C2,P08588|P07550|P13945|P08908|P28222,,,PUBCHEM.COMPOUND:4946,DOID:0050700|DOID:0060224|DOID:0060262|DOID:0110307|DOID:1029|DOID:10300|DOID:10763|DOID:10825|DOID:10952|DOID:11984|DOID:12139|DOID:12550|DOID:12678|DOID:12679|DOID:12932|DOID:13087|DOID:13189|DOID:13413|DOID:13543|DOID:13884|DOID:1425|DOID:1470|DOID:1475|DOID:1595|DOID:1596|DOID:1837|DOID:1920|DOID:2383|DOID:2431|DOID:2485|DOID:2527|DOID:255|DOID:277|DOID:2848|DOID:2913|DOID:2921|DOID:2983|DOID:3341|DOID:384|DOID:409|DOID:423|DOID:437|DOID:4500|DOID:468|DOID:474|DOID:483|DOID:4964|DOID:4989|DOID:557|DOID:6132|DOID:9074|DOID:9351|DOID:9993,NCBIGENE:1448|NCBIGENE:1509|NCBIGENE:153|NCBIGENE:154|NCBIGENE:1544|NCBIGENE:155|NCBIGENE:1557|NCBIGENE:1559|NCBIGENE:1565|NCBIGENE:1576|NCBIGENE:1577|NCBIGENE:1621|NCBIGENE:1956|NCBIGENE:1958|NCBIGENE:2022|NCBIGENE:3350|NCBIGENE:3351|NCBIGENE:3354|NCBIGENE:3355|NCBIGENE:3361|NCBIGENE:3553|NCBIGENE:3757|NCBIGENE:3931|NCBIGENE:3953|NCBIGENE:4313|NCBIGENE:4318|NCBIGENE:4953|NCBIGENE:501|NCBIGENE:551|NCBIGENE:595|NCBIGENE:5972|NCBIGENE:598|NCBIGENE:7056|NCBIGENE:7852|NCBIGENE:8292|NCBIGENE:8613|NCBIGENE:9407
DB00570,505,[H][C@@]12N(C)C3=CC(OC)=C(C=C3[C@@]11CCN3CC=C[C@@](CC)([C@@H](OC(C)=O)[C@]2(O)C(=O)OC)[C@@]13[H])[C@]1(C[C@@]2([H])CN(C[C@](O)(CC)C2)CCC2=C1NC1=C2C=CC=C1)C(=O)OC,Q71U36|P07437|Q9UJT1|P23258|Q9UJT0|P05412,,,PUBCHEM.COMPOUND:13342,DOID:0050590|DOID:0060058|DOID:0060060|DOID:104|DOID:12139|DOID:1227|DOID:12449|DOID:12987|DOID:1389|DOID:1470|DOID:1564|DOID:1588|DOID:1595|DOID:1596|DOID:1920|DOID:2571|DOID:2739|DOID:2741|DOID:2848|DOID:2998|DOID:3393|DOID:3590|DOID:4440|DOID:4964|DOID:574|DOID:5842|DOID:707|DOID:850|DOID:8538|DOID:8543|DOID:8567|DOID:8628|DOID:8632|DOID:8651|DOID:8654|DOID:8675|DOID:8691|DOID:870|DOID:8913|DOID:934,NCBIGENE:10383|NCBIGENE:1244|NCBIGENE:1576|NCBIGENE:2152|NCBIGENE:3308|NCBIGENE:356|NCBIGENE:3683|NCBIGENE:3725|NCBIGENE:4137|NCBIGENE:5244|NCBIGENE:5617|NCBIGENE:7846|NCBIGENE:81551|NCBIGENE:9429
DB06237,506,COC1=C(Cl)C=C(CNC2=C(C=NC(=N2)N2CCC[C@H]2CO)C(=O)NCC2=NC=CC=N2)C=C1,O76074,P08684|P11712,P08684|P11712,PUBCHEM.COMPOUND:9869929,DOID:11120|DOID:13709,NCBIGENE:8654
DB01427,507,NC1=CC(=CNC1=O)C1=CC=NC=C1,Q14432|Q13370|P01375,,,PUBCHEM.COMPOUND:3698,DOID:0050700|DOID:0060262|DOID:0110307|DOID:10952|DOID:11847|DOID:11984|DOID:12932|DOID:1425|DOID:1588|DOID:1712|DOID:2527|DOID:2921|DOID:409|DOID:4500|DOID:557|DOID:5844|DOID:5854|DOID:6420|DOID:9408,NCBIGENE:5139|NCBIGENE:5140|NCBIGENE:5142|NCBIGENE:7124
DB00705,508,CC(C)NC1=C(N=CC=C1)N1CCN(CC1)C(=O)C1=CC2=C(N1)C=CC(NS(C)(=O)=O)=C2,Q72547,,,PUBCHEM.COMPOUND:5625,DOID:0060262|DOID:409|DOID:526|DOID:635,NCBIGENE:1557|NCBIGENE:1559|NCBIGENE:1576
DB00706,509,CCOC1=CC=CC=C1OCCN[C@H](C)CC1=CC(=C(OC)C=C1)S(N)(=O)=O,P35348|P25100|P35368,P10635|P08684,P10635|P08684,PUBCHEM.COMPOUND:129211,DOID:0060262|DOID:13206|DOID:2883|DOID:409|DOID:9286,NCBIGENE:146|NCBIGENE:147|NCBIGENE:148|NCBIGENE:150|NCBIGENE:152|NCBIGENE:1813|NCBIGENE:1814|NCBIGENE:3350
DB00708,510,CCC(=O)N(C1=CC=CC=C1)C1(COC)CCN(CCC2=CC=CS2)CC1,P35372|P41143|P41145,,,PUBCHEM.COMPOUND:41693,DOID:0060262|DOID:10952|DOID:1425|DOID:2527|DOID:2921|DOID:409|DOID:557,NCBIGENE:4985|NCBIGENE:4986|NCBIGENE:4988
DB01256,511,[H][C@@]12C(=O)CC[C@]11CC[C@@H](C)[C@@]2(C)[C@@H](C[C@@](C)(C=C)[C@@H](O)[C@@H]1C)OC(=O)CS[C@H]1C[C@@H]2CC[C@H](C1)N2C,Q9A1X4,P08684,P08684,PUBCHEM.COMPOUND:6918462,DOID:8504,
DB00401,512,COC(=O)C1=C(C)NC(C)=C(C1C1=CC=CC=C1[N+]([O-])=O)C(=O)OCC(C)C,Q13936|P54289|Q08289|Q01668|Q13698,,,PUBCHEM.COMPOUND:4499,DOID:10763|DOID:10825|DOID:13739|DOID:1936|DOID:2348|DOID:3393,NCBIGENE:1544|NCBIGENE:1576|NCBIGENE:1577|NCBIGENE:775|NCBIGENE:776|NCBIGENE:779|NCBIGENE:781|NCBIGENE:783
DB06287,513,OCC(C)(CO)C(=O)O[C@@H]1CC[C@@H](C[C@@H](C)[C@]2([H])CC(=O)[C@H](C)\C=C(C)\[C@@H](O)[C@@H](OC)C(=O)[C@H](C)C[C@H](C)\C=C\C=C\C=C(C)\[C@@H](OC)C[C@]3([H])CC[C@@H](C)[C@@](O)(O3)C(=O)C(=O)N3CCCC[C@H]3C(=O)O2)C[C@H]1OC,P42345,P10635|P08684|P20815|P24462,P10635|P08684|P20815|P24462,PUBCHEM.COMPOUND:23724530,,NCBIGENE:2475|NCBIGENE:3454
DB00412,514,CN(CCOC1=CC=C(CC2SC(=O)NC2=O)C=C1)C1=CC=CC=N1,P37231|O60488|Q07869|Q03181|P19793|P28702|P48443,,,PUBCHEM.COMPOUND:77999,DOID:0050741|DOID:0060262|DOID:0060870|DOID:0060872|DOID:0060873|DOID:0060874|DOID:0060875|DOID:0090070|DOID:0090071|DOID:0090072|DOID:0090073|DOID:0090074|DOID:0090076|DOID:0090077|DOID:0090078|DOID:0090079|DOID:0090080|DOID:0090081|DOID:0090082|DOID:0090083|DOID:0090084|DOID:0090085|DOID:0090086|DOID:0090087|DOID:0090089|DOID:0090090|DOID:0090092|DOID:0090093|DOID:0090094|DOID:10493|DOID:10952|DOID:11396|DOID:11476|DOID:11847|DOID:13774|DOID:1425|DOID:1574|DOID:2527|DOID:2921|DOID:3133|DOID:3393|DOID:3526|DOID:3614|DOID:3650|DOID:409|DOID:4447|DOID:4449|DOID:533|DOID:557|DOID:583|DOID:5844|DOID:5854|DOID:6713|DOID:9406|DOID:9408|DOID:9410|DOID:9476|DOID:9993,
DB00404,515,CC1=NN=C2CN=C(C3=CC=CC=C3)C3=C(C=CC(Cl)=C3)N12,,P24462|P08684|P11712|P20815,P24462|P08684|P11712|P20815,PUBCHEM.COMPOUND:2118,DOID:0050848|DOID:0060262|DOID:0060731|DOID:1067|DOID:10952|DOID:12139|DOID:13550|DOID:1405|DOID:1425|DOID:14320|DOID:14445|DOID:1470|DOID:1595|DOID:1596|DOID:2030|DOID:2527|DOID:2848|DOID:2921|DOID:302|DOID:303|DOID:409|DOID:4964|DOID:557|DOID:594|DOID:9970,NCBIGENE:1576|NCBIGENE:1577|NCBIGENE:23476
DB01023,516,CCOC(=O)C1=C(C)NC(C)=C(C1C1=C(Cl)C(Cl)=CC=C1)C(=O)OC,Q13936|P54289|Q08289|Q01668|Q13698|O95180|Q9NY47|P0DP23|Q01064|P54750|P08235|P02585|P63316,,,PUBCHEM.COMPOUND:3333,DOID:0050590|DOID:0050700|DOID:0060262|DOID:0080001|DOID:10763|DOID:10825|DOID:10952|DOID:11847|DOID:11984|DOID:1222|DOID:1227|DOID:12449|DOID:12932|DOID:12987|DOID:13739|DOID:1425|DOID:14735|DOID:1558|DOID:1712|DOID:1936|DOID:2348|DOID:2527|DOID:2921|DOID:2972|DOID:3393|DOID:409|DOID:557|DOID:5844|DOID:5854|DOID:65|DOID:854|DOID:9408,NCBIGENE:1576|NCBIGENE:1577|NCBIGENE:5153|NCBIGENE:5972|NCBIGENE:7125|NCBIGENE:7134|NCBIGENE:775|NCBIGENE:776|NCBIGENE:779|NCBIGENE:781|NCBIGENE:783|NCBIGENE:801|NCBIGENE:805|NCBIGENE:808|NCBIGENE:8912|NCBIGENE:9254
DB08827,517,FC(F)(F)CNC(=O)C1(CCCCN2CCC(CC2)NC(=O)C2=C(C=CC=C2)C2=CC=C(C=C2)C(F)(F)F)C2=CC=CC=C2C2=CC=CC=C12,P55157,P08684,P08684,PUBCHEM.COMPOUND:9853053,,NCBIGENE:335
DB00883,518,[H][C@]12OC[C@H](O[N+]([O-])=O)[C@@]1([H])OC[C@H]2O[N+]([O-])=O,P16066,P05181,P05181,PUBCHEM.COMPOUND:6883,DOID:0050700|DOID:11459|DOID:11847|DOID:11984|DOID:12361|DOID:12932|DOID:2355|DOID:2361|DOID:3393|DOID:3526|DOID:5844|DOID:5854|DOID:6713|DOID:7997|DOID:7998|DOID:9408|DOID:9428,NCBIGENE:27306|NCBIGENE:2938|NCBIGENE:2939|NCBIGENE:2940|NCBIGENE:4881|NCBIGENE:727897
DB04846,519,CCN(CC)C(=O)NC1=CC=C(OCC(O)CNC(C)(C)C)C(=C1)C(C)=O,P08588|P07550|P13945|P08913|P18089|P18825,P10635,P10635,PUBCHEM.COMPOUND:2663,DOID:10763|DOID:10825,NCBIGENE:153|NCBIGENE:1535|NCBIGENE:154|NCBIGENE:155|NCBIGENE:4846|NCBIGENE:653361|NCBIGENE:7412
DB09288,520,CCN(CC)CC(=O)OC1=CC=C(NC(C)=O)C=C1,P23219|P35354|Q8NER1|P21554,P06276|P05181|P05177|P10635|P22309|P19224|O60656|P54855|Q9HAW8|P50225|P0DMM9|P49888|Q06520|P11245|P11712|P08684,P06276|P05181|P05177|P10635|P22309|P19224|O60656|P54855|Q9HAW8|P50225|P0DMM9|P49888|Q06520|P11245|P11712|P08684,PUBCHEM.COMPOUND:68865,,
DB00945,521,CC(=O)OC1=CC=CC=C1C(O)=O,P23219|P35354|Q04828|P25101|P04637|P11021|P51812|P25963|P98066|P29466|P42574|O14920|P24385|P01106|P12004|Q99519,,,PUBCHEM.COMPOUND:2244,DOID:10459|DOID:10460|DOID:11847|DOID:381|DOID:5844|DOID:5854|DOID:6364|DOID:7148|DOID:848|DOID:9408,NCBIGENE:10864|NCBIGENE:11131|NCBIGENE:114571|NCBIGENE:1401|NCBIGENE:1499|NCBIGENE:1645|NCBIGENE:19|NCBIGENE:1909|NCBIGENE:1956|NCBIGENE:213|NCBIGENE:2147|NCBIGENE:23224|NCBIGENE:240|NCBIGENE:2475|NCBIGENE:2495|NCBIGENE:2512|NCBIGENE:2811|NCBIGENE:308|NCBIGENE:3082|NCBIGENE:3156|NCBIGENE:3162|NCBIGENE:3309|NCBIGENE:3383|NCBIGENE:3551|NCBIGENE:356|NCBIGENE:3565|NCBIGENE:3586|NCBIGENE:3600|NCBIGENE:367|NCBIGENE:3673|NCBIGENE:3725|NCBIGENE:3827|NCBIGENE:387|NCBIGENE:4025|NCBIGENE:4057|NCBIGENE:4313|NCBIGENE:4318|NCBIGENE:4353|NCBIGENE:462|NCBIGENE:4790|NCBIGENE:4791|NCBIGENE:4792|NCBIGENE:4843|NCBIGENE:4846|NCBIGENE:4953|NCBIGENE:5028|NCBIGENE:51206|NCBIGENE:5134|NCBIGENE:5196|NCBIGENE:5329|NCBIGENE:5340|NCBIGENE:5444|NCBIGENE:54575|NCBIGENE:54577|NCBIGENE:5468|NCBIGENE:5562|NCBIGENE:55867|NCBIGENE:5590|NCBIGENE:5594|NCBIGENE:5595|NCBIGENE:5739|NCBIGENE:5742|NCBIGENE:5743|NCBIGENE:57704|NCBIGENE:5970|NCBIGENE:5972|NCBIGENE:598|NCBIGENE:6197|NCBIGENE:627|NCBIGENE:6347|NCBIGENE:6376|NCBIGENE:6403|NCBIGENE:6778|NCBIGENE:6915|NCBIGENE:7018|NCBIGENE:7032|NCBIGENE:7040|NCBIGENE:7157|NCBIGENE:7351|NCBIGENE:8288|NCBIGENE:83595|NCBIGENE:836|NCBIGENE:839|NCBIGENE:841|NCBIGENE:842|NCBIGENE:8434|NCBIGENE:8794|NCBIGENE:8795|NCBIGENE:9356|NCBIGENE:9407|NCBIGENE:949|NCBIGENE:950|NCBIGENE:959
DB01159,522,[H]C(Cl)(Br)C(F)(F)F,O14649|Q9NPC2|Q12791|Q8TCU5|O60391|Q12879|P23415|P08100|P48051|P48549|P03886|O15554|P14867|P59768|Q6W5P4,P05181|P08684|P11509|P20813|P11712,P05181|P08684|P11509|P20813|P11712,PUBCHEM.COMPOUND:3562,DOID:0060262|DOID:11459|DOID:409|DOID:8545|DOID:9428,NCBIGENE:116443|NCBIGENE:116444|NCBIGENE:1528|NCBIGENE:1548|NCBIGENE:1555|NCBIGENE:213|NCBIGENE:2741|NCBIGENE:3745|NCBIGENE:3757|NCBIGENE:3760|NCBIGENE:3777|NCBIGENE:3783|NCBIGENE:4535|NCBIGENE:513|NCBIGENE:54331|NCBIGENE:56659|NCBIGENE:56660|NCBIGENE:5741|NCBIGENE:6010|NCBIGENE:6261|NCBIGENE:8645|NCBIGENE:9407
DB01015,523,CC1=CC(NS(=O)(=O)C2=CC=C(N)C=C2)=NO1,P0AC13,P11712|P18440|P11245|P08684,P11712|P18440|P11245|P08684,PUBCHEM.COMPOUND:5329,DOID:0050590|DOID:0060262|DOID:1074|DOID:10754|DOID:10952|DOID:11079|DOID:11080|DOID:1227|DOID:12385|DOID:12987|DOID:13268|DOID:14026|DOID:1425|DOID:1588|DOID:2312|DOID:2527|DOID:2747|DOID:2749|DOID:2862|DOID:2921|DOID:409|DOID:4676|DOID:557|DOID:9266|DOID:9870|DOID:9965,NCBIGENE:10|NCBIGENE:1559|NCBIGENE:1719
DB01115,524,COC(=O)C1=C(C)NC(C)=C(C1C1=CC=CC=C1[N+]([O-])=O)C(=O)OC,Q13936|Q01668|Q08289|O75469|P0DP23|Q13698|Q9UK17,,,PUBCHEM.COMPOUND:4485,DOID:0060262|DOID:10763|DOID:10825|DOID:10952|DOID:11847|DOID:13268|DOID:1425|DOID:2527|DOID:2921|DOID:326|DOID:409|DOID:5082|DOID:557|DOID:5844|DOID:5854|DOID:6000|DOID:8437|DOID:9408,NCBIGENE:1544|NCBIGENE:1559|NCBIGENE:1576|NCBIGENE:1577|NCBIGENE:1585|NCBIGENE:1906|NCBIGENE:3736|NCBIGENE:5972|NCBIGENE:775|NCBIGENE:776|NCBIGENE:779|NCBIGENE:781|NCBIGENE:783|NCBIGENE:801|NCBIGENE:805|NCBIGENE:808|NCBIGENE:8912|NCBIGENE:9429
DB00850,525,OCCN1CCN(CCCN2C3=CC=CC=C3SC3=C2C=C(Cl)C=C3)CC1,P14416|P21728|P0DP23,P05177|P33260|P33261|P10632|P11712|P08684|P10635,P05177|P33260|P33261|P10632|P11712|P08684|P10635,PUBCHEM.COMPOUND:4748,DOID:0050590|DOID:0050741|DOID:0050841|DOID:0060262|DOID:1067|DOID:11847|DOID:1227|DOID:12361|DOID:12700|DOID:12987|DOID:13206|DOID:13548|DOID:13550|DOID:1405|DOID:14221|DOID:1432|DOID:14445|DOID:14464|DOID:1574|DOID:1588|DOID:1686|DOID:1826|DOID:2355|DOID:2361|DOID:2883|DOID:3393|DOID:3878|DOID:409|DOID:4195|DOID:529|DOID:5419|DOID:5844|DOID:5854|DOID:615|DOID:679|DOID:7997|DOID:7998|DOID:8442|DOID:9408|DOID:9854|DOID:9970,NCBIGENE:147|NCBIGENE:148|NCBIGENE:150|NCBIGENE:152|NCBIGENE:1565|NCBIGENE:1576|NCBIGENE:1813|NCBIGENE:1814|NCBIGENE:1815|NCBIGENE:316|NCBIGENE:3269|NCBIGENE:3350|NCBIGENE:3358|NCBIGENE:3362|NCBIGENE:3363|NCBIGENE:5617|NCBIGENE:801|NCBIGENE:805|NCBIGENE:808
DB01016,526,COC1=C(C=C(Cl)C=C1)C(=O)NCCC1=CC=C(C=C1)S(=O)(=O)NC(=O)NC1CCCCC1,O60706|O95342|O95477|P50416|P13569|Q8TD43,,,PUBCHEM.COMPOUND:3488,DOID:0050741|DOID:0060262|DOID:0060870|DOID:0060872|DOID:0060873|DOID:0060874|DOID:0060875|DOID:0090070|DOID:0090071|DOID:0090072|DOID:0090073|DOID:0090074|DOID:0090076|DOID:0090077|DOID:0090078|DOID:0090079|DOID:0090080|DOID:0090081|DOID:0090082|DOID:0090083|DOID:0090084|DOID:0090085|DOID:0090086|DOID:0090087|DOID:0090089|DOID:0090090|DOID:0090092|DOID:0090093|DOID:0090094|DOID:10493|DOID:10952|DOID:11847|DOID:13774|DOID:1425|DOID:1574|DOID:2527|DOID:2921|DOID:3133|DOID:3614|DOID:3650|DOID:409|DOID:533|DOID:557|DOID:583|DOID:5844|DOID:5854|DOID:9351|DOID:9352|DOID:9406|DOID:9408|DOID:9410|DOID:9476|DOID:9993,NCBIGENE:10060|NCBIGENE:1080|NCBIGENE:114548|NCBIGENE:1374|NCBIGENE:1559|NCBIGENE:19|NCBIGENE:1906|NCBIGENE:2641|NCBIGENE:3553|NCBIGENE:3576|NCBIGENE:3667|NCBIGENE:3725|NCBIGENE:3758|NCBIGENE:3764|NCBIGENE:3767|NCBIGENE:3827|NCBIGENE:3952|NCBIGENE:4363|NCBIGENE:5020|NCBIGENE:5230|NCBIGENE:5327|NCBIGENE:54795|NCBIGENE:54802|NCBIGENE:6010|NCBIGENE:63910|NCBIGENE:6915|NCBIGENE:801|NCBIGENE:805|NCBIGENE:808|NCBIGENE:8647|NCBIGENE:9407
DB01156,527,CC(NC(C)(C)C)C(=O)C1=CC(Cl)=CC=C1,Q01959|P23975|P32297|P46098,P11712|P05181|P20813|P10635,P11712|P05181|P20813|P10635,PUBCHEM.COMPOUND:444,DOID:0050741|DOID:0050742|DOID:0060262|DOID:10763|DOID:10825|DOID:10952|DOID:11328|DOID:11847|DOID:12129|DOID:12139|DOID:1425|DOID:1470|DOID:1574|DOID:1595|DOID:1596|DOID:1826|DOID:2527|DOID:2559|DOID:2560|DOID:2848|DOID:2921|DOID:3620|DOID:409|DOID:4964|DOID:5082|DOID:5418|DOID:557|DOID:5844|DOID:5854|DOID:594|DOID:8689|DOID:9408|DOID:9970|DOID:9976,NCBIGENE:1136|NCBIGENE:113612|NCBIGENE:1548|NCBIGENE:1555|NCBIGENE:1565|NCBIGENE:260293|NCBIGENE:29785|NCBIGENE:5321|NCBIGENE:6530|NCBIGENE:6531|NCBIGENE:836
DB00976,528,[H][C@@]12[C@@H](C)C(=O)[C@H](C)C[C@@](C)(OC)[C@H](O[C@@H]3O[C@H](C)C[C@@H]([C@H]3O)N(C)C)[C@@H](C)C(=O)[C@@H](C)C(=O)O[C@H](CC)[C@@]1(C)OC(=O)N2CCCCN1C=NC(=C1)C1=CC=CN=C1,,,,PUBCHEM.COMPOUND:3002190,DOID:0060262|DOID:13250|DOID:409|DOID:437|DOID:4500,NCBIGENE:1576|NCBIGENE:1577|NCBIGENE:3586
DB00972,529,CN1CCCC(CC1)N1N=C(CC2=CC=C(Cl)C=C2)C2=CC=CC=C2C1=O,P35367|P25021|P04054|Q16873,,,PUBCHEM.COMPOUND:2267,DOID:10952|DOID:11204|DOID:1425|DOID:2457|DOID:2474|DOID:2527|DOID:2921|DOID:4481|DOID:4730|DOID:557,NCBIGENE:1565|NCBIGENE:1576|NCBIGENE:240|NCBIGENE:3269|NCBIGENE:3383|NCBIGENE:7124
DB00320,530,[H][C@@]12CCCN1C(=O)[C@H](CC1=CC=CC=C1)N1C(=O)[C@](C)(NC(=O)[C@H]3CN(C)[C@]4([H])CC5=CNC6=CC=CC(=C56)[C@@]4([H])C3)O[C@@]21O,P28222|P28221|P30939|P08913|P08908|P28566|P28223|P41595|P28335|P14416|P35462|P21917|Q13639|P13945,P08684,P08684,PUBCHEM.COMPOUND:10531,DOID:10763|DOID:10825|DOID:13268|DOID:3393|DOID:3669|DOID:6364,NCBIGENE:146|NCBIGENE:147|NCBIGENE:150|NCBIGENE:152|NCBIGENE:1576|NCBIGENE:1813|NCBIGENE:1814|NCBIGENE:3350|NCBIGENE:3351|NCBIGENE:3354|NCBIGENE:3355|NCBIGENE:3357|NCBIGENE:3362
DB00872,531,CC1=NC2=C(CCN(C(=O)C3=CC=C(NC(=O)C4=CC=CC=C4C4=CC=CC=C4)C=C3)C3=CC=CC=C23)N1,P37288|P30518,P08684,P08684,PUBCHEM.COMPOUND:151171,DOID:0060262|DOID:10952|DOID:1425|DOID:2527|DOID:2921|DOID:2983|DOID:3213|DOID:409|DOID:557,NCBIGENE:1576|NCBIGENE:551|NCBIGENE:552
DB00339,532,NC(=O)C1=NC=CN=C1,P95029,Q06278|P47989,Q06278|P47989,PUBCHEM.COMPOUND:1046,DOID:0050741|DOID:0060262|DOID:13189|DOID:13268|DOID:1389|DOID:1574|DOID:1837|DOID:2237|DOID:2957|DOID:409|DOID:574|DOID:870|DOID:9351|DOID:9534,NCBIGENE:4025|NCBIGENE:4353|NCBIGENE:56606|NCBIGENE:8288
DB00731,533,CC(C)[C@H]1CC[C@@H](CC1)C(=O)N[C@H](CC1=CC=CC=C1)C(O)=O,Q09428|P37231,,,PUBCHEM.COMPOUND:5311309,DOID:0060262|DOID:0060870|DOID:0060872|DOID:0060873|DOID:0060874|DOID:0060875|DOID:0090070|DOID:0090071|DOID:0090072|DOID:0090073|DOID:0090074|DOID:0090076|DOID:0090077|DOID:0090078|DOID:0090079|DOID:0090080|DOID:0090081|DOID:0090082|DOID:0090083|DOID:0090084|DOID:0090085|DOID:0090086|DOID:0090087|DOID:0090089|DOID:0090090|DOID:0090092|DOID:0090093|DOID:0090094|DOID:10493|DOID:13774|DOID:3614|DOID:409|DOID:533|DOID:9351|DOID:9352|DOID:9406|DOID:9410|DOID:9476|DOID:9993,NCBIGENE:1559|NCBIGENE:1576|NCBIGENE:1577|NCBIGENE:1803|NCBIGENE:2641|NCBIGENE:5468
DB01020,534,[H][C@]12OC[C@@H](O[N+]([O-])=O)[C@@]1([H])OC[C@@H]2O,P33402,P09488|P47989|P11766,P09488|P47989|P11766,PUBCHEM.COMPOUND:27661,DOID:0050700|DOID:11847|DOID:11984|DOID:12361|DOID:12932|DOID:2355|DOID:2361|DOID:5844|DOID:5854|DOID:7997|DOID:7998|DOID:9408,NCBIGENE:4881|NCBIGENE:796
DB01029,535,CCCCC1=NC2(CCCC2)C(=O)N1CC1=CC=C(C=C1)C1=CC=CC=C1C1=NNN=N1,P30556|P05412,,,PUBCHEM.COMPOUND:3749,DOID:1029|DOID:10763|DOID:10825|DOID:12550|DOID:12678|DOID:12679|DOID:13189|DOID:13413|DOID:13543|DOID:14735|DOID:1558|DOID:1837|DOID:1920|DOID:2383|DOID:2485|DOID:2913|DOID:2972|DOID:2983|DOID:3341|DOID:423|DOID:4500|DOID:4989|DOID:7327|DOID:9074|DOID:9351,NCBIGENE:1401|NCBIGENE:1535|NCBIGENE:1559|NCBIGENE:1585|NCBIGENE:183|NCBIGENE:3725|NCBIGENE:3752|NCBIGENE:5972|NCBIGENE:6347|NCBIGENE:9360
DB00909,536,NS(=O)(=O)CC1=NOC2=CC=CC=C12,P35498|Q99250|Q9NY46|P35499|Q14524|Q15858|Q9UI33|Q07699|O60939|Q9NY72|Q8IWT1|O43497|O95180|Q9P0X4|P00915|P00918|P07451|P22748|P35218|Q9Y2D0|P23280|P43166|P35219|Q16790|Q9NS85|O75493|O43570|Q8N1Q1|Q9ULX7|P27338|P21397,P08684|P20815|P33261|P22309|Q06278,P08684|P20815|P33261|P22309|Q06278,PUBCHEM.COMPOUND:5734,DOID:0050590|DOID:0060262|DOID:10952|DOID:11328|DOID:12139|DOID:1227|DOID:12449|DOID:12987|DOID:13250|DOID:1425|DOID:1470|DOID:1595|DOID:1596|DOID:2527|DOID:2848|DOID:2921|DOID:3650|DOID:409|DOID:4964|DOID:5418|DOID:557|DOID:580|DOID:585,NCBIGENE:11238|NCBIGENE:11280|NCBIGENE:23632|NCBIGENE:377677|NCBIGENE:4128|NCBIGENE:4129|NCBIGENE:6323|NCBIGENE:6324|NCBIGENE:6327|NCBIGENE:6328|NCBIGENE:6329|NCBIGENE:6330|NCBIGENE:6335|NCBIGENE:760|NCBIGENE:761|NCBIGENE:762|NCBIGENE:763|NCBIGENE:766|NCBIGENE:767|NCBIGENE:768|NCBIGENE:770|NCBIGENE:771|NCBIGENE:8911|NCBIGENE:8912|NCBIGENE:8913
DB00482,537,CC1=CC=C(C=C1)C1=CC(=NN1C1=CC=C(C=C1)S(N)(=O)=O)C(F)(F)F,P35354|P00918|P07451|P55287|O15530|Q99519,,,PUBCHEM.COMPOUND:2662,DOID:0050741|DOID:0060262|DOID:10763|DOID:10825|DOID:10952|DOID:114|DOID:11847|DOID:1287|DOID:1425|DOID:1574|DOID:2355|DOID:2361|DOID:2527|DOID:2841|DOID:2921|DOID:3526|DOID:381|DOID:409|DOID:557|DOID:5844|DOID:5854|DOID:6000|DOID:6713|DOID:676|DOID:7147|DOID:7148|DOID:750|DOID:848|DOID:9360|DOID:9408|DOID:9415,NCBIGENE:10257|NCBIGENE:1244|NCBIGENE:142|NCBIGENE:1559|NCBIGENE:1565|NCBIGENE:1869|NCBIGENE:2058|NCBIGENE:22943|NCBIGENE:23411|NCBIGENE:240|NCBIGENE:2627|NCBIGENE:27113|NCBIGENE:2810|NCBIGENE:284|NCBIGENE:2932|NCBIGENE:3162|NCBIGENE:3383|NCBIGENE:3486|NCBIGENE:3574|NCBIGENE:367|NCBIGENE:3738|NCBIGENE:3745|NCBIGENE:404552|NCBIGENE:4057|NCBIGENE:4283|NCBIGENE:4312|NCBIGENE:4318|NCBIGENE:4363|NCBIGENE:467|NCBIGENE:5170|NCBIGENE:5328|NCBIGENE:54205|NCBIGENE:5468|NCBIGENE:5594|NCBIGENE:5595|NCBIGENE:5727|NCBIGENE:5742|NCBIGENE:5743|NCBIGENE:581|NCBIGENE:595|NCBIGENE:637|NCBIGENE:6606|NCBIGENE:6607|NCBIGENE:6774|NCBIGENE:6776|NCBIGENE:6777|NCBIGENE:7018|NCBIGENE:7157|NCBIGENE:760|NCBIGENE:768|NCBIGENE:771|NCBIGENE:836|NCBIGENE:840|NCBIGENE:841|NCBIGENE:842|NCBIGENE:857|NCBIGENE:8795|NCBIGENE:9429|NCBIGENE:9518|NCBIGENE:952|NCBIGENE:9669|NCBIGENE:999
DB11915,538,COC1=C(OC)C=C2[C@H]3C[C@@H](OC(=O)[C@@H](N)C(C)C)[C@H](CC(C)C)CN3CCC2=C1,Q05940,P10635|P08684|P20815,P10635|P08684|P20815,PUBCHEM.COMPOUND:24795069,DOID:9854,
DB06697,539,[H][C@@]12CC[C@@H](C)[C@]3([H])CC[C@@]4(C)OO[C@@]13[C@]([H])(O[C@H](OC)[C@@H]2C)O4,,,,PUBCHEM.COMPOUND:68911,DOID:4500,NCBIGENE:1555|NCBIGENE:1576
DB00295,540,[H][C@@]12OC3=C(O)C=CC4=C3[C@@]11CCN(C)[C@]([H])(C4)[C@]1([H])C=C[C@@H]2O,P35372|P41145|P41143|Q9Y6Y9,,,PUBCHEM.COMPOUND:5288826,DOID:0050328|DOID:0050741|DOID:0050848|DOID:0060262|DOID:0060731|DOID:0110892|DOID:10493|DOID:10763|DOID:10808|DOID:10825|DOID:10915|DOID:10952|DOID:11328|DOID:11459|DOID:11634|DOID:11963|DOID:12139|DOID:12361|DOID:12642|DOID:13186|DOID:13206|DOID:13250|DOID:13550|DOID:13603|DOID:13774|DOID:13948|DOID:13976|DOID:1405|DOID:1425|DOID:14250|DOID:14445|DOID:1459|DOID:1470|DOID:1574|DOID:1595|DOID:1596|DOID:1742|DOID:1826|DOID:2527|DOID:2841|DOID:2848|DOID:2883|DOID:2913|DOID:2921|DOID:302|DOID:303|DOID:3083|DOID:3393|DOID:3827|DOID:3878|DOID:409|DOID:437|DOID:4500|DOID:4964|DOID:4989|DOID:5200|DOID:5418|DOID:543|DOID:557|DOID:6713|DOID:7997|DOID:7998|DOID:8442|DOID:8515|DOID:8534|DOID:8577|DOID:9164|DOID:9286|DOID:936|DOID:9428|DOID:9741,NCBIGENE:10720|NCBIGENE:10941|NCBIGENE:1312|NCBIGENE:1524|NCBIGENE:1543|NCBIGENE:1544|NCBIGENE:1549|NCBIGENE:1553|NCBIGENE:1558|NCBIGENE:1562|NCBIGENE:1565|NCBIGENE:1572|NCBIGENE:1573|NCBIGENE:1577|NCBIGENE:1580|NCBIGENE:1643|NCBIGENE:199974|NCBIGENE:2353|NCBIGENE:23586|NCBIGENE:2520|NCBIGENE:260293|NCBIGENE:2752|NCBIGENE:2768|NCBIGENE:2915|NCBIGENE:2944|NCBIGENE:29785|NCBIGENE:3190|NCBIGENE:3439|NCBIGENE:3447|NCBIGENE:3458|NCBIGENE:3479|NCBIGENE:3558|NCBIGENE:3576|NCBIGENE:360|NCBIGENE:3725|NCBIGENE:3827|NCBIGENE:4318|NCBIGENE:4760|NCBIGENE:4985|NCBIGENE:4986|NCBIGENE:4987|NCBIGENE:4988|NCBIGENE:5020|NCBIGENE:5155|NCBIGENE:5328|NCBIGENE:5335|NCBIGENE:54575|NCBIGENE:54576|NCBIGENE:54577|NCBIGENE:54578|NCBIGENE:54579|NCBIGENE:54600|NCBIGENE:54657|NCBIGENE:54658|NCBIGENE:54659|NCBIGENE:551|NCBIGENE:55811|NCBIGENE:5582|NCBIGENE:5595|NCBIGENE:5617|NCBIGENE:56975|NCBIGENE:5743|NCBIGENE:574537|NCBIGENE:627|NCBIGENE:6347|NCBIGENE:6355|NCBIGENE:6402|NCBIGENE:6505|NCBIGENE:6750|NCBIGENE:6863|NCBIGENE:6869|NCBIGENE:7054|NCBIGENE:7082|NCBIGENE:7099|NCBIGENE:7124|NCBIGENE:7363|NCBIGENE:7364|NCBIGENE:7365|NCBIGENE:7366|NCBIGENE:7367|NCBIGENE:7432|NCBIGENE:793|NCBIGENE:79799|NCBIGENE:801|NCBIGENE:805|NCBIGENE:808|NCBIGENE:836|NCBIGENE:8620|NCBIGENE:8678|NCBIGENE:9407
DB00296,541,CCCN1CCCC[C@H]1C(=O)NC1=C(C)C=CC=C1C,Q9Y5Y9,,,PUBCHEM.COMPOUND:175805,DOID:0050589|DOID:0050741|DOID:0060262|DOID:10952|DOID:114|DOID:11459|DOID:1287|DOID:13206|DOID:13603|DOID:1425|DOID:1574|DOID:2527|DOID:2841|DOID:2883|DOID:2921|DOID:302|DOID:303|DOID:3083|DOID:3878|DOID:409|DOID:437|DOID:557|DOID:8442|DOID:8515|DOID:9428|DOID:9741,
DB01198,542,CN1CCN(CC1)C(=O)OC1N(C(=O)C2=NC=CN=C12)C1=NC=C(Cl)C=C1,P14867|P47869|P34903|P31644|P30536,P08684|P10632|P11712|P23219,P08684|P10632|P11712|P23219,PUBCHEM.COMPOUND:5735,DOID:12139|DOID:1470|DOID:1595|DOID:1596|DOID:2848|DOID:4964,NCBIGENE:1558|NCBIGENE:2558
DB00370,543,CN1CCN2C(C1)C1=CC=CC=C1CC1=C2N=CC=C1,P28223|Q9UE69|P08913|P28335|P41145|P35367,,,PUBCHEM.COMPOUND:4205,DOID:0050590|DOID:0060262|DOID:11847|DOID:1227|DOID:12987|DOID:1470|DOID:1595|DOID:1596|DOID:1826|DOID:2848|DOID:3526|DOID:409|DOID:5844|DOID:5854|DOID:6713|DOID:9408|DOID:9970,NCBIGENE:11255|NCBIGENE:1392|NCBIGENE:148|NCBIGENE:150|NCBIGENE:152|NCBIGENE:153|NCBIGENE:154|NCBIGENE:1544|NCBIGENE:1565|NCBIGENE:1576|NCBIGENE:1813|NCBIGENE:1814|NCBIGENE:3269|NCBIGENE:3350|NCBIGENE:3357|NCBIGENE:3358|NCBIGENE:3359|NCBIGENE:3363|NCBIGENE:4986|NCBIGENE:598|NCBIGENE:6530|NCBIGENE:6531|NCBIGENE:6532
DB00379,544,CC(N)COC1=C(C)C=CC=C1C,Q14524|P35869,,,PUBCHEM.COMPOUND:4178,DOID:0060262|DOID:11847|DOID:13884|DOID:1826|DOID:409|DOID:5844|DOID:5854|DOID:9408,NCBIGENE:103|NCBIGENE:1544|NCBIGENE:1565|NCBIGENE:196|NCBIGENE:3757|NCBIGENE:6329|NCBIGENE:6335
DB06700,545,CN(C)CC(C1=CC=C(O)C=C1)C1(O)CCCCC1,P23975|P31645|Q01959,,,PUBCHEM.COMPOUND:125017,DOID:0060262|DOID:10763|DOID:10825|DOID:114|DOID:1247|DOID:1287|DOID:13550|DOID:1405|DOID:14445|DOID:14464|DOID:1470|DOID:1595|DOID:1596|DOID:1826|DOID:2848|DOID:3082|DOID:3312|DOID:3401|DOID:409|DOID:6713|DOID:9282,NCBIGENE:6530|NCBIGENE:6532
DB09389,546,CCC12CCC3C(CCC4=CC(=O)CCC34)C1CCC2(O)C#C,P06401|P18405|P10275,P08684|P11511,P08684|P11511,PUBCHEM.COMPOUND:4542,,
DB01012,547,C[C@@H](NCCCC1=CC(=CC=C1)C(F)(F)F)C1=CC=CC2=CC=CC=C12,P41180,P08684|P10635|P05177,P08684|P10635|P05177,PUBCHEM.COMPOUND:156419,DOID:0060262|DOID:12678|DOID:12679|DOID:1826|DOID:2485|DOID:409,
DB00444,548,[H][C@]12COC(=O)[C@]1([H])[C@H](C1=CC(OC)=C(O)C(OC)=C1)C1=C(C=C3OCOC3=C1)[C@H]2O[C@]1([H])O[C@]2([H])CO[C@H](O[C@@]2([H])[C@H](O)[C@H]1O)C1=CC=CS1,P11388,,,PUBCHEM.COMPOUND:452548,DOID:0060262|DOID:104|DOID:10952|DOID:12449|DOID:1425|DOID:14250|DOID:2527|DOID:2921|DOID:409|DOID:557|DOID:934|DOID:9952,NCBIGENE:1557|NCBIGENE:1559|NCBIGENE:213|NCBIGENE:355|NCBIGENE:356|NCBIGENE:7150|NCBIGENE:7153|NCBIGENE:7155|NCBIGENE:8714
DB01348,549,CCOC(=O)[C@H](CCC1=CC=CC=C1)N[C@@H](C)C(=O)N1CC2(C[C@H]1C(O)=O)SCCS2,P12821,,,PUBCHEM.COMPOUND:5311447,DOID:10763|DOID:10825,NCBIGENE:1636|NCBIGENE:5972
DB01340,550,CCOC(=O)[C@H](CCC1=CC=CC=C1)N[C@H]1CCCN2CCC[C@H](N2C1=O)C(O)=O,P12821,,,PUBCHEM.COMPOUND:56330,DOID:10763|DOID:10825,
DB11574,551,[H][C@]1(CCCN1C(=O)[C@@H](NC(=O)OC)C(C)C)C1=NC=C(N1)C1=CC2=C(C=C1)N1[C@@H](OC3=C(C=CC(=C3)C3=CN=C(N3)[C@]3([H])CCCN3C(=O)[C@@H](NC(=O)OC)C(C)C)C1=C2)C1=CC=CC=C1,Q5L478,P08684|P20815|P24462|Q9HB55,P08684|P20815|P24462|Q9HB55,PUBCHEM.COMPOUND:71661251,DOID:1883,
DB05246,552,CN1C(=O)CC(C)(C1=O)C1=CC=CC=C1,O43497,P33261,P33261,PUBCHEM.COMPOUND:6476,DOID:0050590|DOID:0060262|DOID:10952|DOID:12139|DOID:1227|DOID:12987|DOID:1425|DOID:1470|DOID:1595|DOID:1596|DOID:1825|DOID:1826|DOID:2527|DOID:2848|DOID:2921|DOID:3890|DOID:409|DOID:4964|DOID:557|DOID:9074,NCBIGENE:8913
DB06739,553,CC1=C(C)C(=O)C(C(CCCCCC(O)=O)C2=CC=CC=C2)=C(C)C1=O,P21731,P11712|P08684|P10632|P33261|P20813|O60656|P23219|P11509,P11712|P08684|P10632|P33261|P20813|O60656|P23219|P11509,PUBCHEM.COMPOUND:2449,,NCBIGENE:6915
DB00213,554,COC1=C(OC)C(CS(=O)C2=NC3=C(N2)C=C(OC(F)F)C=C3)=NC=C1,P20648|O94760,,,PUBCHEM.COMPOUND:4679,DOID:0050782|DOID:10017|DOID:11476|DOID:11963|DOID:13381|DOID:13656|DOID:13976|DOID:2018|DOID:750|DOID:8534,NCBIGENE:1543|NCBIGENE:1544|NCBIGENE:1557|NCBIGENE:1559|NCBIGENE:1576|NCBIGENE:3162|NCBIGENE:4780|NCBIGENE:479|NCBIGENE:495
DB06203,555,CN1C(=O)C=C(N2CCC[C@@H](N)C2)N(CC2=C(C=CC=C2)C#N)C1=O,P27487,P08684|P10635,P08684|P10635,PUBCHEM.COMPOUND:11450633,DOID:9351|DOID:9352,NCBIGENE:1803|NCBIGENE:2641|NCBIGENE:4312|NCBIGENE:7096|NCBIGENE:7097|NCBIGENE:7099|NCBIGENE:81793
DB00215,556,CN(C)CCCC1(OCC2=C1C=CC(=C2)C#N)C1=CC=C(F)C=C1,P31645|P35367,,,PUBCHEM.COMPOUND:2771,DOID:0060262|DOID:114|DOID:12139|DOID:1247|DOID:1287|DOID:14320|DOID:14464|DOID:1470|DOID:1595|DOID:1596|DOID:1826|DOID:2848|DOID:3312|DOID:3401|DOID:409|DOID:4500|DOID:4964,NCBIGENE:1128|NCBIGENE:148|NCBIGENE:1543|NCBIGENE:1544|NCBIGENE:1549|NCBIGENE:1553|NCBIGENE:1557|NCBIGENE:1558|NCBIGENE:1562|NCBIGENE:1565|NCBIGENE:1572|NCBIGENE:1573|NCBIGENE:1576|NCBIGENE:1577|NCBIGENE:1580|NCBIGENE:1815|NCBIGENE:199974|NCBIGENE:260293|NCBIGENE:29785|NCBIGENE:3269|NCBIGENE:3358|NCBIGENE:3741|NCBIGENE:3757|NCBIGENE:4128|NCBIGENE:4129|NCBIGENE:6530|NCBIGENE:6531|NCBIGENE:6532|NCBIGENE:6750|NCBIGENE:9407
DB00214,557,CC(C)NC(=O)NS(=O)(=O)C1=C(NC2=CC=CC(C)=C2)C=CN=C1,P55011|Q13621,,,PUBCHEM.COMPOUND:41781,DOID:10763|DOID:10825|DOID:13189|DOID:1920|DOID:2983|DOID:4500|DOID:5082|DOID:6000,NCBIGENE:1558|NCBIGENE:1559|NCBIGENE:5972|NCBIGENE:6915
DB00216,558,CN1CCC[C@@H]1CC1=CNC2=C1C=C(CCS(=O)(=O)C1=CC=CC=C1)C=C2,P28221|P28222|P30939|P08908,P10635|P11712|P33261|P11509|P23219|P08684,P10635|P11712|P33261|P11509|P23219|P08684,PUBCHEM.COMPOUND:77993,DOID:0060262|DOID:10300|DOID:10763|DOID:10825|DOID:11840|DOID:11847|DOID:13003|DOID:1837|DOID:224|DOID:2316|DOID:3393|DOID:3526|DOID:3669|DOID:409|DOID:5844|DOID:5854|DOID:6364|DOID:6713|DOID:9351|DOID:9408|DOID:9970,NCBIGENE:1576|NCBIGENE:3350|NCBIGENE:3351|NCBIGENE:3354|NCBIGENE:3355|NCBIGENE:3357|NCBIGENE:3363
DB00268,559,CCCN(CCC)CCC1=C2CC(=O)NC2=CC=C1,P35462|P14416|P21917,P05177,P05177,PUBCHEM.COMPOUND:5095,DOID:0050425|DOID:0060891|DOID:0060895|DOID:0060896|DOID:11328|DOID:14330|DOID:5418|DOID:543,NCBIGENE:150|NCBIGENE:152|NCBIGENE:1544|NCBIGENE:1813|NCBIGENE:1814|NCBIGENE:1815|NCBIGENE:1816|NCBIGENE:1958|NCBIGENE:2668|NCBIGENE:3350|NCBIGENE:3351|NCBIGENE:3357|NCBIGENE:3358
DB06228,560,ClC1=CC=C(S1)C(=O)NC[C@H]1CN(C(=O)O1)C1=CC=C(C=C1)N1CCOCC1=O,P00742,P51589|P20815|P08684,P51589|P20815|P08684,PUBCHEM.COMPOUND:9875401,DOID:0060262|DOID:10952|DOID:1247|DOID:1425|DOID:2527|DOID:2921|DOID:409|DOID:557,NCBIGENE:2159
DB09570,561,CC(C)C[C@H](NC(=O)CNC(=O)C1=CC(Cl)=CC=C1Cl)B(O)O,,P08684|P05177|P20813|P10632|P10635|P33261|P11712,P08684|P05177|P20813|P10632|P10635|P33261|P11712,PUBCHEM.COMPOUND:25183872,DOID:9538,NCBIGENE:5693
DB00694,562,COC1=CC=CC2=C1C(=O)C1=C(O)C3=C(C[C@](O)(C[C@@H]3O[C@H]3C[C@H](N)[C@H](O)[C@H](C)O3)C(C)=O)C(O)=C1C2=O,P11388|Q02880,P08684|P20815|P16435|Q16678|P15121|P16152|O75828,P08684|P20815|P16435|Q16678|P15121|P16152|O75828,PUBCHEM.COMPOUND:30323,DOID:0050590|DOID:0050700|DOID:0060262|DOID:0060318|DOID:0060674|DOID:0060675|DOID:0060676|DOID:0060677|DOID:0060678|DOID:0060679|DOID:104|DOID:10952|DOID:11984|DOID:1227|DOID:12449|DOID:12932|DOID:12987|DOID:1425|DOID:1564|DOID:1787|DOID:1826|DOID:1920|DOID:2527|DOID:2921|DOID:409|DOID:557|DOID:820|DOID:8632|DOID:8864|DOID:8913|DOID:9119|DOID:934|DOID:9952,NCBIGENE:142|NCBIGENE:1577|NCBIGENE:231|NCBIGENE:2475|NCBIGENE:25|NCBIGENE:27306|NCBIGENE:2938|NCBIGENE:2939|NCBIGENE:2940|NCBIGENE:3162|NCBIGENE:3553|NCBIGENE:4363|NCBIGENE:51181|NCBIGENE:57016|NCBIGENE:5728|NCBIGENE:5743|NCBIGENE:7153|NCBIGENE:7155|NCBIGENE:7157|NCBIGENE:836|NCBIGENE:873|NCBIGENE:8795|NCBIGENE:9429
DB00696,563,[H][C@@]12CCCN1C(=O)[C@H](CC1=CC=CC=C1)N1C(=O)[C@](C)(NC(=O)[C@H]3CN(C)[C@]4([H])CC5=CNC6=CC=CC(=C56)C4=C3)O[C@@]21O,P28221|P28222|P28223|P35348|P35368|P25100|P14416|P08913|P08908|P30939|P28335|P41595|P18825,P08684,P08684,PUBCHEM.COMPOUND:8223,DOID:0050590|DOID:0050741|DOID:0050848|DOID:0060262|DOID:0060731|DOID:0110892|DOID:10300|DOID:10763|DOID:10808|DOID:10825|DOID:10933|DOID:10952|DOID:11963|DOID:12123|DOID:12139|DOID:1227|DOID:12361|DOID:12550|DOID:12642|DOID:12987|DOID:13186|DOID:13206|DOID:13250|DOID:13268|DOID:13413|DOID:13550|DOID:13948|DOID:13976|DOID:1405|DOID:1425|DOID:14250|DOID:14445|DOID:1470|DOID:1574|DOID:1588|DOID:1595|DOID:1596|DOID:1826|DOID:224|DOID:2316|DOID:2355|DOID:2361|DOID:2527|DOID:2797|DOID:2841|DOID:2848|DOID:2883|DOID:2921|DOID:302|DOID:303|DOID:3083|DOID:3393|DOID:3669|DOID:3770|DOID:3827|DOID:3875|DOID:3878|DOID:409|DOID:437|DOID:4964|DOID:5200|DOID:557|DOID:593|DOID:594|DOID:6364|DOID:750|DOID:7997|DOID:7998|DOID:8442|DOID:8534|DOID:8577|DOID:8677|DOID:9164|DOID:9267|DOID:936,NCBIGENE:146|NCBIGENE:147|NCBIGENE:148|NCBIGENE:150|NCBIGENE:152|NCBIGENE:1813|NCBIGENE:1814|NCBIGENE:3350|NCBIGENE:3351|NCBIGENE:3354|NCBIGENE:3355|NCBIGENE:3357|NCBIGENE:3358|NCBIGENE:3361|NCBIGENE:3362|NCBIGENE:5617|NCBIGENE:6530
DB01072,564,COC(=O)N[C@H](C(=O)N[C@@H](CC1=CC=CC=C1)[C@@H](O)CN(CC1=CC=C(C=C1)C1=CC=CC=N1)NC(=O)[C@@H](NC(=O)OC)C(C)(C)C)C(C)(C)C,Q72874,P08684|P11712|P22309|P10632|P05177|P20815|P24462,P08684|P11712|P22309|P10632|P05177|P20815|P24462,PUBCHEM.COMPOUND:148192,DOID:0050820|DOID:0060262|DOID:1837|DOID:1883|DOID:2043|DOID:2739|DOID:2741|DOID:3650|DOID:409|DOID:4195|DOID:526|DOID:580|DOID:585|DOID:635|DOID:9351,NCBIGENE:10599|NCBIGENE:3757|NCBIGENE:54578|NCBIGENE:54658|NCBIGENE:6517|NCBIGENE:847|NCBIGENE:8718
DB00690,565,CCN(CC)CCN1C2=C(C=C(Cl)C=C2)C(=NCC1=O)C1=CC=CC=C1F,,P08684|P05181|P11509,P08684|P05181|P11509,PUBCHEM.COMPOUND:3393,DOID:0050848|DOID:0060262|DOID:0060731|DOID:10930|DOID:10952|DOID:11328|DOID:12139|DOID:12401|DOID:13268|DOID:1425|DOID:1470|DOID:1595|DOID:1596|DOID:2527|DOID:2848|DOID:2921|DOID:302|DOID:303|DOID:409|DOID:4964|DOID:5418|DOID:557|DOID:850,NCBIGENE:2557|NCBIGENE:2558|NCBIGENE:2559|NCBIGENE:2560|NCBIGENE:2561|NCBIGENE:2563|NCBIGENE:2564|NCBIGENE:2565|NCBIGENE:2566|NCBIGENE:2569|NCBIGENE:2570|NCBIGENE:2936
DB01241,566,CC1=CC(OCCCC(C)(C)C(O)=O)=C(C)C=C1,Q07869|Q9Y6L6|Q8TCC7|O94956|Q9NPD5,P10632|P33261|P11712|P05177|P08684|P16662|P22309|P35503|O60656|P06133|O75795,P10632|P33261|P11712|P05177|P08684|P16662|P22309|P35503|O60656|P06133|O75795,PUBCHEM.COMPOUND:3463,DOID:0060262|DOID:11151|DOID:11755|DOID:12236|DOID:1588|DOID:2355|DOID:2361|DOID:409|DOID:615,NCBIGENE:1071|NCBIGENE:1401|NCBIGENE:1558|NCBIGENE:1559|NCBIGENE:1576|NCBIGENE:2012|NCBIGENE:22796|NCBIGENE:335|NCBIGENE:336|NCBIGENE:338|NCBIGENE:348|NCBIGENE:3949|NCBIGENE:3990|NCBIGENE:4023|NCBIGENE:5054
DB00678,567,CCCCC1=NC(Cl)=C(CO)N1CC1=CC=C(C=C1)C1=CC=CC=C1C1=NNN=N1,P30556,,,PUBCHEM.COMPOUND:3961,DOID:0060262|DOID:10763|DOID:10825|DOID:12550|DOID:12678|DOID:12679|DOID:13189|DOID:13413|DOID:13543|DOID:1837|DOID:1920|DOID:2383|DOID:2485|DOID:2913|DOID:2972|DOID:2983|DOID:3341|DOID:409|DOID:4500|DOID:4989|DOID:9074|DOID:9351,NCBIGENE:116085|NCBIGENE:1490|NCBIGENE:1559|NCBIGENE:1576|NCBIGENE:1636|NCBIGENE:183|NCBIGENE:186|NCBIGENE:1906|NCBIGENE:1909|NCBIGENE:213|NCBIGENE:2200|NCBIGENE:2353|NCBIGENE:23576|NCBIGENE:2597|NCBIGENE:283|NCBIGENE:3383|NCBIGENE:3553|NCBIGENE:358|NCBIGENE:3827|NCBIGENE:3952|NCBIGENE:4313|NCBIGENE:4878|NCBIGENE:5054|NCBIGENE:551|NCBIGENE:5600|NCBIGENE:5743|NCBIGENE:5894|NCBIGENE:5972|NCBIGENE:6195|NCBIGENE:6196|NCBIGENE:6347|NCBIGENE:6915|NCBIGENE:7040|NCBIGENE:7157|NCBIGENE:7412
DB00675,568,CC\C(=C(/C1=CC=CC=C1)C1=CC=C(OCCN(C)C)C=C1)C1=CC=CC=C1,P03372|Q92731|P04278|Q15125|P10275|Q12809|O75469|P62508|P45983,,,PUBCHEM.COMPOUND:2733526,DOID:12678|DOID:12679|DOID:1432|DOID:1588|DOID:2485|DOID:3008|DOID:3526|DOID:615|DOID:6713|DOID:9477,
DB00672,569,CCCNC(=O)NS(=O)(=O)C1=CC=C(Cl)C=C1,Q09428,P11712|P33261|P23219,P11712|P33261|P23219,PUBCHEM.COMPOUND:2727,DOID:0060262|DOID:0060870|DOID:0060872|DOID:0060873|DOID:0060874|DOID:0060875|DOID:0090070|DOID:0090071|DOID:0090072|DOID:0090073|DOID:0090074|DOID:0090076|DOID:0090077|DOID:0090078|DOID:0090079|DOID:0090080|DOID:0090081|DOID:0090082|DOID:0090083|DOID:0090084|DOID:0090085|DOID:0090086|DOID:0090087|DOID:0090089|DOID:0090090|DOID:0090092|DOID:0090093|DOID:0090094|DOID:10493|DOID:114|DOID:1287|DOID:13774|DOID:3133|DOID:3614|DOID:409|DOID:533|DOID:583|DOID:9351|DOID:9352|DOID:9406|DOID:9410|DOID:9476|DOID:9993,NCBIGENE:3766
DB01264,570,[H][C@@]12CCO[C@]1([H])OC[C@@H]2OC(=O)N[C@@H](CC1=CC=CC=C1)[C@H](O)CN(CC(C)C)S(=O)(=O)C1=CC=C(N)C=C1,Q72874,P10635|P08684,P10635|P08684,PUBCHEM.COMPOUND:213039,DOID:0060262|DOID:12134|DOID:12259|DOID:1837|DOID:1883|DOID:2043|DOID:409|DOID:4195|DOID:5082|DOID:526|DOID:635|DOID:9351,
DB00736,571,COC1=CC2=C(NC(=N2)[S@@](=O)CC2=NC=C(C)C(OC)=C2C)C=C1,P20648|O94760,,,PUBCHEM.COMPOUND:9568614,DOID:0050782|DOID:11476|DOID:11963|DOID:13656|DOID:13976|DOID:2018|DOID:750|DOID:8534|DOID:8929,
DB00593,572,CCC1(C)CC(=O)NC1=O,O43497,P08684|P05181,P08684|P05181,PUBCHEM.COMPOUND:3291,DOID:0050590|DOID:0060262|DOID:10952|DOID:12139|DOID:1227|DOID:12987|DOID:1425|DOID:1470|DOID:1595|DOID:1596|DOID:1825|DOID:2527|DOID:2848|DOID:2921|DOID:3890|DOID:409|DOID:4964|DOID:557|DOID:74|DOID:9074,NCBIGENE:2566|NCBIGENE:8912|NCBIGENE:8913
DB11817,573,CCS(=O)(=O)N1CC(CC#N)(C1)N1C=C(C=N1)C1=C2C=CNC2=NC=N1,P23458|O60674|P52333|P29597,P08684,P08684,PUBCHEM.COMPOUND:44205240,DOID:7148,NCBIGENE:3716|NCBIGENE:3717
DB00255,574,CC\C(=C(\CC)C1=CC=C(O)C=C1)C1=CC=C(O)C=C1,Q92731|P03372|P62508|P11474|O95718|Q15596|O75469|P10275|P04278,P08684|P10632|P11712|P05181|P21964|P11511,P08684|P10632|P11712|P05181|P21964|P11511,PUBCHEM.COMPOUND:3054,,NCBIGENE:2100
DB00263,575,CC1=NOC(NS(=O)(=O)C2=CC=C(N)C=C2)=C1C,P0AC13,P11712,P11712,PUBCHEM.COMPOUND:5344,DOID:0050590|DOID:0060262|DOID:0080176|DOID:10371|DOID:1074|DOID:10754|DOID:10952|DOID:11262|DOID:11265|DOID:1227|DOID:12449|DOID:12987|DOID:13268|DOID:13778|DOID:13819|DOID:13924|DOID:14026|DOID:14067|DOID:1425|DOID:2297|DOID:2312|DOID:2527|DOID:2747|DOID:2749|DOID:2841|DOID:2862|DOID:2921|DOID:409|DOID:437|DOID:4676|DOID:5200|DOID:557|DOID:74|DOID:9266|DOID:9360|DOID:9415|DOID:9870,NCBIGENE:2247
DB00264,576,COCCC1=CC=C(OCC(O)CNC(C)C)C=C1,P08588|P07550,,,PUBCHEM.COMPOUND:4171,DOID:0050771|DOID:0060262|DOID:10021|DOID:10154|DOID:10300|DOID:10763|DOID:10825|DOID:117|DOID:11847|DOID:12139|DOID:12550|DOID:12678|DOID:12679|DOID:13189|DOID:13413|DOID:13543|DOID:13884|DOID:1470|DOID:1595|DOID:1596|DOID:1837|DOID:1920|DOID:2383|DOID:2485|DOID:2841|DOID:2848|DOID:2913|DOID:2983|DOID:326|DOID:3341|DOID:3669|DOID:3953|DOID:409|DOID:437|DOID:4398|DOID:4500|DOID:4964|DOID:4989|DOID:5844|DOID:5854|DOID:8893|DOID:9074|DOID:9088|DOID:9351|DOID:9408|DOID:9993,NCBIGENE:11255|NCBIGENE:1128|NCBIGENE:1131|NCBIGENE:1132|NCBIGENE:1133|NCBIGENE:136|NCBIGENE:150|NCBIGENE:152|NCBIGENE:1524|NCBIGENE:153|NCBIGENE:154|NCBIGENE:155|NCBIGENE:1565|NCBIGENE:2641|NCBIGENE:2697|NCBIGENE:2917|NCBIGENE:2925|NCBIGENE:3350|NCBIGENE:3351|NCBIGENE:3354|NCBIGENE:3355|NCBIGENE:3357|NCBIGENE:3358|NCBIGENE:3360|NCBIGENE:3361|NCBIGENE:3362|NCBIGENE:3363|NCBIGENE:3565|NCBIGENE:358|NCBIGENE:4288|NCBIGENE:4829|NCBIGENE:5739|NCBIGENE:57413|NCBIGENE:6262|NCBIGENE:6752|NCBIGENE:7046|NCBIGENE:7392|NCBIGENE:846
DB01296,577,N[C@H]1C(O)O[C@H](CO)[C@@H](O)[C@@H]1O,P01579|Q04206,,,PUBCHEM.COMPOUND:439213,DOID:0050459|DOID:10763|DOID:10825|DOID:10952|DOID:11335|DOID:1168|DOID:12678|DOID:12679|DOID:13404|DOID:1425|DOID:1837|DOID:2485|DOID:2527|DOID:2921|DOID:5160|DOID:557|DOID:580|DOID:585|DOID:626|DOID:9351|DOID:9971,NCBIGENE:3099|NCBIGENE:3101|NCBIGENE:3458|NCBIGENE:4318|NCBIGENE:4791|NCBIGENE:6448|NCBIGENE:7124|NCBIGENE:80201|NCBIGENE:83440
DB04871,578,C[C@H]1CNCCC2=CC=C(Cl)C=C12,P28335,P05177|P11509|P20813|P33261|P10635|P08684|Q01740|P04798,P05177|P11509|P20813|P33261|P10635|P08684|Q01740|P04798,PUBCHEM.COMPOUND:11658860,DOID:9970,
DB00318,579,[H][C@]12C=C[C@H](O)[C@@H]3OC4=C5C(C[C@H]1N(C)CC[C@@]235)=CC=C4OC,P35372|P41145|P41143,,,PUBCHEM.COMPOUND:5284371,DOID:0050328|DOID:0050589|DOID:0050590|DOID:0050741|DOID:0050848|DOID:0060215|DOID:0060262|DOID:0060573|DOID:0060674|DOID:0060675|DOID:0060676|DOID:0060677|DOID:0060678|DOID:0060679|DOID:0060692|DOID:0060731|DOID:0110892|DOID:0111045|DOID:0111052|DOID:0111054|DOID:0111056|DOID:0111057|DOID:10459|DOID:10460|DOID:10493|DOID:10588|DOID:10652|DOID:10763|DOID:10772|DOID:10808|DOID:10825|DOID:10933|DOID:10952|DOID:11249|DOID:11328|DOID:114|DOID:11459|DOID:11634|DOID:11847|DOID:11870|DOID:11963|DOID:11981|DOID:12139|DOID:12176|DOID:1227|DOID:12361|DOID:12449|DOID:1247|DOID:12531|DOID:12550|DOID:1287|DOID:12987|DOID:13189|DOID:1319|DOID:13195|DOID:13206|DOID:13268|DOID:13413|DOID:13550|DOID:13739|DOID:13774|DOID:13948|DOID:13976|DOID:1405|DOID:1425|DOID:1443|DOID:14445|DOID:14464|DOID:14525|DOID:1459|DOID:1470|DOID:1574|DOID:1588|DOID:1595|DOID:1596|DOID:1742|DOID:1826|DOID:1837|DOID:1936|DOID:2089|DOID:2215|DOID:2216|DOID:2236|DOID:2275|DOID:2348|DOID:2349|DOID:2355|DOID:2361|DOID:2527|DOID:2722|DOID:2739|DOID:2741|DOID:2841|DOID:2848|DOID:2883|DOID:2913|DOID:2921|DOID:302|DOID:303|DOID:3083|DOID:331|DOID:3393|DOID:3650|DOID:3890|DOID:4029|DOID:409|DOID:4481|DOID:4483|DOID:4730|DOID:4964|DOID:4989|DOID:50|DOID:5162|DOID:5418|DOID:557|DOID:5844|DOID:5854|DOID:593|DOID:594|DOID:6132|DOID:7188|DOID:750|DOID:7997|DOID:7998|DOID:8505|DOID:8515|DOID:8534|DOID:8577|DOID:863|DOID:8677|DOID:8986|DOID:9267|DOID:9282|DOID:9351|DOID:936|DOID:9408|DOID:9428,NCBIGENE:10720|NCBIGENE:10941|NCBIGENE:1543|NCBIGENE:1544|NCBIGENE:1549|NCBIGENE:1553|NCBIGENE:1558|NCBIGENE:1562|NCBIGENE:1565|NCBIGENE:1572|NCBIGENE:1573|NCBIGENE:1576|NCBIGENE:1577|NCBIGENE:1580|NCBIGENE:199974|NCBIGENE:260293|NCBIGENE:29785|NCBIGENE:4985|NCBIGENE:4986|NCBIGENE:4988|NCBIGENE:54575|NCBIGENE:54576|NCBIGENE:54577|NCBIGENE:54578|NCBIGENE:54579|NCBIGENE:54600|NCBIGENE:54657|NCBIGENE:54658|NCBIGENE:54659|NCBIGENE:574537|NCBIGENE:7099|NCBIGENE:7363|NCBIGENE:7364|NCBIGENE:7365|NCBIGENE:7366|NCBIGENE:7367|NCBIGENE:79799
DB00643,580,COC(=O)NC1=NC2=C(N1)C=C(C=C2)C(=O)C1=CC=CC=C1,Q71U36|P68371,P04798,P04798,PUBCHEM.COMPOUND:4030,DOID:0060262|DOID:1252|DOID:409,NCBIGENE:10383|NCBIGENE:203068|NCBIGENE:3791|NCBIGENE:7846
DB01098,581,CC(C)C1=NC(=NC(C2=CC=C(F)C=C2)=C1\C=C\[C@@H](O)C[C@@H](O)CC(=O)O)N(C)S(C)(=O)=O,P04035|P20701,,,PUBCHEM.COMPOUND:446157,DOID:0050328|DOID:0050741|DOID:0060262|DOID:1029|DOID:11634|DOID:13809|DOID:1459|DOID:1574|DOID:1936|DOID:2348|DOID:2349|DOID:3145|DOID:3526|DOID:409|DOID:423|DOID:5162|DOID:576|DOID:6713|DOID:7327,NCBIGENE:10599|NCBIGENE:1071|NCBIGENE:1401|NCBIGENE:1559|NCBIGENE:1576|NCBIGENE:1577|NCBIGENE:22796|NCBIGENE:255738|NCBIGENE:3156|NCBIGENE:3162|NCBIGENE:338|NCBIGENE:345|NCBIGENE:392|NCBIGENE:4313|NCBIGENE:4316|NCBIGENE:4843|NCBIGENE:4846|NCBIGENE:5054|NCBIGENE:7941|NCBIGENE:857|NCBIGENE:9407
DB01097,582,CC1=C(C=NO1)C(=O)NC1=CC=C(C=C1)C(F)(F)F,Q02127|P35869|Q14289,P11712|P05177,P11712|P05177,PUBCHEM.COMPOUND:3899,DOID:0050590|DOID:0060262|DOID:10952|DOID:1227|DOID:12450|DOID:12711|DOID:12987|DOID:13450|DOID:13564|DOID:1389|DOID:13902|DOID:1425|DOID:14484|DOID:1588|DOID:1731|DOID:1883|DOID:2043|DOID:2355|DOID:2361|DOID:2527|DOID:2921|DOID:3082|DOID:409|DOID:557|DOID:574|DOID:7148|DOID:870|DOID:9008,NCBIGENE:1543|NCBIGENE:1544|NCBIGENE:1559|NCBIGENE:1723|NCBIGENE:196|NCBIGENE:3605
DB00395,583,CCCC(C)(COC(N)=O)COC(=O)NC(C)C,P14867|P47870|P18507|P31644|P34903,P33261,P33261,PUBCHEM.COMPOUND:2576,DOID:0050328|DOID:0050589|DOID:0050741|DOID:0060262|DOID:0060573|DOID:0060692|DOID:0111045|DOID:0111052|DOID:0111054|DOID:0111056|DOID:0111057|DOID:10493|DOID:10652|DOID:10772|DOID:10808|DOID:10952|DOID:11249|DOID:11459|DOID:11634|DOID:11870|DOID:12531|DOID:13189|DOID:13206|DOID:13774|DOID:1425|DOID:1443|DOID:14525|DOID:1459|DOID:1574|DOID:1588|DOID:1826|DOID:2215|DOID:2216|DOID:2236|DOID:2355|DOID:2361|DOID:2527|DOID:2841|DOID:2883|DOID:2921|DOID:302|DOID:303|DOID:3890|DOID:409|DOID:557|DOID:750|DOID:9428,NCBIGENE:1557
DB00469,584,CN1C(C(=O)NC2=CC=CC=N2)=C(O)C2=C(C=CS2)S1(=O)=O,P35354|P23219,,,PUBCHEM.COMPOUND:54677971,DOID:381|DOID:848,
DB00683,585,CC1=NC=C2CN=C(C3=CC=CC=C3F)C3=C(C=CC(Cl)=C3)N12,P29274,P08684|P22310|P20815|P24462|P16662|P06133,P08684|P22310|P20815|P24462|P16662|P06133,PUBCHEM.COMPOUND:4192,DOID:13550|DOID:1405|DOID:14320|DOID:14445|DOID:2030|DOID:3083|DOID:5082|DOID:784,NCBIGENE:1553|NCBIGENE:1576|NCBIGENE:1577|NCBIGENE:2353|NCBIGENE:2557|NCBIGENE:2558|NCBIGENE:2559|NCBIGENE:2560|NCBIGENE:2561|NCBIGENE:2563|NCBIGENE:2564|NCBIGENE:2565|NCBIGENE:2566|NCBIGENE:2569|NCBIGENE:2570|NCBIGENE:4843|NCBIGENE:6403|NCBIGENE:8856
DB00897,586,CC1=NN=C2CN=C(C3=CC=CC=C3Cl)C3=C(C=CC(Cl)=C3)N12,,P24462|P08684|P10632|P20815,P24462|P08684|P10632|P20815,PUBCHEM.COMPOUND:5556,DOID:0050848|DOID:0060262|DOID:0060731|DOID:10952|DOID:11328|DOID:12139|DOID:1425|DOID:1470|DOID:1595|DOID:1596|DOID:2527|DOID:2848|DOID:2921|DOID:302|DOID:303|DOID:409|DOID:437|DOID:4964|DOID:5418|DOID:557,NCBIGENE:1576|NCBIGENE:1577|NCBIGENE:2557|NCBIGENE:2558|NCBIGENE:2559|NCBIGENE:2560|NCBIGENE:2561|NCBIGENE:2563|NCBIGENE:2564|NCBIGENE:2565|NCBIGENE:2566|NCBIGENE:2569|NCBIGENE:2570
DB00898,587,CCO,P14867|Q8TCU5|P23415|P23416|Q02641|P46098|P47869|Q9GZZ6|Q13936|P31644|P48169|P34903|P42261|Q06432|Q15822|Q16445|P42262|P48058|P42263|P43681|P17787|P48549|P48051|P19320|Q99808|P48544|P36544|Q9UGM1|P18505|P28472|P47870|Q13698|Q01668|P30926|P32297|P30532|Q15825|Q05901|Q8N1C3|Q99928|P78334|O00591|Q9UN88|O14764|Q14542|A5X5Y0|O95264|Q70Z44|Q8WXA8|Q9Y698|Q92806|P32004|P22303|P40394,,,PUBCHEM.COMPOUND:702,,NCBIGENE:1003|NCBIGENE:10369|NCBIGENE:1052|NCBIGENE:10578|NCBIGENE:1075|NCBIGENE:1080|NCBIGENE:10825|NCBIGENE:10891|NCBIGENE:1103|NCBIGENE:1135|NCBIGENE:1136|NCBIGENE:1137|NCBIGENE:1138|NCBIGENE:1141|NCBIGENE:1142|NCBIGENE:1143|NCBIGENE:114548|NCBIGENE:116443|NCBIGENE:124|NCBIGENE:125|NCBIGENE:127|NCBIGENE:128|NCBIGENE:130|NCBIGENE:131|NCBIGENE:137872|NCBIGENE:1385|NCBIGENE:1392|NCBIGENE:1401|NCBIGENE:142|NCBIGENE:147495|NCBIGENE:1509|NCBIGENE:1512|NCBIGENE:1513|NCBIGENE:1514|NCBIGENE:1519|NCBIGENE:1520|NCBIGENE:1521|NCBIGENE:1522|NCBIGENE:1536|NCBIGENE:1543|NCBIGENE:1548|NCBIGENE:1555|NCBIGENE:1576|NCBIGENE:158833|NCBIGENE:158835|NCBIGENE:160428|NCBIGENE:1662|NCBIGENE:170572|NCBIGENE:1719|NCBIGENE:1786|NCBIGENE:19|NCBIGENE:1958|NCBIGENE:1960|NCBIGENE:1990|NCBIGENE:200909|NCBIGENE:2064|NCBIGENE:2065|NCBIGENE:213|NCBIGENE:216|NCBIGENE:217|NCBIGENE:2177|NCBIGENE:219|NCBIGENE:220|NCBIGENE:224|NCBIGENE:2247|NCBIGENE:229|NCBIGENE:22933|NCBIGENE:22943|NCBIGENE:2353|NCBIGENE:2354|NCBIGENE:240|NCBIGENE:2475|NCBIGENE:2512|NCBIGENE:2534|NCBIGENE:2557|NCBIGENE:2558|NCBIGENE:2559|NCBIGENE:2560|NCBIGENE:2561|NCBIGENE:2563|NCBIGENE:2564|NCBIGENE:2565|NCBIGENE:2566|NCBIGENE:2571|NCBIGENE:25932|NCBIGENE:2597|NCBIGENE:26086|NCBIGENE:2645|NCBIGENE:2668|NCBIGENE:2697|NCBIGENE:27250|NCBIGENE:27306|NCBIGENE:2741|NCBIGENE:2742|NCBIGENE:2796|NCBIGENE:2822|NCBIGENE:286|NCBIGENE:2893|NCBIGENE:2902|NCBIGENE:2909|NCBIGENE:2915|NCBIGENE:2936|NCBIGENE:2938|NCBIGENE:2939|NCBIGENE:2940|NCBIGENE:2946|NCBIGENE:2950|NCBIGENE:3020|NCBIGENE:3021|NCBIGENE:3094|NCBIGENE:3156|NCBIGENE:3166|NCBIGENE:3177|NCBIGENE:3297|NCBIGENE:335|NCBIGENE:3359|NCBIGENE:3363|NCBIGENE:338|NCBIGENE:3383|NCBIGENE:3418|NCBIGENE:3479|NCBIGENE:3480|NCBIGENE:3481|NCBIGENE:3484|NCBIGENE:3485|NCBIGENE:3553|NCBIGENE:3558|NCBIGENE:3576|NCBIGENE:3606|NCBIGENE:361|NCBIGENE:3652|NCBIGENE:366|NCBIGENE:3684|NCBIGENE:3725|NCBIGENE:3759|NCBIGENE:3760|NCBIGENE:3761|NCBIGENE:3765|NCBIGENE:3767|NCBIGENE:3791|NCBIGENE:3845|NCBIGENE:387|NCBIGENE:3931|NCBIGENE:3952|NCBIGENE:4057|NCBIGENE:4069|NCBIGENE:4144|NCBIGENE:4205|NCBIGENE:4313|NCBIGENE:4318|NCBIGENE:444|NCBIGENE:4488|NCBIGENE:4638|NCBIGENE:467|NCBIGENE:468|NCBIGENE:4762|NCBIGENE:4780|NCBIGENE:4793|NCBIGENE:4804|NCBIGENE:4843|NCBIGENE:4846|NCBIGENE:4851|NCBIGENE:4897|NCBIGENE:4922|NCBIGENE:4953|NCBIGENE:4988|NCBIGENE:5054|NCBIGENE:5105|NCBIGENE:5106|NCBIGENE:51091|NCBIGENE:5144|NCBIGENE:5179|NCBIGENE:5222|NCBIGENE:5290|NCBIGENE:5315|NCBIGENE:5327|NCBIGENE:5329|NCBIGENE:5337|NCBIGENE:5338|NCBIGENE:5444|NCBIGENE:5451|NCBIGENE:54567|NCBIGENE:54586|NCBIGENE:5467|NCBIGENE:5468|NCBIGENE:551|NCBIGENE:55584|NCBIGENE:5577|NCBIGENE:5594|NCBIGENE:5595|NCBIGENE:5617|NCBIGENE:566|NCBIGENE:56848|NCBIGENE:56985|NCBIGENE:57053|NCBIGENE:5728|NCBIGENE:5741|NCBIGENE:5743|NCBIGENE:5770|NCBIGENE:5879|NCBIGENE:5925|NCBIGENE:5947|NCBIGENE:60|NCBIGENE:6010|NCBIGENE:627|NCBIGENE:6319|NCBIGENE:632|NCBIGENE:6337|NCBIGENE:6340|NCBIGENE:6347|NCBIGENE:643834|NCBIGENE:643847|NCBIGENE:6446|NCBIGENE:6469|NCBIGENE:6511|NCBIGENE:6517|NCBIGENE:6531|NCBIGENE:653361|NCBIGENE:654|NCBIGENE:655|NCBIGENE:6609|NCBIGENE:6615|NCBIGENE:6622|NCBIGENE:664|NCBIGENE:6696|NCBIGENE:6783|NCBIGENE:6822|NCBIGENE:6827|NCBIGENE:6844|NCBIGENE:7015|NCBIGENE:7018|NCBIGENE:7052|NCBIGENE:7054|NCBIGENE:7080|NCBIGENE:7082|NCBIGENE:7083|NCBIGENE:7098|NCBIGENE:7099|NCBIGENE:7123|NCBIGENE:7124|NCBIGENE:7132|NCBIGENE:7133|NCBIGENE:7157|NCBIGENE:718|NCBIGENE:7184|NCBIGENE:7200|NCBIGENE:728378|NCBIGENE:7295|NCBIGENE:7306|NCBIGENE:7389|NCBIGENE:7412|NCBIGENE:7432|NCBIGENE:775|NCBIGENE:776|NCBIGENE:779|NCBIGENE:782|NCBIGENE:786|NCBIGENE:79054|NCBIGENE:79966|NCBIGENE:80381|NCBIGENE:836|NCBIGENE:83756|NCBIGENE:84152|NCBIGENE:8462|NCBIGENE:84681|NCBIGENE:847|NCBIGENE:8678|NCBIGENE:8722|NCBIGENE:8854|NCBIGENE:8878|NCBIGENE:8973|NCBIGENE:89832|NCBIGENE:9177|NCBIGENE:91807|NCBIGENE:920|NCBIGENE:9308|NCBIGENE:9407|NCBIGENE:953|NCBIGENE:9564|NCBIGENE:958|NCBIGENE:968|NCBIGENE:975|NCBIGENE:9768|NCBIGENE:983
DB00608,588,CCN(CC)CCCC(C)NC1=CC=NC2=CC(Cl)=CC=C12,P09210|P01375|Q9NR96|Q8ILQ7|P09429|P09488|Q9BYF1,P10632|P08684|P20815|P10635|P04798,P10632|P08684|P20815|P10635|P04798,PUBCHEM.COMPOUND:2719,DOID:0050590|DOID:0050741|DOID:0060262|DOID:1227|DOID:12919|DOID:12978|DOID:12987|DOID:13268|DOID:14067|DOID:1432|DOID:1574|DOID:1826|DOID:2355|DOID:2361|DOID:2747|DOID:2749|DOID:2862|DOID:3612|DOID:409|DOID:4398|DOID:5614|DOID:5679|DOID:615|DOID:7148|DOID:8857|DOID:8893|DOID:9074|DOID:9088|DOID:9266|DOID:9335|DOID:9870,NCBIGENE:142|NCBIGENE:1520|NCBIGENE:1544|NCBIGENE:1565|NCBIGENE:1576|NCBIGENE:2056|NCBIGENE:2353|NCBIGENE:259249|NCBIGENE:2939|NCBIGENE:2946|NCBIGENE:3162|NCBIGENE:3315|NCBIGENE:3553|NCBIGENE:4318|NCBIGENE:472|NCBIGENE:53905|NCBIGENE:54106|NCBIGENE:551|NCBIGENE:5595|NCBIGENE:5604|NCBIGENE:5605|NCBIGENE:6334|NCBIGENE:653361|NCBIGENE:7072|NCBIGENE:7124|NCBIGENE:7157|NCBIGENE:7450|NCBIGENE:836|NCBIGENE:9423|NCBIGENE:958|NCBIGENE:9843|NCBIGENE:9902
DB00280,589,CC(C)N(CCC(C(N)=O)(C1=CC=CC=C1)C1=NC=CC=C1)C(C)C,Q14524|P11229|P08172|P20309|Q9NZV8|Q9UK17|Q12809|P19652,,,PUBCHEM.COMPOUND:3114,DOID:0050700|DOID:0060224|DOID:0060262|DOID:10952|DOID:11984|DOID:12932|DOID:13206|DOID:13550|DOID:1405|DOID:1425|DOID:14445|DOID:2527|DOID:2883|DOID:2921|DOID:409|DOID:437|DOID:4500|DOID:557|DOID:820|DOID:9993,NCBIGENE:1128|NCBIGENE:1131|NCBIGENE:1576|NCBIGENE:3751|NCBIGENE:3752|NCBIGENE:3757
DB00602,590,[H][C@@]12OC\C3=C/C=C/[C@H](C)[C@H](O[C@H]4C[C@H](OC)[C@@H](O[C@H]5C[C@H](OC)[C@@H](O)[C@H](C)O5)[C@H](C)O4)\C(C)=C\C[C@]4([H])C[C@@]([H])(C[C@]5(CC[C@H](C)[C@]([H])(O5)C(C)C)O4)OC(=O)[C@]([H])(C=C(C)[C@H]1O)[C@@]23O.[H][C@@]12OC\C3=C/C=C/[C@H](C)[C@H](O[C@H]4C[C@H](OC)[C@@H](O[C@H]5C[C@H](OC)[C@@H](O)[C@H](C)O5)[C@H](C)O4)\C(C)=C\C[C@]4([H])C[C@@]([H])(C[C@]5(CC[C@H](C)[C@]([H])(O5)[C@@H](C)CC)O4)OC(=O)[C@]([H])(C=C(C)[C@H]1O)[C@@]23O,,P08684|P10635|P05181,P08684|P10635|P05181,PUBCHEM.COMPOUND:46936176,,NCBIGENE:8001
DB00309,591,[H][C@@]12N3CC[C@@]11C4=CC(=C(OC)C=C4N(C)[C@@]1([H])[C@](O)([C@H](O)[C@]2(CC)C=CC3)C(N)=O)[C@]1(C[C@@]2([H])CN(C[C@](O)(CC)C2)CCC2=C1NC1=C2C=CC=C1)C(=O)OC,Q9H4B7,,,PUBCHEM.COMPOUND:40839,DOID:1909|DOID:3683|DOID:8552|DOID:8923|DOID:9952,NCBIGENE:203068|NCBIGENE:81027
DB00307,592,CC1=CC2=C(C=C1C(=C)C1=CC=C(C=C1)C(O)=O)C(C)(C)CCC2(C)C,P19793|P28702|P48443,P10632|P08684,P10632|P08684,PUBCHEM.COMPOUND:82146,DOID:0050328|DOID:0050741|DOID:0060061|DOID:0060262|DOID:11634|DOID:13603|DOID:1459|DOID:1574|DOID:1837|DOID:2913|DOID:409|DOID:4989|DOID:615|DOID:9351|DOID:9741,NCBIGENE:19|NCBIGENE:4222|NCBIGENE:4313|NCBIGENE:4318|NCBIGENE:5077|NCBIGENE:51129|NCBIGENE:5468|NCBIGENE:5743|NCBIGENE:5914|NCBIGENE:5925|NCBIGENE:595|NCBIGENE:6256|NCBIGENE:6258|NCBIGENE:7157|NCBIGENE:79365|NCBIGENE:860
DB06738,593,CCC(=O)C1(CCN(C)CC1)C1=CC(O)=CC=C1,P35372|P41145|P41143,,,PUBCHEM.COMPOUND:10101,,NCBIGENE:2902|NCBIGENE:4985|NCBIGENE:4986|NCBIGENE:4988
DB01240,594,[H][C@]12C[C@@H](O)[C@H](\C=C\[C@@H](O)CCCCC)[C@@]1([H])C\C(O2)=C\CCCC(O)=O,Q16647|Q9H244|P43119,,,PUBCHEM.COMPOUND:5280427,,NCBIGENE:10158|NCBIGENE:2821|NCBIGENE:3363|NCBIGENE:5468|NCBIGENE:5731|NCBIGENE:5734|NCBIGENE:5739|NCBIGENE:5740|NCBIGENE:5742|NCBIGENE:5743|NCBIGENE:5972|NCBIGENE:6347|NCBIGENE:64805|NCBIGENE:6915|NCBIGENE:7079|NCBIGENE:7291|NCBIGENE:860
DB08922,595,[H][C@@]12CCCC[C@]1([H])C(=O)N(CCCCN1CCN(CC1)C1=NSC3=CC=CC=C13)C2=O,P28223|P14416|P08908|P35367|P21917,P08684|P10635|P10632|P04798,P08684|P10635|P10632|P04798,PUBCHEM.COMPOUND:115368,DOID:5419,
DB00518,596,CCCSC1=CC2=C(C=C1)N=C(NC(=O)OC)N2,F1L7U3|Q71U36|P68371|P83223,P04798|P05177|P08684|P33261,P04798|P05177|P08684|P33261,PUBCHEM.COMPOUND:2082,DOID:0050590|DOID:0060262|DOID:1227|DOID:12449|DOID:12450|DOID:12987|DOID:1495|DOID:2355|DOID:2361|DOID:409,NCBIGENE:10383|NCBIGENE:1543|NCBIGENE:1576|NCBIGENE:203068|NCBIGENE:2831|NCBIGENE:7846
DB00758,597,[H][C@@](N1CCC2=C(C1)C=CS2)(C(=O)OC)C1=CC=CC=C1Cl,Q9H244,,,PUBCHEM.COMPOUND:60606,DOID:10772|DOID:1247|DOID:2237|DOID:326|DOID:4372,NCBIGENE:1401|NCBIGENE:1555|NCBIGENE:1557|NCBIGENE:1558|NCBIGENE:1559|NCBIGENE:1562|NCBIGENE:1565|NCBIGENE:1844|NCBIGENE:250|NCBIGENE:251|NCBIGENE:467|NCBIGENE:5028|NCBIGENE:6403|NCBIGENE:64805|NCBIGENE:7408|NCBIGENE:9407|NCBIGENE:959
DB08860,598,O[C@H](C[C@H](O)\C=C\C1=C(N=C2C=CC=CC2=C1C1=CC=C(F)C=C1)C1CC1)CC(O)=O,P04035|P20701,P16662|P35503|P11712|P10632,P16662|P35503|P11712|P10632,PUBCHEM.COMPOUND:5282452,DOID:0050328|DOID:0060262|DOID:1029|DOID:11634|DOID:13809|DOID:1459|DOID:409|DOID:423|DOID:7327,
DB00863,599,CNC(NCCSCC1=CC=C(CN(C)C)O1)=C[N+]([O-])=O,P25021|P22303,,,PUBCHEM.COMPOUND:3001055,DOID:0050782|DOID:0060262|DOID:10534|DOID:10808|DOID:10952|DOID:11963|DOID:13268|DOID:13656|DOID:13976|DOID:1425|DOID:1724|DOID:2018|DOID:2321|DOID:2527|DOID:2921|DOID:409|DOID:5517|DOID:557|DOID:8534,NCBIGENE:1565|NCBIGENE:3274|NCBIGENE:5617|NCBIGENE:590|NCBIGENE:9376
DB00530,600,COCCOC1=CC2=C(C=C1OCCOC)C(NC1=CC(=CC=C1)C#C)=NC=N2,O75469|P00533,,,PUBCHEM.COMPOUND:176870,DOID:0060262|DOID:10772|DOID:10952|DOID:11394|DOID:11823|DOID:11847|DOID:12123|DOID:1247|DOID:12716|DOID:1324|DOID:1425|DOID:1588|DOID:2527|DOID:2739|DOID:2741|DOID:2797|DOID:2921|DOID:3082|DOID:3393|DOID:3526|DOID:3571|DOID:3770|DOID:3908|DOID:4074|DOID:409|DOID:4500|DOID:557|DOID:583|DOID:5844|DOID:5854|DOID:6713|DOID:684|DOID:8463|DOID:9408,NCBIGENE:1017|NCBIGENE:1369|NCBIGENE:1576|NCBIGENE:1848|NCBIGENE:1950|NCBIGENE:1956|NCBIGENE:2064|NCBIGENE:2066|NCBIGENE:2353|NCBIGENE:2475|NCBIGENE:25|NCBIGENE:2580|NCBIGENE:29126|NCBIGENE:3082|NCBIGENE:3315|NCBIGENE:3320|NCBIGENE:3717|NCBIGENE:3791|NCBIGENE:3845|NCBIGENE:4233|NCBIGENE:50507|NCBIGENE:558|NCBIGENE:5594|NCBIGENE:5595|NCBIGENE:57650|NCBIGENE:595|NCBIGENE:6198|NCBIGENE:6774|NCBIGENE:6793|NCBIGENE:80122|NCBIGENE:8856|NCBIGENE:8988|NCBIGENE:9748|NCBIGENE:999
DB06210,601,CC1=NN(C(=O)\C1=N/NC1=CC=CC(C2=CC=CC(=C2)C(O)=O)=C1O)C1=CC=C(C)C(C)=C1,P40238,P05177|P22309|P35503|O60656|P10632,P05177|P22309|P35503|O60656|P10632,PUBCHEM.COMPOUND:9846180,DOID:0060262|DOID:10952|DOID:11512|DOID:1425|DOID:2228|DOID:2237|DOID:2355|DOID:2361|DOID:2527|DOID:2739|DOID:2741|DOID:2921|DOID:409|DOID:557|DOID:615|DOID:8924,NCBIGENE:4352
DB00949,602,NC(=O)OCC(COC(N)=O)C1=CC=CC=C1,Q13224|Q12879,,,PUBCHEM.COMPOUND:3331,DOID:0060262|DOID:10952|DOID:12139|DOID:12449|DOID:13268|DOID:1425|DOID:1470|DOID:1595|DOID:1596|DOID:1826|DOID:2234|DOID:2527|DOID:2848|DOID:2921|DOID:409|DOID:4964|DOID:557|DOID:74,NCBIGENE:116443|NCBIGENE:1557|NCBIGENE:1576
DB00546,603,CN(C)CC1=NN=C2CN=C(C3=CC=CC=C3)C3=C(C=CC(Cl)=C3)N12,,P08684|P33261,P08684|P33261,PUBCHEM.COMPOUND:37632,,NCBIGENE:2558|NCBIGENE:2560|NCBIGENE:2561|NCBIGENE:2563|NCBIGENE:2564|NCBIGENE:2565|NCBIGENE:2566|NCBIGENE:2569|NCBIGENE:2570
DB01166,604,O=C1CCC2=C(N1)C=CC(OCCCCC1=NN=NN1C1CCCCC1)=C2,Q14432,,,PUBCHEM.COMPOUND:2754,DOID:0060262|DOID:10952|DOID:1425|DOID:2527|DOID:2921|DOID:3669|DOID:409|DOID:557,NCBIGENE:1003|NCBIGENE:1576|NCBIGENE:1577|NCBIGENE:19|NCBIGENE:213|NCBIGENE:23411|NCBIGENE:3162|NCBIGENE:3791|NCBIGENE:4035|NCBIGENE:4846|NCBIGENE:5054|NCBIGENE:5139|NCBIGENE:581|NCBIGENE:6347|NCBIGENE:6720|NCBIGENE:7412|NCBIGENE:7852|NCBIGENE:9407
DB09232,605,COCCOC(=O)C1=C(C)NC(C)=C(C1C1=CC=CC(=C1)[N+]([O-])=O)C(=O)OC\C=C\C1=CC=CC=C1,Q00975,P08684,P08684,PUBCHEM.COMPOUND:5282138,,NCBIGENE:112802|NCBIGENE:121391
DB00367,606,[H][C@@]12CC[C@@](O)(C#C)[C@@]1(CC)CC[C@]1([H])[C@@]3([H])CCC(=O)C=C3CC[C@@]21[H],P06401|P18405|P03372|P10275|P04278|P04150,P20815|P08684,P20815|P08684,PUBCHEM.COMPOUND:13109,DOID:0050328|DOID:0060262|DOID:0060329|DOID:0060810|DOID:10175|DOID:10763|DOID:10825|DOID:10952|DOID:11476|DOID:11634|DOID:1168|DOID:11847|DOID:12139|DOID:1240|DOID:1247|DOID:12678|DOID:12679|DOID:127|DOID:12859|DOID:13223|DOID:13268|DOID:13603|DOID:1380|DOID:13938|DOID:1425|DOID:1459|DOID:146|DOID:1470|DOID:1595|DOID:1596|DOID:1682|DOID:1727|DOID:1826|DOID:1837|DOID:2170|DOID:2273|DOID:2355|DOID:2361|DOID:2394|DOID:2450|DOID:2451|DOID:2452|DOID:2485|DOID:2527|DOID:2568|DOID:2841|DOID:2848|DOID:2871|DOID:2893|DOID:2921|DOID:3133|DOID:3385|DOID:3393|DOID:3526|DOID:3571|DOID:3755|DOID:3756|DOID:3875|DOID:3901|DOID:4079|DOID:409|DOID:4195|DOID:4362|DOID:4386|DOID:4964|DOID:526|DOID:557|DOID:5757|DOID:5844|DOID:5854|DOID:635|DOID:6364|DOID:6713|DOID:684|DOID:6929|DOID:9074|DOID:9351|DOID:9360|DOID:9408|DOID:9415|DOID:9460|DOID:9477|DOID:9741|DOID:9970,NCBIGENE:1244|NCBIGENE:148|NCBIGENE:367|NCBIGENE:5241|NCBIGENE:6462|NCBIGENE:6715
DB00178,607,[H][C@@]12CCC[C@]1([H])N([C@@H](C2)C(O)=O)C(=O)[C@H](C)N[C@@H](CCC1=CC=CC=C1)C(=O)OCC,P12821|P46663,,,PUBCHEM.COMPOUND:5362129,DOID:0050590|DOID:0060262|DOID:0080001|DOID:10763|DOID:10825|DOID:10952|DOID:1222|DOID:1227|DOID:12987|DOID:1425|DOID:14735|DOID:1558|DOID:2527|DOID:2921|DOID:2972|DOID:3526|DOID:409|DOID:418|DOID:419|DOID:557|DOID:65|DOID:6713|DOID:8472|DOID:854|DOID:9074,NCBIGENE:1636|NCBIGENE:213|NCBIGENE:3162|NCBIGENE:3827|NCBIGENE:3953|NCBIGENE:4313|NCBIGENE:5972
DB00943,608,NC1=NC(=O)N(C=C1)[C@H]1CC[C@@H](CO)O1,Q72547,,,PUBCHEM.COMPOUND:24066,DOID:526|DOID:635,NCBIGENE:1633|NCBIGENE:3177
DB06789,609,[H][C@@]12CC[C@](OC(=O)CCCCC)(C(C)=O)[C@@]1(C)CC[C@@]1([H])[C@@]2([H])CCC2=CC(=O)CC[C@]12C,P06401,P08684|P20815|P33261,P08684|P20815|P33261,PUBCHEM.COMPOUND:169870,DOID:0060262|DOID:10603|DOID:10763|DOID:10825|DOID:10952|DOID:11716|DOID:12139|DOID:1425|DOID:1470|DOID:1595|DOID:1596|DOID:1826|DOID:1837|DOID:2527|DOID:2841|DOID:2848|DOID:2921|DOID:3571|DOID:409|DOID:4195|DOID:4964|DOID:557|DOID:6364|DOID:9351|DOID:9360|DOID:9415,NCBIGENE:1576
DB00289,610,CNCC[C@@H](OC1=CC=CC=C1C)C1=CC=CC=C1,P23975|P31645|P48549|P41145,P33261|P10635,P33261|P10635,PUBCHEM.COMPOUND:54841,DOID:0050700|DOID:0050771|DOID:0060262|DOID:10021|DOID:10154|DOID:10300|DOID:10763|DOID:10825|DOID:1094|DOID:11328|DOID:117|DOID:11847|DOID:11984|DOID:12932|DOID:13550|DOID:1405|DOID:14445|DOID:1826|DOID:2739|DOID:2741|DOID:3312|DOID:3393|DOID:3526|DOID:3953|DOID:409|DOID:5418|DOID:5844|DOID:5854|DOID:6713|DOID:9286|DOID:9408,
DB00281,611,CCN(CC)CC(=O)NC1=C(C)C=CC=C1C,Q9Y5Y9|Q15858|Q14524|P00533|P35499|P02763|P19652,,,PUBCHEM.COMPOUND:3676,DOID:0050328|DOID:0050741|DOID:0050820|DOID:0060224|DOID:0060262|DOID:0080158|DOID:0110423|DOID:0110424|DOID:0110426|DOID:0110427|DOID:0110428|DOID:0110429|DOID:0110430|DOID:0110431|DOID:0110432|DOID:0110433|DOID:0110434|DOID:0110435|DOID:0110436|DOID:0110437|DOID:0110438|DOID:0110439|DOID:0110441|DOID:0110442|DOID:0110443|DOID:0110444|DOID:0110445|DOID:0110446|DOID:0110447|DOID:0110448|DOID:0110449|DOID:0110450|DOID:0110451|DOID:0110452|DOID:0110453|DOID:0110454|DOID:0110455|DOID:0110456|DOID:0110457|DOID:0110458|DOID:0110459|DOID:0110460|DOID:0110461|DOID:10493|DOID:1067|DOID:10763|DOID:10772|DOID:10825|DOID:10952|DOID:11120|DOID:11249|DOID:11328|DOID:114|DOID:11476|DOID:11541|DOID:11634|DOID:11847|DOID:11963|DOID:12361|DOID:1247|DOID:1270|DOID:1271|DOID:1272|DOID:12720|DOID:1287|DOID:12930|DOID:13087|DOID:13097|DOID:1343|DOID:13548|DOID:13550|DOID:13709|DOID:13774|DOID:13976|DOID:1405|DOID:1425|DOID:14445|DOID:1459|DOID:1564|DOID:1574|DOID:1826|DOID:1837|DOID:2215|DOID:2216|DOID:2236|DOID:2355|DOID:2361|DOID:2527|DOID:2921|DOID:3310|DOID:3393|DOID:3669|DOID:37|DOID:384|DOID:4029|DOID:409|DOID:4398|DOID:4500|DOID:5082|DOID:5418|DOID:5501|DOID:557|DOID:5844|DOID:5854|DOID:6498|DOID:7997|DOID:7998|DOID:8463|DOID:8534|DOID:8566|DOID:8622|DOID:8866|DOID:8893|DOID:8913|DOID:9088|DOID:9351|DOID:9408|DOID:9746,NCBIGENE:1066|NCBIGENE:1543|NCBIGENE:1544|NCBIGENE:1549|NCBIGENE:1553|NCBIGENE:1558|NCBIGENE:1562|NCBIGENE:1565|NCBIGENE:1572|NCBIGENE:1573|NCBIGENE:1576|NCBIGENE:1577|NCBIGENE:1580|NCBIGENE:1956|NCBIGENE:199974|NCBIGENE:213|NCBIGENE:221223|NCBIGENE:2353|NCBIGENE:260293|NCBIGENE:29785|NCBIGENE:3383|NCBIGENE:3576|NCBIGENE:3757|NCBIGENE:3827|NCBIGENE:4057|NCBIGENE:487|NCBIGENE:54205|NCBIGENE:54822|NCBIGENE:5617|NCBIGENE:595|NCBIGENE:6335|NCBIGENE:6336|NCBIGENE:64332|NCBIGENE:6505|NCBIGENE:6583|NCBIGENE:7018|NCBIGENE:801|NCBIGENE:805|NCBIGENE:808|NCBIGENE:836|NCBIGENE:8824|NCBIGENE:8856|NCBIGENE:8989|NCBIGENE:9407
DB09235,612,CC1=C(C(C2=CC=CC(=C2)[N+]([O-])=O)C(=C(C)N1)P1(=O)OCC(C)(C)CO1)C(=O)OCCN(CC1=CC=CC=C1)C1=CC=CC=C1,Q9P0X4|Q13936|O43497|O95180,P08684,P08684,PUBCHEM.COMPOUND:119171,DOID:10763|DOID:10825,
DB00208,613,ClC1=CC=CC=C1CN1CCC2=C(C1)C=CS2,Q9H244,,,PUBCHEM.COMPOUND:5472,DOID:0050590|DOID:10772|DOID:1168|DOID:1227|DOID:1240|DOID:1247|DOID:12987|DOID:1339|DOID:1342|DOID:13580|DOID:13724|DOID:1588,NCBIGENE:11093|NCBIGENE:1544|NCBIGENE:1555|NCBIGENE:1557|NCBIGENE:1559|NCBIGENE:1565|NCBIGENE:1576|NCBIGENE:2147|NCBIGENE:3553|NCBIGENE:3674|NCBIGENE:462|NCBIGENE:5028|NCBIGENE:5196|NCBIGENE:5473|NCBIGENE:64805|NCBIGENE:7450|NCBIGENE:953
DB00204,614,CN(CCOC1=CC=C(NS(C)(=O)=O)C=C1)CCC1=CC=C(NS(C)(=O)=O)C=C1,Q12809|O95069|Q14500,P08684,P08684,PUBCHEM.COMPOUND:71329,DOID:0060224|DOID:0060262|DOID:10952|DOID:1425|DOID:2527|DOID:2921|DOID:409|DOID:4500|DOID:557|DOID:8689,NCBIGENE:144245|NCBIGENE:27133|NCBIGENE:3757|NCBIGENE:3776|NCBIGENE:84920
DB00203,615,CCCC1=NN(C)C2=C1N=C(NC2=O)C1=CC(=CC=C1OCC)S(=O)(=O)N1CCN(C)CC1,O76074|P18545|Q13956|P11926|Q9NZQ7,P08684|P20815|P24462|P11712|P33261|P10635|P05181,P08684|P20815|P24462|P11712|P33261|P10635|P05181,PUBCHEM.COMPOUND:5212,DOID:0110307|DOID:10003|DOID:10923|DOID:11120|DOID:11847|DOID:11984|DOID:12010|DOID:1240|DOID:13477|DOID:13709|DOID:1712|DOID:326|DOID:3526|DOID:5453|DOID:5844|DOID:5854|DOID:6713|DOID:8616|DOID:9286|DOID:9408|DOID:9538,NCBIGENE:10763|NCBIGENE:10846|NCBIGENE:1576|NCBIGENE:1577|NCBIGENE:1843|NCBIGENE:199|NCBIGENE:2321|NCBIGENE:23621|NCBIGENE:284|NCBIGENE:3162|NCBIGENE:387|NCBIGENE:4843|NCBIGENE:4846|NCBIGENE:501|NCBIGENE:50940|NCBIGENE:5142|NCBIGENE:5145|NCBIGENE:5146|NCBIGENE:5148|NCBIGENE:5149|NCBIGENE:5158|NCBIGENE:5592|NCBIGENE:5593|NCBIGENE:5972|NCBIGENE:8654|NCBIGENE:9407
DB00201,616,CN1C=NC2=C1C(=O)N(C)C(=O)N2C,P30542|P29274|P29275|P0DMS8|Q07343|P21817|P78527|O00329|P42336|P42338|Q13315,,,PUBCHEM.COMPOUND:2519,DOID:0050328|DOID:0050589|DOID:0050590|DOID:0050741|DOID:0050848|DOID:0060173|DOID:0060262|DOID:0060573|DOID:0060674|DOID:0060675|DOID:0060676|DOID:0060677|DOID:0060678|DOID:0060679|DOID:0060692|DOID:0060731|DOID:0110892|DOID:0111045|DOID:0111052|DOID:0111054|DOID:0111056|DOID:0111057|DOID:1029|DOID:10300|DOID:10459|DOID:10460|DOID:10493|DOID:10652|DOID:10763|DOID:10772|DOID:10808|DOID:10825|DOID:10933|DOID:10952|DOID:11249|DOID:114|DOID:11459|DOID:11634|DOID:11847|DOID:11870|DOID:11914|DOID:11963|DOID:11981|DOID:12123|DOID:12139|DOID:1227|DOID:12361|DOID:1247|DOID:12531|DOID:12550|DOID:12642|DOID:1287|DOID:12987|DOID:13186|DOID:13189|DOID:1319|DOID:13206|DOID:13250|DOID:13268|DOID:13413|DOID:13550|DOID:13603|DOID:13774|DOID:13948|DOID:13976|DOID:1405|DOID:1425|DOID:14250|DOID:1443|DOID:14445|DOID:14451|DOID:14452|DOID:14525|DOID:1459|DOID:1470|DOID:1574|DOID:1588|DOID:1595|DOID:1596|DOID:1686|DOID:1742|DOID:1826|DOID:1837|DOID:1936|DOID:2089|DOID:2106|DOID:2215|DOID:2216|DOID:2236|DOID:224|DOID:2275|DOID:2316|DOID:2348|DOID:2349|DOID:2355|DOID:2361|DOID:2527|DOID:2797|DOID:2841|DOID:2848|DOID:2883|DOID:2913|DOID:2921|DOID:302|DOID:303|DOID:3083|DOID:3393|DOID:3650|DOID:3669|DOID:3770|DOID:3827|DOID:3875|DOID:3878|DOID:4029|DOID:409|DOID:437|DOID:4481|DOID:4500|DOID:4730|DOID:4964|DOID:4989|DOID:5162|DOID:5200|DOID:557|DOID:5844|DOID:5854|DOID:593|DOID:594|DOID:6364|DOID:705|DOID:750|DOID:784|DOID:7997|DOID:7998|DOID:8442|DOID:8515|DOID:8534|DOID:8577|DOID:8677|DOID:8929|DOID:9164|DOID:9267|DOID:9282|DOID:9351|DOID:936|DOID:9408|DOID:9428|DOID:9741|DOID:9746,NCBIGENE:10|NCBIGENE:100|NCBIGENE:100463486|NCBIGENE:100996758|NCBIGENE:1017|NCBIGENE:10316|NCBIGENE:105379861|NCBIGENE:10563|NCBIGENE:10636|NCBIGENE:107|NCBIGENE:108|NCBIGENE:10803|NCBIGENE:10850|NCBIGENE:10874|NCBIGENE:109|NCBIGENE:111|NCBIGENE:1111|NCBIGENE:112|NCBIGENE:11200|NCBIGENE:11251|NCBIGENE:11255|NCBIGENE:112802|NCBIGENE:1132|NCBIGENE:114|NCBIGENE:115|NCBIGENE:121391|NCBIGENE:1230|NCBIGENE:1232|NCBIGENE:1233|NCBIGENE:1234|NCBIGENE:1236|NCBIGENE:1237|NCBIGENE:1269|NCBIGENE:129521|NCBIGENE:135250|NCBIGENE:136|NCBIGENE:1385|NCBIGENE:142|NCBIGENE:150|NCBIGENE:152|NCBIGENE:1543|NCBIGENE:1544|NCBIGENE:1548|NCBIGENE:1549|NCBIGENE:1553|NCBIGENE:1558|NCBIGENE:1562|NCBIGENE:1565|NCBIGENE:1572|NCBIGENE:1573|NCBIGENE:1576|NCBIGENE:1577|NCBIGENE:1580|NCBIGENE:165140|NCBIGENE:1813|NCBIGENE:1814|NCBIGENE:1815|NCBIGENE:183|NCBIGENE:186|NCBIGENE:1901|NCBIGENE:196883|NCBIGENE:199974|NCBIGENE:2353|NCBIGENE:2359|NCBIGENE:2475|NCBIGENE:256933|NCBIGENE:2587|NCBIGENE:259285|NCBIGENE:259286|NCBIGENE:259287|NCBIGENE:259289|NCBIGENE:259290|NCBIGENE:259292|NCBIGENE:259293|NCBIGENE:259294|NCBIGENE:259295|NCBIGENE:259296|NCBIGENE:260293|NCBIGENE:27044|NCBIGENE:27199|NCBIGENE:2770|NCBIGENE:2771|NCBIGENE:2773|NCBIGENE:2826|NCBIGENE:2831|NCBIGENE:2832|NCBIGENE:2833|NCBIGENE:283869|NCBIGENE:2841|NCBIGENE:2847|NCBIGENE:2912|NCBIGENE:2913|NCBIGENE:2916|NCBIGENE:2917|NCBIGENE:2918|NCBIGENE:2919|NCBIGENE:2920|NCBIGENE:2921|NCBIGENE:2932|NCBIGENE:29785|NCBIGENE:3320|NCBIGENE:3350|NCBIGENE:3351|NCBIGENE:3354|NCBIGENE:3355|NCBIGENE:3361|NCBIGENE:338398|NCBIGENE:338442|NCBIGENE:339403|NCBIGENE:346562|NCBIGENE:3479|NCBIGENE:351|NCBIGENE:3576|NCBIGENE:3577|NCBIGENE:3579|NCBIGENE:3627|NCBIGENE:3708|NCBIGENE:3710|NCBIGENE:3827|NCBIGENE:3956|NCBIGENE:4283|NCBIGENE:4286|NCBIGENE:4313|NCBIGENE:4543|NCBIGENE:4544|NCBIGENE:472|NCBIGENE:4846|NCBIGENE:4886|NCBIGENE:4887|NCBIGENE:4915|NCBIGENE:4985|NCBIGENE:4986|NCBIGENE:4987|NCBIGENE:4988|NCBIGENE:5030|NCBIGENE:5062|NCBIGENE:50831|NCBIGENE:50832|NCBIGENE:50833|NCBIGENE:50834|NCBIGENE:50835|NCBIGENE:50836|NCBIGENE:50837|NCBIGENE:50838|NCBIGENE:50839|NCBIGENE:50840|NCBIGENE:50865|NCBIGENE:51083|NCBIGENE:51289|NCBIGENE:5142|NCBIGENE:5179|NCBIGENE:5290|NCBIGENE:5291|NCBIGENE:5293|NCBIGENE:53637|NCBIGENE:5367|NCBIGENE:5368|NCBIGENE:53829|NCBIGENE:54331|NCBIGENE:54429|NCBIGENE:5473|NCBIGENE:551|NCBIGENE:5540|NCBIGENE:5591|NCBIGENE:56477|NCBIGENE:56670|NCBIGENE:56923|NCBIGENE:5697|NCBIGENE:57007|NCBIGENE:57121|NCBIGENE:5726|NCBIGENE:5733|NCBIGENE:5741|NCBIGENE:57413|NCBIGENE:58191|NCBIGENE:5836|NCBIGENE:5837|NCBIGENE:59340|NCBIGENE:595|NCBIGENE:5972|NCBIGENE:5996|NCBIGENE:5999|NCBIGENE:6000|NCBIGENE:6001|NCBIGENE:623|NCBIGENE:6261|NCBIGENE:6262|NCBIGENE:6263|NCBIGENE:6363|NCBIGENE:6364|NCBIGENE:6366|NCBIGENE:6370|NCBIGENE:6372|NCBIGENE:6373|NCBIGENE:6374|NCBIGENE:6387|NCBIGENE:643|NCBIGENE:64407|NCBIGENE:64805|NCBIGENE:6505|NCBIGENE:6517|NCBIGENE:6531|NCBIGENE:6622|NCBIGENE:6750|NCBIGENE:6751|NCBIGENE:6752|NCBIGENE:6754|NCBIGENE:6755|NCBIGENE:7157|NCBIGENE:718|NCBIGENE:719|NCBIGENE:727|NCBIGENE:728|NCBIGENE:729230|NCBIGENE:7352|NCBIGENE:7421|NCBIGENE:7852|NCBIGENE:836|NCBIGENE:83886|NCBIGENE:84152|NCBIGENE:842|NCBIGENE:84539|NCBIGENE:846|NCBIGENE:8484|NCBIGENE:8601|NCBIGENE:8698|NCBIGENE:8811|NCBIGENE:8843|NCBIGENE:9294|NCBIGENE:9628|NCBIGENE:983|NCBIGENE:9934
DB09477,617,[H][C@@](C)(N[C@@]([H])(CCC1=CC=CC=C1)C(O)=O)C(=O)N1CCC[C@@]1([H])C(O)=O,P12821|P46663,,,PUBCHEM.COMPOUND:5462501,DOID:10763|DOID:10825|DOID:14735|DOID:1558|DOID:6000,NCBIGENE:10159|NCBIGENE:1636|NCBIGENE:183|NCBIGENE:5972|NCBIGENE:623
DB00285,618,COC1=CC=C(C=C1)C(CN(C)C)C1(O)CCCCC1,P31645|P23975|Q01959,,,PUBCHEM.COMPOUND:5656,DOID:0060262|DOID:10763|DOID:10825|DOID:11257|DOID:114|DOID:12361|DOID:1247|DOID:1287|DOID:13550|DOID:1405|DOID:14320|DOID:14445|DOID:14464|DOID:1470|DOID:1595|DOID:1596|DOID:1826|DOID:2848|DOID:302|DOID:303|DOID:3082|DOID:3312|DOID:3401|DOID:409|DOID:5082|DOID:591|DOID:594|DOID:6713|DOID:7997|DOID:7998|DOID:9282,NCBIGENE:1557|NCBIGENE:1565|NCBIGENE:2023|NCBIGENE:5034|NCBIGENE:6530|NCBIGENE:6531|NCBIGENE:6532
DB01393,619,CC(C)(OC1=CC=C(CCNC(=O)C2=CC=C(Cl)C=C2)C=C1)C(O)=O,Q03181|P37231|Q07869|O75469|P19793|P28702|P48443,P04798|P10632|P08684,P04798|P10632|P08684,PUBCHEM.COMPOUND:39042,DOID:1168|DOID:784,NCBIGENE:1071|NCBIGENE:1376|NCBIGENE:1384|NCBIGENE:1401|NCBIGENE:1581|NCBIGENE:224|NCBIGENE:335|NCBIGENE:336|NCBIGENE:338|NCBIGENE:348|NCBIGENE:3990|NCBIGENE:4023|NCBIGENE:4171|NCBIGENE:4176|NCBIGENE:4846|NCBIGENE:5054|NCBIGENE:5467|NCBIGENE:5468|NCBIGENE:650|NCBIGENE:7352
DB00688,620,COC1=C(C\C=C(/C)CCC(=O)OCCN2CCOCC2)C(O)=C2C(=O)OCC2=C1C,P20839|P12268|Q03393,,,PUBCHEM.COMPOUND:5281078,DOID:0050590|DOID:0060058|DOID:0060262|DOID:0060479|DOID:0090118|DOID:1227|DOID:12449|DOID:12987|DOID:1339|DOID:1342|DOID:162|DOID:1919|DOID:3165|DOID:3234|DOID:409|DOID:4159|DOID:4766|DOID:643|DOID:653|DOID:8536|DOID:8566|DOID:8675,NCBIGENE:3614|NCBIGENE:3615|NCBIGENE:54205|NCBIGENE:9407
DB00788,621,COC1=CC2=C(C=C1)C=C(C=C2)[C@H](C)C(O)=O,P23219|P35354|Q51911,,,PUBCHEM.COMPOUND:156391,DOID:0050741|DOID:0060262|DOID:10459|DOID:10763|DOID:10825|DOID:10952|DOID:114|DOID:11476|DOID:11847|DOID:12361|DOID:1247|DOID:1287|DOID:13003|DOID:13189|DOID:13206|DOID:13550|DOID:13739|DOID:1405|DOID:14188|DOID:1425|DOID:14445|DOID:1574|DOID:1826|DOID:1837|DOID:1936|DOID:203|DOID:204|DOID:224|DOID:2316|DOID:2348|DOID:2355|DOID:2361|DOID:2527|DOID:2883|DOID:2921|DOID:2964|DOID:2965|DOID:3393|DOID:3526|DOID:3669|DOID:381|DOID:409|DOID:557|DOID:5844|DOID:5854|DOID:6000|DOID:631|DOID:633|DOID:6364|DOID:6713|DOID:676|DOID:7147|DOID:7148|DOID:7997|DOID:7998|DOID:848|DOID:8929|DOID:9351|DOID:9408|DOID:971|DOID:9970,NCBIGENE:1544|NCBIGENE:1559|NCBIGENE:1645|NCBIGENE:1646|NCBIGENE:213|NCBIGENE:240|NCBIGENE:3553|NCBIGENE:4057|NCBIGENE:5024|NCBIGENE:5406|NCBIGENE:54575|NCBIGENE:54600|NCBIGENE:54658|NCBIGENE:54659|NCBIGENE:5742|NCBIGENE:5743|NCBIGENE:5879|NCBIGENE:5881|NCBIGENE:5972|NCBIGENE:7018|NCBIGENE:7364|NCBIGENE:8644|NCBIGENE:8647|NCBIGENE:9356
DB01357,622,[H][C@@]12CC[C@@](O)(C#C)[C@@]1(C)CC[C@]1([H])C3=C(CC[C@@]21[H])C=C(OC)C=C3,P03372,P08684|P10632|P11712,P08684|P10632|P11712,PUBCHEM.COMPOUND:6291,DOID:0060262|DOID:10763|DOID:10825|DOID:1168|DOID:11847|DOID:12139|DOID:13268|DOID:13603|DOID:1380|DOID:1470|DOID:1595|DOID:1596|DOID:1727|DOID:1837|DOID:2450|DOID:2848|DOID:2871|DOID:288|DOID:289|DOID:2893|DOID:3393|DOID:3526|DOID:3571|DOID:3875|DOID:4079|DOID:409|DOID:4195|DOID:4362|DOID:4964|DOID:5844|DOID:5854|DOID:6364|DOID:6713|DOID:684|DOID:9351|DOID:9408|DOID:9460|DOID:9477|DOID:9741|DOID:9970,NCBIGENE:866
DB00603,623,[H][C@@]12CC[C@](OC(C)=O)(C(C)=O)[C@@]1(C)CC[C@@]1([H])[C@@]2([H])C[C@H](C)C2=CC(=O)CC[C@]12C,P06401|P03372|P08183,P08684|P10632|P26439|P11712|P04800,P08684|P10632|P26439|P11712|P04800,PUBCHEM.COMPOUND:6279,,NCBIGENE:1401|NCBIGENE:1645|NCBIGENE:1646|NCBIGENE:2100|NCBIGENE:2308|NCBIGENE:2625|NCBIGENE:2697|NCBIGENE:284|NCBIGENE:2908|NCBIGENE:3481|NCBIGENE:367|NCBIGENE:5037|NCBIGENE:5241|NCBIGENE:598|NCBIGENE:6347|NCBIGENE:6366|NCBIGENE:6462|NCBIGENE:7157|NCBIGENE:7476|NCBIGENE:8174|NCBIGENE:8644|NCBIGENE:8856|NCBIGENE:898|NCBIGENE:959
DB09231,624,COC(=O)C1=C(C)NC(C)=C([C@@H]1C1=CC=CC(=C1)[N+]([O-])=O)C(=O)O[C@@H]1CCCN(CC2=CC=CC=C2)C1,Q00975,P08684|P20815,P08684|P20815,PUBCHEM.COMPOUND:656668,,
DB09238,625,COC(=O)C1=C(C)NC(C)=C(C1C1=CC(=CC=C1)N(=O)=O)C(=O)OCCN1CCN(CC1)C(C1=CC=CC=C1)C1=CC=CC=C1,O43497|O95180|Q9P0X4,P11712|P10635|P04798|P20813|P33261|P08684,P11712|P10635|P04798|P20813|P33261|P08684,PUBCHEM.COMPOUND:4008,,NCBIGENE:1906|NCBIGENE:3156|NCBIGENE:3725|NCBIGENE:8912|NCBIGENE:8913
DB04876,626,OC12CC3CC(C1)CC(C3)(C2)NCC(=O)N1CCC[C@H]1C#N,P27487,,,PUBCHEM.COMPOUND:6918537,DOID:9351|DOID:9352,NCBIGENE:10135|NCBIGENE:1803|NCBIGENE:2641|NCBIGENE:54878|NCBIGENE:91039
DB09555,627,OC(=O)\C=C/C(O)=O.CN(C)CC[C@@H](C1=CC=C(Cl)C=C1)C1=CC=CC=N1,P35367,P10635|P08684,P10635|P08684,PUBCHEM.COMPOUND:5281070,,
DB00870,628,CC(C(O)=O)C1=CC=C(C=C1)C(=O)C1=CC=CS1,P23219|P35354,,,PUBCHEM.COMPOUND:5359,DOID:1247,NCBIGENE:1559|NCBIGENE:5742|NCBIGENE:5743
DB01196,629,[H][C@@]12CC[C@H](O)[C@@]1(C)CC[C@]1([H])C3=CC=C(OC(=O)N(CCCl)CCCl)C=C3CC[C@@]21[H],Q92731|P03372|P11137|P78559,P08684,P08684,PUBCHEM.COMPOUND:259331,DOID:0060262|DOID:10283|DOID:10286|DOID:10688|DOID:10763|DOID:10825|DOID:10952|DOID:11120|DOID:11603|DOID:11847|DOID:12449|DOID:12678|DOID:12679|DOID:12698|DOID:13709|DOID:1425|DOID:1826|DOID:1837|DOID:2485|DOID:2527|DOID:2739|DOID:2741|DOID:2921|DOID:3393|DOID:3875|DOID:409|DOID:557|DOID:5844|DOID:5854|DOID:6000|DOID:6364|DOID:6713|DOID:9351|DOID:9408,NCBIGENE:20|NCBIGENE:2100|NCBIGENE:354|NCBIGENE:4130|NCBIGENE:4133|NCBIGENE:5037
DB00864,630,CO[C@@H]1C[C@@H](CC[C@H]1O)\C=C(/C)[C@H]1OC(=O)[C@@H]2CCCCN2C(=O)C(=O)[C@]2(O)O[C@@H]([C@H](C[C@H]2C)OC)[C@H](C[C@@H](C)C\C(C)=C\[C@@H](CC=C)C(=O)C[C@H](O)[C@H]1C)OC,P62942,P08684|P20815,P08684|P20815,PUBCHEM.COMPOUND:445643,DOID:0050474|DOID:0060058|DOID:0060479|DOID:0090118|DOID:1059|DOID:10763|DOID:10825|DOID:10952|DOID:1339|DOID:1342|DOID:1389|DOID:1425|DOID:162|DOID:1826|DOID:1837|DOID:2527|DOID:2921|DOID:3234|DOID:3310|DOID:4195|DOID:4766|DOID:557|DOID:574|DOID:643|DOID:8536|DOID:8566|DOID:8568|DOID:8645|DOID:8675|DOID:870|DOID:8927|DOID:9123|DOID:9351,NCBIGENE:11146|NCBIGENE:1385|NCBIGENE:1499|NCBIGENE:1576|NCBIGENE:1577|NCBIGENE:1906|NCBIGENE:2022|NCBIGENE:2287|NCBIGENE:2288|NCBIGENE:2475|NCBIGENE:250|NCBIGENE:251|NCBIGENE:2668|NCBIGENE:2932|NCBIGENE:332|NCBIGENE:3383|NCBIGENE:3458|NCBIGENE:3552|NCBIGENE:3553|NCBIGENE:3558|NCBIGENE:3559|NCBIGENE:356|NCBIGENE:3565|NCBIGENE:3567|NCBIGENE:3576|NCBIGENE:3586|NCBIGENE:3596|NCBIGENE:3600|NCBIGENE:3667|NCBIGENE:392255|NCBIGENE:4318|NCBIGENE:4773|NCBIGENE:4775|NCBIGENE:4792|NCBIGENE:4843|NCBIGENE:4846|NCBIGENE:4851|NCBIGENE:5024|NCBIGENE:51129|NCBIGENE:54205|NCBIGENE:54210|NCBIGENE:5494|NCBIGENE:5530|NCBIGENE:5532|NCBIGENE:5534|NCBIGENE:5535|NCBIGENE:6198|NCBIGENE:6343|NCBIGENE:6347|NCBIGENE:6401|NCBIGENE:6423|NCBIGENE:6543|NCBIGENE:659|NCBIGENE:7040|NCBIGENE:7045|NCBIGENE:7124|NCBIGENE:801|NCBIGENE:805|NCBIGENE:808|NCBIGENE:8660|NCBIGENE:9021|NCBIGENE:920|NCBIGENE:9429|NCBIGENE:949|NCBIGENE:950|NCBIGENE:959|NCBIGENE:9647
DB06290,631,[H][C@]12C[C@]1(NC(=O)[C@]1([H])C[C@H](C[C@@]1([H])C(=O)N(C)CCCC\C=C/2)OC1=CC(=NC2=C1C=CC(OC)=C2C)C1=NC(=CS1)C(C)C)C(=O)NS(=O)(=O)C1CC1,Q91RS4|B0B3C9,P05177|P08684,P05177|P08684,PUBCHEM.COMPOUND:24873435,DOID:1883,
DB06605,632,COC1=CC=C(C=C1)N1N=C(C(N)=O)C2=C1C(=O)N(CC2)C1=CC=C(C=C1)N1CCCCC1=O,P00742,P08684|P05177|P10632|P11712|P33261|P51589|P20815,P08684|P05177|P10632|P11712|P33261|P51589|P20815,PUBCHEM.COMPOUND:10182969,,NCBIGENE:2158|NCBIGENE:2159
DB00604,633,CO[C@H]1CN(CCCOC2=CC=C(F)C=C2)CC[C@H]1NC(=O)C1=CC(Cl)=C(N)C=C1OC,Q13639|P46098|P28223|Q12809,P11509|P20813|P33261|P10632|P11712|P10635|P08684|P20815|P24462,P11509|P20813|P33261|P10632|P11712|P10635|P08684|P20815|P24462,PUBCHEM.COMPOUND:6917698,,
DB06209,634,CC(=O)OC1=CC2=C(CCN(C2)C(C(=O)C2CC2)C2=CC=CC=C2F)S1,Q9H244,O00748|P08684|P20813|P11712|P33261,O00748|P08684|P20813|P11712|P33261,PUBCHEM.COMPOUND:6918456,DOID:10772|DOID:1247|DOID:13003|DOID:224|DOID:326|DOID:3526|DOID:6713,NCBIGENE:1557|NCBIGENE:5028|NCBIGENE:64805
DB06207,635,C[C@H](CC1=CC2=C(N(CCCO)CC2)C(=C1)C(N)=O)NCCOC1=CC=CC=C1OCC(F)(F)F,P35348|P25100|P35368,P16662|P05091|P14550|P08684,P16662|P05091|P14550|P08684,PUBCHEM.COMPOUND:5312125,DOID:10952|DOID:13206|DOID:1425|DOID:2527|DOID:2883|DOID:2921|DOID:557,NCBIGENE:146|NCBIGENE:147|NCBIGENE:148
DB09068,636,CC1=CC=C(SC2=CC=CC=C2N2CCNCC2)C(C)=C1,P31645|P46098|P34969|P28222|P08908|P08588|P23975,P10635|P08684|P20815|P33261|P11712|P11509|P10632|P20813,P10635|P08684|P20815|P33261|P11712|P11509|P10632|P20813,PUBCHEM.COMPOUND:71768094,,
DB00619,637,CN1CCN(CC2=CC=C(C=C2)C(=O)NC2=CC(NC3=NC=CC(=N3)C3=CN=CC=C3)=C(C)C=C2)CC1,P11274|P10721|P07949|P04629|P07333|P16234|Q08345|P00519|P09619|Q16832,,,PUBCHEM.COMPOUND:5291,DOID:0050590|DOID:0060262|DOID:10763|DOID:10825|DOID:10952|DOID:11396|DOID:11482|DOID:118|DOID:1227|DOID:12987|DOID:1425|DOID:1588|DOID:1682|DOID:1837|DOID:2355|DOID:2361|DOID:2527|DOID:2739|DOID:2741|DOID:2921|DOID:3326|DOID:3393|DOID:349|DOID:3507|DOID:4079|DOID:409|DOID:4660|DOID:4724|DOID:4798|DOID:557|DOID:6000|DOID:820|DOID:9253|DOID:9351|DOID:9970|DOID:999,NCBIGENE:10018|NCBIGENE:1003|NCBIGENE:1398|NCBIGENE:1399|NCBIGENE:1436|NCBIGENE:1576|NCBIGENE:1577|NCBIGENE:1788|NCBIGENE:200734|NCBIGENE:2120|NCBIGENE:2146|NCBIGENE:2252|NCBIGENE:2321|NCBIGENE:2322|NCBIGENE:2324|NCBIGENE:25|NCBIGENE:2534|NCBIGENE:27|NCBIGENE:2876|NCBIGENE:332|NCBIGENE:3576|NCBIGENE:3717|NCBIGENE:3718|NCBIGENE:3725|NCBIGENE:3791|NCBIGENE:3815|NCBIGENE:3832|NCBIGENE:3932|NCBIGENE:4067|NCBIGENE:4170|NCBIGENE:4851|NCBIGENE:4914|NCBIGENE:51176|NCBIGENE:5156|NCBIGENE:5159|NCBIGENE:5594|NCBIGENE:5595|NCBIGENE:5743|NCBIGENE:5896|NCBIGENE:5971|NCBIGENE:5979|NCBIGENE:598|NCBIGENE:613|NCBIGENE:6513|NCBIGENE:6514|NCBIGENE:6776|NCBIGENE:7040|NCBIGENE:7157|NCBIGENE:7294|NCBIGENE:8021|NCBIGENE:81608|NCBIGENE:836|NCBIGENE:8797|NCBIGENE:9141|NCBIGENE:9407|NCBIGENE:9429
DB09080,638,COC1=CC=C(CC(C)(C)NC[C@H](O)C2=C3OCC(=O)NC3=CC(O)=C2)C=C1,P07550,P11712|P10632,P11712|P10632,PUBCHEM.COMPOUND:11504295,DOID:3083,
DB00313,639,CCCC(CCC)C(O)=O,Q9UKV0|P45954|Q02218|P51649|Q92769|Q07869|Q03181|P37231|P38936|P14210|P11926|Q9NZQ7,,,PUBCHEM.COMPOUND:3121,DOID:0060262|DOID:10952|DOID:12139|DOID:13268|DOID:1425|DOID:1470|DOID:1561|DOID:1588|DOID:1595|DOID:1596|DOID:1825|DOID:1826|DOID:2527|DOID:2848|DOID:2913|DOID:2921|DOID:409|DOID:4964|DOID:4989|DOID:557|DOID:74|DOID:9267|DOID:9273|DOID:9278|DOID:9280,NCBIGENE:11280|NCBIGENE:1548|NCBIGENE:1555|NCBIGENE:1557|NCBIGENE:1559|NCBIGENE:1576|NCBIGENE:1869|NCBIGENE:2147|NCBIGENE:27306|NCBIGENE:2931|NCBIGENE:2932|NCBIGENE:2938|NCBIGENE:2939|NCBIGENE:2940|NCBIGENE:3065|NCBIGENE:3066|NCBIGENE:3383|NCBIGENE:36|NCBIGENE:3725|NCBIGENE:3952|NCBIGENE:4128|NCBIGENE:429|NCBIGENE:4543|NCBIGENE:4613|NCBIGENE:4967|NCBIGENE:5327|NCBIGENE:5428|NCBIGENE:54600|NCBIGENE:5595|NCBIGENE:5649|NCBIGENE:627|NCBIGENE:632|NCBIGENE:6323|NCBIGENE:6328|NCBIGENE:6329|NCBIGENE:6332|NCBIGENE:6334|NCBIGENE:6336|NCBIGENE:637|NCBIGENE:6606|NCBIGENE:6607|NCBIGENE:6720|NCBIGENE:7057|NCBIGENE:7364|NCBIGENE:7466|NCBIGENE:7915|NCBIGENE:811|NCBIGENE:836|NCBIGENE:841|NCBIGENE:842|NCBIGENE:9734
DB00468,640,[H][C@]1(C[C@@H]2CC[N@]1C[C@@H]2C=C)[C@H](O)C1=CC=NC2=CC=C(OC)C=C12,P14770|O15554,P08684|P20815|P04798|P10635|P05177|P10632|P11712|P33261|P05181|P24462,P08684|P20815|P04798|P10635|P05177|P10632|P11712|P33261|P05181|P24462,PUBCHEM.COMPOUND:3034034,DOID:0060224|DOID:0060262|DOID:10772|DOID:1210|DOID:12554|DOID:14067|DOID:1588|DOID:409|DOID:437|DOID:784|DOID:9993,
DB00541,641,[H][C@@]12N3CC[C@@]11C4=C(C=C(OC)C(=C4)[C@]4(C[C@H]5C[N@](C[C@](O)(CC)C5)CCC5=C4NC4=CC=CC=C54)C(=O)OC)N(C=O)[C@@]1([H])[C@](O)([C@H](OC(C)=O)[C@]2(CC)C=CC3)C(=O)OC,P07437|P68366,,,PUBCHEM.COMPOUND:5978,DOID:0050539|DOID:0050873|DOID:0060058|DOID:0060060|DOID:0060843|DOID:0090003|DOID:0110148|DOID:0110149|DOID:0110150|DOID:0110151|DOID:0110152|DOID:0110153|DOID:0110154|DOID:0110155|DOID:0110156|DOID:0110157|DOID:0110158|DOID:0110159|DOID:0110160|DOID:0110161|DOID:0110163|DOID:0110164|DOID:0110165|DOID:0110166|DOID:0110167|DOID:0110168|DOID:0110169|DOID:0110170|DOID:0110173|DOID:0110174|DOID:0110175|DOID:0110177|DOID:0110179|DOID:0110182|DOID:0110183|DOID:0110184|DOID:0110185|DOID:0110186|DOID:0110187|DOID:0110190|DOID:0110191|DOID:0110192|DOID:0110193|DOID:0110194|DOID:0110195|DOID:0110196|DOID:0110197|DOID:0110198|DOID:0110199|DOID:0110200|DOID:0110202|DOID:0110203|DOID:0110204|DOID:0110205|DOID:0110206|DOID:0110207|DOID:0110208|DOID:0110209|DOID:0110210|DOID:0110211|DOID:0110212|DOID:104|DOID:10595|DOID:13580|DOID:1389|DOID:1564|DOID:1803|DOID:1920|DOID:1974|DOID:2154|DOID:2477|DOID:2571|DOID:2739|DOID:2741|DOID:3247|DOID:440|DOID:574|DOID:615|DOID:683|DOID:707|DOID:769|DOID:8538|DOID:8543|DOID:8567|DOID:8584|DOID:8628|DOID:8651|DOID:8654|DOID:8675|DOID:870|DOID:8913|DOID:934|DOID:9952,NCBIGENE:10017|NCBIGENE:10057|NCBIGENE:10257|NCBIGENE:10383|NCBIGENE:1244|NCBIGENE:142|NCBIGENE:1576|NCBIGENE:1577|NCBIGENE:203068|NCBIGENE:2064|NCBIGENE:216|NCBIGENE:2264|NCBIGENE:2950|NCBIGENE:2965|NCBIGENE:30834|NCBIGENE:3439|NCBIGENE:3447|NCBIGENE:3725|NCBIGENE:387|NCBIGENE:4137|NCBIGENE:4255|NCBIGENE:4288|NCBIGENE:4363|NCBIGENE:4613|NCBIGENE:538|NCBIGENE:540|NCBIGENE:5756|NCBIGENE:6717|NCBIGENE:672|NCBIGENE:6790|NCBIGENE:7157|NCBIGENE:7277|NCBIGENE:89845|NCBIGENE:9046|NCBIGENE:9429|NCBIGENE:960
DB00542,642,[H][C@@]1(CCC2=CC=CC=C2N(CC(O)=O)C1=O)N[C@@H](CCC1=CC=CC=C1)C(=O)OCC,P12821,,,PUBCHEM.COMPOUND:5362124,DOID:0050590|DOID:0060262|DOID:0080001|DOID:10763|DOID:10825|DOID:10952|DOID:1222|DOID:1227|DOID:12449|DOID:12550|DOID:12678|DOID:12679|DOID:12987|DOID:13189|DOID:13413|DOID:13543|DOID:1425|DOID:14735|DOID:1558|DOID:1837|DOID:1920|DOID:2383|DOID:2485|DOID:2527|DOID:2913|DOID:2921|DOID:2972|DOID:2983|DOID:3341|DOID:409|DOID:4500|DOID:4989|DOID:557|DOID:65|DOID:854|DOID:9074|DOID:9351,
DB01018,643,NC(=N)NC(=O)CC1=C(Cl)C=CC=C1Cl,P08913|P18089,P33261|P08684,P33261|P08684,PUBCHEM.COMPOUND:3519,DOID:0050820|DOID:0060262|DOID:10763|DOID:10825|DOID:1094|DOID:11847|DOID:12139|DOID:1470|DOID:1595|DOID:1596|DOID:2089|DOID:2848|DOID:3393|DOID:409|DOID:4964|DOID:5844|DOID:5854|DOID:6713|DOID:784|DOID:9408,NCBIGENE:150|NCBIGENE:152|NCBIGENE:5972
DB05039,644,CCC1=C(CC)C=C2CC(CC2=C1)NC[C@H](O)C1=C2C=CC(=O)NC2=C(O)C=C1,P07550,P08684|P22309,P08684|P22309,PUBCHEM.COMPOUND:6918554,DOID:10763|DOID:10825|DOID:12361|DOID:1826|DOID:1837|DOID:3393|DOID:4195|DOID:4500|DOID:7997|DOID:7998|DOID:9351,NCBIGENE:153|NCBIGENE:154|NCBIGENE:155|NCBIGENE:4318
DB00207,645,CC[C@H]1OC(=O)[C@H](C)[C@@H](O[C@H]2C[C@@](C)(OC)[C@@H](O)[C@H](C)O2)[C@H](C)[C@@H](O[C@@H]2O[C@H](C)C[C@@H]([C@H]2O)N(C)C)[C@](C)(O)C[C@@H](C)CN(C)[C@H](C)[C@@H](O)[C@]1(C)O,Q9UM07,,,PUBCHEM.COMPOUND:447043,DOID:0060262|DOID:10371|DOID:13778|DOID:13819|DOID:13924|DOID:2297|DOID:409|DOID:437|DOID:874,NCBIGENE:1576|NCBIGENE:1577|NCBIGENE:23569|NCBIGENE:3605|NCBIGENE:4087|NCBIGENE:4088|NCBIGENE:8128
DB06654,646,C[C@H](NCC1=CC=C(OCC2=CC(F)=CC=C2)C=C1)C(N)=O,P27338,P21397|P08684|P04798|P05177|P10635|P33261|P20815,P21397|P08684|P04798|P05177|P10635|P33261|P20815,PUBCHEM.COMPOUND:131682,DOID:0060891|DOID:0060895|DOID:0060896|DOID:14330,NCBIGENE:4129|NCBIGENE:5347
DB00373,647,[H][C@](O)(CNC(C)(C)C)COC1=NSN=C1N1CCOCC1,P08588|P07550|P00720,,,PUBCHEM.COMPOUND:33624,DOID:0060262|DOID:10300|DOID:1067|DOID:10763|DOID:10825|DOID:10952|DOID:12139|DOID:12361|DOID:12550|DOID:12678|DOID:12679|DOID:12918|DOID:13189|DOID:13413|DOID:13543|DOID:1425|DOID:1470|DOID:1595|DOID:1596|DOID:1837|DOID:1920|DOID:2383|DOID:2485|DOID:2527|DOID:2848|DOID:2913|DOID:2921|DOID:2983|DOID:3341|DOID:409|DOID:437|DOID:4500|DOID:4964|DOID:4989|DOID:557|DOID:6000|DOID:6713|DOID:7997|DOID:7998|DOID:9074|DOID:9282|DOID:9351|DOID:9993,NCBIGENE:153|NCBIGENE:154|NCBIGENE:155|NCBIGENE:1565|NCBIGENE:3589|NCBIGENE:4653
DB01149,648,CCC1=NN(CCCN2CCN(CC2)C2=CC(Cl)=CC=C2)C(=O)N1CCOC1=CC=CC=C1,P28223|P28335|P31645|P08908|P23975|Q01959|P35368|P08913|P35348|Q12809,P08684|P10635|Q14097,P08684|P10635|Q14097,PUBCHEM.COMPOUND:4449,DOID:0060262|DOID:114|DOID:11847|DOID:1287|DOID:1470|DOID:1595|DOID:1596|DOID:1826|DOID:2848|DOID:302|DOID:303|DOID:3312|DOID:3526|DOID:409|DOID:5844|DOID:5854|DOID:6713|DOID:9408,NCBIGENE:147|NCBIGENE:148|NCBIGENE:150|NCBIGENE:1576|NCBIGENE:1577|NCBIGENE:1813|NCBIGENE:2944|NCBIGENE:3350|NCBIGENE:3358|NCBIGENE:6530|NCBIGENE:6531|NCBIGENE:6532|NCBIGENE:8647
DB00947,649,[H][C@@]12CC[C@H](O)[C@@]1(C)CC[C@]1([H])C3=CC=C(O)C=C3C[C@@H](CCCCCCCCCS(=O)CCCC(F)(F)C(F)(F)F)[C@@]21[H],P03372,P08684|P22309,P08684|P22309,PUBCHEM.COMPOUND:17756771,,
DB00691,650,CCOC(=O)[C@H](CCC1=CC=CC=C1)N[C@@H](C)C(=O)N1CC2=CC(OC)=C(OC)C=C2C[C@H]1C(O)=O,P12821,,,PUBCHEM.COMPOUND:91270,DOID:0050590|DOID:0060262|DOID:0080001|DOID:10763|DOID:10825|DOID:10952|DOID:1222|DOID:1227|DOID:12449|DOID:12550|DOID:12678|DOID:12679|DOID:12987|DOID:13189|DOID:13413|DOID:13543|DOID:1425|DOID:14735|DOID:1558|DOID:1712|DOID:1837|DOID:1920|DOID:2383|DOID:2485|DOID:2527|DOID:2913|DOID:2921|DOID:2972|DOID:2983|DOID:3341|DOID:3393|DOID:409|DOID:4500|DOID:4989|DOID:557|DOID:65|DOID:854|DOID:9074|DOID:9351,
DB00772,651,CCOC(=O)CC(SP(=S)(OC)OC)C(=O)OCC,P06276,P05177|P20813,P05177|P20813,PUBCHEM.COMPOUND:4004,DOID:5501,NCBIGENE:43|NCBIGENE:4543|NCBIGENE:590|NCBIGENE:847
DB00996,652,NCC1(CC(O)=O)CCCCC1,P54289|Q9NY47|P30542|O43525|Q9NR82,P54687,P54687,PUBCHEM.COMPOUND:3446,DOID:0050425|DOID:10952|DOID:12139|DOID:1425|DOID:1470|DOID:1595|DOID:1596|DOID:2527|DOID:2848|DOID:2921|DOID:4964|DOID:557,NCBIGENE:150|NCBIGENE:2353|NCBIGENE:2902|NCBIGENE:3586|NCBIGENE:55799|NCBIGENE:586|NCBIGENE:587|NCBIGENE:64332|NCBIGENE:781|NCBIGENE:9254|NCBIGENE:93589|NCBIGENE:9568
DB00679,653,CSC1=CC2=C(SC3=CC=CC=C3N2CCC2CCCCN2C)C=C1,P14416|P21728|P35348|P35368|P28223|Q12809,P05181|P10635|P33261,P05181|P10635|P33261,PUBCHEM.COMPOUND:5452,DOID:14464|DOID:1826|DOID:4500|DOID:74|DOID:9854,NCBIGENE:1128|NCBIGENE:1131|NCBIGENE:1132|NCBIGENE:1133|NCBIGENE:146|NCBIGENE:147|NCBIGENE:148|NCBIGENE:150|NCBIGENE:152|NCBIGENE:1544|NCBIGENE:1557|NCBIGENE:1559|NCBIGENE:1565|NCBIGENE:1576|NCBIGENE:1813|NCBIGENE:1814|NCBIGENE:1815|NCBIGENE:1816|NCBIGENE:3269|NCBIGENE:3274|NCBIGENE:3350|NCBIGENE:3351|NCBIGENE:3354|NCBIGENE:3358|NCBIGENE:3362|NCBIGENE:3363|NCBIGENE:3757|NCBIGENE:7157
DB00932,654,[H][C@@](CC)(C1=CC(NS(=O)(=O)C2=NC=C(C=C2)C(F)(F)F)=CC=C1)C1=C(O)C[C@@](CCC)(CCC2=CC=CC=C2)OC1=O,Q72874,P33261|P22309|P08684|P10635,P33261|P22309|P08684|P10635,PUBCHEM.COMPOUND:54682461,DOID:0060262|DOID:12134|DOID:12259|DOID:1247|DOID:1319|DOID:1837|DOID:1883|DOID:2043|DOID:2739|DOID:2741|DOID:409|DOID:4195|DOID:526|DOID:635|DOID:9351,
DB06204,655,CC[C@H]([C@@H](C)CN(C)C)C1=CC(O)=CC=C1,P35372|P23975|P41145|P41143|P31645,P11712|P33261|P10635|P16662|O60656,P11712|P33261|P10635|P16662|O60656,PUBCHEM.COMPOUND:9838022,DOID:0050328|DOID:0050848|DOID:0060262|DOID:0060731|DOID:11459|DOID:11634|DOID:11981|DOID:13603|DOID:1459|DOID:1826|DOID:2841|DOID:2913|DOID:302|DOID:303|DOID:3083|DOID:3878|DOID:409|DOID:4989|DOID:8442|DOID:8515|DOID:9428|DOID:9741,
DB00492,656,CCC(=O)O[C@@H](OP(=O)(CCCCC1=CC=CC=C1)CC(=O)N1C[C@@H](C[C@H]1C(O)=O)C1CCCCC1)C(C)C,P12821,,,PUBCHEM.COMPOUND:55891,DOID:0050590|DOID:0050700|DOID:0060262|DOID:0080001|DOID:10763|DOID:10825|DOID:10952|DOID:11984|DOID:1222|DOID:1227|DOID:12449|DOID:12550|DOID:12678|DOID:12679|DOID:12932|DOID:12987|DOID:13189|DOID:13413|DOID:13543|DOID:1425|DOID:14735|DOID:1558|DOID:1712|DOID:1837|DOID:1920|DOID:2383|DOID:2485|DOID:2527|DOID:2913|DOID:2921|DOID:2972|DOID:2983|DOID:3341|DOID:409|DOID:4500|DOID:4989|DOID:557|DOID:65|DOID:854|DOID:9074|DOID:9351,NCBIGENE:1636
DB00582,657,C[C@@H](C1=NC=NC=C1F)[C@](O)(CN1C=NC=N1)C1=C(F)C=C(F)C=C1,P10613,Q01740|P31513|P20815|P24462|P33261|P08684|P11712|P20813|P23219,Q01740|P31513|P20815|P24462|P33261|P08684|P11712|P20813|P23219,PUBCHEM.COMPOUND:71616,DOID:0050700|DOID:0060262|DOID:11984|DOID:12678|DOID:12679|DOID:12932|DOID:13146|DOID:1432|DOID:2485|DOID:409|DOID:4500,NCBIGENE:10858|NCBIGENE:1544|NCBIGENE:1555|NCBIGENE:1557|NCBIGENE:1559|NCBIGENE:1576|NCBIGENE:1577|NCBIGENE:1595
DB00446,658,OC[C@@H](NC(=O)C(Cl)Cl)[C@H](O)C1=CC=C(C=C1)[N+]([O-])=O,P0ADY7|P24093|P08174,,,PUBCHEM.COMPOUND:5959,DOID:0050590|DOID:0060262|DOID:0060284|DOID:0080176|DOID:10113|DOID:10952|DOID:11100|DOID:11256|DOID:11574|DOID:1210|DOID:1227|DOID:12449|DOID:12987|DOID:13258|DOID:1389|DOID:14095|DOID:1425|DOID:1588|DOID:2355|DOID:2361|DOID:2527|DOID:2921|DOID:3055|DOID:379|DOID:3890|DOID:409|DOID:557|DOID:574|DOID:870|DOID:9463,NCBIGENE:100463486|NCBIGENE:100996758|NCBIGENE:10316|NCBIGENE:105379861|NCBIGENE:10563|NCBIGENE:10636|NCBIGENE:107|NCBIGENE:108|NCBIGENE:10803|NCBIGENE:10850|NCBIGENE:10874|NCBIGENE:109|NCBIGENE:111|NCBIGENE:112|NCBIGENE:11251|NCBIGENE:11255|NCBIGENE:1132|NCBIGENE:114|NCBIGENE:115|NCBIGENE:1230|NCBIGENE:1232|NCBIGENE:1233|NCBIGENE:1234|NCBIGENE:1236|NCBIGENE:1237|NCBIGENE:1269|NCBIGENE:129521|NCBIGENE:1476|NCBIGENE:150|NCBIGENE:152|NCBIGENE:1557|NCBIGENE:1576|NCBIGENE:1577|NCBIGENE:165140|NCBIGENE:1813|NCBIGENE:1814|NCBIGENE:1815|NCBIGENE:183|NCBIGENE:186|NCBIGENE:1901|NCBIGENE:196883|NCBIGENE:2054|NCBIGENE:2359|NCBIGENE:256933|NCBIGENE:2587|NCBIGENE:259285|NCBIGENE:259286|NCBIGENE:259287|NCBIGENE:259289|NCBIGENE:259290|NCBIGENE:259292|NCBIGENE:259293|NCBIGENE:259294|NCBIGENE:259295|NCBIGENE:259296|NCBIGENE:27199|NCBIGENE:2770|NCBIGENE:2771|NCBIGENE:2773|NCBIGENE:2826|NCBIGENE:2831|NCBIGENE:2832|NCBIGENE:2833|NCBIGENE:283869|NCBIGENE:2841|NCBIGENE:2847|NCBIGENE:2912|NCBIGENE:2913|NCBIGENE:2916|NCBIGENE:2917|NCBIGENE:2918|NCBIGENE:2919|NCBIGENE:2920|NCBIGENE:2921|NCBIGENE:2936|NCBIGENE:3350|NCBIGENE:3351|NCBIGENE:3354|NCBIGENE:3355|NCBIGENE:3361|NCBIGENE:338398|NCBIGENE:338442|NCBIGENE:339403|NCBIGENE:346562|NCBIGENE:351|NCBIGENE:3576|NCBIGENE:3577|NCBIGENE:3579|NCBIGENE:3627|NCBIGENE:3827|NCBIGENE:4283|NCBIGENE:4543|NCBIGENE:4544|NCBIGENE:4656|NCBIGENE:4886|NCBIGENE:4887|NCBIGENE:4985|NCBIGENE:4986|NCBIGENE:4987|NCBIGENE:4988|NCBIGENE:5030|NCBIGENE:50831|NCBIGENE:50832|NCBIGENE:50833|NCBIGENE:50834|NCBIGENE:50835|NCBIGENE:50836|NCBIGENE:50837|NCBIGENE:50838|NCBIGENE:50839|NCBIGENE:50840|NCBIGENE:50865|NCBIGENE:51083|NCBIGENE:51289|NCBIGENE:5179|NCBIGENE:53637|NCBIGENE:5367|NCBIGENE:5368|NCBIGENE:53829|NCBIGENE:54331|NCBIGENE:54429|NCBIGENE:5473|NCBIGENE:5540|NCBIGENE:56477|NCBIGENE:56670|NCBIGENE:56923|NCBIGENE:5697|NCBIGENE:57007|NCBIGENE:57121|NCBIGENE:5726|NCBIGENE:5733|NCBIGENE:57413|NCBIGENE:58191|NCBIGENE:59340|NCBIGENE:5996|NCBIGENE:5999|NCBIGENE:6000|NCBIGENE:6001|NCBIGENE:623|NCBIGENE:6363|NCBIGENE:6364|NCBIGENE:6366|NCBIGENE:6370|NCBIGENE:6372|NCBIGENE:6373|NCBIGENE:6374|NCBIGENE:6387|NCBIGENE:643|NCBIGENE:64407|NCBIGENE:64805|NCBIGENE:6750|NCBIGENE:6751|NCBIGENE:6752|NCBIGENE:6754|NCBIGENE:6755|NCBIGENE:718|NCBIGENE:719|NCBIGENE:727|NCBIGENE:728|NCBIGENE:729230|NCBIGENE:7852|NCBIGENE:84539|NCBIGENE:846|NCBIGENE:8484|NCBIGENE:8601|NCBIGENE:8698|NCBIGENE:8811|NCBIGENE:8843|NCBIGENE:9294|NCBIGENE:9628|NCBIGENE:9934
DB06414,659,CC1=CC(=CC(C)=C1OC1=C(Br)C(N)=NC(NC2=CC=C(C=C2)C#N)=N1)C#N,P03366|P04585|Q72547,P08684|P11712|P33261,P08684|P11712|P33261,PUBCHEM.COMPOUND:193962,DOID:1389|DOID:1883|DOID:2043|DOID:526|DOID:574|DOID:635|DOID:870,NCBIGENE:1555|NCBIGENE:1576
DB01583,660,[Na+].[Na+].N[C@@H](CC1=CC(I)=C(OC2=CC(I)=C(O)C=C2)C(I)=C1)C([O-])=O.N[C@@H](CC1=CC(I)=C(OC2=CC(I)=C(O)C(I)=C2)C(I)=C1)C([O-])=O,P10827|P10828,P10632|P08684,P10632|P08684,PUBCHEM.COMPOUND:71371,,NCBIGENE:7067
DB09183,661,COC1=C(C=C(C=C1C1=CC2=CC=C(NS(C)(=O)=O)C=C2C=C1)N1C=CC(=O)NC1=O)C(C)(C)C,P87764,P10632|P08684|P10635|P22309,P10632|P08684|P10635|P22309,PUBCHEM.COMPOUND:56640146,DOID:1883,
DB04920,662,CCCC(=O)OCOC(=O)C1=C(C)NC(C)=C(C1C1=CC=CC(Cl)=C1Cl)C(=O)OC,O60840|Q13698|Q01668|Q13936,P11712|P10635|P05181|P33261|P08684|P06276,P11712|P10635|P05181|P33261|P08684|P06276,PUBCHEM.COMPOUND:153994,DOID:10763|DOID:10825|DOID:10966|DOID:2913|DOID:4989|DOID:6000,NCBIGENE:1557|NCBIGENE:1559|NCBIGENE:775|NCBIGENE:776|NCBIGENE:778|NCBIGENE:779
DB00279,663,N[C@@H](CC1=CC(I)=C(OC2=CC(I)=C(O)C=C2)C(I)=C1)C(O)=O,P10827|P10828|P12004,,,PUBCHEM.COMPOUND:5920,DOID:0050328|DOID:0060870|DOID:0060872|DOID:0060873|DOID:0060874|DOID:0060875|DOID:0090070|DOID:0090071|DOID:0090072|DOID:0090073|DOID:0090074|DOID:0090076|DOID:0090077|DOID:0090078|DOID:0090079|DOID:0090080|DOID:0090081|DOID:0090082|DOID:0090083|DOID:0090084|DOID:0090085|DOID:0090086|DOID:0090087|DOID:0090089|DOID:0090090|DOID:0090092|DOID:0090093|DOID:0090094|DOID:10493|DOID:10763|DOID:10825|DOID:114|DOID:11476|DOID:11634|DOID:11847|DOID:12176|DOID:12361|DOID:12837|DOID:1287|DOID:13195|DOID:13198|DOID:13200|DOID:13774|DOID:1459|DOID:1781|DOID:1837|DOID:3393|DOID:3614|DOID:50|DOID:533|DOID:5844|DOID:5854|DOID:7997|DOID:7998|DOID:9351|DOID:9406|DOID:9408|DOID:9410|DOID:9476,NCBIGENE:10720|NCBIGENE:1428|NCBIGENE:1509|NCBIGENE:1733|NCBIGENE:1875|NCBIGENE:25830|NCBIGENE:3276|NCBIGENE:335|NCBIGENE:367|NCBIGENE:51083|NCBIGENE:54576|NCBIGENE:5594|NCBIGENE:5933|NCBIGENE:6256|NCBIGENE:632|NCBIGENE:7067|NCBIGENE:7173|NCBIGENE:7252|NCBIGENE:7365|NCBIGENE:9407
DB06335,664,[H][C@@]12C[C@]1([H])N([C@@H](C2)C#N)C(=O)[C@@H](N)C12CC3CC(CC(O)(C3)C1)C2,P27487,P20815|P08684,P20815|P08684,PUBCHEM.COMPOUND:11243969,DOID:0050741|DOID:0060262|DOID:0060870|DOID:0060872|DOID:0060873|DOID:0060874|DOID:0060875|DOID:0090070|DOID:0090071|DOID:0090072|DOID:0090073|DOID:0090074|DOID:0090076|DOID:0090077|DOID:0090078|DOID:0090079|DOID:0090080|DOID:0090081|DOID:0090082|DOID:0090083|DOID:0090084|DOID:0090085|DOID:0090086|DOID:0090087|DOID:0090089|DOID:0090090|DOID:0090092|DOID:0090093|DOID:0090094|DOID:10493|DOID:10952|DOID:11847|DOID:13774|DOID:1425|DOID:1574|DOID:2527|DOID:2921|DOID:3614|DOID:3650|DOID:409|DOID:533|DOID:557|DOID:5844|DOID:5854|DOID:614|DOID:784|DOID:9351|DOID:9352|DOID:9406|DOID:9408|DOID:9410|DOID:9476|DOID:9993,NCBIGENE:1803|NCBIGENE:4846|NCBIGENE:91039
DB00006,665,CC[C@H](C)[C@H](NC(=O)[C@H](CCC(O)=O)NC(=O)[C@H](CCC(O)=O)NC(=O)[C@H](CC1=CC=CC=C1)NC(=O)[C@H](CC(O)=O)NC(=O)CNC(=O)[C@H](CC(N)=O)NC(=O)CNC(=O)CNC(=O)CNC(=O)CNC(=O)[C@@H]1CCCN1C(=O)[C@H](CCCNC(N)=N)NC(=O)[C@@H]1CCCN1C(=O)[C@H](N)CC1=CC=CC=C1)C(=O)N1CCC[C@H]1C(=O)N[C@@H](CCC(O)=O)C(=O)N[C@@H](CCC(O)=O)C(=O)N[C@@H](CC1=CC=C(O)C=C1)C(=O)N[C@@H](CC(C)C)C(O)=O,P00734,,,PUBCHEM.COMPOUND:16129704,,NCBIGENE:2147
DB00398,666,CNC(=O)C1=NC=CC(OC2=CC=C(NC(=O)NC3=CC(=C(Cl)C=C3)C(F)(F)F)C=C2)=C1,P15056|P04049|P35916|P35968|P17948|P36888|P09619|P10721|P11362|P07949,,,PUBCHEM.COMPOUND:216239,DOID:0050590|DOID:10763|DOID:10825|DOID:11847|DOID:12139|DOID:1227|DOID:1247|DOID:12987|DOID:1470|DOID:1588|DOID:1595|DOID:1596|DOID:2355|DOID:2361|DOID:2848|DOID:2913|DOID:326|DOID:3393|DOID:3571|DOID:4450|DOID:4451|DOID:4464|DOID:4465|DOID:4467|DOID:4471|DOID:4473|DOID:4964|DOID:4989|DOID:5844|DOID:5854|DOID:684|DOID:9408,NCBIGENE:1024|NCBIGENE:10553|NCBIGENE:135250|NCBIGENE:142|NCBIGENE:1436|NCBIGENE:147746|NCBIGENE:1555|NCBIGENE:1558|NCBIGENE:1869|NCBIGENE:1978|NCBIGENE:225689|NCBIGENE:2260|NCBIGENE:22809|NCBIGENE:2305|NCBIGENE:2321|NCBIGENE:2322|NCBIGENE:2324|NCBIGENE:2475|NCBIGENE:25|NCBIGENE:284|NCBIGENE:2931|NCBIGENE:2932|NCBIGENE:330|NCBIGENE:3480|NCBIGENE:355|NCBIGENE:367|NCBIGENE:3791|NCBIGENE:3815|NCBIGENE:3932|NCBIGENE:4170|NCBIGENE:4593|NCBIGENE:5156|NCBIGENE:5159|NCBIGENE:51776|NCBIGENE:5366|NCBIGENE:54578|NCBIGENE:54658|NCBIGENE:5594|NCBIGENE:5595|NCBIGENE:5604|NCBIGENE:5605|NCBIGENE:5894|NCBIGENE:5925|NCBIGENE:595|NCBIGENE:5970|NCBIGENE:5979|NCBIGENE:6194|NCBIGENE:64764|NCBIGENE:6548|NCBIGENE:6615|NCBIGENE:6725|NCBIGENE:673|NCBIGENE:6774|NCBIGENE:6776|NCBIGENE:6781|NCBIGENE:7075|NCBIGENE:7157|NCBIGENE:79094|NCBIGENE:836|NCBIGENE:840|NCBIGENE:841|NCBIGENE:842|NCBIGENE:8431|NCBIGENE:8743|NCBIGENE:8754|NCBIGENE:8837|NCBIGENE:891|NCBIGENE:892|NCBIGENE:898|NCBIGENE:89845|NCBIGENE:9429|NCBIGENE:9451|NCBIGENE:969|NCBIGENE:999
DB09123,667,[H][C@@]12CC[C@@](O)(CC#N)[C@@]1(C)CCC1=C3CCC(=O)C=C3CC[C@@]21[H],P06401|P10275,P08684,P08684,PUBCHEM.COMPOUND:68861,DOID:0050328|DOID:0060262|DOID:0060810|DOID:10175|DOID:10763|DOID:10825|DOID:10952|DOID:11634|DOID:1168|DOID:11847|DOID:12139|DOID:12678|DOID:12679|DOID:127|DOID:12859|DOID:13223|DOID:13268|DOID:1380|DOID:1425|DOID:1459|DOID:146|DOID:1470|DOID:1595|DOID:1596|DOID:1727|DOID:1826|DOID:1837|DOID:2394|DOID:2450|DOID:2451|DOID:2452|DOID:2485|DOID:2527|DOID:2841|DOID:2848|DOID:2871|DOID:288|DOID:289|DOID:2921|DOID:3133|DOID:3393|DOID:3526|DOID:3755|DOID:3756|DOID:3875|DOID:409|DOID:4386|DOID:4964|DOID:557|DOID:5844|DOID:5854|DOID:6364|DOID:6713|DOID:6929|DOID:9074|DOID:9351|DOID:9360|DOID:9408|DOID:9415|DOID:9460|DOID:9477|DOID:9970,NCBIGENE:1634|NCBIGENE:5241|NCBIGENE:7099
DB00586,668,OC(=O)CC1=CC=CC=C1NC1=C(Cl)C=CC=C1Cl,P35354|P23219,,,PUBCHEM.COMPOUND:3033,DOID:0050589|DOID:0050741|DOID:0060262|DOID:10763|DOID:10825|DOID:114|DOID:11684|DOID:11847|DOID:1237|DOID:1247|DOID:1287|DOID:1574|DOID:1724|DOID:1837|DOID:2355|DOID:2361|DOID:2841|DOID:3149|DOID:3526|DOID:37|DOID:381|DOID:409|DOID:4677|DOID:5844|DOID:5854|DOID:6000|DOID:6498|DOID:6713|DOID:6945|DOID:7147|DOID:7148|DOID:750|DOID:8463|DOID:848|DOID:8549|DOID:8866|DOID:9351|DOID:9360|DOID:9368|DOID:9408|DOID:9415,
DB01197,669,C[C@H](CS)C(=O)N1CCC[C@H]1C(O)=O,P12821|P08253|P14780|P09960|P46663,,,PUBCHEM.COMPOUND:44093,DOID:0050590|DOID:0050700|DOID:0060262|DOID:0080001|DOID:10763|DOID:10825|DOID:10952|DOID:11984|DOID:1222|DOID:1227|DOID:12449|DOID:12550|DOID:12678|DOID:12679|DOID:12932|DOID:12987|DOID:13189|DOID:13413|DOID:13543|DOID:1425|DOID:14735|DOID:1558|DOID:1712|DOID:1837|DOID:1920|DOID:2383|DOID:2485|DOID:2527|DOID:2913|DOID:2921|DOID:2972|DOID:2983|DOID:3341|DOID:409|DOID:4500|DOID:4989|DOID:557|DOID:65|DOID:854|DOID:9074|DOID:9351,NCBIGENE:10159|NCBIGENE:1636|NCBIGENE:183|NCBIGENE:213|NCBIGENE:3479|NCBIGENE:3558|NCBIGENE:3791|NCBIGENE:3827|NCBIGENE:4048|NCBIGENE:4313|NCBIGENE:4318|NCBIGENE:4846|NCBIGENE:5054|NCBIGENE:5367|NCBIGENE:54205|NCBIGENE:5972|NCBIGENE:623|NCBIGENE:6869|NCBIGENE:7040|NCBIGENE:847
DB05109,670,[H][C@@]12[C@@H]3SC[C@]4(NCCC5=C4C=C(OC)C(O)=C5)C(=O)OC[C@H](N1[C@@H](O)[C@@H]1CC4=CC(C)=C(OC)C(O)=C4[C@H]2N1C)C1=C2OCOC2=C(C)C(OC(C)=O)=C31,,P23219|P08684|P11712|P10635|P05181|P33261,P23219|P08684|P11712|P10635|P05181|P33261,PUBCHEM.COMPOUND:108150,DOID:1967|DOID:2394|DOID:3382|DOID:5264|DOID:5268|DOID:5702,NCBIGENE:1559|NCBIGENE:3725|NCBIGENE:8856|NCBIGENE:901
DB08907,671,[H][C@]1(O[C@H](CO)[C@@H](O)[C@H](O)[C@H]1O)C1=CC=C(C)C(CC2=CC=C(S2)C2=CC=C(F)C=C2)=C1,P31639,O60656|P06133|P08684,O60656|P06133|P08684,PUBCHEM.COMPOUND:24812758,DOID:9351|DOID:9352,NCBIGENE:200010|NCBIGENE:314|NCBIGENE:6523|NCBIGENE:6524|NCBIGENE:6527|NCBIGENE:9407
DB00212,672,CC(C)(C)S(=O)(=O)C[C@@H](CC1=CC=CC=C1)C(=O)N[C@@H](CC1=CN=CN1)C(=O)N[C@@H](CC1CCCCC1)[C@@H](O)[C@@H](O)C1CC1,P00797,,,PUBCHEM.COMPOUND:6324659,,NCBIGENE:5972
DB00555,673,NC1=NC(N)=C(N=N1)C1=C(Cl)C(Cl)=CC=C1,Q15878|P30542|P29274|P35348|P08913|P08588|P14416|P35367|P41145|P02708|P28223|P46098|P42261,P00374,P00374,PUBCHEM.COMPOUND:3878,DOID:0050590|DOID:0060262|DOID:11832|DOID:12139|DOID:1227|DOID:12449|DOID:12450|DOID:12987|DOID:1470|DOID:1588|DOID:1595|DOID:1596|DOID:1826|DOID:2234|DOID:2355|DOID:2361|DOID:2848|DOID:409|DOID:4964,NCBIGENE:11280|NCBIGENE:1565|NCBIGENE:1576|NCBIGENE:1813|NCBIGENE:2353|NCBIGENE:2908|NCBIGENE:2932|NCBIGENE:3339|NCBIGENE:338567|NCBIGENE:54657|NCBIGENE:54659|NCBIGENE:6323|NCBIGENE:6328|NCBIGENE:6329|NCBIGENE:6332|NCBIGENE:6334|NCBIGENE:6335|NCBIGENE:6336|NCBIGENE:9407
DB00230,674,CC(C)C[C@H](CN)CC(O)=O,P54289,,,PUBCHEM.COMPOUND:5486971,DOID:0050820|DOID:1029|DOID:12139|DOID:14320|DOID:1470|DOID:14735|DOID:1558|DOID:1588|DOID:1595|DOID:1596|DOID:2848|DOID:423|DOID:4964|DOID:631|DOID:7327,NCBIGENE:3758|NCBIGENE:6505|NCBIGENE:6863|NCBIGENE:773|NCBIGENE:781|NCBIGENE:8913|NCBIGENE:9254
DB08901,675,CN1CCN(CC2=CC=C(NC(=O)C3=CC(C#CC4=CN=C5C=CC=NN45)=C(C)C=C3)C=C2C(F)(F)F)CC1,P00519|P11274|P10721|P07949|Q02763|P36888|P11362|P21802|P22607|P22455|P06239|P12931|P07948|P35968|P16234,,,PUBCHEM.COMPOUND:24826799,DOID:8552,NCBIGENE:1080|NCBIGENE:1399|NCBIGENE:1436|NCBIGENE:143686|NCBIGENE:1445|NCBIGENE:1956|NCBIGENE:1969|NCBIGENE:2041|NCBIGENE:2042|NCBIGENE:2043|NCBIGENE:2045|NCBIGENE:2046|NCBIGENE:2047|NCBIGENE:2048|NCBIGENE:2049|NCBIGENE:2050|NCBIGENE:2066|NCBIGENE:2260|NCBIGENE:2261|NCBIGENE:2263|NCBIGENE:2264|NCBIGENE:2321|NCBIGENE:2322|NCBIGENE:2324|NCBIGENE:25|NCBIGENE:2534|NCBIGENE:27|NCBIGENE:3716|NCBIGENE:3717|NCBIGENE:3718|NCBIGENE:3757|NCBIGENE:3791|NCBIGENE:3815|NCBIGENE:3932|NCBIGENE:4067|NCBIGENE:4170|NCBIGENE:5156|NCBIGENE:5159|NCBIGENE:5979|NCBIGENE:613|NCBIGENE:640|NCBIGENE:6774|NCBIGENE:6776|NCBIGENE:7010|NCBIGENE:8767|NCBIGENE:89845|NCBIGENE:9429
DB00722,676,NCCCC[C@H](N[C@@H](CCC1=CC=CC=C1)C(O)=O)C(=O)N1CCC[C@H]1C(O)=O,P12821|P00797,,,PUBCHEM.COMPOUND:5362119,DOID:0050590|DOID:0050700|DOID:0060262|DOID:0080001|DOID:10763|DOID:10825|DOID:10952|DOID:11847|DOID:11984|DOID:1222|DOID:1227|DOID:12449|DOID:12550|DOID:12678|DOID:12679|DOID:12932|DOID:12987|DOID:13189|DOID:13413|DOID:13543|DOID:1425|DOID:14735|DOID:1558|DOID:1712|DOID:1837|DOID:1920|DOID:2237|DOID:2383|DOID:2485|DOID:2527|DOID:2913|DOID:2921|DOID:2972|DOID:2983|DOID:3341|DOID:3401|DOID:409|DOID:4500|DOID:4989|DOID:557|DOID:5844|DOID:5854|DOID:65|DOID:854|DOID:9074|DOID:9351|DOID:9408,
DB06695,677,CCCCCCOC(=O)\N=C(\N)C1=CC=C(NCC2=NC3=C(C=CC(=C3)C(=O)N(CCC(=O)OCC)C3=NC=CC=C3)N2C)C=C1,P00734,P23141|O00748|P54855|O60656|P16083|P16662,P23141|O00748|P54855|O60656|P16083|P16662,PUBCHEM.COMPOUND:6445226,DOID:1247|DOID:2355|DOID:2361,NCBIGENE:2147
DB00590,678,COC1=C(OC)C=C2C(N)=NC(=NC2=C1)N1CCN(CC1)C(=O)C1COC2=CC=CC=C2O1,P35348|P25100|P35368,P08684|P33261|P11712|P10635,P08684|P33261|P11712|P10635,PUBCHEM.COMPOUND:3157,DOID:0060262|DOID:10763|DOID:10825|DOID:13206|DOID:2883|DOID:409|DOID:8437|DOID:9286,NCBIGENE:142|NCBIGENE:146|NCBIGENE:147|NCBIGENE:148|NCBIGENE:150|NCBIGENE:1969|NCBIGENE:250|NCBIGENE:251|NCBIGENE:3757|NCBIGENE:3791|NCBIGENE:4023|NCBIGENE:5972|NCBIGENE:7450|NCBIGENE:81033|NCBIGENE:8772|NCBIGENE:90134|NCBIGENE:958
DB01041,679,O=C1N(C2CCC(=O)NC2=O)C(=O)C2=CC=CC=C12,Q96SW2,P04798|P20813|P11712|P08684|P33261|P20815|P23219|P35354,P04798|P20813|P11712|P08684|P33261|P20815|P23219|P35354,PUBCHEM.COMPOUND:5426,DOID:0050590|DOID:1227|DOID:12987|DOID:1389|DOID:1826|DOID:574|DOID:870|DOID:9477|DOID:9538,NCBIGENE:1437|NCBIGENE:1440|NCBIGENE:1557|NCBIGENE:1576|NCBIGENE:1577|NCBIGENE:2247|NCBIGENE:2253|NCBIGENE:2263|NCBIGENE:3082|NCBIGENE:3383|NCBIGENE:354|NCBIGENE:3553|NCBIGENE:3558|NCBIGENE:3576|NCBIGENE:3586|NCBIGENE:3606|NCBIGENE:4088|NCBIGENE:4353|NCBIGENE:4790|NCBIGENE:4843|NCBIGENE:5004|NCBIGENE:5054|NCBIGENE:51185|NCBIGENE:5329|NCBIGENE:5468|NCBIGENE:5743|NCBIGENE:6387|NCBIGENE:6774|NCBIGENE:7124|NCBIGENE:7450|NCBIGENE:836|NCBIGENE:842
DB01181,680,ClCCNP1(=O)OCCCN1CCCl,O75469,,,PUBCHEM.COMPOUND:3690,DOID:0060262|DOID:1062|DOID:10952|DOID:12449|DOID:14219|DOID:1425|DOID:1588|DOID:2355|DOID:2361|DOID:2527|DOID:2739|DOID:2741|DOID:2921|DOID:409|DOID:4500|DOID:557|DOID:615,NCBIGENE:1543|NCBIGENE:1544|NCBIGENE:1549|NCBIGENE:1553|NCBIGENE:1555|NCBIGENE:1557|NCBIGENE:1558|NCBIGENE:1559|NCBIGENE:1562|NCBIGENE:1565|NCBIGENE:1572|NCBIGENE:1573|NCBIGENE:1576|NCBIGENE:1577|NCBIGENE:1580|NCBIGENE:174|NCBIGENE:199974|NCBIGENE:260293|NCBIGENE:2950|NCBIGENE:29785|NCBIGENE:356|NCBIGENE:8856
DB00363,681,CN1CCN(CC1)C1=NC2=CC(Cl)=CC=C2NC2=CC=CC=C12,P21728|P14416|P35462|P21917|P21918|P08908|P28222|P28221|P28566|P28223|P46098|P28335|P50406|P34969|P18825|P35367|Q9H3N8|P35348|P35368|P08913|P18089|P11229|P08172|P20309|P08173|P08912|Q9NYX4|P09211|Q9UBS5|O75899|P14867|P18505|Q8N1C3,P05177|P10635|P11712|P08684|P33261|P11509|P10632|P31513|P22310|P04798,P05177|P10635|P11712|P08684|P33261|P11509|P10632|P31513|P22310|P04798,PUBCHEM.COMPOUND:2818,DOID:0050590|DOID:0060262|DOID:0110423|DOID:0110424|DOID:0110426|DOID:0110427|DOID:0110428|DOID:0110429|DOID:0110430|DOID:0110431|DOID:0110432|DOID:0110433|DOID:0110434|DOID:0110435|DOID:0110436|DOID:0110437|DOID:0110438|DOID:0110439|DOID:0110441|DOID:0110442|DOID:0110443|DOID:0110444|DOID:0110445|DOID:0110446|DOID:0110447|DOID:0110448|DOID:0110449|DOID:0110450|DOID:0110451|DOID:0110452|DOID:0110453|DOID:0110454|DOID:0110455|DOID:0110456|DOID:0110457|DOID:0110458|DOID:0110459|DOID:0110460|DOID:0110461|DOID:1168|DOID:1227|DOID:12449|DOID:12930|DOID:12987|DOID:13206|DOID:13550|DOID:1405|DOID:14221|DOID:14445|DOID:14464|DOID:1826|DOID:1837|DOID:2089|DOID:252|DOID:2883|DOID:3393|DOID:3526|DOID:3878|DOID:409|DOID:4195|DOID:615|DOID:6713|DOID:820|DOID:8442|DOID:9351|DOID:9477|DOID:9854|DOID:9970,NCBIGENE:10278|NCBIGENE:112755|NCBIGENE:1128|NCBIGENE:1131|NCBIGENE:1132|NCBIGENE:1133|NCBIGENE:1183|NCBIGENE:1312|NCBIGENE:146|NCBIGENE:147|NCBIGENE:148|NCBIGENE:150|NCBIGENE:152|NCBIGENE:1544|NCBIGENE:1557|NCBIGENE:1565|NCBIGENE:1576|NCBIGENE:1813|NCBIGENE:1814|NCBIGENE:1815|NCBIGENE:1816|NCBIGENE:1958|NCBIGENE:1960|NCBIGENE:2066|NCBIGENE:2353|NCBIGENE:27185|NCBIGENE:2784|NCBIGENE:2932|NCBIGENE:3169|NCBIGENE:3269|NCBIGENE:3274|NCBIGENE:3350|NCBIGENE:3351|NCBIGENE:3354|NCBIGENE:3355|NCBIGENE:3357|NCBIGENE:3358|NCBIGENE:3359|NCBIGENE:3361|NCBIGENE:3362|NCBIGENE:3363|NCBIGENE:3952|NCBIGENE:408|NCBIGENE:4922|NCBIGENE:50632|NCBIGENE:5142|NCBIGENE:5617|NCBIGENE:59340|NCBIGENE:627|NCBIGENE:6506|NCBIGENE:6804|NCBIGENE:7054|NCBIGENE:801|NCBIGENE:805|NCBIGENE:808|NCBIGENE:84062|NCBIGENE:886|NCBIGENE:887|NCBIGENE:9407|NCBIGENE:9456
DB05265,682,[H][C@@]12CCC3=CC(C(C)C)=C(C=C3[C@@]1(C)CCC[C@@]2(C)C(O)=O)S(O)(=O)=O,P18314|Q8NFA2,,,PUBCHEM.COMPOUND:65781,DOID:750,NCBIGENE:124056
DB09256,683,FC1=CN(C2CCCO2)C(=O)NC1=O,P04818,P05177|P10632|P11509|P05181|P20815,P05177|P10632|P11509|P05181|P20815,PUBCHEM.COMPOUND:5386,DOID:10534|DOID:5517,NCBIGENE:1048|NCBIGENE:1548|NCBIGENE:1549|NCBIGENE:1806|NCBIGENE:7298
DB08912,684,CC(C)(C)C1=NC(=C(S1)C1=NC(N)=NC=C1)C1=C(F)C(NS(=O)(=O)C2=C(F)C=CC=C2F)=CC=C1,P15056|P04049|P57059|Q8NG66|P53667,P08684|P10632|P20813|P11712|P33261|P05177|P22309,P08684|P10632|P20813|P11712|P33261|P05177|P22309,PUBCHEM.COMPOUND:44462760,,NCBIGENE:102724428|NCBIGENE:150094|NCBIGENE:3984|NCBIGENE:5894|NCBIGENE:673|NCBIGENE:79858|NCBIGENE:9451
DB09270,685,COC1=C(OC)C(=O)C(C\C=C(/C)CC\C=C(/C)CC\C=C(/C)CC\C=C(/C)CC\C=C(/C)CC\C=C(/C)CC\C=C(/C)CC\C=C(/C)CC\C=C(/C)CCC=C(C)C)=C(C)C1=O,P56181|P31040,P04035,P04035,PUBCHEM.COMPOUND:5281915,DOID:6000,NCBIGENE:1147|NCBIGENE:2247|NCBIGENE:27235|NCBIGENE:4519|NCBIGENE:57017|NCBIGENE:57107
DB00677,686,CC(C)OP(F)(=O)OC(C)C,P22303|P06276|P02787,P06276,P06276,PUBCHEM.COMPOUND:5936,,NCBIGENE:10908|NCBIGENE:1803|NCBIGENE:2155|NCBIGENE:2159|NCBIGENE:2161|NCBIGENE:221223|NCBIGENE:43|NCBIGENE:5184|NCBIGENE:5444|NCBIGENE:590|NCBIGENE:629|NCBIGENE:7177
DB12598,687,NC(=N)NC1=CC=C(C=C1)C(=O)OC1=CC2=C(C=C1)C=C(C=C2)C(N)=N,P00734|P00742|P00748|P07477|P06870|P05362,,,PUBCHEM.COMPOUND:4413,DOID:1485,NCBIGENE:2118|NCBIGENE:5644|NCBIGENE:7124
DB08875,688,COC1=CC2=C(C=C1OC)C(OC1=CC=C(NC(=O)C3(CC3)C(=O)NC3=CC=C(F)C=C3)C=C1)=CC=N2,P08581|P35968|P07949,P08684|P11712|P10632,P08684|P11712|P10632,PUBCHEM.COMPOUND:25102847,DOID:3973|DOID:4450|DOID:4451|DOID:4464|DOID:4465|DOID:4467|DOID:4471|DOID:4473,NCBIGENE:3791|NCBIGENE:4233|NCBIGENE:5979|NCBIGENE:6657|NCBIGENE:8792
DB00374,689,[H][C@]12C[C@@H](O)[C@H](CC[C@@H](O)CCCCC)[C@@]1([H])CC1=C(C2)C(OCC(O)=O)=CC=C1,P43119|P43116|Q13258|Q03181|Q9H244,P10632|P11712,P10632|P11712,PUBCHEM.COMPOUND:6918140,DOID:0060262|DOID:10952|DOID:1247|DOID:1425|DOID:2527|DOID:2921|DOID:409|DOID:557|DOID:850,NCBIGENE:3586|NCBIGENE:3777|NCBIGENE:5467|NCBIGENE:5739|NCBIGENE:64805
DB11586,690,COC1=CN=C(O[C@@H]2C[C@H](N(C2)C(=O)[C@@H](NC(=O)OC(C)(C)C)C(C)(C)C)C(=O)N[C@@]2(C[C@H]2C=C)C(=O)NS(=O)(=O)C2CC2)C2=C1C=CC(Cl)=C2,P26663,P08684|P20815|P11509|P20813|P11712|P33261|P10635,P08684|P20815|P11509|P20813|P11712|P33261|P10635,PUBCHEM.COMPOUND:16076883,DOID:1883,
DB00790,691,[H][C@]12C[C@H](N(C(=O)[C@H](C)N[C@@H](CCC)C(=O)OCC)[C@@]1([H])CCCC2)C(O)=O,P12821|Q6FHJ7,,,PUBCHEM.COMPOUND:107807,DOID:0050590|DOID:0060262|DOID:0080001|DOID:10763|DOID:10825|DOID:10952|DOID:1222|DOID:1227|DOID:12449|DOID:12987|DOID:1425|DOID:14735|DOID:1558|DOID:2527|DOID:2921|DOID:2972|DOID:409|DOID:557|DOID:65|DOID:854,NCBIGENE:1636|NCBIGENE:183|NCBIGENE:213|NCBIGENE:3827|NCBIGENE:3952|NCBIGENE:5054|NCBIGENE:5972|NCBIGENE:7351|NCBIGENE:9407
DB00881,692,CCOC(=O)[C@H](CCC1=CC=CC=C1)N[C@@H](C)C(=O)N1CC2=CC=CC=C2C[C@H]1C(O)=O,P12821,,,PUBCHEM.COMPOUND:54892,DOID:0050590|DOID:0060262|DOID:0080001|DOID:10763|DOID:10825|DOID:10952|DOID:1222|DOID:1227|DOID:12449|DOID:12550|DOID:12678|DOID:12679|DOID:12987|DOID:13189|DOID:13413|DOID:13543|DOID:1425|DOID:14735|DOID:1558|DOID:1837|DOID:1920|DOID:2383|DOID:2485|DOID:2527|DOID:2913|DOID:2921|DOID:2972|DOID:2983|DOID:3341|DOID:3393|DOID:409|DOID:4500|DOID:4989|DOID:557|DOID:65|DOID:854|DOID:9074|DOID:9351,
DB08882,693,CC#CCN1C(=NC2=C1C(=O)N(CC1=NC3=C(C=CC=C3)C(C)=N1)C(=O)N2C)N1CCC[C@@H](N)C1,P27487,P08684,P08684,PUBCHEM.COMPOUND:10096344,DOID:2913|DOID:4989|DOID:9351|DOID:9352|DOID:9993,NCBIGENE:1803|NCBIGENE:2191|NCBIGENE:2641
DB06262,694,N[C@@H]([C@H](O)C1=CC(O)=C(O)C=C1)C(O)=O,P35348|P35368|P25100|P08913|P18089|P18825|P08588|P07550|P13945|P00439,P20711,P20711,PUBCHEM.COMPOUND:92974,DOID:0060891|DOID:0060895|DOID:0060896|DOID:14330,NCBIGENE:1621|NCBIGENE:5617
DB00421,695,[H][C@@]12CC[C@@]3(CCC(=O)O3)[C@@]1(C)CC[C@@]1([H])[C@@]2([H])[C@@]([H])(CC2=CC(=O)CC[C@]12C)SC(C)=O,P08235|P04150|P10275|P06401|O75469,,,PUBCHEM.COMPOUND:5833,DOID:10763|DOID:10825|DOID:10952|DOID:12028|DOID:12550|DOID:12678|DOID:12679|DOID:13189|DOID:13413|DOID:13543|DOID:1425|DOID:1837|DOID:1920|DOID:2383|DOID:2485|DOID:2527|DOID:2913|DOID:2921|DOID:2983|DOID:3341|DOID:445|DOID:446|DOID:4500|DOID:4989|DOID:557|DOID:6000|DOID:9074|DOID:9351|DOID:9931,NCBIGENE:10631|NCBIGENE:1490|NCBIGENE:1585|NCBIGENE:1636|NCBIGENE:1666|NCBIGENE:1906|NCBIGENE:213|NCBIGENE:2908|NCBIGENE:3383|NCBIGENE:367|NCBIGENE:3845|NCBIGENE:4843|NCBIGENE:4973|NCBIGENE:5054|NCBIGENE:5241|NCBIGENE:5446|NCBIGENE:5972|NCBIGENE:6462|NCBIGENE:6715|NCBIGENE:7412|NCBIGENE:786|NCBIGENE:9365|NCBIGENE:9407|NCBIGENE:9622
DB08957,696,OC(CNCCCCCCNCC(O)C1=CC(O)=C(O)C=C1)C1=CC(O)=C(O)C=C1,,,,PUBCHEM.COMPOUND:3609,,NCBIGENE:154
DB06711,697,C(C1=NCCN1)C1=CC=CC2=CC=CC=C12,P08913|P35348,,,PUBCHEM.COMPOUND:4436,DOID:10763|DOID:10825|DOID:114|DOID:12361|DOID:1287|DOID:13550|DOID:1405|DOID:14445|DOID:1837|DOID:4195|DOID:6195|DOID:7997|DOID:7998|DOID:9351,NCBIGENE:148|NCBIGENE:150|NCBIGENE:152|NCBIGENE:5972
DB01162,698,COC1=C(OC)C=C2C(N)=NC(=NC2=C1)N1CCN(CC1)C(=O)C1CCCO1,P35348|P35368|P25100|P01137|Q12809|Q9H252|Q9NS40,,,PUBCHEM.COMPOUND:5401,DOID:10763|DOID:10825|DOID:13206|DOID:2883|DOID:9286,NCBIGENE:146|NCBIGENE:147|NCBIGENE:148|NCBIGENE:152|NCBIGENE:1909|NCBIGENE:1910|NCBIGENE:3757|NCBIGENE:5230|NCBIGENE:81033|NCBIGENE:847|NCBIGENE:90134
DB00723,699,COC1=CC(C(O)C(C)N)=C(OC)C=C1,P35348|P25100|P35368,,,PUBCHEM.COMPOUND:6082,,
DB01291,700,CC(C)(C)NCC(O)C1=NC(CO)=C(O)C=C1,P07550|P08588,,,PUBCHEM.COMPOUND:4845,DOID:10763|DOID:10825|DOID:12361|DOID:1837|DOID:2841|DOID:3393|DOID:4500|DOID:6132|DOID:7997|DOID:7998|DOID:850|DOID:9351|DOID:9360|DOID:9415|DOID:9563,NCBIGENE:153|NCBIGENE:154|NCBIGENE:155
DB06152,701,CC(CCC1=CC=CC=C1)NC(C)C(O)C1=CC=C(O)C=C1,P48551|Q9P0X4,P21964|P08684,P21964|P08684,PUBCHEM.COMPOUND:4567,DOID:114|DOID:11847|DOID:12361|DOID:1287|DOID:178|DOID:5844|DOID:5854|DOID:7997|DOID:7998|DOID:9408,
DB00484,702,BrC1=C(NC2=NCCN2)C=CC2=NC=CN=C12,P08913|P18089|P18825,Q06278,Q06278,PUBCHEM.COMPOUND:2435,DOID:10300|DOID:1067|DOID:12139|DOID:12361|DOID:12918|DOID:1470|DOID:1595|DOID:1596|DOID:1837|DOID:2848|DOID:437|DOID:4964|DOID:6713|DOID:7997|DOID:7998|DOID:8881|DOID:9282|DOID:9351|DOID:9993,NCBIGENE:150|NCBIGENE:152|NCBIGENE:196743|NCBIGENE:387|NCBIGENE:55811
DB00457,703,COC1=C(OC)C=C2C(N)=NC(=NC2=C1)N1CCN(CC1)C(=O)C1=CC=CO1,P35348|P35368|P25100|Q12809|P08913|P18089,,,PUBCHEM.COMPOUND:4893,DOID:0060215|DOID:10588|DOID:10763|DOID:10825|DOID:331|DOID:784|DOID:8986,NCBIGENE:146|NCBIGENE:147|NCBIGENE:148|NCBIGENE:150|NCBIGENE:152|NCBIGENE:153|NCBIGENE:154|NCBIGENE:3757|NCBIGENE:4023|NCBIGENE:4985|NCBIGENE:4988|NCBIGENE:57413|NCBIGENE:5972|NCBIGENE:6580|NCBIGENE:6581|NCBIGENE:6772|NCBIGENE:7157|NCBIGENE:81033|NCBIGENE:836|NCBIGENE:90134|NCBIGENE:958
DB00449,704,CNCC(O)C1=CC(OC(=O)C(C)(C)C)=C(OC(=O)C(C)(C)C)C=C1,P35348|P08913|P07550|P06276|P22303,,,PUBCHEM.COMPOUND:3105,DOID:1067|DOID:13550|DOID:1405|DOID:14445,NCBIGENE:148|NCBIGENE:150|NCBIGENE:154|NCBIGENE:43|NCBIGENE:590
DB01001,705,CC(C)(C)NCC(O)C1=CC(CO)=C(O)C=C1,P07550|P08588|P13945,P08684,P08684,PUBCHEM.COMPOUND:2083,DOID:10763|DOID:10825|DOID:12361|DOID:13206|DOID:13550|DOID:13948|DOID:1405|DOID:14445|DOID:1826|DOID:1837|DOID:2841|DOID:2883|DOID:3393|DOID:3650|DOID:4500|DOID:7997|DOID:7998|DOID:9282|DOID:9351,NCBIGENE:1080|NCBIGENE:153|NCBIGENE:154|NCBIGENE:155|NCBIGENE:2147|NCBIGENE:3586|NCBIGENE:4318|NCBIGENE:5142|NCBIGENE:55811|NCBIGENE:7124|NCBIGENE:9451
DB00841,706,CC(CCC1=CC=C(O)C=C1)NCCC1=CC(O)=C(O)C=C1,P08588|P07550|P03372,,,PUBCHEM.COMPOUND:36811,DOID:0060224|DOID:0110307|DOID:10763|DOID:10825|DOID:11847|DOID:11984|DOID:1712|DOID:4500|DOID:5844|DOID:5854|DOID:9408,NCBIGENE:146|NCBIGENE:153|NCBIGENE:154|NCBIGENE:55811
DB01365,707,CNC(C)(C)CC1=CC=CC=C1,,,,PUBCHEM.COMPOUND:3677,,NCBIGENE:148|NCBIGENE:153
DB01364,708,CN[C@@H](C)[C@H](O)C1=CC=CC=C1,P35348|P08588|P07550|P23975,P06276|P22303,P06276|P22303,PUBCHEM.COMPOUND:9294,DOID:0050328|DOID:0050589|DOID:0050590|DOID:0050741|DOID:0050848|DOID:0060262|DOID:0060674|DOID:0060675|DOID:0060676|DOID:0060677|DOID:0060678|DOID:0060679|DOID:0060731|DOID:0110892|DOID:10459|DOID:10460|DOID:10493|DOID:1067|DOID:10763|DOID:10808|DOID:10825|DOID:10952|DOID:11204|DOID:11328|DOID:11396|DOID:114|DOID:11459|DOID:11486|DOID:11634|DOID:11847|DOID:11963|DOID:11981|DOID:12139|DOID:12176|DOID:1227|DOID:12361|DOID:1247|DOID:12550|DOID:12642|DOID:1287|DOID:12987|DOID:13186|DOID:1319|DOID:13195|DOID:13206|DOID:13268|DOID:13413|DOID:13550|DOID:13739|DOID:13774|DOID:13948|DOID:13976|DOID:1405|DOID:1425|DOID:14250|DOID:14445|DOID:1459|DOID:1470|DOID:1485|DOID:1574|DOID:1588|DOID:1595|DOID:1596|DOID:1686|DOID:1742|DOID:1826|DOID:1837|DOID:1936|DOID:2089|DOID:2275|DOID:2348|DOID:2349|DOID:2355|DOID:2361|DOID:2457|DOID:2474|DOID:2527|DOID:2722|DOID:2841|DOID:2848|DOID:2883|DOID:2913|DOID:2921|DOID:302|DOID:303|DOID:3083|DOID:3393|DOID:3526|DOID:3650|DOID:3827|DOID:3878|DOID:4029|DOID:409|DOID:437|DOID:4481|DOID:4483|DOID:4730|DOID:4964|DOID:4989|DOID:50|DOID:5162|DOID:5200|DOID:5418|DOID:557|DOID:5844|DOID:5854|DOID:6000|DOID:6132|DOID:6713|DOID:7188|DOID:7327|DOID:750|DOID:7997|DOID:7998|DOID:8442|DOID:8505|DOID:8515|DOID:8534|DOID:8577|DOID:9164|DOID:9267|DOID:9282|DOID:9351|DOID:936|DOID:9408|DOID:9428,NCBIGENE:148|NCBIGENE:154|NCBIGENE:285489|NCBIGENE:43|NCBIGENE:5913|NCBIGENE:6530|NCBIGENE:6571
DB01407,709,CC(C)(C)NCC(O)C1=CC(Cl)=C(N)C(Cl)=C1,P07550|P08588|P13945|P01138|P01375,P04798,P04798,PUBCHEM.COMPOUND:2783,,NCBIGENE:153|NCBIGENE:154|NCBIGENE:155|NCBIGENE:2147|NCBIGENE:3479|NCBIGENE:3553|NCBIGENE:367|NCBIGENE:4654|NCBIGENE:4803|NCBIGENE:60482|NCBIGENE:6720|NCBIGENE:7124
DB01366,710,CC[C@@H](NC(C)C)[C@@H](O)C1=CC=C(O)C2=C1C=CC(=O)N2,P07550,,,PUBCHEM.COMPOUND:688561,,
DB00388,711,CNC[C@H](O)C1=CC(O)=CC=C1,P35348|P35368|P25100,P21397|P27338|P0DMM9|P05177,P21397|P27338|P0DMM9|P05177,PUBCHEM.COMPOUND:6041,DOID:0050328|DOID:0050589|DOID:0050741|DOID:0050848|DOID:0060173|DOID:0060215|DOID:0060262|DOID:0060573|DOID:0060674|DOID:0060675|DOID:0060676|DOID:0060677|DOID:0060678|DOID:0060679|DOID:0060692|DOID:0060731|DOID:0110892|DOID:0111045|DOID:0111052|DOID:0111054|DOID:0111056|DOID:0111057|DOID:1029|DOID:10459|DOID:10460|DOID:10493|DOID:10588|DOID:10652|DOID:10763|DOID:10772|DOID:10808|DOID:10825|DOID:10933|DOID:10952|DOID:11204|DOID:11249|DOID:11328|DOID:11396|DOID:114|DOID:11459|DOID:11634|DOID:11847|DOID:11870|DOID:11963|DOID:11981|DOID:12176|DOID:12361|DOID:12449|DOID:1247|DOID:12531|DOID:12642|DOID:12678|DOID:12679|DOID:1287|DOID:13186|DOID:13189|DOID:1319|DOID:13195|DOID:13206|DOID:13268|DOID:13550|DOID:13739|DOID:13774|DOID:13948|DOID:13976|DOID:1405|DOID:1425|DOID:14250|DOID:14320|DOID:1443|DOID:14445|DOID:14451|DOID:14452|DOID:14464|DOID:14525|DOID:1459|DOID:1574|DOID:1588|DOID:1742|DOID:1826|DOID:1837|DOID:1936|DOID:2030|DOID:2089|DOID:2215|DOID:2216|DOID:2236|DOID:2275|DOID:2348|DOID:2349|DOID:2355|DOID:2361|DOID:2457|DOID:2474|DOID:2485|DOID:2527|DOID:2722|DOID:2739|DOID:2741|DOID:2747|DOID:2749|DOID:2841|DOID:2862|DOID:2883|DOID:2913|DOID:2921|DOID:2983|DOID:302|DOID:303|DOID:3083|DOID:3127|DOID:331|DOID:3393|DOID:3650|DOID:3827|DOID:3878|DOID:4029|DOID:409|DOID:437|DOID:4481|DOID:4483|DOID:4730|DOID:4989|DOID:50|DOID:5162|DOID:5200|DOID:5418|DOID:557|DOID:5844|DOID:5854|DOID:593|DOID:594|DOID:6132|DOID:7188|DOID:7327|DOID:750|DOID:7997|DOID:7998|DOID:8442|DOID:8505|DOID:8515|DOID:8534|DOID:8577|DOID:863|DOID:8677|DOID:8986|DOID:9164|DOID:9266|DOID:9282|DOID:9351|DOID:936|DOID:9408|DOID:9428|DOID:9746|DOID:9870,NCBIGENE:146|NCBIGENE:147|NCBIGENE:148|NCBIGENE:1490|NCBIGENE:153|NCBIGENE:154|NCBIGENE:155|NCBIGENE:183|NCBIGENE:2353|NCBIGENE:2641|NCBIGENE:2697|NCBIGENE:3725|NCBIGENE:4776|NCBIGENE:4846|NCBIGENE:4878|NCBIGENE:5578|NCBIGENE:55811|NCBIGENE:5595|NCBIGENE:5972|NCBIGENE:6513|NCBIGENE:6915|NCBIGENE:859|NCBIGENE:9407
DB00397,712,CC(N)C(O)C1=CC=CC=C1,P21728|P08588|P07550,P21397,P21397,PUBCHEM.COMPOUND:26934,DOID:0050328|DOID:0050589|DOID:0050741|DOID:0060262|DOID:0060573|DOID:0060674|DOID:0060675|DOID:0060676|DOID:0060677|DOID:0060678|DOID:0060679|DOID:0060692|DOID:0110892|DOID:0111045|DOID:0111052|DOID:0111054|DOID:0111056|DOID:0111057|DOID:10459|DOID:10460|DOID:10493|DOID:10652|DOID:10763|DOID:10772|DOID:10808|DOID:10825|DOID:10923|DOID:10933|DOID:10952|DOID:11204|DOID:11249|DOID:11459|DOID:11634|DOID:11847|DOID:11870|DOID:12361|DOID:12531|DOID:13189|DOID:1319|DOID:13206|DOID:13550|DOID:13774|DOID:13948|DOID:1405|DOID:1425|DOID:1443|DOID:14445|DOID:14525|DOID:1459|DOID:1574|DOID:1588|DOID:1742|DOID:1826|DOID:1936|DOID:2089|DOID:2215|DOID:2216|DOID:2236|DOID:2275|DOID:2348|DOID:2349|DOID:2351|DOID:2352|DOID:2355|DOID:2361|DOID:2457|DOID:2474|DOID:2527|DOID:2883|DOID:2913|DOID:2921|DOID:2977|DOID:302|DOID:303|DOID:3083|DOID:3393|DOID:3650|DOID:409|DOID:4481|DOID:4483|DOID:4730|DOID:4989|DOID:5162|DOID:557|DOID:5844|DOID:5854|DOID:593|DOID:594|DOID:750|DOID:7997|DOID:7998|DOID:8515|DOID:8577|DOID:8677|DOID:893|DOID:9282|DOID:9408|DOID:9428,NCBIGENE:148|NCBIGENE:150|NCBIGENE:153|NCBIGENE:154|NCBIGENE:4282
DB00211,713,COC1=CC(C(O)CNC(=O)CN)=C(OC)C=C1,P35348|P35368|P25100,P10635,P10635,PUBCHEM.COMPOUND:4195,DOID:0050771|DOID:10021|DOID:10154|DOID:117|DOID:12361|DOID:3953|DOID:7997|DOID:7998,NCBIGENE:146|NCBIGENE:147|NCBIGENE:148|NCBIGENE:1565
DB00668,714,CNC[C@H](O)C1=CC(O)=C(O)C=C1,P35348|P35368|P08588|P07550|P08913|P18089|P25100|P01375,,,PUBCHEM.COMPOUND:5816,DOID:0050820|DOID:0060224|DOID:0060262|DOID:0110423|DOID:0110424|DOID:0110426|DOID:0110427|DOID:0110428|DOID:0110429|DOID:0110430|DOID:0110431|DOID:0110432|DOID:0110433|DOID:0110434|DOID:0110435|DOID:0110436|DOID:0110437|DOID:0110438|DOID:0110439|DOID:0110441|DOID:0110442|DOID:0110443|DOID:0110444|DOID:0110445|DOID:0110446|DOID:0110447|DOID:0110448|DOID:0110449|DOID:0110450|DOID:0110451|DOID:0110452|DOID:0110453|DOID:0110454|DOID:0110455|DOID:0110456|DOID:0110457|DOID:0110458|DOID:0110459|DOID:0110460|DOID:0110461|DOID:1067|DOID:10763|DOID:10825|DOID:10952|DOID:114|DOID:11847|DOID:12361|DOID:12720|DOID:1287|DOID:12930|DOID:13087|DOID:13097|DOID:13206|DOID:13548|DOID:13550|DOID:1405|DOID:1406|DOID:1407|DOID:1425|DOID:14445|DOID:1826|DOID:1837|DOID:2527|DOID:2841|DOID:2883|DOID:2921|DOID:3393|DOID:3669|DOID:384|DOID:409|DOID:437|DOID:4500|DOID:4677|DOID:5327|DOID:557|DOID:5844|DOID:5854|DOID:6132|DOID:7997|DOID:7998|DOID:9351|DOID:9368|DOID:9408|DOID:9563,
DB00968,715,C[C@](N)(CC1=CC=C(O)C(O)=C1)C(O)=O,P20711|P08913,P21964|P20711|P09172|P11086,P21964|P20711|P09172|P11086,PUBCHEM.COMPOUND:38853,DOID:0050771|DOID:0060262|DOID:10021|DOID:10154|DOID:10763|DOID:10825|DOID:10952|DOID:1098|DOID:117|DOID:12139|DOID:12550|DOID:12678|DOID:12679|DOID:13189|DOID:13268|DOID:13413|DOID:13543|DOID:13548|DOID:1425|DOID:1470|DOID:1595|DOID:1596|DOID:1837|DOID:1920|DOID:2355|DOID:2361|DOID:2383|DOID:2485|DOID:2527|DOID:2848|DOID:2913|DOID:2921|DOID:2983|DOID:3341|DOID:3953|DOID:409|DOID:4500|DOID:4964|DOID:4989|DOID:5082|DOID:557|DOID:6000|DOID:718|DOID:9074|DOID:9351,
DB00871,716,CC(C)(C)NCC(O)C1=CC(O)=CC(O)=C1,P07550|P13945|P08588,P06276,P06276,PUBCHEM.COMPOUND:5403,DOID:10138|DOID:10140|DOID:10763|DOID:10825|DOID:11396|DOID:12361|DOID:1826|DOID:1837|DOID:2841|DOID:3393|DOID:4195|DOID:4500|DOID:6132|DOID:7997|DOID:7998|DOID:9351|DOID:9360|DOID:9415,NCBIGENE:1392|NCBIGENE:153|NCBIGENE:154|NCBIGENE:155|NCBIGENE:358|NCBIGENE:55811|NCBIGENE:590
DB00964,717,NC1=CC(Cl)=C(NC2=NCCN2)C(Cl)=C1,P35348|P08913|P18089,,,PUBCHEM.COMPOUND:2216,DOID:0050590|DOID:1067|DOID:10763|DOID:10772|DOID:10825|DOID:1168|DOID:1227|DOID:1240|DOID:1247|DOID:12987|DOID:1339|DOID:1342|DOID:13580|DOID:13724|DOID:1588,NCBIGENE:148|NCBIGENE:150|NCBIGENE:152
DB00852,718,CN[C@@H](C)[C@@H](O)C1=CC=CC=C1,P23975|Q01959|P35348|P08913|P31645|P07550|P08588|O95644|P01375|P19838|P60568,P21397,P21397,PUBCHEM.COMPOUND:7028,DOID:0050328|DOID:0050589|DOID:0050741|DOID:0060262|DOID:0060674|DOID:0060675|DOID:0060676|DOID:0060677|DOID:0060678|DOID:0060679|DOID:0110892|DOID:10459|DOID:10460|DOID:10493|DOID:10763|DOID:10808|DOID:10825|DOID:10952|DOID:11204|DOID:11396|DOID:114|DOID:11459|DOID:11486|DOID:11634|DOID:11847|DOID:11963|DOID:11981|DOID:12361|DOID:1247|DOID:12642|DOID:1287|DOID:13186|DOID:1319|DOID:13206|DOID:13550|DOID:13739|DOID:13774|DOID:13948|DOID:13976|DOID:1405|DOID:1425|DOID:14250|DOID:14445|DOID:1459|DOID:1485|DOID:1574|DOID:1686|DOID:1742|DOID:1826|DOID:1837|DOID:1936|DOID:2089|DOID:2275|DOID:2348|DOID:2349|DOID:2355|DOID:2361|DOID:2457|DOID:2474|DOID:2527|DOID:2841|DOID:2883|DOID:2913|DOID:2921|DOID:302|DOID:303|DOID:3083|DOID:3393|DOID:3526|DOID:3650|DOID:3827|DOID:3878|DOID:409|DOID:437|DOID:4481|DOID:4483|DOID:4730|DOID:4989|DOID:5162|DOID:5200|DOID:557|DOID:5844|DOID:5854|DOID:6000|DOID:6713|DOID:7327|DOID:750|DOID:7997|DOID:7998|DOID:8442|DOID:8515|DOID:8534|DOID:8577|DOID:9164|DOID:9282|DOID:9351|DOID:936|DOID:9408|DOID:9428,NCBIGENE:148|NCBIGENE:150|NCBIGENE:153|NCBIGENE:154|NCBIGENE:2353|NCBIGENE:3558|NCBIGENE:466|NCBIGENE:6530|NCBIGENE:6531|NCBIGENE:6532|NCBIGENE:7124
DB00598,719,CC(CCC1=CC=CC=C1)NCC(O)C1=CC(C(N)=O)=C(O)C=C1,P08588|P07550,,,PUBCHEM.COMPOUND:3869,DOID:0060262|DOID:10763|DOID:10825|DOID:10952|DOID:12139|DOID:12550|DOID:12678|DOID:12679|DOID:13189|DOID:13413|DOID:13543|DOID:1425|DOID:1470|DOID:1595|DOID:1596|DOID:1837|DOID:1920|DOID:2383|DOID:2485|DOID:2527|DOID:2848|DOID:2913|DOID:2921|DOID:2983|DOID:3341|DOID:409|DOID:4500|DOID:4964|DOID:4989|DOID:557|DOID:9074|DOID:9351,NCBIGENE:146|NCBIGENE:147|NCBIGENE:148|NCBIGENE:150|NCBIGENE:152|NCBIGENE:153|NCBIGENE:154|NCBIGENE:155|NCBIGENE:5617|NCBIGENE:58189|NCBIGENE:5972
DB00935,720,CC1=CC(=C(O)C(C)=C1CC1=NCCN1)C(C)(C)C,P35348|P08913|P18089|P18825|P35368|P25100|P08908|P28222|P28221|P08909,O60656|P33261,O60656|P33261,PUBCHEM.COMPOUND:4636,DOID:10459|DOID:10763|DOID:10825|DOID:114|DOID:12361|DOID:1287|DOID:13206|DOID:13550|DOID:1405|DOID:1432|DOID:14445|DOID:1837|DOID:1936|DOID:2275|DOID:2348|DOID:2349|DOID:2883|DOID:3393|DOID:5162|DOID:6195|DOID:7997|DOID:7998|DOID:9351,NCBIGENE:11188|NCBIGENE:146|NCBIGENE:147|NCBIGENE:148|NCBIGENE:150|NCBIGENE:152|NCBIGENE:3350|NCBIGENE:3351|NCBIGENE:3354|NCBIGENE:3357|NCBIGENE:3358|NCBIGENE:5741
DB00368,721,NC[C@H](O)C1=CC(O)=C(O)C=C1,P35348|P35368|P25100|P08913|P18089|P18825|P08588|P07550|P13945|P00439|Q05940|P54219,,,PUBCHEM.COMPOUND:439260,DOID:10763|DOID:10825|DOID:2841|DOID:6132|DOID:9360|DOID:9415|DOID:9563,NCBIGENE:100463486|NCBIGENE:100996758|NCBIGENE:102724428|NCBIGENE:10316|NCBIGENE:104909134|NCBIGENE:105379861|NCBIGENE:10563|NCBIGENE:10636|NCBIGENE:10672|NCBIGENE:107|NCBIGENE:108|NCBIGENE:10803|NCBIGENE:10815|NCBIGENE:10850|NCBIGENE:10874|NCBIGENE:10886|NCBIGENE:10887|NCBIGENE:109|NCBIGENE:111|NCBIGENE:112|NCBIGENE:11251|NCBIGENE:11255|NCBIGENE:1128|NCBIGENE:113091|NCBIGENE:1131|NCBIGENE:1132|NCBIGENE:1133|NCBIGENE:114|NCBIGENE:115|NCBIGENE:115557|NCBIGENE:122042|NCBIGENE:1230|NCBIGENE:1232|NCBIGENE:1233|NCBIGENE:1234|NCBIGENE:1236|NCBIGENE:1237|NCBIGENE:1269|NCBIGENE:128674|NCBIGENE:129521|NCBIGENE:1312|NCBIGENE:134864|NCBIGENE:136|NCBIGENE:1385|NCBIGENE:1392|NCBIGENE:1394|NCBIGENE:1395|NCBIGENE:146|NCBIGENE:147|NCBIGENE:148|NCBIGENE:15|NCBIGENE:150|NCBIGENE:150094|NCBIGENE:152|NCBIGENE:153|NCBIGENE:154|NCBIGENE:155|NCBIGENE:156|NCBIGENE:1621|NCBIGENE:165140|NCBIGENE:1813|NCBIGENE:1814|NCBIGENE:1815|NCBIGENE:1816|NCBIGENE:183|NCBIGENE:186|NCBIGENE:1901|NCBIGENE:1906|NCBIGENE:1907|NCBIGENE:1908|NCBIGENE:1909|NCBIGENE:1910|NCBIGENE:196883|NCBIGENE:2149|NCBIGENE:2150|NCBIGENE:2151|NCBIGENE:220074|NCBIGENE:222545|NCBIGENE:22999|NCBIGENE:23236|NCBIGENE:23365|NCBIGENE:2353|NCBIGENE:2359|NCBIGENE:23620|NCBIGENE:2492|NCBIGENE:2520|NCBIGENE:256933|NCBIGENE:257313|NCBIGENE:2587|NCBIGENE:259285|NCBIGENE:259286|NCBIGENE:259287|NCBIGENE:259289|NCBIGENE:259290|NCBIGENE:259292|NCBIGENE:259293|NCBIGENE:259294|NCBIGENE:259295|NCBIGENE:259296|NCBIGENE:2641|NCBIGENE:2642|NCBIGENE:2692|NCBIGENE:2693|NCBIGENE:2695|NCBIGENE:2696|NCBIGENE:27199|NCBIGENE:27334|NCBIGENE:2740|NCBIGENE:2767|NCBIGENE:2769|NCBIGENE:2770|NCBIGENE:2771|NCBIGENE:2773|NCBIGENE:2776|NCBIGENE:2778|NCBIGENE:2796|NCBIGENE:2797|NCBIGENE:2798|NCBIGENE:2826|NCBIGENE:2828|NCBIGENE:2829|NCBIGENE:2831|NCBIGENE:2832|NCBIGENE:2833|NCBIGENE:2837|NCBIGENE:283869|NCBIGENE:2841|NCBIGENE:2847|NCBIGENE:2862|NCBIGENE:2864|NCBIGENE:2865|NCBIGENE:2869|NCBIGENE:2908|NCBIGENE:2912|NCBIGENE:2913|NCBIGENE:2915|NCBIGENE:2916|NCBIGENE:2917|NCBIGENE:2918|NCBIGENE:2919|NCBIGENE:2920|NCBIGENE:2921|NCBIGENE:2922|NCBIGENE:2925|NCBIGENE:29933|NCBIGENE:3060|NCBIGENE:3269|NCBIGENE:3274|NCBIGENE:3350|NCBIGENE:3351|NCBIGENE:3354|NCBIGENE:3355|NCBIGENE:3357|NCBIGENE:3358|NCBIGENE:3360|NCBIGENE:3361|NCBIGENE:3362|NCBIGENE:3363|NCBIGENE:3375|NCBIGENE:338398|NCBIGENE:338442|NCBIGENE:339403|NCBIGENE:346562|NCBIGENE:351|NCBIGENE:3553|NCBIGENE:3576|NCBIGENE:3577|NCBIGENE:3579|NCBIGENE:3612|NCBIGENE:3627|NCBIGENE:3814|NCBIGENE:3827|NCBIGENE:3973|NCBIGENE:4092|NCBIGENE:4128|NCBIGENE:4129|NCBIGENE:4157|NCBIGENE:4158|NCBIGENE:4159|NCBIGENE:4160|NCBIGENE:4161|NCBIGENE:4283|NCBIGENE:4295|NCBIGENE:4312|NCBIGENE:4543|NCBIGENE:4544|NCBIGENE:4828|NCBIGENE:4829|NCBIGENE:4843|NCBIGENE:4846|NCBIGENE:4879|NCBIGENE:4886|NCBIGENE:4887|NCBIGENE:4908|NCBIGENE:4922|NCBIGENE:4923|NCBIGENE:4985|NCBIGENE:4986|NCBIGENE:4987|NCBIGENE:4988|NCBIGENE:5020|NCBIGENE:5021|NCBIGENE:5028|NCBIGENE:5029|NCBIGENE:5030|NCBIGENE:5053|NCBIGENE:5054|NCBIGENE:50831|NCBIGENE:50832|NCBIGENE:50833|NCBIGENE:50834|NCBIGENE:50835|NCBIGENE:50836|NCBIGENE:50837|NCBIGENE:50838|NCBIGENE:50839|NCBIGENE:50840|NCBIGENE:50865|NCBIGENE:51083|NCBIGENE:51289|NCBIGENE:5179|NCBIGENE:5187|NCBIGENE:5290|NCBIGENE:5330|NCBIGENE:53637|NCBIGENE:5367|NCBIGENE:5368|NCBIGENE:53829|NCBIGENE:5409|NCBIGENE:54331|NCBIGENE:54429|NCBIGENE:54541|NCBIGENE:5468|NCBIGENE:5473|NCBIGENE:551|NCBIGENE:552|NCBIGENE:5540|NCBIGENE:5617|NCBIGENE:56477|NCBIGENE:56670|NCBIGENE:56923|NCBIGENE:5697|NCBIGENE:57007|NCBIGENE:57105|NCBIGENE:57121|NCBIGENE:5726|NCBIGENE:5729|NCBIGENE:5731|NCBIGENE:5732|NCBIGENE:5733|NCBIGENE:5734|NCBIGENE:5737|NCBIGENE:5739|NCBIGENE:5741|NCBIGENE:57413|NCBIGENE:5745|NCBIGENE:5746|NCBIGENE:58191|NCBIGENE:5864|NCBIGENE:59340|NCBIGENE:594857|NCBIGENE:5972|NCBIGENE:5996|NCBIGENE:5997|NCBIGENE:5999|NCBIGENE:6000|NCBIGENE:6001|NCBIGENE:60675|NCBIGENE:623|NCBIGENE:627|NCBIGENE:6343|NCBIGENE:6344|NCBIGENE:6363|NCBIGENE:6364|NCBIGENE:6366|NCBIGENE:6370|NCBIGENE:6372|NCBIGENE:6373|NCBIGENE:6374|NCBIGENE:6375|NCBIGENE:6387|NCBIGENE:64106|NCBIGENE:643|NCBIGENE:64407|NCBIGENE:64805|NCBIGENE:6513|NCBIGENE:6530|NCBIGENE:6531|NCBIGENE:6550|NCBIGENE:6571|NCBIGENE:6580|NCBIGENE:6582|NCBIGENE:6616|NCBIGENE:6622|NCBIGENE:6750|NCBIGENE:6751|NCBIGENE:6752|NCBIGENE:6754|NCBIGENE:6755|NCBIGENE:6844|NCBIGENE:6846|NCBIGENE:6857|NCBIGENE:6863|NCBIGENE:6865|NCBIGENE:6869|NCBIGENE:6870|NCBIGENE:6915|NCBIGENE:7054|NCBIGENE:7124|NCBIGENE:718|NCBIGENE:719|NCBIGENE:7200|NCBIGENE:7204|NCBIGENE:727|NCBIGENE:728|NCBIGENE:729230|NCBIGENE:7432|NCBIGENE:7433|NCBIGENE:7434|NCBIGENE:7852|NCBIGENE:796|NCBIGENE:799|NCBIGENE:8111|NCBIGENE:836|NCBIGENE:84109|NCBIGENE:84432|NCBIGENE:84539|NCBIGENE:846|NCBIGENE:84634|NCBIGENE:8477|NCBIGENE:8484|NCBIGENE:8601|NCBIGENE:8620|NCBIGENE:8698|NCBIGENE:8811|NCBIGENE:8843|NCBIGENE:886|NCBIGENE:887|NCBIGENE:8997|NCBIGENE:9002|NCBIGENE:9138|NCBIGENE:9194|NCBIGENE:9294|NCBIGENE:9340|NCBIGENE:94233|NCBIGENE:9622|NCBIGENE:9628|NCBIGENE:9630|NCBIGENE:9934
DB01288,722,CC(CC1=CC=C(O)C=C1)NCC(O)C1=CC(O)=CC(O)=C1,P07550|P08588|P13945,,,PUBCHEM.COMPOUND:3343,,NCBIGENE:153|NCBIGENE:154|NCBIGENE:155|NCBIGENE:2056|NCBIGENE:597|NCBIGENE:60482
DB00867,723,C[C@@H](NCCC1=CC=C(O)C=C1)[C@@H](O)C1=CC=C(O)C=C1,P07550|Q15746|O75897,P52209|P50225|P0DMM9|O75897,P52209|P50225|P0DMM9|O75897,PUBCHEM.COMPOUND:33572,DOID:10763|DOID:10825|DOID:11714|DOID:12361|DOID:14557|DOID:6364|DOID:6432|DOID:7997|DOID:7998,
DB00633,724,C[C@H](C1=CNC=N1)C1=C(C)C(C)=CC=C1,P08913,P05181|P05177|P04798|P10635,P05181|P05177|P04798|P10635,PUBCHEM.COMPOUND:5311068,DOID:0060262|DOID:10763|DOID:10825|DOID:10952|DOID:1425|DOID:1837|DOID:2527|DOID:2921|DOID:409|DOID:557|DOID:9351,NCBIGENE:146|NCBIGENE:150|NCBIGENE:152|NCBIGENE:1548|NCBIGENE:3600|NCBIGENE:3627|NCBIGENE:4057|NCBIGENE:627|NCBIGENE:6347|NCBIGENE:836|NCBIGENE:840
DB00816,725,CC(C)NCC(O)C1=CC(O)=CC(O)=C1,P07550,,,PUBCHEM.COMPOUND:4086,DOID:10763|DOID:10825|DOID:12361|DOID:1826|DOID:1837|DOID:2841|DOID:3393|DOID:6132|DOID:7997|DOID:7998|DOID:9351|DOID:9360|DOID:9415,NCBIGENE:154
DB01064,726,CC(C)NCC(O)C1=CC(O)=C(O)C=C1,P08588|P07550|P13945|P00441,,,PUBCHEM.COMPOUND:3779,DOID:0050820|DOID:0060319|DOID:10459|DOID:10460|DOID:10763|DOID:10825|DOID:11847|DOID:12361|DOID:1837|DOID:3393|DOID:5844|DOID:5854|DOID:7997|DOID:7998|DOID:9351|DOID:9408,NCBIGENE:10|NCBIGENE:10135|NCBIGENE:102724428|NCBIGENE:1080|NCBIGENE:1277|NCBIGENE:1312|NCBIGENE:1385|NCBIGENE:1448|NCBIGENE:150094|NCBIGENE:153|NCBIGENE:154|NCBIGENE:155|NCBIGENE:183|NCBIGENE:196527|NCBIGENE:2167|NCBIGENE:2247|NCBIGENE:2353|NCBIGENE:2520|NCBIGENE:259|NCBIGENE:2641|NCBIGENE:3479|NCBIGENE:3586|NCBIGENE:3606|NCBIGENE:3760|NCBIGENE:3952|NCBIGENE:4316|NCBIGENE:4843|NCBIGENE:4846|NCBIGENE:4953|NCBIGENE:5172|NCBIGENE:5179|NCBIGENE:5296|NCBIGENE:5350|NCBIGENE:55811|NCBIGENE:5594|NCBIGENE:5595|NCBIGENE:5598|NCBIGENE:57104|NCBIGENE:5741|NCBIGENE:5894|NCBIGENE:5972|NCBIGENE:623|NCBIGENE:6262|NCBIGENE:6347|NCBIGENE:6517|NCBIGENE:6750|NCBIGENE:7018|NCBIGENE:7037|NCBIGENE:7076|NCBIGENE:7124|NCBIGENE:7157|NCBIGENE:722|NCBIGENE:7351|NCBIGENE:7352|NCBIGENE:8227|NCBIGENE:836|NCBIGENE:8503|NCBIGENE:9021|NCBIGENE:9407|NCBIGENE:949|NCBIGENE:950
DB00221,727,CCC(NC(C)C)C(O)C1=CC(O)=C(O)C=C1,P08588|P07550,,,PUBCHEM.COMPOUND:3762,,NCBIGENE:153|NCBIGENE:154
DB00610,728,C[C@H](N)[C@H](O)C1=CC(O)=CC=C1,P35348,,,PUBCHEM.COMPOUND:5906,,NCBIGENE:148
DB01102,729,O[C@@H](CNCCCCC1=CC=C(O)C=C1)C1=CC(O)=C(O)C=C1,P08588|P07550|P13945,,,PUBCHEM.COMPOUND:60789,DOID:0110307|DOID:11984|DOID:12361|DOID:13550|DOID:1405|DOID:14445|DOID:326|DOID:7997|DOID:7998,NCBIGENE:153|NCBIGENE:154|NCBIGENE:155
DB00697,730,ClC1=C(NC2=NCCN2)C2=NSN=C2C=C1,Q9Y2I1,P05177,P05177,PUBCHEM.COMPOUND:5487,DOID:10952|DOID:11328|DOID:1425|DOID:2527|DOID:2921|DOID:5418|DOID:557,NCBIGENE:11188|NCBIGENE:150|NCBIGENE:152|NCBIGENE:1544|NCBIGENE:171392
DB04861,731,OC(CNCC(O)C1CCC2=C(O1)C=CC(F)=C2)C1CCC2=C(O1)C=CC(F)=C2,P08588|P07550|P13945,,,PUBCHEM.COMPOUND:71301,DOID:0060262|DOID:10763|DOID:10825|DOID:13884|DOID:1837|DOID:3669|DOID:409|DOID:9351|DOID:9993,NCBIGENE:153|NCBIGENE:154|NCBIGENE:155|NCBIGENE:1565|NCBIGENE:1906|NCBIGENE:3350|NCBIGENE:3383|NCBIGENE:4846|NCBIGENE:53905|NCBIGENE:7350
DB00629,732,NC(N)=NN=CC1=C(Cl)C=CC=C1Cl,P08913|P18089,P05177,P05177,PUBCHEM.COMPOUND:3517,,NCBIGENE:150
DB08941,733,C[C@H](COC1=CC=CC=C1)N[C@H](C)[C@@H](O)C1=CC=C(O)C=C1,,,,PUBCHEM.COMPOUND:11779629,,
DB04948,734,CC(OC1=C(Cl)C=CC=C1Cl)C1=NCCN1,P08913|P35348|P08908|P34969|P28335|P28221,P10635|P05177|P33261,P10635|P05177|P33261,PUBCHEM.COMPOUND:30668,,
DB00686,735,O[C@@H]1CO[C@@H](O[C@@H]2CO[C@@H](O)[C@H](OS(O)(=O)=O)[C@H]2OS(O)(=O)=O)[C@H](OS(O)(=O)=O)[C@H]1OS(O)(=O)=O,P09038|P05230|P08620,,,PUBCHEM.COMPOUND:37720,DOID:0060262|DOID:1247|DOID:13949|DOID:1588|DOID:1678|DOID:409,NCBIGENE:2247|NCBIGENE:2249|NCBIGENE:2263|NCBIGENE:7078
DB00975,736,OCCN(CCO)C1=NC2=C(N=C(N=C2N2CCCCC2)N(CCO)CCO)C(=N1)N1CCCCC1,Q9Y233|O76074|P27815|P00813|P53805|P02763,,,PUBCHEM.COMPOUND:3108,DOID:0050328|DOID:0050741|DOID:0050820|DOID:0060224|DOID:0060262|DOID:0060573|DOID:0060692|DOID:0110307|DOID:0111045|DOID:0111052|DOID:0111054|DOID:0111056|DOID:0111057|DOID:10652|DOID:10772|DOID:10808|DOID:10952|DOID:11249|DOID:11481|DOID:11634|DOID:11847|DOID:11870|DOID:11984|DOID:12531|DOID:12678|DOID:12679|DOID:13087|DOID:13189|DOID:13884|DOID:1425|DOID:1443|DOID:14525|DOID:1459|DOID:1574|DOID:1588|DOID:2215|DOID:2216|DOID:2236|DOID:2355|DOID:2361|DOID:2485|DOID:2527|DOID:2921|DOID:326|DOID:384|DOID:397|DOID:409|DOID:4500|DOID:557|DOID:5844|DOID:5854|DOID:750|DOID:820|DOID:8515|DOID:9408,NCBIGENE:100|NCBIGENE:10257|NCBIGENE:10846|NCBIGENE:132|NCBIGENE:2056|NCBIGENE:2152|NCBIGENE:3177|NCBIGENE:4318|NCBIGENE:501|NCBIGENE:5327|NCBIGENE:7124|NCBIGENE:8654|NCBIGENE:959
DB09283,737,CCN(CC)C1=CC(C)=NC2=NC=NN12,P09619,,,PUBCHEM.COMPOUND:5531,,NCBIGENE:2261|NCBIGENE:4313
DB00244,738,NC1=CC(C(O)=O)=C(O)C=C1,P35354|P23219|P09917|P37231|O15111|O14920|P35228,P18440,P18440,PUBCHEM.COMPOUND:4075,DOID:0050590|DOID:0060262|DOID:0110892|DOID:1063|DOID:10952|DOID:10966|DOID:11400|DOID:1227|DOID:12987|DOID:1425|DOID:2355|DOID:2361|DOID:2527|DOID:2744|DOID:2921|DOID:409|DOID:557|DOID:8577,NCBIGENE:10|NCBIGENE:1147|NCBIGENE:1956|NCBIGENE:240|NCBIGENE:29126|NCBIGENE:3551|NCBIGENE:4353|NCBIGENE:4938|NCBIGENE:4939|NCBIGENE:4940|NCBIGENE:5058|NCBIGENE:5468|NCBIGENE:5742|NCBIGENE:5743|NCBIGENE:6041|NCBIGENE:64093|NCBIGENE:7124|NCBIGENE:7172|NCBIGENE:8638|NCBIGENE:8795|NCBIGENE:993
DB00233,739,NC1=CC(O)=C(C=C1)C(O)=O,P35354|O15111|P09917|Q9NZK7,P05164,P05164,PUBCHEM.COMPOUND:4649,DOID:0060262|DOID:10808|DOID:10952|DOID:12176|DOID:13195|DOID:1425|DOID:1724|DOID:2527|DOID:2747|DOID:2749|DOID:2862|DOID:2921|DOID:2957|DOID:3650|DOID:409|DOID:4500|DOID:50|DOID:557|DOID:750|DOID:9266|DOID:9534|DOID:9870,NCBIGENE:1147|NCBIGENE:240|NCBIGENE:30814|NCBIGENE:5743
DB01024,740,COC1=C(C\C=C(/C)CCC(O)=O)C(O)=C2C(=O)OCC2=C1C,P12268|P20839,,,PUBCHEM.COMPOUND:446541,DOID:0050590|DOID:0060058|DOID:0060262|DOID:0060479|DOID:0090118|DOID:1227|DOID:12449|DOID:12987|DOID:1339|DOID:1342|DOID:162|DOID:1919|DOID:3165|DOID:3234|DOID:409|DOID:4159|DOID:4766|DOID:643|DOID:653|DOID:8536|DOID:8566|DOID:8675,NCBIGENE:10720|NCBIGENE:1576|NCBIGENE:1577|NCBIGENE:19|NCBIGENE:3614|NCBIGENE:3615|NCBIGENE:54600|NCBIGENE:55347|NCBIGENE:7365
DB00671,741,[H][C@]12SCC(C=C)=C(N1C(=O)[C@H]2NC(=O)C(=N/OCC(O)=O)\C1=CSC(N)=N1)C(O)=O,P44469,,,PUBCHEM.COMPOUND:5362065,DOID:10456|DOID:10459|DOID:10754|DOID:2275|DOID:6132|DOID:7551,
DB09218,742,CC1=C(NC2=C(C=CC=N2)C(O)=O)C=CC=C1Cl,,,,PUBCHEM.COMPOUND:28718,,
DB05676,743,CCOC1=CC(=CC=C1OC)[C@@H](CS(C)(=O)=O)N1C(=O)C2=CC=CC(NC(C)=O)=C2C1=O,Q86V67,P08684|P11509|P05177,P08684|P11509|P05177,PUBCHEM.COMPOUND:11561674,DOID:9008,
DB09075,744,CN(C)C(=O)[C@H]1CC[C@H](NC(=O)C(=O)NC2=NC=C(Cl)C=C2)[C@@H](C1)NC(=O)C1=NC2=C(CN(C)CC2)S1,P00742,,,PUBCHEM.COMPOUND:10280735,DOID:9477,NCBIGENE:2159
DB00573,745,CC(C(O)=O)C1=CC(OC2=CC=CC=C2)=CC=C1,P35354|Q07869|P37231|P23219,,,PUBCHEM.COMPOUND:3342,DOID:0050741|DOID:10763|DOID:10825|DOID:10952|DOID:114|DOID:11847|DOID:1247|DOID:1287|DOID:1425|DOID:1432|DOID:1574|DOID:2355|DOID:2361|DOID:2527|DOID:2921|DOID:3526|DOID:381|DOID:557|DOID:5844|DOID:5854|DOID:6000|DOID:6713|DOID:7148|DOID:848|DOID:9408,NCBIGENE:5742|NCBIGENE:5743|NCBIGENE:7364
DB04951,746,CC1=CN(C(=O)C=C1)C1=CC=CC=C1,,P05177|P11712|P33261|P10635|P05181|P08684,P05177|P11712|P33261|P10635|P05181|P08684,PUBCHEM.COMPOUND:40632,DOID:0050156|DOID:2797|DOID:2800|DOID:3770,NCBIGENE:213|NCBIGENE:2625|NCBIGENE:3586|NCBIGENE:4318|NCBIGENE:7040|NCBIGENE:7076|NCBIGENE:7124
DB00948,747,[H][C@]12SC(C)(C)[C@@H](N1C(=O)[C@H]2NC(=O)[C@H](NC(=O)N1CCN(C1=O)S(C)(=O)=O)C1=CC=CC=C1)C(O)=O,Q8XJ01|Q75Y35|P0AD65,,,PUBCHEM.COMPOUND:656511,DOID:0050152|DOID:10952|DOID:1425|DOID:2527|DOID:2921|DOID:3240|DOID:557|DOID:7551|DOID:8568,
DB01112,748,[H][C@]12SCC(COC(N)=O)=C(N1C(=O)[C@H]2NC(=O)C(=N/OC)\C1=CC=CO1)C(O)=O,Q8XJ01,,,PUBCHEM.COMPOUND:5479529,DOID:0060262|DOID:10310|DOID:10754|DOID:10952|DOID:11574|DOID:11729|DOID:1247|DOID:1425|DOID:2215|DOID:2216|DOID:2236|DOID:2527|DOID:2921|DOID:381|DOID:409|DOID:557|DOID:7551|DOID:813|DOID:8504|DOID:874|DOID:9470,NCBIGENE:3586
DB00974,749,OC(=O)CN(CCN(CC(O)=O)CC(O)=O)CC(O)=O,,P00813|Q15166|P11511,P00813|Q15166|P11511,PUBCHEM.COMPOUND:6049,DOID:0060262|DOID:10952|DOID:12678|DOID:12679|DOID:1425|DOID:1826|DOID:2485|DOID:2527|DOID:2921|DOID:2957|DOID:2983|DOID:409|DOID:4500|DOID:4724|DOID:557|DOID:9534,NCBIGENE:1000|NCBIGENE:10072|NCBIGENE:10458|NCBIGENE:10648|NCBIGENE:1636|NCBIGENE:1803|NCBIGENE:1906|NCBIGENE:3486|NCBIGENE:3487|NCBIGENE:3576|NCBIGENE:3827|NCBIGENE:4316|NCBIGENE:4317|NCBIGENE:443|NCBIGENE:48|NCBIGENE:4843|NCBIGENE:4846|NCBIGENE:49|NCBIGENE:535|NCBIGENE:5444|NCBIGENE:5741|NCBIGENE:5972|NCBIGENE:6356|NCBIGENE:6402|NCBIGENE:7296|NCBIGENE:7432|NCBIGENE:847
DB00773,750,[H][C@]12COC(=O)[C@]1([H])[C@H](C1=CC(OC)=C(O)C(OC)=C1)C1=CC3=C(OCO3)C=C1[C@H]2O[C@@H]1O[C@]2([H])CO[C@@H](C)O[C@@]2([H])[C@H](O)[C@H]1O,P11388|Q02880,,,PUBCHEM.COMPOUND:36462,DOID:0050590|DOID:12123|DOID:1227|DOID:12449|DOID:12987|DOID:1588|DOID:2355|DOID:2361|DOID:2797|DOID:2998|DOID:3082|DOID:3650|DOID:3770|DOID:4440|DOID:5409|DOID:5842|DOID:615,NCBIGENE:10018|NCBIGENE:102|NCBIGENE:11200|NCBIGENE:1244|NCBIGENE:142|NCBIGENE:1576|NCBIGENE:1633|NCBIGENE:1647|NCBIGENE:1786|NCBIGENE:1789|NCBIGENE:1958|NCBIGENE:2064|NCBIGENE:2067|NCBIGENE:213|NCBIGENE:2308|NCBIGENE:23650|NCBIGENE:25828|NCBIGENE:274|NCBIGENE:28996|NCBIGENE:2950|NCBIGENE:3002|NCBIGENE:3064|NCBIGENE:317|NCBIGENE:328|NCBIGENE:330|NCBIGENE:332|NCBIGENE:3383|NCBIGENE:3491|NCBIGENE:355|NCBIGENE:356|NCBIGENE:3565|NCBIGENE:367|NCBIGENE:3725|NCBIGENE:4001|NCBIGENE:4170|NCBIGENE:4297|NCBIGENE:4312|NCBIGENE:4353|NCBIGENE:4363|NCBIGENE:4613|NCBIGENE:472|NCBIGENE:4792|NCBIGENE:4915|NCBIGENE:5366|NCBIGENE:54205|NCBIGENE:5578|NCBIGENE:5579|NCBIGENE:5582|NCBIGENE:5591|NCBIGENE:5594|NCBIGENE:5595|NCBIGENE:5728|NCBIGENE:581|NCBIGENE:5925|NCBIGENE:598|NCBIGENE:599|NCBIGENE:627|NCBIGENE:6273|NCBIGENE:637|NCBIGENE:638|NCBIGENE:6667|NCBIGENE:7124|NCBIGENE:7150|NCBIGENE:7153|NCBIGENE:7155|NCBIGENE:7157|NCBIGENE:7184|NCBIGENE:7412|NCBIGENE:7486|NCBIGENE:7490|NCBIGENE:79444|NCBIGENE:8030|NCBIGENE:835|NCBIGENE:836|NCBIGENE:839|NCBIGENE:840|NCBIGENE:841|NCBIGENE:842|NCBIGENE:847|NCBIGENE:861|NCBIGENE:8714|NCBIGENE:8795|NCBIGENE:8797|NCBIGENE:8837|NCBIGENE:9429|NCBIGENE:9531|NCBIGENE:959
DB06441,751,CSCCNC1=C2N=CN([C@@H]3O[C@H](COP(O)(=O)OP(O)(=O)C(Cl)(Cl)P(O)(O)=O)[C@@H](O)[C@H]3O)C2=NC(SCCC(F)(F)F)=N1,Q9H244,,,PUBCHEM.COMPOUND:9854012,,
DB09030,752,[H][C@@]12C[C@]3([H])C[C@@H](CC[C@@]3([H])[C@H](\C=C\C3=CC=C(C=N3)C3=CC(F)=CC=C3)[C@]1([H])[C@@H](C)OC2=O)NC(=O)OCC,P25116,P08684|P51589,P08684|P51589,PUBCHEM.COMPOUND:10077130,DOID:13003|DOID:224|DOID:3526|DOID:6713,
DB00963,753,NC1=C(CC(O)=O)C=CC=C1C(=O)C1=CC=C(Br)C=C1,P35354|P23219,,,PUBCHEM.COMPOUND:60726,DOID:1837|DOID:7148|DOID:9351,NCBIGENE:5742|NCBIGENE:5743
DB05266,754,CC(C)C(=O)C1=C2C=CC=CN2N=C1C(C)C,P27815|Q07343|Q08493|Q08499|Q14432,,,PUBCHEM.COMPOUND:3671,DOID:2841|DOID:9360|DOID:9415,NCBIGENE:3553|NCBIGENE:4282|NCBIGENE:5139|NCBIGENE:5142|NCBIGENE:5143|NCBIGENE:5144
DB00254,755,[H][C@@]12[C@@H](C)C3=CC=CC(O)=C3C(=O)C1=C(O)[C@]1(O)C(=O)C(C(N)=O)=C(O)[C@@H](N(C)C)[C@]1([H])[C@H]2O,,,,PUBCHEM.COMPOUND:54671203,DOID:0050127|DOID:10113|DOID:10371|DOID:11077|DOID:11100|DOID:11102|DOID:11104|DOID:11256|DOID:11262|DOID:11265|DOID:11573|DOID:13034|DOID:13371|DOID:13778|DOID:13819|DOID:13924|DOID:14095|DOID:1498|DOID:2123|DOID:2275|DOID:2297|DOID:4131|DOID:6132|DOID:6543|DOID:7426|DOID:7427|DOID:7551|DOID:8478|DOID:874,NCBIGENE:10018|NCBIGENE:1044|NCBIGENE:1045|NCBIGENE:10481|NCBIGENE:10642|NCBIGENE:114548|NCBIGENE:1473|NCBIGENE:1719|NCBIGENE:1758|NCBIGENE:2056|NCBIGENE:213|NCBIGENE:2146|NCBIGENE:2247|NCBIGENE:2252|NCBIGENE:23435|NCBIGENE:23569|NCBIGENE:2495|NCBIGENE:3172|NCBIGENE:3195|NCBIGENE:3242|NCBIGENE:3308|NCBIGENE:3516|NCBIGENE:3558|NCBIGENE:356|NCBIGENE:3562|NCBIGENE:3607|NCBIGENE:3659|NCBIGENE:4313|NCBIGENE:4314|NCBIGENE:4317|NCBIGENE:4318|NCBIGENE:4322|NCBIGENE:4323|NCBIGENE:4437|NCBIGENE:4953|NCBIGENE:55107|NCBIGENE:55635|NCBIGENE:55902|NCBIGENE:567|NCBIGENE:5728|NCBIGENE:5747|NCBIGENE:57708|NCBIGENE:5771|NCBIGENE:59067|NCBIGENE:5925|NCBIGENE:6401|NCBIGENE:6622|NCBIGENE:6647|NCBIGENE:6657|NCBIGENE:6935|NCBIGENE:727897|NCBIGENE:7852|NCBIGENE:920|NCBIGENE:9314|NCBIGENE:975|NCBIGENE:9790
DB01399,756,OC(=O)C1=CC=CC=C1OC(=O)C1=CC=CC=C1O,P35354|P23219,,,PUBCHEM.COMPOUND:5161,DOID:0060262|DOID:10772|DOID:10952|DOID:11249|DOID:114|DOID:11963|DOID:12361|DOID:1247|DOID:1287|DOID:13976|DOID:1425|DOID:1837|DOID:2215|DOID:2216|DOID:2236|DOID:2355|DOID:2361|DOID:2527|DOID:2921|DOID:381|DOID:4029|DOID:409|DOID:557|DOID:7148|DOID:7997|DOID:7998|DOID:848|DOID:8534|DOID:9351,NCBIGENE:5742|NCBIGENE:5743|NCBIGENE:6414|NCBIGENE:7350
DB01208,757,C[C@H]1CN(C[C@@H](C)N1)C1=C(F)C(N)=C2C(=O)C(=CN(C3CC3)C2=C1F)C(O)=O,P43700|P43702|P11388,P05177,P05177,PUBCHEM.COMPOUND:60464,DOID:552,NCBIGENE:7153|NCBIGENE:7299
DB00569,758,CO[C@H]1O[C@H](COS(O)(=O)=O)[C@@H](O[C@@H]2O[C@H]([C@@H](O[C@H]3O[C@H](COS(O)(=O)=O)[C@@H](O[C@@H]4O[C@@H]([C@@H](O[C@H]5O[C@H](COS(O)(=O)=O)[C@@H](O)[C@H](O)[C@H]5NS(O)(=O)=O)[C@H](O)[C@H]4O)C(O)=O)[C@H](OS(O)(=O)=O)[C@H]3NS(O)(=O)=O)[C@H](O)[C@H]2OS(O)(=O)=O)C(O)=O)[C@H](O)[C@H]1NS(O)(=O)=O,P00742|P01008,,,PUBCHEM.COMPOUND:49852292,,
DB08994,759,OCCN(CCO)C1=NC(=C(O1)C1=CC=CC=C1)C1=CC=CC=C1,,,,PUBCHEM.COMPOUND:29088,,
DB06154,760,[O-][N+](=O)OCC(CO[N+]([O-])=O)(CO[N+]([O-])=O)CO[N+]([O-])=O,P69905|P68871,P33402|P29474|P05091,P33402|P29474|P05091,PUBCHEM.COMPOUND:6518,,
DB01207,761,OC(=O)CCCCO\N=C(\C1=CN=CC=C1)C1=CC(=CC=C1)C(F)(F)F,P24557|P21731,,,PUBCHEM.COMPOUND:5362391,,NCBIGENE:6915|NCBIGENE:6916
DB06412,762,[H][C@@]12CC[C@](C)(O)[C@@]1(C)CC[C@@]1([H])[C@@]2([H])CC[C@@]2([H])CC(=O)\C(C[C@]12C)=C/O,P10275|P16860,P21397|P10635|P18405|P08684|P20815|P24462|Q9HB55,P21397|P10635|P18405|P08684|P20815|P24462|Q9HB55,PUBCHEM.COMPOUND:5281034,DOID:0050766|DOID:0060262|DOID:10283|DOID:10286|DOID:10952|DOID:10966|DOID:114|DOID:1184|DOID:12449|DOID:1247|DOID:1287|DOID:13206|DOID:1339|DOID:1342|DOID:1386|DOID:1387|DOID:1388|DOID:1391|DOID:1425|DOID:1837|DOID:1936|DOID:2348|DOID:2349|DOID:2527|DOID:2590|DOID:2883|DOID:2921|DOID:3393|DOID:409|DOID:5162|DOID:557|DOID:6000|DOID:914|DOID:9351,
DB00923,763,[H][C@]12SCC(CSC3=NN=NN3CC(O)=O)=C(N1C(=O)[C@H]2NC(=O)CC1=CC=CC=C1CN)C(O)=O,Q70KI2,,,PUBCHEM.COMPOUND:43507,,
DB01254,764,CC1=NC(NC2=NC=C(S2)C(=O)NC2=C(C)C=CC=C2Cl)=CC(=N1)N1CCN(CCO)CC1,P00519|P12931|P29317|P06239|P07947|P10721|P09619|P51692|P42684|P06241|Q06187|Q92570|P11274|P41240|P54756|P54760|P09769|P42685|P11142|P07948|Q9NYL2|Q16539|Q06203,,,PUBCHEM.COMPOUND:3062316,DOID:0050590|DOID:0060262|DOID:11482|DOID:118|DOID:11847|DOID:1227|DOID:12987|DOID:1588|DOID:2355|DOID:2361|DOID:409|DOID:5844|DOID:5854|DOID:6000|DOID:9408,NCBIGENE:10188|NCBIGENE:102724428|NCBIGENE:11183|NCBIGENE:1399|NCBIGENE:1436|NCBIGENE:1445|NCBIGENE:1452|NCBIGENE:150094|NCBIGENE:150353|NCBIGENE:1543|NCBIGENE:1956|NCBIGENE:1969|NCBIGENE:2041|NCBIGENE:2042|NCBIGENE:2043|NCBIGENE:2046|NCBIGENE:2047|NCBIGENE:2048|NCBIGENE:2049|NCBIGENE:2050|NCBIGENE:2065|NCBIGENE:2066|NCBIGENE:2322|NCBIGENE:23235|NCBIGENE:2475|NCBIGENE:25|NCBIGENE:2534|NCBIGENE:2580|NCBIGENE:27|NCBIGENE:285220|NCBIGENE:3227|NCBIGENE:3702|NCBIGENE:3717|NCBIGENE:3815|NCBIGENE:3932|NCBIGENE:3984|NCBIGENE:3985|NCBIGENE:4067|NCBIGENE:4233|NCBIGENE:51330|NCBIGENE:5156|NCBIGENE:5159|NCBIGENE:51701|NCBIGENE:51776|NCBIGENE:5594|NCBIGENE:5595|NCBIGENE:5604|NCBIGENE:5607|NCBIGENE:5747|NCBIGENE:5894|NCBIGENE:5979|NCBIGENE:613|NCBIGENE:6285|NCBIGENE:640|NCBIGENE:6725|NCBIGENE:6774|NCBIGENE:6776|NCBIGENE:6777|NCBIGENE:7006|NCBIGENE:7157|NCBIGENE:7294|NCBIGENE:7351|NCBIGENE:7535|NCBIGENE:79858|NCBIGENE:80122|NCBIGENE:81608|NCBIGENE:836|NCBIGENE:8767|NCBIGENE:94|NCBIGENE:9429|NCBIGENE:975
DB00775,765,CCCCS(=O)(=O)N[C@@H](CC1=CC=C(OCCCCC2CCNCC2)C=C1)C(O)=O,P08514|P05106,,,PUBCHEM.COMPOUND:60947,DOID:11294|DOID:1247|DOID:1319|DOID:1588|DOID:326|DOID:3526|DOID:6713,
DB08991,766,COC1=CC(C)=NN1C1=NC(C)=CC(OC)=N1,,,,PUBCHEM.COMPOUND:3242,,
DB00578,767,[H][C@]12SC(C)(C)[C@@H](N1C(=O)[C@H]2NC(=O)C(C(O)=O)C1=CC=CC=C1)C(O)=O,Q47066,P47712,P47712,PUBCHEM.COMPOUND:20824,DOID:10952|DOID:1425|DOID:14654|DOID:2527|DOID:2921|DOID:557|DOID:8568,NCBIGENE:140612
DB01250,768,OC(=O)C1=CC(=CC=C1O)\N=N\C1=CC=C(O)C(=C1)C(O)=O,P51580|P01579|P47989,,,PUBCHEM.COMPOUND:6003770,DOID:0060262|DOID:10952|DOID:13250|DOID:1425|DOID:2527|DOID:2841|DOID:2921|DOID:409|DOID:4481|DOID:4730|DOID:557|DOID:9360|DOID:9415,NCBIGENE:3458|NCBIGENE:7172
DB01251,769,COC1=CC2=C(C=C1)C(C)(C)C(=O)N(CCC1=CC=C(C=C1)S(=O)(=O)NC(=O)NC1CCCCC1)C2=O,Q09428|Q15842,P11712,P11712,PUBCHEM.COMPOUND:91610,DOID:9351|DOID:9352,NCBIGENE:3764|NCBIGENE:3766
DB08976,770,OCC(O)COC(=O)C1=CC=CC=C1NC1=CC=NC2=C(C=CC=C12)C(F)(F)F,,,,PUBCHEM.COMPOUND:76958517,,
DB08814,771,CC(=O)OC1=C(C=CC(=C1)C(F)(F)F)C(O)=O,P23219|P19838|P35228|Q9Y233,,,PUBCHEM.COMPOUND:9458,,NCBIGENE:7450
DB02709,772,OC1=CC=C(\C=C\C2=CC(O)=CC(O)=C2)C=C1,P16083|P68400|P23219|P35354|P16050|P09917|P35869|Q8TCG2|P08648|P05106|P05067|P37840|Q96EB6|P03372|P48039|P49286|Q86T13|O75469|Q14994|P11166|P16152|Q07869|P37231|P31749|Q92945|P54577,P05177|P04798|Q16678|P08684|P10635|P20813|P33261|P11712,P05177|P04798|Q16678|P08684|P10635|P20813|P33261|P11712,PUBCHEM.COMPOUND:445154,,NCBIGENE:10018|NCBIGENE:10057|NCBIGENE:10135|NCBIGENE:1017|NCBIGENE:1019|NCBIGENE:1020|NCBIGENE:10257|NCBIGENE:10365|NCBIGENE:1051|NCBIGENE:1080|NCBIGENE:10891|NCBIGENE:11200|NCBIGENE:1385|NCBIGENE:142|NCBIGENE:1457|NCBIGENE:1499|NCBIGENE:1509|NCBIGENE:1543|NCBIGENE:1544|NCBIGENE:1557|NCBIGENE:1559|NCBIGENE:1576|NCBIGENE:1586|NCBIGENE:1636|NCBIGENE:1728|NCBIGENE:1759|NCBIGENE:1786|NCBIGENE:1789|NCBIGENE:183|NCBIGENE:1889|NCBIGENE:1917|NCBIGENE:1950|NCBIGENE:1956|NCBIGENE:1958|NCBIGENE:196|NCBIGENE:1978|NCBIGENE:1994|NCBIGENE:2064|NCBIGENE:2067|NCBIGENE:2100|NCBIGENE:22933|NCBIGENE:2308|NCBIGENE:23409|NCBIGENE:23410|NCBIGENE:23411|NCBIGENE:2353|NCBIGENE:2475|NCBIGENE:250|NCBIGENE:251|NCBIGENE:2539|NCBIGENE:2569|NCBIGENE:27043|NCBIGENE:27250|NCBIGENE:27284|NCBIGENE:27430|NCBIGENE:2876|NCBIGENE:2878|NCBIGENE:2931|NCBIGENE:2932|NCBIGENE:2936|NCBIGENE:3066|NCBIGENE:30835|NCBIGENE:3156|NCBIGENE:3162|NCBIGENE:32|NCBIGENE:3297|NCBIGENE:3308|NCBIGENE:3315|NCBIGENE:3363|NCBIGENE:3375|NCBIGENE:338|NCBIGENE:3383|NCBIGENE:3458|NCBIGENE:3479|NCBIGENE:3480|NCBIGENE:351|NCBIGENE:354|NCBIGENE:355|NCBIGENE:3553|NCBIGENE:356|NCBIGENE:3576|NCBIGENE:3586|NCBIGENE:3596|NCBIGENE:3600|NCBIGENE:3606|NCBIGENE:367|NCBIGENE:3717|NCBIGENE:3725|NCBIGENE:3727|NCBIGENE:3791|NCBIGENE:3845|NCBIGENE:3952|NCBIGENE:4048|NCBIGENE:4087|NCBIGENE:4088|NCBIGENE:4090|NCBIGENE:4093|NCBIGENE:4170|NCBIGENE:4217|NCBIGENE:4286|NCBIGENE:4303|NCBIGENE:4313|NCBIGENE:4318|NCBIGENE:4363|NCBIGENE:4615|NCBIGENE:466|NCBIGENE:467|NCBIGENE:4683|NCBIGENE:472|NCBIGENE:4779|NCBIGENE:4780|NCBIGENE:4790|NCBIGENE:4792|NCBIGENE:4843|NCBIGENE:4846|NCBIGENE:4851|NCBIGENE:4868|NCBIGENE:4953|NCBIGENE:4973|NCBIGENE:5054|NCBIGENE:506|NCBIGENE:509|NCBIGENE:5105|NCBIGENE:5106|NCBIGENE:51547|NCBIGENE:51548|NCBIGENE:5270|NCBIGENE:5294|NCBIGENE:5315|NCBIGENE:5328|NCBIGENE:5335|NCBIGENE:5444|NCBIGENE:54575|NCBIGENE:54600|NCBIGENE:54658|NCBIGENE:5468|NCBIGENE:55210|NCBIGENE:55576|NCBIGENE:5562|NCBIGENE:5563|NCBIGENE:5578|NCBIGENE:5587|NCBIGENE:5594|NCBIGENE:5595|NCBIGENE:5604|NCBIGENE:5621|NCBIGENE:57085|NCBIGENE:57104|NCBIGENE:5728|NCBIGENE:5742|NCBIGENE:5743|NCBIGENE:5747|NCBIGENE:57521|NCBIGENE:5770|NCBIGENE:5781|NCBIGENE:581|NCBIGENE:5925|NCBIGENE:595|NCBIGENE:5970|NCBIGENE:598|NCBIGENE:6195|NCBIGENE:6198|NCBIGENE:627|NCBIGENE:6285|NCBIGENE:632|NCBIGENE:6337|NCBIGENE:6340|NCBIGENE:6347|NCBIGENE:6356|NCBIGENE:6389|NCBIGENE:6517|NCBIGENE:6657|NCBIGENE:6667|NCBIGENE:6720|NCBIGENE:6774|NCBIGENE:6794|NCBIGENE:682|NCBIGENE:684|NCBIGENE:6915|NCBIGENE:7037|NCBIGENE:7040|NCBIGENE:7052|NCBIGENE:7097|NCBIGENE:7099|NCBIGENE:7124|NCBIGENE:7145|NCBIGENE:7157|NCBIGENE:7161|NCBIGENE:729230|NCBIGENE:7299|NCBIGENE:7412|NCBIGENE:7416|NCBIGENE:8065|NCBIGENE:8202|NCBIGENE:836|NCBIGENE:83667|NCBIGENE:839|NCBIGENE:840|NCBIGENE:841|NCBIGENE:842|NCBIGENE:843|NCBIGENE:847|NCBIGENE:84869|NCBIGENE:8529|NCBIGENE:8570|NCBIGENE:8626|NCBIGENE:8654|NCBIGENE:8678|NCBIGENE:8743|NCBIGENE:8795|NCBIGENE:8988|NCBIGENE:8989|NCBIGENE:9021|NCBIGENE:9131|NCBIGENE:920|NCBIGENE:9407|NCBIGENE:942|NCBIGENE:9451|NCBIGENE:9518|NCBIGENE:9536|NCBIGENE:9603|NCBIGENE:976|NCBIGENE:983|NCBIGENE:995|NCBIGENE:999
DB04272,773,OC(=O)CC(O)(CC(O)=O)C(O)=O,C7C422|P15121|P39126|P00808|P04190|O75390|P12931|P07998|P12724|P05042|Q9X0N8|Q96RQ9|Q9GZU7|P83787|O14964|P11922|P13299|P10930|P40926|Q2QJL3|P38516|P15086|P03277|Q9WZW1|O33833|A0A5P8YJZ1|Q9LCX9|P46849|P62312|Q9HB21|P21408|Q9WZ40|P0A753|Q9X286|P07360|Q9CBQ2|O34002|Q9GV41|P07741|Q9HU22|Q81F54|P33644|P44725|P04079|Q9BY32|Q37875|Q9X1F0|P32427|P06672,,,PUBCHEM.COMPOUND:311,DOID:0050741|DOID:0060173|DOID:0060262|DOID:0060573|DOID:0060692|DOID:0111045|DOID:0111052|DOID:0111054|DOID:0111056|DOID:0111057|DOID:1029|DOID:10493|DOID:10652|DOID:10763|DOID:10772|DOID:10808|DOID:10825|DOID:10952|DOID:11249|DOID:11396|DOID:11870|DOID:11914|DOID:12531|DOID:12678|DOID:12679|DOID:13189|DOID:13774|DOID:1425|DOID:1443|DOID:14451|DOID:14452|DOID:14525|DOID:1574|DOID:1588|DOID:2106|DOID:2215|DOID:2216|DOID:2236|DOID:2321|DOID:2355|DOID:2361|DOID:2485|DOID:2527|DOID:2921|DOID:2983|DOID:409|DOID:557|DOID:6000|DOID:750,NCBIGENE:10105|NCBIGENE:10125|NCBIGENE:10220|NCBIGENE:10247|NCBIGENE:10392|NCBIGENE:10468|NCBIGENE:10533|NCBIGENE:10673|NCBIGENE:11162|NCBIGENE:112849|NCBIGENE:1163|NCBIGENE:1164|NCBIGENE:1215|NCBIGENE:1267|NCBIGENE:131118|NCBIGENE:134430|NCBIGENE:1357|NCBIGENE:1371|NCBIGENE:1431|NCBIGENE:146861|NCBIGENE:1514|NCBIGENE:151636|NCBIGENE:1595|NCBIGENE:1636|NCBIGENE:1646|NCBIGENE:1786|NCBIGENE:1879|NCBIGENE:1990|NCBIGENE:213|NCBIGENE:2147|NCBIGENE:2160|NCBIGENE:2167|NCBIGENE:2171|NCBIGENE:2194|NCBIGENE:2205|NCBIGENE:221656|NCBIGENE:2230|NCBIGENE:2263|NCBIGENE:2271|NCBIGENE:2281|NCBIGENE:22875|NCBIGENE:22977|NCBIGENE:231|NCBIGENE:23369|NCBIGENE:23576|NCBIGENE:246243|NCBIGENE:253738|NCBIGENE:25796|NCBIGENE:2588|NCBIGENE:25974|NCBIGENE:26253|NCBIGENE:2660|NCBIGENE:27044|NCBIGENE:27232|NCBIGENE:27440|NCBIGENE:2752|NCBIGENE:2770|NCBIGENE:2773|NCBIGENE:2821|NCBIGENE:283|NCBIGENE:284111|NCBIGENE:29103|NCBIGENE:2932|NCBIGENE:29992|NCBIGENE:3156|NCBIGENE:3418|NCBIGENE:3419|NCBIGENE:3420|NCBIGENE:3421|NCBIGENE:353|NCBIGENE:3704|NCBIGENE:377677|NCBIGENE:382|NCBIGENE:3845|NCBIGENE:389434|NCBIGENE:396|NCBIGENE:402569|NCBIGENE:4068|NCBIGENE:4191|NCBIGENE:4194|NCBIGENE:4282|NCBIGENE:440738|NCBIGENE:462|NCBIGENE:4668|NCBIGENE:4688|NCBIGENE:47|NCBIGENE:48|NCBIGENE:50|NCBIGENE:51025|NCBIGENE:5104|NCBIGENE:5106|NCBIGENE:51156|NCBIGENE:51422|NCBIGENE:51557|NCBIGENE:51719|NCBIGENE:5223|NCBIGENE:5226|NCBIGENE:5300|NCBIGENE:5313|NCBIGENE:5328|NCBIGENE:5372|NCBIGENE:5373|NCBIGENE:5375|NCBIGENE:54431|NCBIGENE:54829|NCBIGENE:54890|NCBIGENE:5494|NCBIGENE:55120|NCBIGENE:55147|NCBIGENE:55240|NCBIGENE:5557|NCBIGENE:5571|NCBIGENE:55937|NCBIGENE:567|NCBIGENE:57494|NCBIGENE:5768|NCBIGENE:5793|NCBIGENE:5818|NCBIGENE:58190|NCBIGENE:5915|NCBIGENE:59338|NCBIGENE:597|NCBIGENE:5972|NCBIGENE:5999|NCBIGENE:6037|NCBIGENE:6233|NCBIGENE:6280|NCBIGENE:6283|NCBIGENE:633|NCBIGENE:635|NCBIGENE:6391|NCBIGENE:64388|NCBIGENE:6451|NCBIGENE:64761|NCBIGENE:64768|NCBIGENE:6576|NCBIGENE:6628|NCBIGENE:6634|NCBIGENE:6780|NCBIGENE:6868|NCBIGENE:6888|NCBIGENE:7018|NCBIGENE:7157|NCBIGENE:7162|NCBIGENE:7264|NCBIGENE:733|NCBIGENE:7371|NCBIGENE:7372|NCBIGENE:7533|NCBIGENE:7784|NCBIGENE:790|NCBIGENE:79068|NCBIGENE:79178|NCBIGENE:7919|NCBIGENE:79585|NCBIGENE:7978|NCBIGENE:81609|NCBIGENE:840|NCBIGENE:84816|NCBIGENE:8574|NCBIGENE:8654|NCBIGENE:8729|NCBIGENE:8833|NCBIGENE:90|NCBIGENE:9058|NCBIGENE:912|NCBIGENE:9146|NCBIGENE:92335|NCBIGENE:9265|NCBIGENE:9455|NCBIGENE:9456|NCBIGENE:9584|NCBIGENE:9698|NCBIGENE:974|NCBIGENE:9955
DB04552,774,OC(=O)C1=C(NC2=CC=CC(=C2)C(F)(F)F)N=CC=C1,P04054|P35354|P51800|P23219|P47712|O60656,O60656,O60656,PUBCHEM.COMPOUND:4488,,NCBIGENE:1080|NCBIGENE:1179|NCBIGENE:1187|NCBIGENE:1188|NCBIGENE:4613|NCBIGENE:5319|NCBIGENE:5321|NCBIGENE:54600|NCBIGENE:56479|NCBIGENE:5742|NCBIGENE:5743|NCBIGENE:6521|NCBIGENE:9407|NCBIGENE:9635|NCBIGENE:9768
DB08954,775,CC(C(O)C1=CC=C(O)C=C1)N1CCC(CC2=CC=CC=C2)CC1,Q13224|Q05586|P48549|P48051|P48544,,,PUBCHEM.COMPOUND:3689,,NCBIGENE:10280|NCBIGENE:10682|NCBIGENE:146|NCBIGENE:147|NCBIGENE:148|NCBIGENE:150|NCBIGENE:152|NCBIGENE:1990|NCBIGENE:2902|NCBIGENE:2905|NCBIGENE:2906|NCBIGENE:3553|NCBIGENE:3757|NCBIGENE:4915|NCBIGENE:4953|NCBIGENE:84650
DB00817,776,CCN1C=C(C(O)=O)C(=O)C2=C1C=C(C=C2)C1=CC=NC=C1,P0AES6|P0AFI2,P05177,P05177,PUBCHEM.COMPOUND:287180,,NCBIGENE:7153
DB04918,777,[H][C@@]1(NC(=O)C(=N/O)\C2=NSC(N)=N2)C(=O)N2C(C(O)=O)=C(CS[C@]12[H])\C=C1/CCN(C1=O)[C@]1([H])CCNC1,Q7DHH4|P14677|P0AD68,,,PUBCHEM.COMPOUND:12993649,,
DB09543,778,COC(=O)C1=CC=CC=C1O,,,,PUBCHEM.COMPOUND:4133,DOID:0050820|DOID:0060262|DOID:10772|DOID:10952|DOID:11249|DOID:114|DOID:11963|DOID:12361|DOID:1247|DOID:1287|DOID:13976|DOID:1425|DOID:1826|DOID:1837|DOID:2215|DOID:2216|DOID:2236|DOID:2355|DOID:2361|DOID:2527|DOID:2921|DOID:37|DOID:4029|DOID:409|DOID:557|DOID:6498|DOID:7997|DOID:7998|DOID:8534|DOID:8866|DOID:9351,NCBIGENE:1066|NCBIGENE:221223|NCBIGENE:23491|NCBIGENE:283848|NCBIGENE:8824
DB00795,779,OC(=O)C1=CC(=CC=C1O)\N=N\C1=CC=C(C=C1)S(=O)(=O)NC1=NC=CC=C1,P09917|P35354|P23219|P24752|P04054|Q9UPY5|P19838|Q00653|O14920|O15111|P37231,,,PUBCHEM.COMPOUND:5359476,,NCBIGENE:10|NCBIGENE:1147|NCBIGENE:1401|NCBIGENE:23657|NCBIGENE:240|NCBIGENE:3551|NCBIGENE:3553|NCBIGENE:38|NCBIGENE:4318|NCBIGENE:4353|NCBIGENE:4791|NCBIGENE:4792|NCBIGENE:5319|NCBIGENE:5468|NCBIGENE:5742|NCBIGENE:5743|NCBIGENE:5970|NCBIGENE:6916|NCBIGENE:7124|NCBIGENE:836|NCBIGENE:9429
DB06802,780,NC(=O)CC1=CC=CC(C(=O)C2=CC=CC=C2)=C1N,P23219|P35354,,,PUBCHEM.COMPOUND:151075,DOID:10138|DOID:10140|DOID:1247|DOID:1837|DOID:4677|DOID:7148|DOID:8463|DOID:9351|DOID:9368,NCBIGENE:5742|NCBIGENE:5743
DB08887,781,CCOC(=O)CCC\C=C/C\C=C/C\C=C/C\C=C/C\C=C/CC,,,,PUBCHEM.COMPOUND:9831415,,NCBIGENE:3553
DB00179,782,C[C@@H](CC1=CC(O)=C(O)C=C1)[C@H](C)CC1=CC(O)=C(O)C=C1,P09917|P04278|Q96QT4,,,PUBCHEM.COMPOUND:71398,DOID:11684|DOID:3149|DOID:37|DOID:6498|DOID:6945|DOID:8866,NCBIGENE:239|NCBIGENE:240|NCBIGENE:3291|NCBIGENE:3480|NCBIGENE:3553|NCBIGENE:3562|NCBIGENE:3991|NCBIGENE:4015|NCBIGENE:4846|NCBIGENE:4953|NCBIGENE:7124|NCBIGENE:836
DB09215,783,CN1C2=C(OC(=O)N(C2=O)C2=CC=CC=N2)C2=CC=CC=C2S1(=O)=O,P23219|P35354,,,PUBCHEM.COMPOUND:65679,,
DB00261,784,ClC1=CC=C2N=C3NC(=O)CN3CC2=C1Cl,Q14432,P05177,P05177,PUBCHEM.COMPOUND:2182,DOID:0060262|DOID:10952|DOID:114|DOID:1247|DOID:1287|DOID:1425|DOID:1588|DOID:2224|DOID:2355|DOID:2361|DOID:2527|DOID:2921|DOID:3082|DOID:409|DOID:557|DOID:5870|DOID:9498|DOID:9503,NCBIGENE:2623|NCBIGENE:4352|NCBIGENE:5139
DB00210,785,COC1=C(C=C(C=C1)C1=CC2=C(C=C1)C=C(C=C2)C(O)=O)C12CC3CC(CC(C3)C1)C2,P10826|P13631|P28702|P48443|P19793|P05412|O60603|P10276|P17174,,,PUBCHEM.COMPOUND:60164,DOID:0060281|DOID:2723|DOID:3159|DOID:6543,NCBIGENE:5914|NCBIGENE:5915|NCBIGENE:6256|NCBIGENE:6258|NCBIGENE:912
DB08795,786,[H][C@]12SC(C)(C)[C@@H](N1C(=O)[C@H]2NC(=O)[C@H](N=[N+]=[N-])C1=CC=CC=C1)C(O)=O,Q8DNB6|Q7CRA4|Q75Y35|Q8DR59|P0A3M6,,,PUBCHEM.COMPOUND:15574941,,
DB00806,787,CN1C=NC2=C1C(=O)N(CCCCC(C)=O)C(=O)N2C,P29274|P30542|P21589,P05177,P05177,PUBCHEM.COMPOUND:4740,DOID:10952|DOID:1247|DOID:1425|DOID:2527|DOID:2921|DOID:3669|DOID:557,NCBIGENE:1401|NCBIGENE:2152|NCBIGENE:3383|NCBIGENE:3458|NCBIGENE:3553|NCBIGENE:3586|NCBIGENE:3684|NCBIGENE:4049|NCBIGENE:4353|NCBIGENE:4843|NCBIGENE:4907|NCBIGENE:5054|NCBIGENE:5142|NCBIGENE:5743|NCBIGENE:5966|NCBIGENE:6347|NCBIGENE:7124|NCBIGENE:836|NCBIGENE:8654|NCBIGENE:9407|NCBIGENE:958
DB00689,788,[H][C@]12SCC(COC(C)=O)=C(N1C(=O)[C@H]2NC(=O)[C@H](N)C1=CC=CC=C1)C(O)=O,P02919,,,PUBCHEM.COMPOUND:19150,,
DB09084,789,CN(C)CCCOC1=NN(CC2=CC=CC=C2)C2=CC=CC=C12,,,,PUBCHEM.COMPOUND:12555,,NCBIGENE:2328|NCBIGENE:2329|NCBIGENE:2330
DB11079,790,OCCN(CCO)CCO.OC(=O)C1=CC=CC=C1O,P23219|P35354,,,PUBCHEM.COMPOUND:25213,,
DB06206,791,O[C@@H]1[C@@H](O)[C@@H]2O[C@H]3O[C@H](CSCCC(O)=O)[C@@H](O[C@H]4O[C@H](CSCCC(O)=O)[C@@H](O[C@H]5O[C@H](CSCCC(O)=O)[C@@H](O[C@H]6O[C@H](CSCCC(O)=O)[C@@H](O[C@H]7O[C@H](CSCCC(O)=O)[C@@H](O[C@H]8O[C@H](CSCCC(O)=O)[C@@H](O[C@H]9O[C@H](CSCCC(O)=O)[C@@H](O[C@H]1O[C@@H]2CSCCC(O)=O)[C@H](O)[C@H]9O)[C@H](O)[C@H]8O)[C@H](O)[C@H]7O)[C@H](O)[C@H]6O)[C@H](O)[C@H]5O)[C@H](O)[C@H]4O)[C@H](O)[C@H]3O,,,,PUBCHEM.COMPOUND:6918585,,
DB01289,792,CC1=CC(=NO1)C(=O)NCCC1=CC=C(C=C1)S(=O)(=O)NC(=O)NN1CCCCCC1,Q15842|P01308,P11712,P11712,PUBCHEM.COMPOUND:32778,DOID:9351|DOID:9352,NCBIGENE:3764|NCBIGENE:3766
DB08797,793,NC(=O)C1=CC=CC=C1O,,,,PUBCHEM.COMPOUND:5147,DOID:0050328|DOID:0050589|DOID:0050741|DOID:0060262|DOID:0060573|DOID:0060692|DOID:0111045|DOID:0111052|DOID:0111054|DOID:0111056|DOID:0111057|DOID:10493|DOID:10652|DOID:10763|DOID:10772|DOID:10808|DOID:10825|DOID:10933|DOID:10952|DOID:11249|DOID:114|DOID:11459|DOID:11634|DOID:11870|DOID:11963|DOID:12361|DOID:1247|DOID:12531|DOID:1287|DOID:13189|DOID:13206|DOID:13550|DOID:13774|DOID:13948|DOID:13976|DOID:1405|DOID:1425|DOID:1443|DOID:14445|DOID:14525|DOID:1459|DOID:1574|DOID:1588|DOID:1826|DOID:1837|DOID:2089|DOID:2215|DOID:2216|DOID:2236|DOID:2355|DOID:2361|DOID:2527|DOID:2841|DOID:2883|DOID:2921|DOID:302|DOID:303|DOID:3083|DOID:3393|DOID:4029|DOID:409|DOID:4500|DOID:557|DOID:593|DOID:594|DOID:705|DOID:750|DOID:7997|DOID:7998|DOID:8534|DOID:8677|DOID:8929|DOID:9282|DOID:9351|DOID:9428|DOID:9746,NCBIGENE:146206|NCBIGENE:55604
DB11268,794,[H]C(=O)C1=CC(O)=C(O)C=C1,,,,PUBCHEM.COMPOUND:8768,,
DB08816,795,CCCSC1=NC2=C(N=NN2[C@@H]2C[C@H](OCCO)[C@@H](O)[C@H]2O)C(N[C@@H]2C[C@H]2C2=CC(F)=C(F)C=C2)=N1,Q9H244,P08684|P20815|P20813|P11712,P08684|P20815|P20813|P11712,PUBCHEM.COMPOUND:9871419,DOID:0060262|DOID:326|DOID:3669|DOID:409,NCBIGENE:5028|NCBIGENE:64805
DB13167,796,OC(=O)CC1=CC(Cl)=C(OCC=C)C=C1,P35354,,,PUBCHEM.COMPOUND:30951,DOID:7148,
DB00417,797,[H][C@]12SC(C)(C)[C@@H](N1C(=O)[C@H]2NC(=O)COC1=CC=CC=C1)C(O)=O,Q53707|Q8XJ01|P24228|P12256|P46059,,,PUBCHEM.COMPOUND:6869,DOID:10459|DOID:10754|DOID:10952|DOID:11330|DOID:1425|DOID:2275|DOID:2527|DOID:2921|DOID:3087|DOID:557|DOID:8568|DOID:8596,NCBIGENE:6564
DB01014,798,OC(=O)CCNC(=O)C1=CC=C(C=C1)\N=N\C1=CC=C(O)C(=C1)C(O)=O,P37231|P35354|P23219|P09917,Q9FAW5,Q9FAW5,PUBCHEM.COMPOUND:6335412,DOID:0110892|DOID:10952|DOID:1425|DOID:2527|DOID:2921|DOID:557|DOID:8577,NCBIGENE:240|NCBIGENE:5468|NCBIGENE:5742|NCBIGENE:5743
DB00274,799,[H][C@]12SCC(CSC3=NN=NN3C)=C(N1C(=O)[C@]2(NC(=O)CSCC#N)OC)C(O)=O,C1KC03|P02918|P02919|P0AD68|P0AEB2|P08506,,,PUBCHEM.COMPOUND:42008,DOID:552,NCBIGENE:10257
DB06196,800,C1CC[C@H]2[C@@H](C1)C[C@H](N2C(=O)[C@H]3CC4=CC=CC=C4CN3C(=O)[C@H](CO)NC(=O)[C@H](CC5=CC=CS5)NC(=O)CNC(=O)[C@@H]6C[C@H](CN6C(=O)[C@@H]7CCCN7C(=O)[C@H](CCCN=C(N)N)NC(=O)[C@@H](CCCN=C(N)N)N)O)C(=O)N[C@@H](CCCN=C(N)N)C(=O)O,P30411|P15144,,,PUBCHEM.COMPOUND:71364,,
DB02546,801,ONC(=O)CCCCCCC(=O)NC1=CC=CC=C1,Q13547|Q92769|O15379|Q9UBN7|Q9BY41|O67135,,,PUBCHEM.COMPOUND:5311,DOID:0060061|DOID:0060262|DOID:12678|DOID:12679|DOID:13250|DOID:1588|DOID:1837|DOID:2355|DOID:2361|DOID:2485|DOID:409|DOID:4195|DOID:4500|DOID:9351|DOID:9477,NCBIGENE:10013|NCBIGENE:10014|NCBIGENE:10018|NCBIGENE:142|NCBIGENE:1956|NCBIGENE:2356|NCBIGENE:2475|NCBIGENE:2896|NCBIGENE:3065|NCBIGENE:3066|NCBIGENE:3320|NCBIGENE:3480|NCBIGENE:355|NCBIGENE:367|NCBIGENE:4170|NCBIGENE:472|NCBIGENE:51564|NCBIGENE:5366|NCBIGENE:55869|NCBIGENE:5728|NCBIGENE:5925|NCBIGENE:595|NCBIGENE:598|NCBIGENE:6361|NCBIGENE:7048|NCBIGENE:7157|NCBIGENE:79885|NCBIGENE:811|NCBIGENE:836|NCBIGENE:83933|NCBIGENE:840|NCBIGENE:841|NCBIGENE:842|NCBIGENE:860|NCBIGENE:8743|NCBIGENE:8841|NCBIGENE:9021|NCBIGENE:943|NCBIGENE:9451|NCBIGENE:9734|NCBIGENE:9759
DB00235,802,CC1=C(C=C(C#N)C(=O)N1)C1=CC=NC=C1,Q14432,,,PUBCHEM.COMPOUND:4197,DOID:0110307|DOID:10952|DOID:11847|DOID:11984|DOID:1425|DOID:2527|DOID:2921|DOID:557|DOID:5844|DOID:5854|DOID:6420|DOID:9408,NCBIGENE:1080|NCBIGENE:3383|NCBIGENE:501|NCBIGENE:5139|NCBIGENE:5140|NCBIGENE:5972|NCBIGENE:7276
DB00465,803,OC(=O)C1CCN2C1=CC=C2C(=O)C1=CC=CC=C1,P35354|P23219,,,PUBCHEM.COMPOUND:3826,DOID:0050589|DOID:0060262|DOID:10124|DOID:10126|DOID:10138|DOID:10140|DOID:10763|DOID:10808|DOID:10825|DOID:11204|DOID:114|DOID:11847|DOID:1237|DOID:1247|DOID:1287|DOID:1724|DOID:1837|DOID:2355|DOID:2361|DOID:2457|DOID:2474|DOID:2841|DOID:3526|DOID:409|DOID:5844|DOID:5854|DOID:6713|DOID:7148|DOID:750|DOID:9351|DOID:9360|DOID:9408|DOID:9415,NCBIGENE:4846|NCBIGENE:5742|NCBIGENE:5743|NCBIGENE:9407
DB00461,804,COC1=CC2=C(C=C1)C=C(CCC(C)=O)C=C2,P35354|P23219,,,PUBCHEM.COMPOUND:4409,DOID:0050741|DOID:0060262|DOID:10763|DOID:10825|DOID:10952|DOID:114|DOID:11847|DOID:1247|DOID:1287|DOID:1425|DOID:1574|DOID:2527|DOID:2921|DOID:381|DOID:409|DOID:557|DOID:5844|DOID:5854|DOID:7148|DOID:750|DOID:848|DOID:9408,NCBIGENE:4057|NCBIGENE:5742|NCBIGENE:5743|NCBIGENE:7018
DB01401,805,[Mg++].C[N+](C)(C)CCO.OC1=CC=CC=C1C([O-])=O.OC1=CC=CC=C1C([O-])=O.OC1=CC=CC=C1C([O-])=O,P23219|P35354,,,PUBCHEM.COMPOUND:54682045,,
DB08804,806,[H][C@@]12CC[C@H](OC(=O)CCCCCCCCC)[C@@]1(C)CC[C@]1([H])[C@@]3([H])CCC(=O)C=C3CC[C@@]21[H],P10275|P01100|P28222|P08069,P11511|P27338|P21397|P16662|P22310|P06133|P35503|P22309|Q9HAW8,P11511|P27338|P21397|P16662|P22310|P06133|P35503|P22309|Q9HAW8,PUBCHEM.COMPOUND:9677,,NCBIGENE:367|NCBIGENE:7276
DB09324,807,[H][C@@]12CC(=O)N1[C@@]([H])(C(O)=O)C(C)(C)S2(=O)=O,P00807,,,PUBCHEM.COMPOUND:130313,DOID:0060643|DOID:10952|DOID:1425|DOID:14268|DOID:14269|DOID:14270|DOID:2527|DOID:2921|DOID:557|DOID:8568|DOID:9446,
DB01397,808,[Mg++].OC1=CC=CC=C1C([O-])=O.OC1=CC=CC=C1C([O-])=O,P35354|P23219,,,PUBCHEM.COMPOUND:54684589,DOID:0050741|DOID:0060262|DOID:10763|DOID:10772|DOID:10825|DOID:10933|DOID:10952|DOID:11249|DOID:114|DOID:11963|DOID:12361|DOID:1247|DOID:1287|DOID:13189|DOID:13206|DOID:13550|DOID:13948|DOID:13976|DOID:1405|DOID:14188|DOID:1425|DOID:14445|DOID:1574|DOID:1588|DOID:1826|DOID:1837|DOID:2215|DOID:2216|DOID:2236|DOID:2355|DOID:2361|DOID:2527|DOID:2703|DOID:2883|DOID:2921|DOID:2965|DOID:3393|DOID:381|DOID:4029|DOID:409|DOID:557|DOID:593|DOID:594|DOID:7148|DOID:750|DOID:784|DOID:7997|DOID:7998|DOID:848|DOID:8534|DOID:8677|DOID:9282|DOID:9351|DOID:970,
DB01000,809,[H][C@]12SC(C)(C)[C@@H](N1C(=O)[C@H]2NC(=O)C1(N)CCCCC1)C(O)=O,Q8DR59|Q75Y35|C1KC03,,,PUBCHEM.COMPOUND:19003,DOID:10952|DOID:1425|DOID:2275|DOID:2527|DOID:2921|DOID:557|DOID:6132|DOID:8568,
DB09212,810,CC(C(O)=O)C1=CC=C(CC2CCCC2=O)C=C1,P35354|P23219,P16152|P16662,P16152|P16662,PUBCHEM.COMPOUND:3965,DOID:7148,NCBIGENE:3931|NCBIGENE:5743
DB01420,811,[H][C@@]12CC[C@H](OC(=O)CC)[C@@]1(C)CC[C@@]1([H])[C@@]2([H])CCC2=CC(=O)CC[C@]12C,P10275,P21964|P22309|P08684,P21964|P22309|P08684,PUBCHEM.COMPOUND:5995,DOID:0050848|DOID:0060262|DOID:0060731|DOID:10283|DOID:10286|DOID:10688|DOID:10787|DOID:10952|DOID:11383|DOID:114|DOID:11603|DOID:11665|DOID:12698|DOID:1287|DOID:13206|DOID:1425|DOID:1837|DOID:1921|DOID:1924|DOID:2527|DOID:2883|DOID:2921|DOID:409|DOID:4674|DOID:5003|DOID:557|DOID:6000|DOID:9351|DOID:9970,NCBIGENE:367
DB00713,812,[H][C@]12SC(C)(C)[C@@H](N1C(=O)[C@H]2NC(=O)C1=C(C)ON=C1C1=CC=CC=C1)C(O)=O,Q75Y35|Q8DNB6|Q8DR59|P0A3M6|Q7CRA4|Q8XJ01|P46059|D6R448|Q16348|Q47066,,,PUBCHEM.COMPOUND:6196,DOID:0050127|DOID:10952|DOID:1425|DOID:2275|DOID:2527|DOID:2921|DOID:557|DOID:8568,NCBIGENE:6564|NCBIGENE:6565
DB00939,813,CC1=C(Cl)C(NC2=CC=CC=C2C(O)=O)=C(Cl)C=C1,P23219|P35354|P09917|O43526|O43525,,,PUBCHEM.COMPOUND:4037,DOID:0050741|DOID:0060262|DOID:10763|DOID:10825|DOID:10952|DOID:114|DOID:11847|DOID:1287|DOID:1425|DOID:1574|DOID:2355|DOID:2361|DOID:2527|DOID:2921|DOID:381|DOID:409|DOID:557|DOID:5844|DOID:5854|DOID:7148|DOID:750|DOID:848|DOID:9408,
DB08880,814,C\C(O)=C(/C#N)C(=O)NC1=CC=C(C=C1)C(F)(F)F,Q02127,P10632|P05177,P10632|P05177,PUBCHEM.COMPOUND:54684141,DOID:2377,NCBIGENE:1723|NCBIGENE:3156|NCBIGENE:3932|NCBIGENE:6198
DB01416,815,[H][C@]12SCC(COC)=C(N1C(=O)[C@H]2NC(=O)C(=N/OC)\C1=CSC(N)=N1)C(O)=O,P0AD68,,,PUBCHEM.COMPOUND:6335986,,
DB01414,816,[H][C@]12SCC(COC(C)=O)=C(N1C(=O)[C@H]2NC(=O)CC#N)C(O)=O,P02918|P02919,,,PUBCHEM.COMPOUND:91562,,
DB06718,817,[H][C@@]12CC[C@](C)(O)[C@@]1(C)CC[C@@]1([H])[C@@]2([H])CC[C@@]2([H])CC3=NNC=C3C[C@]12C,P10275,,,PUBCHEM.COMPOUND:25249,DOID:0060262|DOID:10283|DOID:10286|DOID:10952|DOID:10966|DOID:114|DOID:1184|DOID:12678|DOID:12679|DOID:1287|DOID:13206|DOID:1425|DOID:14735|DOID:1558|DOID:1837|DOID:2485|DOID:2527|DOID:2590|DOID:2883|DOID:2921|DOID:3393|DOID:409|DOID:557|DOID:9351,NCBIGENE:5327|NCBIGENE:5340|NCBIGENE:6462|NCBIGENE:710
DB01059,818,CCN1C=C(C(O)=O)C(=O)C2=CC(F)=C(C=C12)N1CCNCC1,P43700|P43702|P11388|P20831|P0C1U9,P05177|P04798|P08684|P24462,P05177|P04798|P08684|P24462,PUBCHEM.COMPOUND:4539,DOID:0050590|DOID:0060262|DOID:100|DOID:10371|DOID:1063|DOID:10952|DOID:11328|DOID:11400|DOID:12139|DOID:1227|DOID:12384|DOID:12385|DOID:12450|DOID:12987|DOID:13250|DOID:13258|DOID:13507|DOID:13778|DOID:13819|DOID:1389|DOID:13924|DOID:1425|DOID:14654|DOID:1470|DOID:1588|DOID:1595|DOID:1596|DOID:1679|DOID:1826|DOID:1837|DOID:203|DOID:204|DOID:2297|DOID:2355|DOID:2361|DOID:2527|DOID:2744|DOID:2848|DOID:2921|DOID:2964|DOID:3055|DOID:3393|DOID:379|DOID:381|DOID:409|DOID:437|DOID:4500|DOID:4964|DOID:5082|DOID:5418|DOID:552|DOID:557|DOID:574|DOID:6132|DOID:615|DOID:7327|DOID:7427|DOID:7551|DOID:813|DOID:870|DOID:874|DOID:9351|DOID:9463|DOID:971,NCBIGENE:1576|NCBIGENE:1577|NCBIGENE:7153|NCBIGENE:7155
DB01139,819,[H][C@]12SCC(COC(C)=O)=C(N1C(=O)[C@H]2NC(=O)CSC1=CC=NC=C1)C(O)=O,Q8XJ01,,,PUBCHEM.COMPOUND:30699,DOID:381|DOID:4562|DOID:552|DOID:813,
DB01088,820,[H][C@]12C[C@@H](O)[C@H](\C=C\[C@@H](O)C(C)CC#CC)[C@@]1([H])C\C(C2)=C\CCCC(O)=O,P43119|P34995|P27815|Q07343|Q08493|Q08499|P00750|Q9Y5Y4,,,PUBCHEM.COMPOUND:5311181,DOID:11396|DOID:3083,NCBIGENE:10468|NCBIGENE:1448|NCBIGENE:1906|NCBIGENE:2778|NCBIGENE:3558|NCBIGENE:3586|NCBIGENE:5196|NCBIGENE:5473|NCBIGENE:55811|NCBIGENE:5731|NCBIGENE:5739|NCBIGENE:5879|NCBIGENE:5881|NCBIGENE:6717|NCBIGENE:7040|NCBIGENE:7124|NCBIGENE:9536
DB00754,821,CCN1C(=O)NC(C1=O)C1=CC=CC=C1,Q14524|O75469,,,PUBCHEM.COMPOUND:3292,DOID:0060262|DOID:12139|DOID:13268|DOID:14026|DOID:1470|DOID:1595|DOID:1596|DOID:2848|DOID:409|DOID:4964|DOID:74|DOID:7725|DOID:9074,
DB00605,822,CC1=C(CC(O)=O)C2=CC(F)=CC=C2\C1=C/C1=CC=C(C=C1)S(C)=O,P35354|P23219|P15121|P27361|Q03181|Q9Y5Y4|O60218,,,PUBCHEM.COMPOUND:1548887,DOID:0050741|DOID:0060262|DOID:0080001|DOID:10763|DOID:10825|DOID:10952|DOID:114|DOID:11847|DOID:1222|DOID:1247|DOID:1287|DOID:13189|DOID:14188|DOID:1425|DOID:1574|DOID:203|DOID:204|DOID:2355|DOID:2361|DOID:2527|DOID:2921|DOID:2964|DOID:2965|DOID:381|DOID:409|DOID:557|DOID:580|DOID:5844|DOID:585|DOID:5854|DOID:6000|DOID:65|DOID:7147|DOID:7148|DOID:750|DOID:848|DOID:854|DOID:9074|DOID:9408|DOID:971,
DB00770,823,CCCCC[C@H](O)\C=C\[C@H]1[C@H](O)CC(=O)[C@@H]1CCCCCCC(O)=O,P34995|P43116|P43115|P35408|Q9Y5Y4,P15428,P15428,PUBCHEM.COMPOUND:149351,,NCBIGENE:5731|NCBIGENE:5732
DB01406,824,[H][C@@]12CC[C@@](O)(C#C)[C@@]1(C)CC[C@@]1([H])[C@@]2([H])CCC2=CC3=C(C[C@]12C)C=NO3,P03372|P10275|P06401|P30968|Q96P88|P13500,P08684|P11511,P08684|P11511,PUBCHEM.COMPOUND:28417,DOID:0060262|DOID:10354|DOID:10952|DOID:13268|DOID:13809|DOID:1425|DOID:1826|DOID:2527|DOID:288|DOID:289|DOID:2921|DOID:409|DOID:557|DOID:5998|DOID:6364,NCBIGENE:1558|NCBIGENE:1559|NCBIGENE:22796|NCBIGENE:2798|NCBIGENE:3553|NCBIGENE:367|NCBIGENE:412|NCBIGENE:462|NCBIGENE:5054|NCBIGENE:5241|NCBIGENE:5340|NCBIGENE:5627|NCBIGENE:6347|NCBIGENE:6462|NCBIGENE:710|NCBIGENE:866|NCBIGENE:9407
DB08984,825,OCCOCCOC(=O)C1=CC=CC=C1NC1=CC=CC(=C1)C(F)(F)F,,,,PUBCHEM.COMPOUND:35375,DOID:381|DOID:848,
DB03585,826,CCCCC1C(=O)N(N(C1=O)C1=CC=C(O)C=C1)C1=CC=CC=C1,Q9NZK7,,,PUBCHEM.COMPOUND:4641,,NCBIGENE:213|NCBIGENE:30814
DB00735,827,CN(CC=CC1=CC=CC=C1)CC1=CC=CC2=CC=CC=C12,Q14534,,,PUBCHEM.COMPOUND:73342,,
DB00476,828,CNCC[C@H](OC1=CC=CC2=CC=CC=C12)C1=CC=CS1,P31645|P23975|Q01959,P10635|P11712|P08684|P05177|P20813|P33261,P10635|P11712|P08684|P05177|P20813|P33261,PUBCHEM.COMPOUND:60835,DOID:0050741|DOID:0060262|DOID:10763|DOID:10825|DOID:1247|DOID:13550|DOID:1405|DOID:14320|DOID:14445|DOID:14464|DOID:1470|DOID:1574|DOID:1595|DOID:1596|DOID:1826|DOID:2237|DOID:2848|DOID:3312|DOID:3401|DOID:409|DOID:4195|DOID:5082|DOID:631,
DB00833,829,[H][C@]12SCC(Cl)=C(N1C(=O)[C@H]2NC(=O)[C@H](N)C1=CC=CC=C1)C(O)=O,Q75Y35|Q8XJ01,P05164,P05164,PUBCHEM.COMPOUND:51039,DOID:10456|DOID:10459|DOID:2275|DOID:552,
DB00827,830,CCN1N=C(C(O)=O)C(=O)C2=CC3=C(OCO3)C=C12,P43700,P05177,P05177,PUBCHEM.COMPOUND:2762,,NCBIGENE:7153
DB01017,831,[H][C@@]12CC3=C(C(O)=CC=C3N(C)C)C(=O)C1=C(O)[C@]1(O)C(=O)C(C(N)=O)=C(O)[C@@H](N(C)C)[C@]1([H])C2,P0A7X3|P0A7V8|P01584|P09917|P14780|P15692|P29466|P42574|P99999|P35228,,,PUBCHEM.COMPOUND:54675783,DOID:0050127|DOID:0060262|DOID:10113|DOID:10371|DOID:10398|DOID:10773|DOID:10952|DOID:11077|DOID:11100|DOID:11102|DOID:11104|DOID:11256|DOID:11262|DOID:11265|DOID:11459|DOID:11573|DOID:13034|DOID:13778|DOID:13819|DOID:13924|DOID:1425|DOID:1498|DOID:2123|DOID:2275|DOID:2297|DOID:2527|DOID:2921|DOID:3087|DOID:3481|DOID:3482|DOID:409|DOID:4131|DOID:552|DOID:557|DOID:6132|DOID:6543|DOID:7427|DOID:7551|DOID:824|DOID:8478|DOID:9428,
DB00319,832,[H][C@]12SC(C)(C)[C@@H](N1C(=O)[C@H]2NC(=O)[C@H](NC(=O)N1CCN(CC)C(=O)C1=O)C1=CC=CC=C1)C(O)=O,Q75Y35|P0A3M6|Q8DNB6|Q7CRA4,,,PUBCHEM.COMPOUND:43672,DOID:0050590|DOID:10952|DOID:1227|DOID:1247|DOID:12987|DOID:1425|DOID:2527|DOID:2921|DOID:381|DOID:557|DOID:7551|DOID:813|DOID:8337|DOID:8568|DOID:874,
DB00500,833,CN1C(CC(O)=O)=CC=C1C(=O)C1=CC=C(C)C=C1,P35354|P23219,,,PUBCHEM.COMPOUND:5509,DOID:0060262|DOID:10763|DOID:10825|DOID:10952|DOID:114|DOID:11847|DOID:1247|DOID:1287|DOID:1425|DOID:2527|DOID:2921|DOID:381|DOID:409|DOID:557|DOID:5844|DOID:5854|DOID:676|DOID:7148|DOID:750|DOID:848|DOID:9408,
DB00317,834,COC1=C(OCCCN2CCOCC2)C=C2C(NC3=CC(Cl)=C(F)C=C3)=NC=NC2=C1,P00533,,,PUBCHEM.COMPOUND:123631,DOID:0060262|DOID:12123|DOID:1324|DOID:2797|DOID:3082|DOID:3770|DOID:3908|DOID:409,NCBIGENE:10018|NCBIGENE:1030|NCBIGENE:10857|NCBIGENE:11266|NCBIGENE:142|NCBIGENE:182|NCBIGENE:1843|NCBIGENE:1950|NCBIGENE:1956|NCBIGENE:2064|NCBIGENE:2065|NCBIGENE:2066|NCBIGENE:2263|NCBIGENE:2305|NCBIGENE:2475|NCBIGENE:2580|NCBIGENE:285220|NCBIGENE:3308|NCBIGENE:3480|NCBIGENE:3654|NCBIGENE:3717|NCBIGENE:3725|NCBIGENE:4318|NCBIGENE:4436|NCBIGENE:4680|NCBIGENE:4973|NCBIGENE:54600|NCBIGENE:5594|NCBIGENE:5595|NCBIGENE:5743|NCBIGENE:5781|NCBIGENE:595|NCBIGENE:6198|NCBIGENE:6774|NCBIGENE:6790|NCBIGENE:7039|NCBIGENE:800|NCBIGENE:8061|NCBIGENE:836|NCBIGENE:83982|NCBIGENE:8434|NCBIGENE:9021|NCBIGENE:9360|NCBIGENE:9429|NCBIGENE:9451
DB09070,835,[H][C@@]12CC[C@@](O)(C#C)[C@@]1(C)CC[C@]1([H])C3=C(CC(=O)CC3)C[C@@]([H])(C)[C@@]21[H],P03372,P08842|P14060|P26439|P50225,P08842|P14060|P26439|P50225,PUBCHEM.COMPOUND:444008,DOID:11476,NCBIGENE:2100|NCBIGENE:335|NCBIGENE:412|NCBIGENE:5241|NCBIGENE:632|NCBIGENE:6462
DB00229,836,[H][C@]12SCC(CSC3=NN=NN3CCN(C)C)=C(N1C(=O)[C@H]2NC(=O)CC1=CSC(N)=N1)C(O)=O,Q8XJ01,,,PUBCHEM.COMPOUND:43708,,NCBIGENE:9376
DB01606,837,[H][C@@]12CC(=O)N1[C@@H](C(O)=O)[C@](C)(CN1C=CN=N1)S2(=O)=O,P62594|P18251|P0AD63,,,PUBCHEM.COMPOUND:123630,DOID:0050590|DOID:10952|DOID:1227|DOID:1247|DOID:12987|DOID:1425|DOID:2527|DOID:2921|DOID:557|DOID:8337|DOID:8568|DOID:874,
DB08981,838,OC(=O)CCC(=O)C1=CC=C(C=C1)C1=CC=CC=C1,,,,PUBCHEM.COMPOUND:3335,,NCBIGENE:5743
DB00163,839,CC(C)CCC[C@@H](C)CCC[C@@H](C)CCC[C@]1(C)CCC2=C(O1)C(C)=C(C)C(O)=C2C,Q9UDX3|Q9UDX4|O76054|O75469|P05771|P09917|P17252|P23743|P62714|P67775,P09211|P78417|P21266|P48506|P15559|P09601|P00441|P08684|P09210,P09211|P78417|P21266|P48506|P15559|P09601|P00441|P08684|P09210,PUBCHEM.COMPOUND:14985,,NCBIGENE:1278|NCBIGENE:1401|NCBIGENE:1490|NCBIGENE:1555|NCBIGENE:1606|NCBIGENE:240|NCBIGENE:257202|NCBIGENE:266629|NCBIGENE:27306|NCBIGENE:284904|NCBIGENE:2876|NCBIGENE:2877|NCBIGENE:2878|NCBIGENE:2879|NCBIGENE:2936|NCBIGENE:2938|NCBIGENE:2939|NCBIGENE:2940|NCBIGENE:2950|NCBIGENE:3292|NCBIGENE:335|NCBIGENE:356|NCBIGENE:3565|NCBIGENE:3725|NCBIGENE:4790|NCBIGENE:5054|NCBIGENE:5228|NCBIGENE:5468|NCBIGENE:5515|NCBIGENE:5516|NCBIGENE:5578|NCBIGENE:5579|NCBIGENE:5582|NCBIGENE:5595|NCBIGENE:5663|NCBIGENE:57142|NCBIGENE:5743|NCBIGENE:5948|NCBIGENE:6403|NCBIGENE:7040|NCBIGENE:7274|NCBIGENE:7351|NCBIGENE:7389|NCBIGENE:836|NCBIGENE:842|NCBIGENE:847|NCBIGENE:8529|NCBIGENE:8856|NCBIGENE:9407|NCBIGENE:949|NCBIGENE:950
DB01185,840,[H][C@@]12CC[C@](C)(O)[C@@]1(C)C[C@H](O)[C@@]1(F)[C@@]2([H])CCC2=CC(=O)CC[C@]12C,P10275|P03372|P04150|P80365,,,PUBCHEM.COMPOUND:6446,DOID:0050328|DOID:0050569|DOID:0060254|DOID:0060262|DOID:0060578|DOID:0060608|DOID:0060609|DOID:0060644|DOID:0060764|DOID:0060765|DOID:0060766|DOID:0060767|DOID:0060810|DOID:10283|DOID:10286|DOID:10763|DOID:10787|DOID:10825|DOID:10952|DOID:11383|DOID:11634|DOID:11665|DOID:1168|DOID:11725|DOID:11847|DOID:11983|DOID:12678|DOID:12679|DOID:127|DOID:12859|DOID:13206|DOID:13223|DOID:1380|DOID:1425|DOID:1459|DOID:14681|DOID:14796|DOID:1727|DOID:1826|DOID:1837|DOID:1921|DOID:1924|DOID:2106|DOID:2394|DOID:2450|DOID:2451|DOID:2452|DOID:2485|DOID:2527|DOID:2841|DOID:2871|DOID:288|DOID:2883|DOID:289|DOID:2921|DOID:2962|DOID:3133|DOID:3393|DOID:3490|DOID:3526|DOID:3755|DOID:3756|DOID:3875|DOID:409|DOID:4386|DOID:4674|DOID:5003|DOID:557|DOID:5844|DOID:5854|DOID:6000|DOID:6364|DOID:6683|DOID:6713|DOID:9074|DOID:9351|DOID:9360|DOID:9408|DOID:9415|DOID:9460|DOID:9477|DOID:9970,NCBIGENE:2908|NCBIGENE:367|NCBIGENE:6906
DB13873,841,CC(C)(OC1=CC=C(C=C1)C(=O)C1=CC=C(Cl)C=C1)C(O)=O,Q07869|Q9NPA2|P37231|Q03181|O75469,,,PUBCHEM.COMPOUND:64929,,NCBIGENE:336|NCBIGENE:345|NCBIGENE:3952|NCBIGENE:51094|NCBIGENE:6347
DB00583,842,C[N+](C)(C)C[C@H](O)CC([O-])=O,P47989|P23141|P05164|P50416|Q9H015|O76082|P43155|Q8N8R3|O43772|Q9UKG9|P23786,,,PUBCHEM.COMPOUND:10917,DOID:0060262|DOID:10952|DOID:1247|DOID:13580|DOID:1425|DOID:1826|DOID:2527|DOID:2921|DOID:409|DOID:557,NCBIGENE:1066|NCBIGENE:123096|NCBIGENE:1374|NCBIGENE:1376|NCBIGENE:1384|NCBIGENE:4353|NCBIGENE:54677|NCBIGENE:5468|NCBIGENE:6583|NCBIGENE:6584|NCBIGENE:7498|NCBIGENE:788|NCBIGENE:8424|NCBIGENE:8739
DB09093,843,[H][C@@]12C[C@@]3([H])C(=C(O)[C@]1(O)C(=O)C(C(N)=O)=C(O)[C@H]2N(C)C)C(=O)C1=C(O)C=CC(Cl)=C1[C@@]3(C)O,P0A7V3|P0A7W7|P0A7U3|P0AG59|P02359|P84077|P29422|P54762|P16233|Q9UM07,,,PUBCHEM.COMPOUND:54708735,,
DB00861,844,OC(=O)C1=C(O)C=CC(=C1)C1=C(F)C=C(F)C=C1,P35354|P23219,,,PUBCHEM.COMPOUND:3059,DOID:0060262|DOID:10763|DOID:10825|DOID:10952|DOID:114|DOID:11847|DOID:1247|DOID:1287|DOID:1425|DOID:2527|DOID:2921|DOID:381|DOID:409|DOID:557|DOID:5844|DOID:5854|DOID:7148|DOID:750|DOID:848|DOID:9408,NCBIGENE:213|NCBIGENE:54575|NCBIGENE:5742|NCBIGENE:5743|NCBIGENE:7276
DB00438,845,[O-]C(=O)C1=C(CS[C@]2([H])[C@H](NC(=O)C(=N/OC(C)(C)C(O)=O)\C3=CSC(N)=N3)C(=O)N12)C[N+]1=CC=CC=C1,P0AD68|P02918|P02919|P0AD65|Q47066,,,PUBCHEM.COMPOUND:5481173,DOID:0060262|DOID:0080176|DOID:1002|DOID:10310|DOID:10952|DOID:1247|DOID:1425|DOID:2215|DOID:2216|DOID:2236|DOID:2527|DOID:2921|DOID:381|DOID:409|DOID:557|DOID:813|DOID:874|DOID:9470,NCBIGENE:1719
DB00437,846,OC1=NC=NC2=C1C=NN2,P47989,Q06278|P47989,Q06278|P47989,PUBCHEM.COMPOUND:2094,DOID:0060262|DOID:11123|DOID:13189|DOID:1920|DOID:409|DOID:9808|DOID:9809,NCBIGENE:1392|NCBIGENE:1401|NCBIGENE:316|NCBIGENE:3251|NCBIGENE:4353|NCBIGENE:4860|NCBIGENE:51085|NCBIGENE:7498|NCBIGENE:847|NCBIGENE:8795|NCBIGENE:8856|NCBIGENE:9407
DB00267,847,[H][C@]12SCC(CSC3=NN=NN3C)=C(N1C(=O)[C@H]2NC(=O)C(=N/OC)\C1=CSC(N)=N1)C(O)=O,P0AD68|Q8XJ01,,,PUBCHEM.COMPOUND:9570757,,
DB00618,848,[H][C@]12C[C@@]3([H])[C@H](N(C)C)C(O)=C(C(N)=O)C(=O)[C@@]3(O)C(O)=C1C(=O)C1=C([C@H]2O)C(Cl)=CC=C1O,P30518,,,PUBCHEM.COMPOUND:54680690,DOID:0050127|DOID:10113|DOID:10371|DOID:10952|DOID:11077|DOID:11100|DOID:11104|DOID:11256|DOID:11262|DOID:11265|DOID:12388|DOID:13034|DOID:13778|DOID:13819|DOID:13924|DOID:1425|DOID:2275|DOID:2297|DOID:2527|DOID:2921|DOID:3087|DOID:4131|DOID:552|DOID:557|DOID:6132|DOID:7427|DOID:7551|DOID:8478|DOID:9409,
DB00621,849,[H][C@@]12CC[C@](C)(O)[C@@]1(C)CC[C@@]1([H])[C@@]2([H])CC[C@@]2([H])CC(=O)OC[C@]12C,P10275,P11712,P11712,PUBCHEM.COMPOUND:5878,DOID:0050766|DOID:0060262|DOID:10283|DOID:10286|DOID:10952|DOID:10966|DOID:1184|DOID:1247|DOID:12678|DOID:12679|DOID:13206|DOID:1386|DOID:1387|DOID:1388|DOID:1391|DOID:1425|DOID:1936|DOID:2348|DOID:2349|DOID:2485|DOID:2527|DOID:2590|DOID:2883|DOID:2921|DOID:3393|DOID:3571|DOID:409|DOID:5162|DOID:557|DOID:6000|DOID:914,NCBIGENE:367
DB00467,850,CCN1C=C(C(O)=O)C(=O)C2=CC(F)=C(N=C12)N1CCNCC1,P43700|P43702|P11388,P05177,P05177,PUBCHEM.COMPOUND:3229,DOID:7551,NCBIGENE:1544|NCBIGENE:7153
DB01140,851,[H][C@]12SCC(C)=C(N1C(=O)[C@H]2NC(=O)[C@H](N)C1=CC=C(O)C=C1)C(O)=O,Q75Y35|Q8DR59|Q7CRA4|P0A3M6,,,PUBCHEM.COMPOUND:47965,DOID:10456,
DB00487,852,CCN1C=C(C(O)=O)C(=O)C2=CC(F)=C(C=C12)N1CCN(C)CC1,P43702|P43700|P11388|Q06AK7,P05177,P05177,PUBCHEM.COMPOUND:51081,,NCBIGENE:7153
DB01605,853,[H]C(=N[C@@H]1C(=O)N2[C@@H](C(=O)OCOC(=O)C(C)(C)C)C(C)(C)S[C@]12[H])N1CCCCCC1,Q8XJ01,,,PUBCHEM.COMPOUND:115163,,
DB01604,854,[H][C@]12SC(C)(C)[C@@H](N1C(=O)[C@H]2NC(=O)[C@H](N)C1=CC=CC=C1)C(=O)OCOC(=O)C(C)(C)C,Q8XJ01,,,PUBCHEM.COMPOUND:33478,,
DB01607,855,[H][C@]12SC(C)(C)[C@@H](N1C(=O)[C@H]2NC(=O)[C@H](C(O)=O)C1=CSC=C1)C(O)=O,C1KC03,,,PUBCHEM.COMPOUND:36921,DOID:0050152|DOID:1003|DOID:10952|DOID:10974|DOID:1425|DOID:2527|DOID:2921|DOID:3240|DOID:3798|DOID:557|DOID:5733|DOID:8568|DOID:874,
DB01603,856,[H][C@]12SC(C)(C)[C@@H](N1C(=O)[C@H]2NC(=O)C1=C(OC)C=CC=C1OC)C(O)=O,Q53707|Q8DNB6|Q7CRA4|P0A3M6|Q75Y35|Q8DR59,,,PUBCHEM.COMPOUND:6087,DOID:0050127|DOID:10952|DOID:1425|DOID:2527|DOID:2921|DOID:557|DOID:8568,NCBIGENE:25870
DB01329,857,[H][C@]12SCC(CSC3=NN=NN3C)=C(N1C(=O)[C@@]2([H])NC(=O)[C@H](NC(=O)N1CCN(CC)C(=O)C1=O)C1=CC=C(O)C=C1)C(O)=O,P0AD68|P02919|P0AD65|Q07806|Q9X6W0|P08506|P02918|P0AEB2|P24228,,,PUBCHEM.COMPOUND:44185,,
DB01328,858,[H][C@]12SCC(CSC3=NN=NN3CS(O)(=O)=O)=C(N1C(=O)[C@H]2NC(=O)[C@H](O)C1=CC=CC=C1)C(O)=O,P02918|P0AD68|P02919|P24228|P0AD65,,,PUBCHEM.COMPOUND:43594,DOID:381|DOID:552|DOID:813,
DB01327,859,[H][C@]12SCC(CSC3=NN=C(C)S3)=C(N1C(=O)[C@H]2NC(=O)CN1C=NN=N1)C(O)=O,P02918|P02919|P76577|P0AD65|P0AD68|P27169|P40933|P60568,P51580,P51580,PUBCHEM.COMPOUND:33255,DOID:0060643|DOID:1247|DOID:14268|DOID:14269|DOID:14270|DOID:2215|DOID:2216|DOID:2236|DOID:381|DOID:4562|DOID:813|DOID:874|DOID:9446,NCBIGENE:5444|NCBIGENE:9376
DB01326,860,[H][C@]12SCC(CSC3=NN=NN3C)=C(N1C(=O)[C@H]2NC(=O)[C@H](O)C1=CC=CC=C1)C(O)=O,Q70KI2,,,PUBCHEM.COMPOUND:456255,DOID:0050741|DOID:10952|DOID:1247|DOID:1425|DOID:1574|DOID:2215|DOID:2216|DOID:2236|DOID:2527|DOID:2921|DOID:381|DOID:552|DOID:557|DOID:813,
DB00176,861,COCCCC\C(=N/OCCN)C1=CC=C(C=C1)C(F)(F)F,P31645|Q12809,P10635|P05177|P04798|P08684|P11712|P33261|P20813,P10635|P05177|P04798|P08684|P11712|P33261|P20813,PUBCHEM.COMPOUND:3404,,NCBIGENE:6532
DB00685,862,[H][C@@]12CN(C[C@]1([H])[C@H]2N)C1=NC2=C(C=C1F)C(=O)C(=CN2C1=C(F)C=C(F)C=C1)C(O)=O,P43700|P43702|P11388,P05177,P05177,PUBCHEM.COMPOUND:62959,,NCBIGENE:7153
DB01155,863,CO\N=C1/CN(CC1CN)C1=NC2=C(C=C1F)C(=O)C(=CN2C1CC1)C(O)=O,P43700|P43702,P05177,P05177,PUBCHEM.COMPOUND:9571107,DOID:12139|DOID:1389|DOID:1470|DOID:1595|DOID:1596|DOID:1826|DOID:203|DOID:204|DOID:2848|DOID:2964|DOID:437|DOID:4500|DOID:4964|DOID:574|DOID:870|DOID:874|DOID:971,NCBIGENE:7153
DB01083,864,CCCCCCCCCCC[C@@H](C[C@@H]1OC(=O)[C@H]1CCCCCC)OC(=O)[C@H](CC(C)C)NC=O,P16233|P07098|P49327,P08684|P47712|P49327,P08684|P47712|P49327,PUBCHEM.COMPOUND:3034010,DOID:12129|DOID:13580|DOID:2977|DOID:8689|DOID:9970,NCBIGENE:1672|NCBIGENE:2194|NCBIGENE:26090|NCBIGENE:2641|NCBIGENE:3991|NCBIGENE:4023|NCBIGENE:5034|NCBIGENE:5406|NCBIGENE:5697|NCBIGENE:747|NCBIGENE:7920|NCBIGENE:7941|NCBIGENE:8513
DB01332,865,[H][C@]12SCC=C(N1C(=O)[C@H]2NC(=O)C(=N/OC)\C1=CSC(N)=N1)C(O)=O,P02918|P02919|P08506,,,PUBCHEM.COMPOUND:6533629,DOID:10952|DOID:11574|DOID:12156|DOID:1247|DOID:1425|DOID:2215|DOID:2216|DOID:2236|DOID:2527|DOID:2921|DOID:381|DOID:552|DOID:557|DOID:7551|DOID:813|DOID:9471,
DB01333,866,[H][C@]12SCC(C)=C(N1C(=O)[C@H]2NC(=O)[C@H](N)C1=CCC=CC1)C(O)=O,P02918,P08684,P08684,PUBCHEM.COMPOUND:38103,DOID:10456|DOID:10459|DOID:10754|DOID:14654|DOID:2275|DOID:381|DOID:552|DOID:813,NCBIGENE:2908
DB01330,867,[H][C@]12SCC(CSC3=NN=NN3C)=C(N1C(=O)[C@]2(NC(=O)C1SC(S1)=C(C(N)=O)C(O)=O)OC)C(O)=O,Q75Y35,,,PUBCHEM.COMPOUND:53025,DOID:0060262|DOID:1002|DOID:10952|DOID:11249|DOID:1425|DOID:2215|DOID:2216|DOID:2236|DOID:2527|DOID:2921|DOID:409|DOID:5295|DOID:557|DOID:583|DOID:77|DOID:874,
DB01331,868,[H][C@]12SCC(COC(N)=O)=C(N1C(=O)[C@]2(NC(=O)CC1=CC=CS1)OC)C(O)=O,P08506|P0AEB2|P0AFI5|P24228|P02918|P02919|P0AD68|Q75Y35|Q7CRA4|Q8DNB6|Q8DR59|P0A3M6,P00808,P00808,PUBCHEM.COMPOUND:441199,DOID:0060180|DOID:0060189|DOID:0060190|DOID:1002|DOID:10952|DOID:1425|DOID:2326|DOID:2527|DOID:2921|DOID:381|DOID:557|DOID:7551|DOID:813|DOID:874,NCBIGENE:6403
DB01212,869,[H][C@]12SCC(CSC3=NC(=O)C(=O)NN3C)=C(N1C(=O)[C@H]2NC(=O)C(=N/OC)\C1=CSC(N)=N1)C(O)=O,P0A3M6|Q9NSA0|Q4U2R8|Q8TCC7|P46059,P15104,P15104,PUBCHEM.COMPOUND:5479530,DOID:0060262|DOID:0080176|DOID:1002|DOID:10310|DOID:10371|DOID:11574|DOID:13778|DOID:13819|DOID:13924|DOID:2297|DOID:2383|DOID:381|DOID:409|DOID:583|DOID:7551|DOID:813|DOID:874|DOID:9470,NCBIGENE:1719|NCBIGENE:23657|NCBIGENE:55867|NCBIGENE:6506|NCBIGENE:6564|NCBIGENE:9356|NCBIGENE:9376
DB01602,870,[H][C@]12SC(C)(C)[C@@H](N1C(=O)[C@H]2NC(=O)[C@H](N)C1=CC=CC=C1)C(=O)OC(C)OC(=O)OCC,,,,PUBCHEM.COMPOUND:441397,DOID:0050127|DOID:10952|DOID:1425|DOID:2275|DOID:2527|DOID:2921|DOID:557|DOID:7551|DOID:8568,
DB00456,871,[H][C@@]1(NC(=O)CC2=CC=CS2)C(=O)N2C(C(O)=O)=C(COC(C)=O)CS[C@]12[H],P15555|Q8DR59|Q7CRA4|Q75Y35|Q8DNB6|P0A3M6|Q8XJ01|P00811,,,PUBCHEM.COMPOUND:6024,DOID:381|DOID:552|DOID:813,NCBIGENE:114294|NCBIGENE:799
DB09320,872,CCN(CC)CCOC(=O)C1=CC=C(N)C=C1.[H][C@]12SC(C)(C)[C@@H](N1C(=O)[C@H]2NC(=O)CC1=CC=CC=C1)C(O)=O,,,,PUBCHEM.COMPOUND:5903,DOID:10027|DOID:10035|DOID:10039|DOID:10754|DOID:10952|DOID:11330|DOID:11405|DOID:1425|DOID:2275|DOID:2527|DOID:2921|DOID:3087|DOID:4157|DOID:4562|DOID:557|DOID:7427|DOID:8200|DOID:8568|DOID:8596|DOID:9988,
DB09323,873,O.O.O.O.C(CNCC1=CC=CC=C1)NCC1=CC=CC=C1.[H][C@]12SC(C)(C)[C@@H](N1C(=O)[C@H]2NC(=O)CC1=CC=CC=C1)C(O)=O.[H][C@]12SC(C)(C)[C@@H](N1C(=O)[C@H]2NC(=O)CC1=CC=CC=C1)C(O)=O,,,,,,
DB00839,874,CC1=CC=C(C=C1)S(=O)(=O)NC(=O)NN1CCCCCC1,,P11712,P11712,PUBCHEM.COMPOUND:5503,DOID:0050741|DOID:0060262|DOID:0060870|DOID:0060872|DOID:0060873|DOID:0060874|DOID:0060875|DOID:0090070|DOID:0090071|DOID:0090072|DOID:0090073|DOID:0090074|DOID:0090076|DOID:0090077|DOID:0090078|DOID:0090079|DOID:0090080|DOID:0090081|DOID:0090082|DOID:0090083|DOID:0090084|DOID:0090085|DOID:0090086|DOID:0090087|DOID:0090089|DOID:0090090|DOID:0090092|DOID:0090093|DOID:0090094|DOID:10493|DOID:1074|DOID:10952|DOID:13774|DOID:1425|DOID:1574|DOID:2527|DOID:2921|DOID:3133|DOID:3614|DOID:3650|DOID:409|DOID:4676|DOID:533|DOID:557|DOID:9351|DOID:9352|DOID:9406|DOID:9410|DOID:9476|DOID:9993,NCBIGENE:3758|NCBIGENE:3766|NCBIGENE:6513
DB09008,875,[H][C@]12SCC(C[N+]3=CC=CC=C3)=C(N1C(=O)[C@H]2NC(=O)CC1=CC=CS1)C([O-])=O,,,,PUBCHEM.COMPOUND:5773,,NCBIGENE:9356|NCBIGENE:9376
DB08983,876,CC(C)(OC1=CC=C(Cl)C=C1)C(=O)OCCOC(=O)C1=CN=CC=C1,,,,PUBCHEM.COMPOUND:65777,,
DB04576,877,CN1CCN(CC1)C1=C(F)C=C2C(=O)C(=CN(CCF)C2=C1F)C(O)=O,P43700|P43702|P11388,,,PUBCHEM.COMPOUND:3357,,NCBIGENE:7153
DB00715,878,FC1=CC=C(C=C1)[C@@H]1CCNC[C@H]1COC1=CC2=C(OCO2)C=C1,P31645|P23975|P28223|P14416|P35367|P41595,P20813|P05177|P08684|P33261|P10635|P11712,P20813|P05177|P08684|P33261|P10635|P11712,PUBCHEM.COMPOUND:43815,DOID:0060262|DOID:10933|DOID:11257|DOID:12139|DOID:1247|DOID:14320|DOID:14464|DOID:1470|DOID:1595|DOID:1596|DOID:1826|DOID:2055|DOID:2848|DOID:3312|DOID:3401|DOID:409|DOID:4964|DOID:591|DOID:594,NCBIGENE:1128|NCBIGENE:1131|NCBIGENE:1132|NCBIGENE:1133|NCBIGENE:1555|NCBIGENE:156|NCBIGENE:1565|NCBIGENE:54331|NCBIGENE:6011|NCBIGENE:627|NCBIGENE:6530|NCBIGENE:6531|NCBIGENE:6532|NCBIGENE:7166|NCBIGENE:80303|NCBIGENE:9407
DB00779,879,CCN1C=C(C(O)=O)C(=O)C2=C1N=C(C)C=C2,,P48775|P05177,P48775|P05177,PUBCHEM.COMPOUND:4421,DOID:0060215|DOID:0060262|DOID:10588|DOID:13268|DOID:1389|DOID:1826|DOID:203|DOID:204|DOID:2747|DOID:2749|DOID:2862|DOID:2964|DOID:331|DOID:409|DOID:574|DOID:863|DOID:870|DOID:8986|DOID:9266|DOID:971|DOID:9870,NCBIGENE:7153|NCBIGENE:7155
DB00493,880,[H][C@]12SCC(COC(C)=O)=C(N1C(=O)[C@H]2NC(=O)C(=N/OC)\C1=CSC(N)=N1)C(O)=O,Q7CRA4|Q8DNB6|P42971|Q8DR59|P0A3M6|Q4U2R8|Q8TCC7|Q9NSA0|Q9Y694|P46059|P02768|B2ZTR6|Q16348,,,PUBCHEM.COMPOUND:5742673,DOID:0080176|DOID:10310|DOID:11574|DOID:813|DOID:874|DOID:9470,NCBIGENE:10864|NCBIGENE:213|NCBIGENE:55867|NCBIGENE:6564|NCBIGENE:6565|NCBIGENE:9356|NCBIGENE:9376
DB01053,881,[H][C@]12SC(C)(C)[C@@H](N1C(=O)[C@H]2NC(=O)CC1=CC=CC=C1)C(O)=O,A0A0H2XJ39|Q8TCC7|P46059|Q16348,P62593,P62593,PUBCHEM.COMPOUND:5904,DOID:0050152|DOID:0080176|DOID:10027|DOID:10035|DOID:10039|DOID:10459|DOID:10754|DOID:10952|DOID:11330|DOID:11405|DOID:11572|DOID:11574|DOID:1425|DOID:2275|DOID:2527|DOID:2921|DOID:3087|DOID:3240|DOID:4131|DOID:4157|DOID:4562|DOID:557|DOID:7426|DOID:7427|DOID:8200|DOID:8478|DOID:8568|DOID:8596|DOID:9988,NCBIGENE:1666|NCBIGENE:3458|NCBIGENE:3558|NCBIGENE:3576|NCBIGENE:3586|NCBIGENE:3606|NCBIGENE:6564|NCBIGENE:6565|NCBIGENE:7097|NCBIGENE:7124|NCBIGENE:9376|NCBIGENE:952
DB01044,882,COC1=C2N(C=C(C(O)=O)C(=O)C2=CC(F)=C1N1CCNC(C)C1)C1CC1,P72524|P0A4L9|P72525|Q59961,P05177,P05177,PUBCHEM.COMPOUND:5379,DOID:874,NCBIGENE:2641|NCBIGENE:3576|NCBIGENE:7153
DB00539,883,CN(C)CCOC1=CC=C(C=C1)C(=C(\CCCl)C1=CC=CC=C1)\C1=CC=CC=C1,P03372|P04278,P04798|P08684,P04798|P08684,PUBCHEM.COMPOUND:3005573,DOID:12678|DOID:12679|DOID:1588|DOID:2485|DOID:4500|DOID:615,
DB01137,884,C[C@H]1COC2=C3N1C=C(C(O)=O)C(=O)C3=CC(F)=C2N1CCN(C)CC1,P43700|P43702,P11712,P11712,PUBCHEM.COMPOUND:149096,DOID:0050590|DOID:0060262|DOID:1063|DOID:11400|DOID:1227|DOID:12450|DOID:12987|DOID:1389|DOID:1588|DOID:1826|DOID:1837|DOID:203|DOID:204|DOID:2355|DOID:2361|DOID:2744|DOID:2964|DOID:3393|DOID:409|DOID:437|DOID:4500|DOID:574|DOID:615|DOID:7327|DOID:7427|DOID:870|DOID:874|DOID:9351|DOID:971,NCBIGENE:1719|NCBIGENE:3553|NCBIGENE:3558|NCBIGENE:7153|NCBIGENE:7155
DB00441,885,NC1=NC(=O)N(C=C1)[C@@H]1O[C@H](CO)[C@@H](O)C1(F)F,P23921|P04818|P30085,,,PUBCHEM.COMPOUND:60750,DOID:0060262|DOID:10952|DOID:12449|DOID:12554|DOID:1324|DOID:1425|DOID:1588|DOID:2355|DOID:2361|DOID:2394|DOID:2527|DOID:2921|DOID:3082|DOID:3908|DOID:4074|DOID:409|DOID:557|DOID:615,
DB00501,886,CN\C(NCCSCC1=C(C)NC=N1)=N\C#N,P25021,,,PUBCHEM.COMPOUND:2756,DOID:0050782|DOID:0060262|DOID:10017|DOID:10534|DOID:10808|DOID:11963|DOID:13656|DOID:13976|DOID:1724|DOID:2018|DOID:2321|DOID:349|DOID:409|DOID:4660|DOID:4798|DOID:5517|DOID:8534,NCBIGENE:10752|NCBIGENE:10864|NCBIGENE:146802|NCBIGENE:1543|NCBIGENE:1544|NCBIGENE:1555|NCBIGENE:1557|NCBIGENE:1559|NCBIGENE:1565|NCBIGENE:1576|NCBIGENE:1577|NCBIGENE:212|NCBIGENE:3067|NCBIGENE:3196|NCBIGENE:3274|NCBIGENE:51109|NCBIGENE:55244|NCBIGENE:55811|NCBIGENE:5617|NCBIGENE:6401|NCBIGENE:6581|NCBIGENE:6582|NCBIGENE:6750|NCBIGENE:8549|NCBIGENE:9356|NCBIGENE:9376|NCBIGENE:9407|NCBIGENE:9429|NCBIGENE:9518
DB06176,887,C\C=C1/NC(=O)[C@H]2CSSCC\C=C\[C@H](CC(=O)N[C@H](C(C)C)C(=O)N2)OC(=O)[C@@H](NC1=O)C(C)C,Q13547|Q92769|P56524|Q9UBN7|P33527,P20815|P04798|P20813|P33261|P08684,P20815|P04798|P20813|P33261|P08684,PUBCHEM.COMPOUND:57515973,,
DB01061,888,[H][C@](NC(=O)N1CCNC1=O)(C(=O)N[C@@H]1C(=O)N2[C@@H](C(O)=O)C(C)(C)S[C@]12[H])C1=CC=CC=C1,Q8XJ01,,,PUBCHEM.COMPOUND:6479523,DOID:0050152|DOID:10952|DOID:1425|DOID:2527|DOID:2921|DOID:3240|DOID:381|DOID:557|DOID:813|DOID:8568,
DB00958,889,[H][N]([H])([H])[Pt]1(OC(=O)C2(CCC2)C(=O)O1)[N]([H])([H])[H],,P47989|P05164|P30711|P04731|P02795|P00441|P09211|P09488|P15559,P47989|P05164|P30711|P04731|P02795|P00441|P09211|P09488|P15559,PUBCHEM.COMPOUND:38904,DOID:0050590|DOID:0060262|DOID:10952|DOID:1227|DOID:12449|DOID:1247|DOID:12987|DOID:1389|DOID:1425|DOID:1588|DOID:2355|DOID:2361|DOID:2394|DOID:2527|DOID:2921|DOID:409|DOID:557|DOID:574|DOID:615|DOID:870,
DB06263,890,[H][C@@]1(C[C@@](N)(CC2=C1C(O)=C1C(=O)C3=CC=CC=C3C(=O)C1=C2O)C(C)=O)O[C@H]1C[C@H](O)[C@H](O)CO1,P11388,P16435|P16152,P16435|P16152,PUBCHEM.COMPOUND:3035016,,
DB03615,891,[H][C@@]1(O[C@@H]2[C@@H](O)[C@H](N)C[C@H](N)[C@H]2O[C@H]2O[C@H](CN)[C@@H](O)[C@H](O)[C@H]2N)O[C@H](CO)[C@@H](O)[C@H]1O,P07237|P0A7S3|Q9R381|P9WQG9,P9WQG9,P9WQG9,PUBCHEM.COMPOUND:33042,,NCBIGENE:5034
DB00445,892,COC1=CC=CC2=C1C(=O)C1=C(O)C3=C(C[C@](O)(C[C@@H]3O[C@H]3C[C@H](N)[C@@H](O)[C@H](C)O3)C(=O)CO)C(O)=C1C2=O,P11388,P16662|P47712,P16662|P47712,PUBCHEM.COMPOUND:41867,DOID:0050590|DOID:0050700|DOID:0060262|DOID:10952|DOID:11847|DOID:11875|DOID:11984|DOID:1227|DOID:12932|DOID:12987|DOID:1425|DOID:1588|DOID:1612|DOID:2527|DOID:2921|DOID:3459|DOID:409|DOID:557|DOID:5844|DOID:5854|DOID:9408|DOID:9637|DOID:9673,NCBIGENE:1462|NCBIGENE:2305|NCBIGENE:4363|NCBIGENE:7153|NCBIGENE:836|NCBIGENE:842|NCBIGENE:9429
DB00903,893,CCC(=C)C(=O)C1=C(Cl)C(Cl)=C(OCC(O)=O)C=C1,Q13621|P05023|Q9UJU2|P09211,,,PUBCHEM.COMPOUND:3278,DOID:11199|DOID:13189|DOID:1837|DOID:1920|DOID:2913|DOID:2983|DOID:4184|DOID:4195|DOID:4500|DOID:4989|DOID:5082|DOID:6000|DOID:9351,NCBIGENE:1646|NCBIGENE:2012|NCBIGENE:23435|NCBIGENE:2938|NCBIGENE:2950|NCBIGENE:4363|NCBIGENE:5972|NCBIGENE:7123
DB00695,894,NS(=O)(=O)C1=C(Cl)C=C(NCC2=CC=CO2)C(=C1)C(O)=O,Q13621|P00918|Q9HC97,,,PUBCHEM.COMPOUND:3440,DOID:10763|DOID:10825|DOID:11847|DOID:12678|DOID:12679|DOID:13189|DOID:13206|DOID:13948|DOID:1837|DOID:1920|DOID:2485|DOID:2883|DOID:2913|DOID:2983|DOID:4500|DOID:4989|DOID:5844|DOID:5854|DOID:6000|DOID:9074|DOID:9351|DOID:9408,NCBIGENE:1188|NCBIGENE:213|NCBIGENE:3586|NCBIGENE:3818|NCBIGENE:5054|NCBIGENE:54575|NCBIGENE:54576|NCBIGENE:54577|NCBIGENE:54659|NCBIGENE:551|NCBIGENE:5742|NCBIGENE:57468|NCBIGENE:5747|NCBIGENE:5972|NCBIGENE:6558|NCBIGENE:6560|NCBIGENE:6906|NCBIGENE:7123|NCBIGENE:7124|NCBIGENE:760|NCBIGENE:7809|NCBIGENE:9377|NCBIGENE:9622|NCBIGENE:9976
DB00385,895,[H][C@@]1(C[C@@](O)(CC2=C(O)C3=C(C(O)=C12)C(=O)C1=C(OC)C=CC=C1C3=O)C(=O)COC(=O)CCCC)O[C@H]1C[C@H](NC(=O)C(F)(F)F)[C@H](O)[C@H](C)O1,P11388,,,PUBCHEM.COMPOUND:454216,DOID:11054|DOID:4007,
DB01172,896,NC[C@H]1O[C@H](O[C@@H]2[C@@H](N)C[C@@H](N)[C@H](O[C@H]3O[C@H](CO)[C@@H](O)[C@H](N)[C@H]3O)[C@H]2O)[C@H](O)[C@@H](O)[C@@H]1O,P0A7S3,,,PUBCHEM.COMPOUND:6032,DOID:0060643|DOID:10952|DOID:12156|DOID:12678|DOID:12679|DOID:13548|DOID:1425|DOID:14268|DOID:14269|DOID:14270|DOID:2479|DOID:2485|DOID:2527|DOID:2921|DOID:381|DOID:437|DOID:557|DOID:813|DOID:874|DOID:9446|DOID:9471,
DB01082,897,CN[C@H]1[C@H](O)[C@@H](O)[C@H](CO)O[C@H]1O[C@H]1[C@H](O[C@H]2[C@H](O)[C@@H](O)[C@H](NC(N)=N)[C@@H](O)[C@@H]2NC(N)=N)O[C@@H](C)[C@]1(O)C=O,P0A7S3|Q9UM07,,,PUBCHEM.COMPOUND:19649,DOID:10371|DOID:10398|DOID:10773|DOID:10952|DOID:11077|DOID:12678|DOID:12679|DOID:13548|DOID:13778|DOID:13819|DOID:13924|DOID:1425|DOID:2123|DOID:2297|DOID:2479|DOID:2485|DOID:2527|DOID:2921|DOID:2957|DOID:3481|DOID:3482|DOID:437|DOID:557|DOID:9534,
DB00479,898,NCC[C@H](O)C(=O)N[C@@H]1C[C@H](N)[C@@H](O[C@H]2O[C@H](CN)[C@@H](O)[C@H](O)[C@H]2O)[C@H](O)[C@H]1O[C@H]1O[C@H](CO)[C@@H](O)[C@H](N)[C@H]1O,P0A7S3,,,PUBCHEM.COMPOUND:37768,DOID:0060643|DOID:10310|DOID:10952|DOID:12678|DOID:12679|DOID:13548|DOID:1425|DOID:14268|DOID:14269|DOID:14270|DOID:2479|DOID:2485|DOID:2527|DOID:2921|DOID:381|DOID:437|DOID:557|DOID:813|DOID:874|DOID:9446|DOID:9470,NCBIGENE:11131|NCBIGENE:847
DB06810,899,CO[C@@H]([C@@H]1CC2=CC3=CC(O[C@H]4C[C@@H](O[C@H]5C[C@@H](O)[C@H](O)[C@@H](C)O5)[C@H](O)[C@@H](C)O4)=C(C)C(O)=C3C(O)=C2C(=O)[C@H]1O[C@H]1C[C@@H](O[C@H]2C[C@@H](O[C@H]3C[C@](C)(O)[C@H](O)[C@@H](C)O3)[C@@H](O)[C@@H](C)O2)[C@H](O)[C@@H](C)O1)C(=O)[C@@H](O)[C@@H](C)O,,,,PUBCHEM.COMPOUND:163659,DOID:2998|DOID:4440|DOID:5842,NCBIGENE:1490|NCBIGENE:19|NCBIGENE:2059|NCBIGENE:2534|NCBIGENE:27165|NCBIGENE:2744|NCBIGENE:3605|NCBIGENE:367|NCBIGENE:4170|NCBIGENE:6667|NCBIGENE:6670|NCBIGENE:7097|NCBIGENE:7157|NCBIGENE:7474|NCBIGENE:9021|NCBIGENE:9429
DB00798,900,[H][C@@]1(CN)CC[C@@H](N)[C@@H](O[C@]2([H])[C@@H](N)C[C@@H](N)[C@H](O[C@@]3([H])OC[C@](C)(O)[C@H](NC)[C@H]3O)[C@H]2O)O1.[H][C@]1(CC[C@@H](N)[C@@H](O[C@]2([H])[C@@H](N)C[C@@H](N)[C@H](O[C@@]3([H])OC[C@](C)(O)[C@H](NC)[C@H]3O)[C@H]2O)O1)C(C)N.[H][C@]1(CC[C@@H](N)[C@@H](O[C@]2([H])[C@@H](N)C[C@@H](N)[C@H](O[C@@]3([H])OC[C@](C)(O)[C@H](NC)[C@H]3O)[C@H]2O)O1)C(C)NC,P0A7S3|P08164|P00374,,,PUBCHEM.COMPOUND:3467,DOID:0060643|DOID:0080158|DOID:10310|DOID:1067|DOID:10952|DOID:12678|DOID:12679|DOID:13117|DOID:13548|DOID:1425|DOID:14268|DOID:14269|DOID:14270|DOID:1837|DOID:2479|DOID:2485|DOID:2527|DOID:2921|DOID:381|DOID:437|DOID:4409|DOID:557|DOID:6195|DOID:813|DOID:874|DOID:8941|DOID:9282|DOID:9351|DOID:9446|DOID:9470|DOID:950|DOID:9938,NCBIGENE:1080|NCBIGENE:1719|NCBIGENE:1756|NCBIGENE:2706|NCBIGENE:290|NCBIGENE:4036|NCBIGENE:4843|NCBIGENE:5184|NCBIGENE:5594|NCBIGENE:5595|NCBIGENE:7157|NCBIGENE:836|NCBIGENE:842|NCBIGENE:9407|NCBIGENE:9768
DB00428,901,CN(N=O)C(=O)N[C@H]1[C@@H](O)O[C@H](CO)[C@@H](O)[C@@H]1O,Q89ZI2|P11168|O60502,P04798|P05177|P05181,P04798|P05177|P05181,PUBCHEM.COMPOUND:29327,DOID:0060262|DOID:104|DOID:10952|DOID:12449|DOID:1247|DOID:1425|DOID:1564|DOID:1588|DOID:1837|DOID:2355|DOID:2361|DOID:2527|DOID:2921|DOID:409|DOID:557|DOID:615|DOID:8913|DOID:934|DOID:9351,NCBIGENE:10724|NCBIGENE:130013|NCBIGENE:1579|NCBIGENE:1636|NCBIGENE:181|NCBIGENE:213|NCBIGENE:2538|NCBIGENE:2628|NCBIGENE:3479|NCBIGENE:3480|NCBIGENE:3481|NCBIGENE:3484|NCBIGENE:3485|NCBIGENE:367|NCBIGENE:3953|NCBIGENE:4023|NCBIGENE:4255|NCBIGENE:5054|NCBIGENE:5578|NCBIGENE:5579|NCBIGENE:6513|NCBIGENE:6514|NCBIGENE:6517|NCBIGENE:6609|NCBIGENE:6652|NCBIGENE:7352|NCBIGENE:847|NCBIGENE:8473|NCBIGENE:9407
DB06696,902,NCC[C@H](O)C(=O)N[C@@H]1C[C@H](N)[C@@H](O[C@H]2O[C@H](CN)CC[C@H]2N)[C@H](O)[C@H]1O[C@H]1O[C@H](CO)[C@@H](O)[C@H](N)[C@H]1O,P0A7S3,,,PUBCHEM.COMPOUND:68682,,
DB01578,903,CN(C(C)=O)C1=C(I)C(C(=O)N[C@@H](C=O)[C@@H](O)[C@H](O)[C@H](O)CO)=C(I)C(NC(C)=O)=C1I,,,,PUBCHEM.COMPOUND:20056604,,
DB01421,904,NC[C@@H]1O[C@H](O[C@@H]2[C@@H](CO)O[C@@H](O[C@@H]3[C@@H](O)[C@H](N)C[C@H](N)[C@H]3O[C@H]3O[C@H](CO)[C@@H](O)[C@H](O)[C@H]3N)[C@@H]2O)[C@H](N)[C@@H](O)[C@@H]1O,Q5SHN7|P08865|Q96L21,,,PUBCHEM.COMPOUND:165580,DOID:10003|DOID:10952|DOID:12550|DOID:13413|DOID:1425|DOID:2527|DOID:2921|DOID:557,
DB00955,905,CCN[C@@H]1C[C@H](N)[C@@H](O[C@H]2OC(CN)=CC[C@H]2N)[C@H](O)[C@H]1O[C@H]1OC[C@](C)(O)[C@H](NC)[C@H]1O,P0A7S3,,,PUBCHEM.COMPOUND:441306,DOID:10952|DOID:12678|DOID:12679|DOID:13548|DOID:1425|DOID:2479|DOID:2485|DOID:2527|DOID:2921|DOID:437|DOID:557,
DB00684,906,NC[C@H]1O[C@H](O[C@@H]2[C@@H](N)C[C@@H](N)[C@H](O[C@H]3O[C@H](CO)[C@@H](O)[C@H](N)[C@H]3O)[C@H]2O)[C@H](N)C[C@@H]1O,,,,PUBCHEM.COMPOUND:36294,DOID:0080158|DOID:10310|DOID:1067|DOID:10952|DOID:11204|DOID:12030|DOID:12678|DOID:12679|DOID:13141|DOID:13548|DOID:1407|DOID:1425|DOID:1686|DOID:1837|DOID:240|DOID:2457|DOID:2474|DOID:2479|DOID:2485|DOID:2527|DOID:2921|DOID:4353|DOID:437|DOID:4677|DOID:557|DOID:6195|DOID:8881|DOID:9282|DOID:9351|DOID:9368|DOID:9470|DOID:950|DOID:9938,
DB00452,907,NC[C@@H]1O[C@H](O[C@@H]2[C@@H](CO)O[C@@H](O[C@@H]3[C@@H](O)[C@H](N)C[C@H](N)[C@H]3O[C@H]3O[C@H](CN)[C@@H](O)[C@H](O)[C@H]3N)[C@@H]2O)[C@H](N)[C@@H](O)[C@@H]1O,P0A7S3|P61073,,,PUBCHEM.COMPOUND:8378,DOID:0080158|DOID:10493|DOID:1067|DOID:10952|DOID:12030|DOID:12550|DOID:12678|DOID:12679|DOID:1270|DOID:1271|DOID:1272|DOID:13141|DOID:13413|DOID:13548|DOID:13774|DOID:1425|DOID:1837|DOID:240|DOID:2479|DOID:2485|DOID:2527|DOID:2921|DOID:3669|DOID:379|DOID:4353|DOID:437|DOID:4677|DOID:557|DOID:6195|DOID:8566|DOID:9210|DOID:9282|DOID:9351|DOID:9368|DOID:9463,NCBIGENE:55052|NCBIGENE:55775|NCBIGENE:5594|NCBIGENE:5595|NCBIGENE:5741|NCBIGENE:6129|NCBIGENE:63875|NCBIGENE:6513|NCBIGENE:7852
DB00919,908,[H][C@@]12O[C@H](C)CC(=O)[C@]1(O)O[C@]1([H])[C@@H](NC)[C@@H](O)[C@@H](NC)[C@H](O)[C@@]1([H])O2,P0A7S3,,,PUBCHEM.COMPOUND:15541,DOID:7551,NCBIGENE:51021|NCBIGENE:6205|NCBIGENE:6210
DB01106,909,C[C@@H]1CN(CC[C@]1(C(O)=O)C1=CC=CC=C1)[C@H]1CC[C@](CC1)(C#N)C1=CC=C(F)C=C1,P35367|O95665,,,PUBCHEM.COMPOUND:54385,DOID:11204|DOID:2457|DOID:2474,
DB13872,910,CN1C2=C(C=C(Cl)C=C2)C(=NC(O)C1=O)C1=CC=CC=C1Cl,,,,PUBCHEM.COMPOUND:13314,,
DB01580,911,CC(C)NCC(O)COC1=CC=CC=C1OCC=C,P08588|P13945|P07550,,,PUBCHEM.COMPOUND:4631,DOID:10763|DOID:10825|DOID:14320|DOID:2030,NCBIGENE:153|NCBIGENE:154|NCBIGENE:155|NCBIGENE:5972
DB00419,912,CCCCN1C[C@H](O)[C@@H](O)[C@H](O)[C@H]1CO,Q16739,,,PUBCHEM.COMPOUND:51634,DOID:1389|DOID:14504|DOID:1926|DOID:574|DOID:870,NCBIGENE:1080|NCBIGENE:2548|NCBIGENE:2629|NCBIGENE:2916|NCBIGENE:5476|NCBIGENE:57704|NCBIGENE:6476|NCBIGENE:7357
DB12532,913,CN(C(=O)CN(CCO)CC(=O)N(C)C(C)(C)CC1=CC=CC=C1)C(C)(C)CC1=CC=CC=C1,P01350,P08684,P08684,PUBCHEM.COMPOUND:4621,,
DB01189,914,FC(F)OC(F)C(F)(F)F,P23415|P42261|Q09470|P03886|P30049,P05181,P05181,PUBCHEM.COMPOUND:42113,DOID:0060173|DOID:0060262|DOID:1029|DOID:11459|DOID:11723|DOID:14451|DOID:14452|DOID:1883|DOID:2043|DOID:3393|DOID:409|DOID:423|DOID:437|DOID:440|DOID:5082|DOID:8545|DOID:9428|DOID:9884,NCBIGENE:2741|NCBIGENE:3736|NCBIGENE:4535|NCBIGENE:513|NCBIGENE:6505|NCBIGENE:7137
DB01463,915,CCNC1C2CCC(C2)C1C1=CC=CC=C1,Q01959,,,PUBCHEM.COMPOUND:14584,,NCBIGENE:6531|NCBIGENE:9407
DB00292,916,CCOC(=O)C1=CN=CN1[C@H](C)C1=CC=CC=C1,P14867|P18089,P15538|P19099,P15538|P19099,PUBCHEM.COMPOUND:667484,DOID:10493|DOID:13774,
DB00750,917,CCCNC(C)C(=O)NC1=CC=CC=C1C,Q14524,,,PUBCHEM.COMPOUND:4906,DOID:0050820|DOID:0060262|DOID:0110423|DOID:0110424|DOID:0110426|DOID:0110427|DOID:0110428|DOID:0110429|DOID:0110430|DOID:0110431|DOID:0110432|DOID:0110433|DOID:0110434|DOID:0110435|DOID:0110436|DOID:0110437|DOID:0110438|DOID:0110439|DOID:0110441|DOID:0110442|DOID:0110443|DOID:0110444|DOID:0110445|DOID:0110446|DOID:0110447|DOID:0110448|DOID:0110449|DOID:0110450|DOID:0110451|DOID:0110452|DOID:0110453|DOID:0110454|DOID:0110455|DOID:0110456|DOID:0110457|DOID:0110458|DOID:0110459|DOID:0110460|DOID:0110461|DOID:10763|DOID:10825|DOID:10952|DOID:11120|DOID:114|DOID:11847|DOID:12361|DOID:12720|DOID:1287|DOID:12930|DOID:13097|DOID:13548|DOID:13550|DOID:13709|DOID:1405|DOID:1425|DOID:14445|DOID:1826|DOID:1837|DOID:2527|DOID:2921|DOID:3393|DOID:409|DOID:437|DOID:557|DOID:5844|DOID:5854|DOID:7997|DOID:7998|DOID:9351|DOID:9408,
DB01501,918,OC(=O)C1(CCN(CCC(C#N)(C2=CC=CC=C2)C2=CC=CC=C2)CC1)C1=CC=CC=C1,,,,PUBCHEM.COMPOUND:34328,DOID:0050741|DOID:0060262|DOID:0110892|DOID:10763|DOID:10808|DOID:10825|DOID:10952|DOID:11963|DOID:12361|DOID:12642|DOID:13186|DOID:13206|DOID:13250|DOID:13550|DOID:13948|DOID:13976|DOID:1405|DOID:1425|DOID:14250|DOID:14445|DOID:1574|DOID:2527|DOID:2883|DOID:2921|DOID:302|DOID:303|DOID:3393|DOID:3827|DOID:3878|DOID:409|DOID:437|DOID:5200|DOID:557|DOID:7997|DOID:7998|DOID:8442|DOID:8534|DOID:8577|DOID:9164|DOID:936,
DB01252,919,[H][C@@](CC(=O)N1C[C@@]2([H])CCCC[C@@]2([H])C1)(CC1=CC=CC=C1)C(O)=O,Q09428|P37231,P35503|P16662,P35503|P16662,PUBCHEM.COMPOUND:121891,DOID:9351|DOID:9352,NCBIGENE:1080|NCBIGENE:3766|NCBIGENE:3767|NCBIGENE:6750
DB00409,920,CCN1CCC[C@H]1CNC(=O)C1=C(OC)C=CC(Br)=C1OC,P14416|P21917|P35462|P28223|Q99720,P10635|P05177|P00176,P10635|P05177|P00176,PUBCHEM.COMPOUND:54477,,NCBIGENE:10280|NCBIGENE:1813|NCBIGENE:1814|NCBIGENE:1815
DB00844,921,O[C@H]1CC[C@@]2(O)[C@H]3CC4=CC=C(O)C5=C4[C@@]2(CCN3CC2CCC2)[C@H]1O5,P41145|P35372|P41143,,,PUBCHEM.COMPOUND:5311304,DOID:0050328|DOID:0050589|DOID:0060262|DOID:0110892|DOID:10493|DOID:10952|DOID:11459|DOID:11634|DOID:11981|DOID:1319|DOID:13206|DOID:13774|DOID:1425|DOID:1459|DOID:1742|DOID:1826|DOID:2089|DOID:2527|DOID:2883|DOID:2921|DOID:302|DOID:303|DOID:409|DOID:557|DOID:8515|DOID:8577|DOID:9428,NCBIGENE:4985|NCBIGENE:4986|NCBIGENE:4988
DB09286,922,NC(=O)C1(CCN(CCCC(=O)C2=CC=C(F)C=C2)CC1)N1CCCCC1,P14416|P28223|P21917|P21728|P35462|P41595|P08913,,,PUBCHEM.COMPOUND:4830,,NCBIGENE:150|NCBIGENE:152|NCBIGENE:1813|NCBIGENE:1814|NCBIGENE:1815|NCBIGENE:3269|NCBIGENE:3350|NCBIGENE:3351|NCBIGENE:3357|NCBIGENE:3358
DB09009,923,CCCNC(C)C(=O)NC1=C(SC=C1C)C(=O)OC,,,,PUBCHEM.COMPOUND:32170,DOID:0060262|DOID:0110423|DOID:0110424|DOID:0110426|DOID:0110427|DOID:0110428|DOID:0110429|DOID:0110430|DOID:0110431|DOID:0110432|DOID:0110433|DOID:0110434|DOID:0110435|DOID:0110436|DOID:0110437|DOID:0110438|DOID:0110439|DOID:0110441|DOID:0110442|DOID:0110443|DOID:0110444|DOID:0110445|DOID:0110446|DOID:0110447|DOID:0110448|DOID:0110449|DOID:0110450|DOID:0110451|DOID:0110452|DOID:0110453|DOID:0110454|DOID:0110455|DOID:0110456|DOID:0110457|DOID:0110458|DOID:0110459|DOID:0110460|DOID:0110461|DOID:10763|DOID:10825|DOID:10952|DOID:114|DOID:11847|DOID:12361|DOID:12720|DOID:1287|DOID:12930|DOID:13097|DOID:13548|DOID:13550|DOID:1405|DOID:1425|DOID:14445|DOID:1837|DOID:2527|DOID:2921|DOID:3393|DOID:409|DOID:437|DOID:557|DOID:5844|DOID:5854|DOID:7997|DOID:7998|DOID:9351|DOID:9408,
DB00652,924,CC1C2CC3=C(C=C(O)C=C3)C1(C)CCN2CC=C(C)C,Q99720|P35372|P41145,,,PUBCHEM.COMPOUND:441278,DOID:0050328|DOID:0050589|DOID:0050741|DOID:0060262|DOID:0060573|DOID:0060692|DOID:0110892|DOID:0111045|DOID:0111052|DOID:0111054|DOID:0111056|DOID:0111057|DOID:10493|DOID:10652|DOID:10772|DOID:10808|DOID:10952|DOID:11249|DOID:11459|DOID:11634|DOID:11870|DOID:11981|DOID:12531|DOID:13189|DOID:1319|DOID:13206|DOID:13774|DOID:1425|DOID:1443|DOID:14525|DOID:1459|DOID:1574|DOID:1588|DOID:1742|DOID:1826|DOID:2089|DOID:2215|DOID:2216|DOID:2236|DOID:2355|DOID:2361|DOID:2527|DOID:2559|DOID:2560|DOID:2883|DOID:2921|DOID:302|DOID:303|DOID:409|DOID:557|DOID:750|DOID:8515|DOID:8577|DOID:9428|DOID:9976,
DB00206,925,[H][C@]12C[C@@H](OC(=O)C3=CC(OC)=C(OC)C(OC)=C3)[C@H](OC)[C@@H](C(=O)OC)[C@@]1([H])C[C@@]1([H])N(CCC3=C1NC1=C3C=CC(OC)=C1)C2,Q05940|P54219|O15392,P20815,P20815,PUBCHEM.COMPOUND:5770,DOID:0060262|DOID:0110741|DOID:0110742|DOID:0110743|DOID:0110744|DOID:0110745|DOID:0110746|DOID:0110747|DOID:0110748|DOID:0110749|DOID:0110750|DOID:0110751|DOID:0110752|DOID:0110753|DOID:0110754|DOID:0110755|DOID:0110756|DOID:0110757|DOID:0110758|DOID:0110759|DOID:0110760|DOID:0110761|DOID:0110892|DOID:10763|DOID:10825|DOID:10952|DOID:11151|DOID:11328|DOID:11459|DOID:11755|DOID:12139|DOID:12550|DOID:12678|DOID:12679|DOID:13189|DOID:13413|DOID:13543|DOID:1425|DOID:1470|DOID:1595|DOID:1596|DOID:1826|DOID:1837|DOID:1920|DOID:2383|DOID:2485|DOID:2527|DOID:2848|DOID:2913|DOID:2921|DOID:2983|DOID:3341|DOID:3393|DOID:3526|DOID:409|DOID:4500|DOID:4964|DOID:4989|DOID:5082|DOID:5418|DOID:557|DOID:6713|DOID:750|DOID:8577|DOID:9074|DOID:9351|DOID:9352|DOID:9428|DOID:9744,NCBIGENE:1621|NCBIGENE:169714|NCBIGENE:1813|NCBIGENE:1814|NCBIGENE:2353|NCBIGENE:2765|NCBIGENE:3952|NCBIGENE:5409|NCBIGENE:5768|NCBIGENE:6530|NCBIGENE:6531|NCBIGENE:6532|NCBIGENE:6571|NCBIGENE:7054|NCBIGENE:8647|NCBIGENE:9429
DB00807,926,CCCOC1=C(N)C=C(C=C1)C(=O)OCCN(CC)CC,Q9Y5Y9,,,PUBCHEM.COMPOUND:4935,DOID:114|DOID:12030|DOID:12361|DOID:1287|DOID:13141|DOID:240|DOID:4353|DOID:6195|DOID:7997|DOID:7998,NCBIGENE:6336
DB13323,927,ClC=C(Cl)Cl,,,,,,
DB01178,928,CN1C(C2=CC=C(Cl)C=C2)S(=O)(=O)CCC1=O,P30536,,,PUBCHEM.COMPOUND:2717,DOID:14320|DOID:2030,
DB04908,929,FC(F)(F)C1=CC(=CC=C1)N1CCN(CCN2C(=O)NC3=CC=CC=C23)CC1,P08908|P28223|P21917,P08684,P08684,PUBCHEM.COMPOUND:6918248,DOID:13868,NCBIGENE:1815|NCBIGENE:3350
DB09017,930,CC1=NN=C2CN=C(C3=C(SC(Br)=C3)N12)C1=CC=CC=C1Cl,,P08684,P08684,PUBCHEM.COMPOUND:2451,,NCBIGENE:1576
DB00875,931,[H]\C(CCN1CCN(CCO)CC1)=C1/C2=CC=CC=C2SC2=C1C=C(C=C2)C(F)(F)F,P14416|P21728|P28223|P35348|P35462|P21917|P28335|P11229,P23141|P20711,P23141|P20711,PUBCHEM.COMPOUND:5281881,DOID:5419,NCBIGENE:148|NCBIGENE:1813|NCBIGENE:1814|NCBIGENE:1816|NCBIGENE:9407
DB01238,932,ClC1=CC=CC(N2CCN(CCCCOC3=CC4=C(CCC(=O)N4)C=C3)CC2)=C1Cl,P14416|P28223|P08908|P35348|P35368|P35462|P28221|P34969|P08913|P18825|P35367|P28222|P28335|P46098|P50406|P21728|P21917|P18089|P28566|P21918|P41595|P47898|P08588|P07550|P25021|Q9Y5N1|Q9H3N8|P11229|P08172|P20309|P08173|P08912|P41145|P35372|P41143|Q01959|P31645,P08684|P24462|P20815|P10635,P08684|P24462|P20815|P10635,PUBCHEM.COMPOUND:60795,DOID:0050590|DOID:0110035|DOID:0110037|DOID:0110038|DOID:0110039|DOID:0110041|DOID:0110043|DOID:0110044|DOID:0110045|DOID:0110046|DOID:0110047|DOID:0110048|DOID:10652|DOID:1168|DOID:11847|DOID:11870|DOID:1227|DOID:12849|DOID:12987|DOID:14221|DOID:1443|DOID:14464|DOID:14525|DOID:1826|DOID:1837|DOID:3312|DOID:3393|DOID:4195|DOID:5419|DOID:5844|DOID:5854|DOID:615|DOID:6713|DOID:9351|DOID:9408|DOID:9854|DOID:9970,NCBIGENE:1128|NCBIGENE:1131|NCBIGENE:1132|NCBIGENE:1133|NCBIGENE:147|NCBIGENE:148|NCBIGENE:150|NCBIGENE:152|NCBIGENE:1565|NCBIGENE:1576|NCBIGENE:1577|NCBIGENE:1813|NCBIGENE:1814|NCBIGENE:1815|NCBIGENE:1816|NCBIGENE:2353|NCBIGENE:3269|NCBIGENE:3320|NCBIGENE:3350|NCBIGENE:3351|NCBIGENE:3354|NCBIGENE:3357|NCBIGENE:3358|NCBIGENE:3359|NCBIGENE:3362|NCBIGENE:3363
DB00298,933,CC1=CC=CC=C1N1CCN(CCC2=NN=C3CCCCN23)CC1,P35348|P25100|P35368,,,PUBCHEM.COMPOUND:3033538,DOID:13550|DOID:1405|DOID:1406|DOID:14445,NCBIGENE:146|NCBIGENE:147|NCBIGENE:148|NCBIGENE:150|NCBIGENE:152
DB00899,934,CCC(=O)N(C1=CC=CC=C1)C1(CCN(CCC(=O)OC)CC1)C(=O)OC,P35372|P41143|P41145,,,PUBCHEM.COMPOUND:60815,,
DB09225,935,CN(C)CCOC1=CC2=CC=CC=C2SC2=CC=C(Cl)C=C12,P14416|P28223|P34969|P23975|P31645|P50406,P05177|P08684,P05177|P08684,PUBCHEM.COMPOUND:5736,,NCBIGENE:1128|NCBIGENE:1131|NCBIGENE:1132|NCBIGENE:1133|NCBIGENE:147|NCBIGENE:148|NCBIGENE:150|NCBIGENE:152|NCBIGENE:1813|NCBIGENE:1814|NCBIGENE:1815|NCBIGENE:1816|NCBIGENE:3269|NCBIGENE:3274|NCBIGENE:3350|NCBIGENE:3351|NCBIGENE:3354|NCBIGENE:3358|NCBIGENE:3362|NCBIGENE:3363
DB13025,936,CCN(CC)CCNC(=O)C1=CC(=CC=C1OC)S(C)(=O)=O,P14416|P35462,,,PUBCHEM.COMPOUND:5467,,NCBIGENE:1813|NCBIGENE:1814|NCBIGENE:1815|NCBIGENE:6336
DB01161,937,CCN(CC)CCOC(=O)C1=C(Cl)C=C(N)C=C1,Q01959,,,PUBCHEM.COMPOUND:8612,DOID:0060262|DOID:10952|DOID:114|DOID:1287|DOID:1425|DOID:2527|DOID:2921|DOID:409|DOID:437|DOID:557,NCBIGENE:116443|NCBIGENE:3359|NCBIGENE:57053|NCBIGENE:6336|NCBIGENE:6531
DB01408,938,CN(C)C(=O)OC1=CC(=CC(OC(=O)N(C)C)=C1)C(O)CNC(C)(C)C,P07550|P06276,P06276,P06276,PUBCHEM.COMPOUND:54766,,
DB00202,939,C[N+](C)(C)CCOC(=O)CCC(=O)OCC[N+](C)(C)C,P08172|P20309,P06276,P06276,PUBCHEM.COMPOUND:5314,DOID:0050328|DOID:0060255|DOID:0060319|DOID:0080092|DOID:0080094|DOID:0110273|DOID:0110274|DOID:0110275|DOID:0110276|DOID:0110277|DOID:0110278|DOID:0110279|DOID:0110280|DOID:0110281|DOID:0110282|DOID:0110283|DOID:0110284|DOID:0110285|DOID:0110287|DOID:0110289|DOID:0110292|DOID:0110293|DOID:0110294|DOID:0110295|DOID:0110296|DOID:0110297|DOID:0110298|DOID:0110299|DOID:0110301|DOID:0110303|DOID:0110304|DOID:0110305|DOID:0110306|DOID:0111078|DOID:1029|DOID:114|DOID:11634|DOID:11719|DOID:11720|DOID:11723|DOID:11724|DOID:11727|DOID:12678|DOID:12679|DOID:1287|DOID:13550|DOID:1405|DOID:14445|DOID:1459|DOID:162|DOID:1686|DOID:2355|DOID:2361|DOID:2485|DOID:423|DOID:437|DOID:4500|DOID:4766|DOID:7327|DOID:8545|DOID:9282|DOID:9884,NCBIGENE:1128|NCBIGENE:1131|NCBIGENE:1139|NCBIGENE:43|NCBIGENE:57053|NCBIGENE:590|NCBIGENE:89832
DB00831,940,CN1CCN(CCCN2C3=CC=CC=C3SC3=C2C=C(C=C3)C(F)(F)F)CC1,P14416|Q9NYX4|P35348|P0DP23|P63316|P26447,P47989|P22310|P05177,P47989|P22310|P05177,PUBCHEM.COMPOUND:5566,DOID:0050590|DOID:0060262|DOID:1227|DOID:12987|DOID:13206|DOID:1432|DOID:14320|DOID:14464|DOID:1588|DOID:1686|DOID:1826|DOID:2030|DOID:2237|DOID:2355|DOID:2361|DOID:2883|DOID:3612|DOID:409|DOID:5082|DOID:5419|DOID:5679|DOID:9854,NCBIGENE:10396|NCBIGENE:10682|NCBIGENE:11196|NCBIGENE:147|NCBIGENE:148|NCBIGENE:150|NCBIGENE:152|NCBIGENE:1718|NCBIGENE:1813|NCBIGENE:1814|NCBIGENE:1815|NCBIGENE:2147|NCBIGENE:310|NCBIGENE:3269|NCBIGENE:3350|NCBIGENE:3358|NCBIGENE:3362|NCBIGENE:3363|NCBIGENE:3725|NCBIGENE:3752|NCBIGENE:3827|NCBIGENE:50632|NCBIGENE:54205|NCBIGENE:54657|NCBIGENE:55811|NCBIGENE:5972|NCBIGENE:6855|NCBIGENE:7134|NCBIGENE:801|NCBIGENE:805|NCBIGENE:808|NCBIGENE:84650|NCBIGENE:91807|NCBIGENE:9429
DB00771,941,C[N@@+]12CC[C@@H](CC1)C(C2)OC(=O)C(O)(C1=CC=CC=C1)C1=CC=CC=C1,P11229,,,PUBCHEM.COMPOUND:2784,DOID:0050848|DOID:0060185|DOID:0060262|DOID:0060731|DOID:0110892|DOID:10763|DOID:10808|DOID:10825|DOID:10952|DOID:11328|DOID:11569|DOID:11963|DOID:12139|DOID:12361|DOID:12642|DOID:13186|DOID:13206|DOID:13268|DOID:13550|DOID:13948|DOID:13976|DOID:1405|DOID:1425|DOID:14250|DOID:14445|DOID:1470|DOID:1595|DOID:1596|DOID:1686|DOID:2326|DOID:2527|DOID:2848|DOID:2883|DOID:2921|DOID:302|DOID:303|DOID:3393|DOID:3827|DOID:3878|DOID:409|DOID:437|DOID:4964|DOID:5200|DOID:5418|DOID:557|DOID:7997|DOID:7998|DOID:8442|DOID:850|DOID:8534|DOID:8577|DOID:9164|DOID:936|DOID:9778,NCBIGENE:1128|NCBIGENE:1131
DB01081,942,CCOC(=O)C1(CCN(CCC(C#N)(C2=CC=CC=C2)C2=CC=CC=C2)CC1)C1=CC=CC=C1,P35372|P41143,,,PUBCHEM.COMPOUND:13505,DOID:0050741|DOID:0060262|DOID:100|DOID:10952|DOID:11823|DOID:12384|DOID:12385|DOID:13250|DOID:13550|DOID:13603|DOID:1405|DOID:1425|DOID:14445|DOID:1574|DOID:2527|DOID:2921|DOID:409|DOID:557|DOID:9741,NCBIGENE:4985|NCBIGENE:4988
DB01563,943,OC(O)C(Cl)(Cl)Cl,,,,PUBCHEM.COMPOUND:2707,DOID:0050589|DOID:11963|DOID:13976|DOID:302|DOID:303|DOID:3127|DOID:3890|DOID:4029|DOID:750|DOID:8534,NCBIGENE:124|NCBIGENE:125|NCBIGENE:127|NCBIGENE:128|NCBIGENE:130|NCBIGENE:131|NCBIGENE:220
DB06594,944,COC1=CC2=C(CCNC(C)=O)C=CC=C2C=C1,P28335|P48039|P49286,P05177|P11712,P05177|P11712,PUBCHEM.COMPOUND:82148,DOID:1470|DOID:1595|DOID:1596|DOID:2848,NCBIGENE:3357|NCBIGENE:3358|NCBIGENE:4543|NCBIGENE:4544|NCBIGENE:627|NCBIGENE:9248
DB01086,945,CCOC(=O)C1=CC=C(N)C=C1,Q9Y5Y9,,,PUBCHEM.COMPOUND:2337,DOID:0050486|DOID:0050590|DOID:0050741|DOID:0050848|DOID:0060262|DOID:0060731|DOID:10772|DOID:10783|DOID:10952|DOID:11249|DOID:11335|DOID:114|DOID:11963|DOID:12139|DOID:12179|DOID:1227|DOID:12361|DOID:12451|DOID:1247|DOID:12550|DOID:12678|DOID:12679|DOID:1287|DOID:12987|DOID:13250|DOID:13268|DOID:13404|DOID:13413|DOID:13543|DOID:13976|DOID:1425|DOID:1470|DOID:1574|DOID:1588|DOID:1595|DOID:1596|DOID:1826|DOID:1837|DOID:2089|DOID:2215|DOID:2216|DOID:2236|DOID:2275|DOID:2326|DOID:2355|DOID:2361|DOID:2485|DOID:2527|DOID:2747|DOID:2749|DOID:2848|DOID:2862|DOID:2921|DOID:302|DOID:303|DOID:322|DOID:3341|DOID:37|DOID:4029|DOID:409|DOID:4964|DOID:557|DOID:580|DOID:585|DOID:626|DOID:640|DOID:6498|DOID:7997|DOID:7998|DOID:8337|DOID:8534|DOID:8566|DOID:8866|DOID:9210|DOID:9266|DOID:9267|DOID:9269|DOID:9351|DOID:9588|DOID:9870,NCBIGENE:6336
DB11148,946,CCCCOC(=O)C1=CC=C(N)C=C1,O75762|Q9HBA0,P06276,P06276,PUBCHEM.COMPOUND:2482,DOID:1826,
DB00284,947,[H]C(=O)[C@H](O)[C@@H](O)[C@]([H])(O[C@@]1([H])O[C@H](CO)[C@@]([H])(O[C@H]2O[C@H](C)[C@@H](N[C@@]3([H])C=C(CO)[C@@H](O)[C@H](O)[C@H]3O)[C@H](O)[C@H]2O)[C@H](O)[C@H]1O)[C@H](O)CO,O43451|P14410|P04746|P10253,,,PUBCHEM.COMPOUND:9811704,,
DB01545,948,CCOC(=O)C1N=C(C2=CC=CC=C2F)C2=C(NC1=O)C=CC(Cl)=C2,,,,PUBCHEM.COMPOUND:3299,DOID:12139|DOID:13550|DOID:1405|DOID:14320|DOID:14445|DOID:1470|DOID:1595|DOID:1596|DOID:2030|DOID:2848|DOID:437|DOID:4964,
DB00427,949,CC1=CC=C(C=C1)C(=C/CN1CCCC1)\C1=CC=CC=N1,P35367,,,PUBCHEM.COMPOUND:5282443,DOID:0050328|DOID:0050589|DOID:0060262|DOID:0060674|DOID:0060675|DOID:0060676|DOID:0060677|DOID:0060678|DOID:0060679|DOID:10459|DOID:10460|DOID:10493|DOID:10763|DOID:10825|DOID:10952|DOID:11204|DOID:11459|DOID:11634|DOID:11847|DOID:12361|DOID:13206|DOID:13550|DOID:13739|DOID:13774|DOID:13948|DOID:1405|DOID:1425|DOID:14445|DOID:1459|DOID:1558|DOID:1826|DOID:1837|DOID:1936|DOID:2348|DOID:2349|DOID:2457|DOID:2474|DOID:2527|DOID:2841|DOID:2883|DOID:2913|DOID:2921|DOID:302|DOID:303|DOID:3393|DOID:3650|DOID:409|DOID:4481|DOID:4730|DOID:4989|DOID:5162|DOID:557|DOID:5844|DOID:5854|DOID:743|DOID:750|DOID:7997|DOID:7998|DOID:9282|DOID:9351|DOID:9408|DOID:9428,
DB06690,950,[N-]=[N+]=O,,,,PUBCHEM.COMPOUND:948,,NCBIGENE:147495|NCBIGENE:2353|NCBIGENE:2597|NCBIGENE:308|NCBIGENE:4548|NCBIGENE:48|NCBIGENE:6863
DB00491,951,OCCN1C[C@H](O)[C@@H](O)[C@H](O)[C@H]1CO,P10253|Q14697|Q8TET4|O43451,P04746,P04746,PUBCHEM.COMPOUND:441314,DOID:0050589|DOID:0110892|DOID:10952|DOID:1425|DOID:2527|DOID:2921|DOID:557|DOID:8577|DOID:9351|DOID:9352|DOID:9993,NCBIGENE:23193|NCBIGENE:2548|NCBIGENE:2595|NCBIGENE:2641|NCBIGENE:6347|NCBIGENE:6476|NCBIGENE:6527|NCBIGENE:8972
DB09085,952,CCCCNC1=CC=C(C=C1)C(=O)OCCN(C)C,P21817|Q92736,,,PUBCHEM.COMPOUND:5411,DOID:0060262|DOID:10952|DOID:114|DOID:12030|DOID:12361|DOID:1287|DOID:13141|DOID:1425|DOID:1826|DOID:240|DOID:2527|DOID:2921|DOID:409|DOID:4353|DOID:437|DOID:557|DOID:6195|DOID:7997|DOID:7998,NCBIGENE:1259|NCBIGENE:41|NCBIGENE:590|NCBIGENE:6261|NCBIGENE:6336
DB09038,953,OC[C@H]1O[C@H]([C@H](O)[C@@H](O)[C@@H]1O)C1=CC=C(Cl)C(CC2=CC=C(O[C@H]3CCOC3)C=C2)=C1,P31639,P16662|P35503|Q9HAW9|O60656,P16662|P35503|Q9HAW9|O60656,PUBCHEM.COMPOUND:11949646,DOID:9351|DOID:9352,NCBIGENE:6513|NCBIGENE:6524
DB04842,954,FC1=CC=C(C=C1)C(CCCN1CCC2(CC1)N(CNC2=O)C1=CC=CC=C1)C1=CC=C(F)C=C1,P14416|P28223|Q06432,P08684,P08684,PUBCHEM.COMPOUND:3396,DOID:5419,NCBIGENE:150|NCBIGENE:152|NCBIGENE:153|NCBIGENE:154|NCBIGENE:1813|NCBIGENE:1814|NCBIGENE:1815|NCBIGENE:3269|NCBIGENE:3350|NCBIGENE:3354|NCBIGENE:3757|NCBIGENE:786
DB01224,955,OCCOCCN1CCN(CC1)C1=NC2=CC=CC=C2SC2=CC=CC=C12,P28223|P14416|P08908|P28222|P28221|P28566|P28335|P46098|P50406|P34969|P21728|P21918|P35462|P21917|P35367|P08913|P18089|P18825|P11229|P08172|P20309|P08173|P08912,,,PUBCHEM.COMPOUND:5002,DOID:0050328|DOID:0050590|DOID:0050841|DOID:0060262|DOID:0090044|DOID:0090045|DOID:0090047|DOID:0090049|DOID:0090051|DOID:0090052|DOID:0090053|DOID:0090054|DOID:0090123|DOID:10763|DOID:10825|DOID:11634|DOID:1168|DOID:11847|DOID:1227|DOID:12700|DOID:12987|DOID:14221|DOID:14464|DOID:1459|DOID:1826|DOID:1837|DOID:2355|DOID:2361|DOID:3312|DOID:3393|DOID:409|DOID:4195|DOID:4500|DOID:529|DOID:5419|DOID:5844|DOID:5854|DOID:615|DOID:6713|DOID:679|DOID:9351|DOID:9408|DOID:9854|DOID:9970,NCBIGENE:1128|NCBIGENE:1131|NCBIGENE:1132|NCBIGENE:1133|NCBIGENE:146|NCBIGENE:147|NCBIGENE:148|NCBIGENE:150|NCBIGENE:152|NCBIGENE:1576|NCBIGENE:1577|NCBIGENE:1813|NCBIGENE:1814|NCBIGENE:1815|NCBIGENE:1816|NCBIGENE:2247|NCBIGENE:3269|NCBIGENE:3350|NCBIGENE:3351|NCBIGENE:3354|NCBIGENE:3355|NCBIGENE:3357|NCBIGENE:3358|NCBIGENE:3359|NCBIGENE:3362|NCBIGENE:3363|NCBIGENE:5617|NCBIGENE:6195|NCBIGENE:6196|NCBIGENE:63976
DB04844,956,COC1=C(OC)C=C2C3CC(=O)C(CC(C)C)CN3CCC2=C1,Q05940|P14416,P16152|P10635,P16152|P10635,PUBCHEM.COMPOUND:6018,DOID:0060262|DOID:0090103|DOID:0090104|DOID:12139|DOID:12700|DOID:12858|DOID:13548|DOID:1470|DOID:1595|DOID:1596|DOID:2848|DOID:409|DOID:4964|DOID:9854,NCBIGENE:1813|NCBIGENE:6530|NCBIGENE:6531|NCBIGENE:6571|NCBIGENE:6622
DB09128,957,O=C1NC2=CC(OCCCCN3CCN(CC3)C3=C4C=CSC4=CC=C3)=CC=C2C=C1,P08908|P14416|P35462|P28223|P41595|P34969|P35348|P35368|P25100|P18825|P35367|P11229,P10635|P08684,P10635|P08684,PUBCHEM.COMPOUND:11978813,DOID:1470|DOID:1595|DOID:1596|DOID:2848|DOID:5419,
DB00660,958,CC1=CC(OCC2CNC(=O)O2)=CC(C)=C1,,,,PUBCHEM.COMPOUND:15459,DOID:2237|DOID:583,
DB00950,959,CC(C)(C(O)=O)C1=CC=C(C=C1)C(O)CCCN1CCC(CC1)C(O)(C1=CC=CC=C1)C1=CC=CC=C1,P35367,,,PUBCHEM.COMPOUND:3348,DOID:10763|DOID:10825|DOID:10952|DOID:11204|DOID:12361|DOID:13206|DOID:13550|DOID:13739|DOID:1405|DOID:1425|DOID:14445|DOID:1837|DOID:1936|DOID:2348|DOID:2457|DOID:2474|DOID:2527|DOID:2883|DOID:2921|DOID:3393|DOID:4481|DOID:4730|DOID:557|DOID:7997|DOID:7998|DOID:9351,NCBIGENE:10599|NCBIGENE:28234|NCBIGENE:3269|NCBIGENE:3383|NCBIGENE:3757|NCBIGENE:6579|NCBIGENE:9429
DB08987,960,CCCN(CC)C(CC)C(=O)NC1=C(C)C=CC=C1C,,,,PUBCHEM.COMPOUND:37497,DOID:0110423|DOID:0110424|DOID:0110426|DOID:0110427|DOID:0110428|DOID:0110429|DOID:0110430|DOID:0110431|DOID:0110432|DOID:0110433|DOID:0110434|DOID:0110435|DOID:0110436|DOID:0110437|DOID:0110438|DOID:0110439|DOID:0110441|DOID:0110442|DOID:0110443|DOID:0110444|DOID:0110445|DOID:0110446|DOID:0110447|DOID:0110448|DOID:0110449|DOID:0110450|DOID:0110451|DOID:0110452|DOID:0110453|DOID:0110454|DOID:0110455|DOID:0110456|DOID:0110457|DOID:0110458|DOID:0110459|DOID:0110460|DOID:0110461|DOID:10763|DOID:10825|DOID:11847|DOID:12361|DOID:12720|DOID:12930|DOID:13097|DOID:13548|DOID:13550|DOID:1405|DOID:14445|DOID:1837|DOID:3393|DOID:5844|DOID:5854|DOID:7997|DOID:7998|DOID:9351|DOID:9408,
DB00813,961,CCC(=O)N(C1CCN(CCC2=CC=CC=C2)CC1)C1=CC=CC=C1,P35372|P41143|P41145|P08183,,,PUBCHEM.COMPOUND:3345,DOID:0050589|DOID:0050741|DOID:0050771|DOID:0050841|DOID:0060262|DOID:10021|DOID:10154|DOID:10763|DOID:10825|DOID:10952|DOID:114|DOID:11459|DOID:117|DOID:12139|DOID:1287|DOID:13206|DOID:13603|DOID:1425|DOID:14464|DOID:1470|DOID:1574|DOID:1595|DOID:1596|DOID:2527|DOID:2841|DOID:2848|DOID:2883|DOID:2913|DOID:2921|DOID:302|DOID:303|DOID:3083|DOID:3878|DOID:3953|DOID:409|DOID:437|DOID:4500|DOID:4964|DOID:4989|DOID:529|DOID:557|DOID:6364|DOID:679|DOID:8442|DOID:8515|DOID:9360|DOID:9415|DOID:9428|DOID:9741,NCBIGENE:1576|NCBIGENE:1577|NCBIGENE:3576|NCBIGENE:4760|NCBIGENE:4985|NCBIGENE:4986|NCBIGENE:4988|NCBIGENE:7099|NCBIGENE:9407
DB00961,962,CN1CCCCC1C(=O)NC1=C(C)C=CC=C1C,Q9Y5Y9,,,PUBCHEM.COMPOUND:4062,DOID:0060262|DOID:10952|DOID:114|DOID:1287|DOID:1425|DOID:2527|DOID:2921|DOID:409|DOID:437|DOID:557,NCBIGENE:240|NCBIGENE:6336
DB08872,963,CC(C)C(=O)OC(C)OC(=O)NCC1(CC(O)=O)CCCCC1,P54289|Q9NY47,,,PUBCHEM.COMPOUND:9883933,DOID:0050425|DOID:10952|DOID:12139|DOID:1425|DOID:1470|DOID:1595|DOID:1596|DOID:2527|DOID:2848|DOID:2921|DOID:4964|DOID:557,NCBIGENE:8913
DB00508,964,CN(C)CCCN1C2=CC=CC=C2SC2=C1C=C(C=C2)C(F)(F)F,P14416|P21728|P41595|P11229|P08172,P06276,P06276,PUBCHEM.COMPOUND:5568,DOID:0050590|DOID:0050741|DOID:0050841|DOID:0060262|DOID:11328|DOID:11847|DOID:1227|DOID:12700|DOID:12987|DOID:13206|DOID:13548|DOID:14221|DOID:1432|DOID:14464|DOID:1574|DOID:1588|DOID:1686|DOID:1826|DOID:2355|DOID:2361|DOID:2883|DOID:3393|DOID:409|DOID:4195|DOID:529|DOID:5418|DOID:5844|DOID:5854|DOID:615|DOID:679|DOID:9408|DOID:9854|DOID:9970,NCBIGENE:1128|NCBIGENE:1813|NCBIGENE:3357
DB00494,965,CCN(CC)C(=O)C(=C\C1=CC(=C(O)C(O)=C1)[N+]([O-])=O)\C#N,P21964,P10635|P21964|O60656,P10635|P21964|O60656,PUBCHEM.COMPOUND:5281081,DOID:0060262|DOID:0060891|DOID:0060895|DOID:0060896|DOID:1067|DOID:10808|DOID:10952|DOID:11328|DOID:11847|DOID:12139|DOID:13250|DOID:13550|DOID:13580|DOID:1405|DOID:1425|DOID:14330|DOID:14445|DOID:1470|DOID:1595|DOID:1596|DOID:1724|DOID:1742|DOID:1826|DOID:1837|DOID:1909|DOID:2527|DOID:2848|DOID:2921|DOID:409|DOID:4964|DOID:5418|DOID:543|DOID:557|DOID:5844|DOID:5854|DOID:750|DOID:850|DOID:8923|DOID:9351|DOID:9408,NCBIGENE:1312|NCBIGENE:220074|NCBIGENE:3623
DB01209,966,[H][C@@]12CC3=CC=C(O)C=C3[C@@](C)(CCCCC1)[C@H]2N,P35372|P41145,,,PUBCHEM.COMPOUND:3033053,,
DB01239,967,CN(C)CC\C=C1\C2=CC=CC=C2SC2=CC=C(Cl)C=C12,P14416|P21728|P35462|P28223|P35367|P11229|P08172|P20309|P08173|P08912,,,PUBCHEM.COMPOUND:667466,,NCBIGENE:1128|NCBIGENE:1131|NCBIGENE:1132|NCBIGENE:1133|NCBIGENE:1813|NCBIGENE:1814|NCBIGENE:3269|NCBIGENE:3357|NCBIGENE:3358
DB01235,968,N[C@@H](CC1=CC(O)=C(O)C=C1)C(O)=O,P21728|P21918|P14416|P35462|P21917,,,PUBCHEM.COMPOUND:6047,DOID:0060262|DOID:0060891|DOID:0060895|DOID:0060896|DOID:1067|DOID:10808|DOID:10952|DOID:11328|DOID:11847|DOID:12139|DOID:13250|DOID:13548|DOID:13550|DOID:13580|DOID:1405|DOID:1425|DOID:14330|DOID:14445|DOID:1470|DOID:1595|DOID:1596|DOID:1724|DOID:1742|DOID:1826|DOID:1837|DOID:1909|DOID:2527|DOID:2848|DOID:2921|DOID:409|DOID:4964|DOID:5418|DOID:543|DOID:557|DOID:5844|DOID:5854|DOID:750|DOID:850|DOID:8923|DOID:9351|DOID:9408,NCBIGENE:10767|NCBIGENE:120892|NCBIGENE:1312|NCBIGENE:140679|NCBIGENE:1621|NCBIGENE:1813|NCBIGENE:1814|NCBIGENE:1815|NCBIGENE:1816|NCBIGENE:220074|NCBIGENE:23428|NCBIGENE:2353|NCBIGENE:2354|NCBIGENE:2571|NCBIGENE:4935|NCBIGENE:5053|NCBIGENE:5345|NCBIGENE:5617|NCBIGENE:5764|NCBIGENE:627|NCBIGENE:6531|NCBIGENE:6622|NCBIGENE:7054|NCBIGENE:7299|NCBIGENE:796|NCBIGENE:836
DB04878,969,OCC(CO)N[C@H]1C[C@](O)(CO)[C@@H](O)[C@H](O)[C@H]1O,O43451,,,PUBCHEM.COMPOUND:444020,DOID:1389|DOID:1926|DOID:574|DOID:870|DOID:9351|DOID:9352,NCBIGENE:2548|NCBIGENE:2641|NCBIGENE:6476|NCBIGENE:79813|NCBIGENE:8972
DB01623,970,CN(C)S(=O)(=O)C1=CC2=C(SC3=CC=CC=C3\C2=C\CCN2CCN(C)CC2)C=C1,P14416|P21728|P28223,P10635|P05177,P10635|P05177,PUBCHEM.COMPOUND:941651,DOID:0050590|DOID:10915|DOID:114|DOID:1227|DOID:1287|DOID:12987|DOID:13206|DOID:13548|DOID:13550|DOID:1405|DOID:14445|DOID:14464|DOID:1826|DOID:2883|DOID:5419|DOID:615|DOID:74|DOID:9854,NCBIGENE:1813
DB01624,971,OCCN1CCN(CC\C=C2\C3=C(SC4=C2C=C(Cl)C=C4)C=CC=C3)CC1,P21728|P21918|P14416|P35348|P08913|P28223|P35367,P08684|P10635,P08684|P10635,PUBCHEM.COMPOUND:5311507,DOID:5419,NCBIGENE:148|NCBIGENE:150|NCBIGENE:1565|NCBIGENE:1813|NCBIGENE:1816|NCBIGENE:3269
DB00801,972,FC(F)(F)CN1C2=C(C=C(Cl)C=C2)C(=NCC1=O)C1=CC=CC=C1,,,,PUBCHEM.COMPOUND:31640,DOID:14320|DOID:2030,NCBIGENE:2558|NCBIGENE:2560|NCBIGENE:2561|NCBIGENE:2563|NCBIGENE:2564|NCBIGENE:2565|NCBIGENE:2566|NCBIGENE:2569|NCBIGENE:2570
DB01615,973,CC(CN1C2=CC=CC=C2SC2=C1C=C(C=C2)C(C)=O)N(C)C,P35367,,,PUBCHEM.COMPOUND:26035,,NCBIGENE:3269
DB01440,974,OCCCC(O)=O,Q9HAB3|P18505,,,PUBCHEM.COMPOUND:3037032,,
DB00323,975,CC1=CC=C(C=C1)C(=O)C1=CC(=C(O)C(O)=C1)[N+]([O-])=O,P21964,P11712,P11712,PUBCHEM.COMPOUND:4659569,DOID:0060262|DOID:0060891|DOID:0060895|DOID:0060896|DOID:14330|DOID:1909|DOID:409|DOID:7327|DOID:8923|DOID:9854,NCBIGENE:118881|NCBIGENE:1312|NCBIGENE:220074|NCBIGENE:3757|NCBIGENE:54600
DB00985,976,CN1C2=C(N=C(Cl)N2)C(=O)N(C)C1=O.CN(C)CCOC(C1=CC=CC=C1)C1=CC=CC=C1,P35367,,,PUBCHEM.COMPOUND:441281,,
DB00241,977,CC(C)CC1(CC=C)C(=O)NC(=O)NC1=O,P47869|P34903|P48169|P31644|Q16445|P14867|P43681|P36544|P42262|Q13002,,,PUBCHEM.COMPOUND:2481,DOID:0050328|DOID:0050589|DOID:0050590|DOID:0050741|DOID:0050848|DOID:0060262|DOID:0060573|DOID:0060692|DOID:0060731|DOID:0111045|DOID:0111052|DOID:0111054|DOID:0111056|DOID:0111057|DOID:10493|DOID:10652|DOID:10763|DOID:10772|DOID:10808|DOID:10825|DOID:10933|DOID:10952|DOID:11249|DOID:11459|DOID:11634|DOID:11870|DOID:12139|DOID:1227|DOID:12531|DOID:12550|DOID:12987|DOID:13189|DOID:13206|DOID:13268|DOID:13413|DOID:13774|DOID:1425|DOID:1443|DOID:14525|DOID:1459|DOID:1470|DOID:1574|DOID:1588|DOID:1595|DOID:1596|DOID:1826|DOID:2215|DOID:2216|DOID:2236|DOID:2355|DOID:2361|DOID:2527|DOID:2841|DOID:2848|DOID:2883|DOID:2921|DOID:302|DOID:303|DOID:3083|DOID:3393|DOID:409|DOID:4964|DOID:557|DOID:593|DOID:594|DOID:750|DOID:8677|DOID:9267|DOID:9428,NCBIGENE:1137|NCBIGENE:2557|NCBIGENE:2558|NCBIGENE:2559|NCBIGENE:2898|NCBIGENE:89832
DB06716,978,CC(C)C1=CC=CC(C(C)C)=C1OCOP(O)(O)=O,P47870|P28472,,,PUBCHEM.COMPOUND:3038498,,
DB00405,979,CN(C)CC[C@@H](C1=CC=C(Br)C=C1)C1=CC=CC=N1,P35367,,,PUBCHEM.COMPOUND:16960,DOID:0050328|DOID:0050589|DOID:0050741|DOID:0060262|DOID:0060674|DOID:0060675|DOID:0060676|DOID:0060677|DOID:0060678|DOID:0060679|DOID:0110892|DOID:10493|DOID:10763|DOID:10825|DOID:10952|DOID:11204|DOID:11459|DOID:11634|DOID:11847|DOID:11981|DOID:12361|DOID:1319|DOID:13206|DOID:13550|DOID:13739|DOID:13774|DOID:13948|DOID:1405|DOID:1425|DOID:14445|DOID:1459|DOID:1558|DOID:1574|DOID:1742|DOID:1826|DOID:1837|DOID:1936|DOID:2089|DOID:2348|DOID:2349|DOID:2457|DOID:2474|DOID:2527|DOID:2883|DOID:2913|DOID:2921|DOID:302|DOID:303|DOID:3393|DOID:3650|DOID:409|DOID:4481|DOID:4730|DOID:4989|DOID:5162|DOID:557|DOID:5844|DOID:5854|DOID:743|DOID:750|DOID:7997|DOID:7998|DOID:8515|DOID:8577|DOID:9282|DOID:9351|DOID:9408|DOID:9428,NCBIGENE:3269
DB06288,980,CCN1CCCC1CNC(=O)C1=CC(=C(N)C=C1OC)S(=O)(=O)CC,P34969|P28223|P14416|P35462|P35372|P41143|P41145,,,PUBCHEM.COMPOUND:2159,,NCBIGENE:1813|NCBIGENE:1814|NCBIGENE:3363|NCBIGENE:4922
DB00408,981,CN1CCN(CC1)C1=NC2=CC=CC=C2OC2=C1C=C(Cl)C=C2,P28223|P14416|P28335|P08908|P28222|P28221|P28566|P46098|P47898|P50406|P34969|P35348|P35368|P08913|P18089|P18825|P08588|P11229|P08172|P20309|P08173|P08912|P35462|P21917|P21918|P35367|P25021|Q9H3N8|P31645|P23975|Q01959|P21728,,,PUBCHEM.COMPOUND:3964,DOID:0050741|DOID:114|DOID:12700|DOID:1287|DOID:13206|DOID:14464|DOID:1574|DOID:1686|DOID:1826|DOID:2883|DOID:3312|DOID:5419|DOID:9854,NCBIGENE:1128|NCBIGENE:1131|NCBIGENE:1132|NCBIGENE:1133|NCBIGENE:147|NCBIGENE:148|NCBIGENE:150|NCBIGENE:152|NCBIGENE:153|NCBIGENE:1813|NCBIGENE:1814|NCBIGENE:1815|NCBIGENE:1816|NCBIGENE:3269|NCBIGENE:3274|NCBIGENE:3350|NCBIGENE:3351|NCBIGENE:3354|NCBIGENE:3357|NCBIGENE:3358|NCBIGENE:3359|NCBIGENE:3361|NCBIGENE:3362|NCBIGENE:3363|NCBIGENE:3553|NCBIGENE:59340|NCBIGENE:6530|NCBIGENE:6531|NCBIGENE:6532
DB00645,982,CCCCOC1=CC=C(C=C1)C(=O)CCN1CCCCC1,Q9Y5Y9,,,PUBCHEM.COMPOUND:3180,DOID:1826,NCBIGENE:2395|NCBIGENE:6336
DB00527,983,CCCCOC1=NC2=CC=CC=C2C(=C1)C(=O)NCCN(CC)CC,Q14524|Q9Y5Y9|P0DP23,,,PUBCHEM.COMPOUND:3025,DOID:0060262|DOID:10952|DOID:114|DOID:1287|DOID:1425|DOID:1826|DOID:2527|DOID:2921|DOID:409|DOID:437|DOID:557,NCBIGENE:11196|NCBIGENE:43|NCBIGENE:590|NCBIGENE:6336|NCBIGENE:801|NCBIGENE:805|NCBIGENE:808
DB01433,984,CCC(OC(C)=O)C(CC(C)N(C)C)(C1=CC=CC=C1)C1=CC=CC=C1,P35372,,,PUBCHEM.COMPOUND:10517,DOID:0050328|DOID:0050741|DOID:0060262|DOID:10952|DOID:11459|DOID:11634|DOID:13206|DOID:1425|DOID:1459|DOID:1574|DOID:1949|DOID:2326|DOID:2527|DOID:2559|DOID:2560|DOID:2841|DOID:2883|DOID:2921|DOID:3127|DOID:409|DOID:5295|DOID:557|DOID:77|DOID:9428|DOID:9976,NCBIGENE:4988
DB00721,985,CCN(CC)CCOC(=O)C1=CC=C(N)C=C1,Q9Y5Y9|Q8TCU5|P46098|Q01959|Q15822|P47712|Q86U10|P26358|Q9Y6K1,,,PUBCHEM.COMPOUND:4914,DOID:0050590|DOID:0060262|DOID:10952|DOID:114|DOID:1227|DOID:1287|DOID:12987|DOID:1425|DOID:1588|DOID:2527|DOID:2921|DOID:409|DOID:437|DOID:4500|DOID:557|DOID:8568|DOID:9074,NCBIGENE:112802|NCBIGENE:1135|NCBIGENE:116443|NCBIGENE:121391|NCBIGENE:3359|NCBIGENE:4128|NCBIGENE:57053|NCBIGENE:6336|NCBIGENE:6531
DB11304,986,C1=CC=C(C=C1)OCCO,,,,PUBCHEM.COMPOUND:31236,,
DB00934,987,CNCCCC12CCC(C3=CC=CC=C13)C1=CC=CC=C21,P23975|P35367|P11229|P08172|P20309|P08173|P08912|P28223|P28335|P34969|P14416,P05177|P10635,P05177|P10635,PUBCHEM.COMPOUND:4011,DOID:0050590|DOID:0050741|DOID:0060262|DOID:114|DOID:11847|DOID:12139|DOID:1227|DOID:12361|DOID:1287|DOID:12987|DOID:13550|DOID:1405|DOID:14445|DOID:1470|DOID:1574|DOID:1595|DOID:1596|DOID:1826|DOID:2848|DOID:3312|DOID:3526|DOID:409|DOID:4964|DOID:5844|DOID:5854|DOID:6713|DOID:7997|DOID:7998|DOID:9282|DOID:9408,NCBIGENE:1128|NCBIGENE:1131|NCBIGENE:1132|NCBIGENE:1133|NCBIGENE:148|NCBIGENE:150|NCBIGENE:1813|NCBIGENE:3269|NCBIGENE:3358|NCBIGENE:3363|NCBIGENE:3757|NCBIGENE:6530|NCBIGENE:6531|NCBIGENE:6532
DB09224,988,CC1CCN(CCCC(=O)C2=CC=C(F)C=C2)CC1,P14416,P10635,P10635,PUBCHEM.COMPOUND:15387,,
DB01176,989,CN1CCN(CC1)C(C1=CC=CC=C1)C1=CC=CC=C1,P35367|P49888,,,PUBCHEM.COMPOUND:6726,DOID:0050328|DOID:0050589|DOID:0060262|DOID:0060674|DOID:0060675|DOID:0060676|DOID:0060677|DOID:0060678|DOID:0060679|DOID:10459|DOID:10460|DOID:10493|DOID:10763|DOID:10825|DOID:10952|DOID:11204|DOID:11459|DOID:11634|DOID:11847|DOID:12361|DOID:1270|DOID:1271|DOID:1272|DOID:13206|DOID:13550|DOID:13739|DOID:13774|DOID:13948|DOID:1405|DOID:1425|DOID:14445|DOID:1459|DOID:1826|DOID:1837|DOID:1936|DOID:2275|DOID:2348|DOID:2349|DOID:2457|DOID:2474|DOID:2527|DOID:2841|DOID:2883|DOID:2913|DOID:2921|DOID:2951|DOID:302|DOID:303|DOID:3393|DOID:3650|DOID:3669|DOID:409|DOID:4481|DOID:4730|DOID:4989|DOID:5162|DOID:557|DOID:5844|DOID:5854|DOID:750|DOID:7997|DOID:7998|DOID:9282|DOID:9351|DOID:9408|DOID:9428,NCBIGENE:1128|NCBIGENE:1131|NCBIGENE:3269|NCBIGENE:6783
DB00933,990,CN1CCCCC1CCN1C2=C(SC3=C1C=C(C=C3)S(C)=O)C=CC=C2,P14416|P28223,P10635,P10635,PUBCHEM.COMPOUND:4078,DOID:0050590|DOID:1227|DOID:12987|DOID:14464|DOID:1826|DOID:4500|DOID:5419|DOID:9854,NCBIGENE:1128|NCBIGENE:1131|NCBIGENE:1132|NCBIGENE:1133|NCBIGENE:147|NCBIGENE:148|NCBIGENE:1565|NCBIGENE:1813|NCBIGENE:1814|NCBIGENE:1815|NCBIGENE:3269|NCBIGENE:3358|NCBIGENE:3362|NCBIGENE:3757
DB00181,991,NCC(CC(O)=O)C1=CC=C(Cl)C=C1,O75899|P61073|Q9UBS5,,,PUBCHEM.COMPOUND:2284,DOID:10952|DOID:11328|DOID:11486|DOID:1425|DOID:1826|DOID:2527|DOID:2921|DOID:3526|DOID:5418|DOID:5419|DOID:557|DOID:6713,NCBIGENE:2353|NCBIGENE:2550|NCBIGENE:339403|NCBIGENE:55811|NCBIGENE:5617|NCBIGENE:6869|NCBIGENE:773|NCBIGENE:9568
DB00334,992,CN1CCN(CC1)C1=NC2=CC=CC=C2NC2=C1C=C(C)S2,P28223|P14416|P21728|P21918|P35462|P21917|P28335|P46098|P50406|P35367|P35348|P35368|P11229|P08172|P20309|P08173,P05177|P10635|P31513|P33261|P11712|P22310|P08684,P05177|P10635|P31513|P33261|P11712|P22310|P08684,PUBCHEM.COMPOUND:4585,DOID:0050590|DOID:0060262|DOID:1168|DOID:11847|DOID:1227|DOID:1247|DOID:12700|DOID:12987|DOID:13003|DOID:13206|DOID:13550|DOID:1405|DOID:14221|DOID:14445|DOID:14464|DOID:1470|DOID:1595|DOID:1596|DOID:1826|DOID:1837|DOID:1876|DOID:224|DOID:2848|DOID:2883|DOID:3312|DOID:3393|DOID:3401|DOID:3526|DOID:3878|DOID:409|DOID:4195|DOID:5082|DOID:5419|DOID:5844|DOID:5854|DOID:6000|DOID:615|DOID:6713|DOID:8442|DOID:8645|DOID:8689|DOID:9351|DOID:9408|DOID:9854|DOID:9970,NCBIGENE:1128|NCBIGENE:1131|NCBIGENE:1132|NCBIGENE:1133|NCBIGENE:1361|NCBIGENE:146|NCBIGENE:147|NCBIGENE:148|NCBIGENE:150|NCBIGENE:152|NCBIGENE:153|NCBIGENE:1544|NCBIGENE:1565|NCBIGENE:1813|NCBIGENE:1814|NCBIGENE:1815|NCBIGENE:1816|NCBIGENE:2353|NCBIGENE:2932|NCBIGENE:3269|NCBIGENE:3274|NCBIGENE:3350|NCBIGENE:3351|NCBIGENE:3354|NCBIGENE:3355|NCBIGENE:3357|NCBIGENE:3358|NCBIGENE:3359|NCBIGENE:3361|NCBIGENE:3362|NCBIGENE:3363|NCBIGENE:3757|NCBIGENE:5199|NCBIGENE:5617|NCBIGENE:59340|NCBIGENE:6000|NCBIGENE:627|NCBIGENE:6532|NCBIGENE:6646|NCBIGENE:8660
DB00189,993,CCC(O)(\C=C\Cl)C#C,,,,PUBCHEM.COMPOUND:5281077,,NCBIGENE:2557|NCBIGENE:2558|NCBIGENE:2559|NCBIGENE:2560|NCBIGENE:2561
DB00237,994,CCC(C)C1(CC)C(=O)NC(=O)NC1=O,P42261|P42262|P42263|P48058|P39086|Q13002|Q13003|Q16099|Q16478,,,PUBCHEM.COMPOUND:2479,DOID:0050590|DOID:0050700|DOID:0050741|DOID:0050848|DOID:0060262|DOID:0060731|DOID:10600|DOID:1074|DOID:10763|DOID:10825|DOID:10952|DOID:11119|DOID:11328|DOID:114|DOID:11486|DOID:11847|DOID:11963|DOID:11984|DOID:12139|DOID:1227|DOID:12361|DOID:12550|DOID:12642|DOID:1287|DOID:12932|DOID:12987|DOID:13186|DOID:13206|DOID:13268|DOID:13413|DOID:13948|DOID:13976|DOID:1425|DOID:1432|DOID:1470|DOID:1574|DOID:1588|DOID:1595|DOID:1596|DOID:1686|DOID:1826|DOID:1936|DOID:2348|DOID:2349|DOID:2355|DOID:2361|DOID:2527|DOID:2747|DOID:2749|DOID:2768|DOID:2769|DOID:2841|DOID:2848|DOID:2862|DOID:2883|DOID:2921|DOID:302|DOID:303|DOID:3083|DOID:3312|DOID:3393|DOID:3526|DOID:3827|DOID:3878|DOID:409|DOID:437|DOID:4676|DOID:4964|DOID:5162|DOID:5418|DOID:557|DOID:5844|DOID:5854|DOID:6713|DOID:7997|DOID:7998|DOID:8442|DOID:8534|DOID:8689|DOID:9164|DOID:9266|DOID:9267|DOID:9408|DOID:9870,NCBIGENE:1137|NCBIGENE:2898|NCBIGENE:89832
DB09345,995,CCCCOC1=CC=C(OCCCN2CCOCC2)C=C1,,,,PUBCHEM.COMPOUND:4886,DOID:0050328|DOID:0050486|DOID:0080158|DOID:10493|DOID:1067|DOID:10763|DOID:10825|DOID:10952|DOID:11328|DOID:11476|DOID:11634|DOID:12179|DOID:12361|DOID:1270|DOID:1271|DOID:1272|DOID:13206|DOID:13774|DOID:1425|DOID:14320|DOID:1459|DOID:1564|DOID:1837|DOID:2030|DOID:2527|DOID:2723|DOID:2773|DOID:2883|DOID:2921|DOID:3127|DOID:3393|DOID:3669|DOID:379|DOID:4404|DOID:5418|DOID:557|DOID:7997|DOID:7998|DOID:8549|DOID:8566|DOID:8622|DOID:8913|DOID:9210|DOID:9351|DOID:9463|DOID:9746,
DB09342,996,CCCOC1=CC(N)=CC=C1C(=O)OCCN(CC)CC,,P23141,P23141,PUBCHEM.COMPOUND:6843,,
DB01356,997,[Li+],P49841|P29218|O14732|P42263,,,PUBCHEM.COMPOUND:28486,,NCBIGENE:1020|NCBIGENE:1326|NCBIGENE:1440|NCBIGENE:1499|NCBIGENE:1973|NCBIGENE:1974|NCBIGENE:2353|NCBIGENE:2641|NCBIGENE:2931|NCBIGENE:2932|NCBIGENE:3064|NCBIGENE:3308|NCBIGENE:3309|NCBIGENE:3350|NCBIGENE:3351|NCBIGENE:3576|NCBIGENE:359|NCBIGENE:360|NCBIGENE:3612|NCBIGENE:3613|NCBIGENE:3725|NCBIGENE:4929|NCBIGENE:5300|NCBIGENE:5327|NCBIGENE:53349|NCBIGENE:5444|NCBIGENE:5595|NCBIGENE:57030|NCBIGENE:5743|NCBIGENE:627|NCBIGENE:6615|NCBIGENE:6774|NCBIGENE:6863|NCBIGENE:7157|NCBIGENE:7276|NCBIGENE:80331|NCBIGENE:811
DB00331,998,CN(C)C(=N)NC(N)=N,Q16134|Q9Y478|P21695,,,PUBCHEM.COMPOUND:4091,DOID:0050741|DOID:0060262|DOID:0060870|DOID:0060872|DOID:0060873|DOID:0060874|DOID:0060875|DOID:0090070|DOID:0090071|DOID:0090072|DOID:0090073|DOID:0090074|DOID:0090076|DOID:0090077|DOID:0090078|DOID:0090079|DOID:0090080|DOID:0090081|DOID:0090082|DOID:0090083|DOID:0090084|DOID:0090085|DOID:0090086|DOID:0090087|DOID:0090089|DOID:0090090|DOID:0090092|DOID:0090093|DOID:0090094|DOID:10493|DOID:10952|DOID:11054|DOID:11396|DOID:11476|DOID:11847|DOID:13774|DOID:1425|DOID:1574|DOID:2527|DOID:2913|DOID:2921|DOID:3133|DOID:3393|DOID:3526|DOID:3614|DOID:3650|DOID:4007|DOID:409|DOID:4447|DOID:4449|DOID:4989|DOID:533|DOID:557|DOID:583|DOID:5844|DOID:5854|DOID:6000|DOID:614|DOID:6713|DOID:784|DOID:9351|DOID:9352|DOID:9406|DOID:9408|DOID:9410|DOID:9476|DOID:9993,NCBIGENE:1050|NCBIGENE:1066|NCBIGENE:11040|NCBIGENE:145264|NCBIGENE:146802|NCBIGENE:1543|NCBIGENE:1586|NCBIGENE:1803|NCBIGENE:1857|NCBIGENE:1978|NCBIGENE:200186|NCBIGENE:2064|NCBIGENE:213|NCBIGENE:2167|NCBIGENE:22926|NCBIGENE:2308|NCBIGENE:23410|NCBIGENE:23411|NCBIGENE:23621|NCBIGENE:2475|NCBIGENE:252995|NCBIGENE:2597|NCBIGENE:2641|NCBIGENE:2740|NCBIGENE:2932|NCBIGENE:3039|NCBIGENE:3040|NCBIGENE:3099|NCBIGENE:314|NCBIGENE:3162|NCBIGENE:32|NCBIGENE:3309|NCBIGENE:3359|NCBIGENE:3383|NCBIGENE:3479|NCBIGENE:348|NCBIGENE:3480|NCBIGENE:3484|NCBIGENE:3553|NCBIGENE:3600|NCBIGENE:3643|NCBIGENE:3651|NCBIGENE:3667|NCBIGENE:3952|NCBIGENE:3953|NCBIGENE:4000|NCBIGENE:4023|NCBIGENE:4288|NCBIGENE:4318|NCBIGENE:468|NCBIGENE:472|NCBIGENE:4792|NCBIGENE:4982|NCBIGENE:5054|NCBIGENE:51094|NCBIGENE:5228|NCBIGENE:5241|NCBIGENE:5327|NCBIGENE:5340|NCBIGENE:54541|NCBIGENE:5468|NCBIGENE:55244|NCBIGENE:5562|NCBIGENE:5563|NCBIGENE:5564|NCBIGENE:5595|NCBIGENE:5617|NCBIGENE:56729|NCBIGENE:5728|NCBIGENE:5770|NCBIGENE:5774|NCBIGENE:5867|NCBIGENE:5879|NCBIGENE:5881|NCBIGENE:595|NCBIGENE:6194|NCBIGENE:6198|NCBIGENE:6414|NCBIGENE:6469|NCBIGENE:64788|NCBIGENE:6514|NCBIGENE:6517|NCBIGENE:6518|NCBIGENE:6564|NCBIGENE:6580|NCBIGENE:6581|NCBIGENE:6582|NCBIGENE:6720|NCBIGENE:6770|NCBIGENE:6774|NCBIGENE:6790|NCBIGENE:6794|NCBIGENE:6999|NCBIGENE:7040|NCBIGENE:7045|NCBIGENE:7076|NCBIGENE:7157|NCBIGENE:7351|NCBIGENE:7436|NCBIGENE:836|NCBIGENE:8431|NCBIGENE:8639|NCBIGENE:8660|NCBIGENE:8837|NCBIGENE:8856|NCBIGENE:9407
DB01353,999,CCCCC1(CC)C(=O)NC(=O)NC1=O,P47869|P34903|P48169|P31644|Q16445|P14867|P43681|P36544|P42262|Q13002,,,PUBCHEM.COMPOUND:6473,DOID:0050590|DOID:0050741|DOID:0050848|DOID:0060262|DOID:0060731|DOID:10952|DOID:12139|DOID:1227|DOID:12550|DOID:12987|DOID:13268|DOID:13413|DOID:1425|DOID:1470|DOID:1574|DOID:1588|DOID:1595|DOID:1596|DOID:2355|DOID:2361|DOID:2527|DOID:2841|DOID:2848|DOID:2921|DOID:302|DOID:303|DOID:3083|DOID:409|DOID:4964|DOID:557|DOID:9267,NCBIGENE:1137|NCBIGENE:2557|NCBIGENE:2558|NCBIGENE:2559|NCBIGENE:2898|NCBIGENE:89832
DB00737,1000,CC1=CC(CN2CCN(CC2)C(C2=CC=CC=C2)C2=CC=C(Cl)C=C2)=CC=C1,P35367|Q14994,,,PUBCHEM.COMPOUND:4034,DOID:13206|DOID:13550|DOID:13948|DOID:1405|DOID:14445|DOID:2479|DOID:2883|DOID:2951,NCBIGENE:1525|NCBIGENE:3269|NCBIGENE:5833
DB00611,1001,[H][C@@]12CC3=C(C=C(O)C=C3)[C@]3(CCCC[C@@]13O)CCN2CC1CCC1,P41145|P41143|P35372,,,PUBCHEM.COMPOUND:6916249,,
DB00892,1002,CCCCOC1=CC(=CC=C1N)C(=O)OCCN(CC)CC,Q9Y5Y9,,,PUBCHEM.COMPOUND:4633,,NCBIGENE:6336
DB08815,1003,[H][C@@]12[C@H]3CC[C@H](C3)[C@]1([H])C(=O)N(C[C@@H]1CCCC[C@H]1CN1CCN(CC1)C1=NSC3=CC=CC=C13)C2=O,P14416|P28223|P34969|P08908|P18825|P08913,P08684,P08684,PUBCHEM.COMPOUND:213046,DOID:0050590|DOID:0060262|DOID:1168|DOID:1227|DOID:12700|DOID:12987|DOID:13003|DOID:14464|DOID:1826|DOID:1837|DOID:224|DOID:3312|DOID:3526|DOID:409|DOID:4195|DOID:5419|DOID:615|DOID:6713|DOID:9351|DOID:9854,NCBIGENE:150|NCBIGENE:152|NCBIGENE:1813|NCBIGENE:1815|NCBIGENE:3350|NCBIGENE:3363|NCBIGENE:627
DB00228,1004,FC(F)OC(F)(F)C(F)Cl,P23415|P98194|O14983,P05181,P05181,PUBCHEM.COMPOUND:3226,DOID:11723|DOID:1826|DOID:8545|DOID:9884,NCBIGENE:2741|NCBIGENE:3736|NCBIGENE:3783|NCBIGENE:513
DB00423,1005,COC1=C(OCC(O)COC(N)=O)C=CC=C1,P00915,,,PUBCHEM.COMPOUND:4107,DOID:0050741|DOID:0060262|DOID:0060573|DOID:0060692|DOID:0111045|DOID:0111052|DOID:0111054|DOID:0111056|DOID:0111057|DOID:10652|DOID:10772|DOID:10808|DOID:10952|DOID:11249|DOID:11870|DOID:12531|DOID:13189|DOID:1425|DOID:1443|DOID:14525|DOID:1574|DOID:1588|DOID:1826|DOID:2215|DOID:2216|DOID:2236|DOID:2355|DOID:2361|DOID:2527|DOID:2921|DOID:409|DOID:557|DOID:750,NCBIGENE:6476
DB01618,1006,CCC1=C(C)NC2=C1C(=O)C(CN1CCOCC1)CC2,P14416|P08908|P28223|P11229,,,PUBCHEM.COMPOUND:23897,DOID:0050590|DOID:0060262|DOID:1227|DOID:12700|DOID:12987|DOID:1319|DOID:13548|DOID:14464|DOID:1826|DOID:409|DOID:5419|DOID:615|DOID:9854,NCBIGENE:1128|NCBIGENE:152|NCBIGENE:1813|NCBIGENE:1814|NCBIGENE:1815|NCBIGENE:3269|NCBIGENE:3350|NCBIGENE:4129
DB01267,1007,CC1=C(CCN2CCC(CC2)C2=NOC3=C2C=CC(F)=C3)C(=O)N2CCCC(O)C2=N1,P28223|P14416|P21917|P35462|P28335|P35367|P35348|P35368|P28221|P08913|P18089|P18825|P08908|P21728|P34969,P08684|P10635|P20815,P08684|P10635|P20815,PUBCHEM.COMPOUND:115237,DOID:0050590|DOID:0050841|DOID:0060192|DOID:0090044|DOID:0090045|DOID:0090047|DOID:0090049|DOID:0090051|DOID:0090052|DOID:0090053|DOID:0090054|DOID:0090123|DOID:0110892|DOID:10605|DOID:11328|DOID:1168|DOID:11847|DOID:12217|DOID:1227|DOID:12700|DOID:12987|DOID:13548|DOID:14221|DOID:14464|DOID:1826|DOID:1837|DOID:302|DOID:303|DOID:4195|DOID:4500|DOID:529|DOID:5418|DOID:5419|DOID:5844|DOID:5854|DOID:615|DOID:6713|DOID:679|DOID:8437|DOID:8778|DOID:9286|DOID:9351|DOID:9408|DOID:9854|DOID:9970,NCBIGENE:147|NCBIGENE:148|NCBIGENE:150|NCBIGENE:152|NCBIGENE:1565|NCBIGENE:1576|NCBIGENE:1577|NCBIGENE:1813|NCBIGENE:1814|NCBIGENE:1815|NCBIGENE:3269|NCBIGENE:3350|NCBIGENE:3351|NCBIGENE:3354|NCBIGENE:3358|NCBIGENE:3363|NCBIGENE:3757
DB00341,1008,OC(=O)COCCN1CCN(CC1)C(C1=CC=CC=C1)C1=CC=C(Cl)C=C1,P35367,,,PUBCHEM.COMPOUND:2678,DOID:0060262|DOID:10459|DOID:10460|DOID:10763|DOID:10825|DOID:10952|DOID:11204|DOID:12361|DOID:13206|DOID:13550|DOID:13739|DOID:1405|DOID:1425|DOID:14445|DOID:1686|DOID:1837|DOID:1936|DOID:2275|DOID:2348|DOID:2457|DOID:2474|DOID:2527|DOID:2883|DOID:2921|DOID:3393|DOID:409|DOID:4481|DOID:4730|DOID:557|DOID:784|DOID:7997|DOID:7998|DOID:9351,NCBIGENE:3269|NCBIGENE:3565|NCBIGENE:3567|NCBIGENE:3576
DB11609,1009,CCC(=O)C(CCN(C)C)(C1=CC=CC=C1)C1=CC=CC=C1,,,,PUBCHEM.COMPOUND:10090,,
DB01614,1010,CN(C)CCCN1C2=CC=CC=C2SC2=C1C=C(C=C2)C(C)=O,P14416|P21728|P28223|P08908|P35348|P35368,,,PUBCHEM.COMPOUND:6077,,NCBIGENE:147|NCBIGENE:148|NCBIGENE:1813|NCBIGENE:3350
DB00914,1011,NC(=N)NC(=N)NCCC1=CC=CC=C1,Q13131|Q15842,P10635,P10635,PUBCHEM.COMPOUND:8249,,NCBIGENE:1080|NCBIGENE:1565|NCBIGENE:3757|NCBIGENE:3764|NCBIGENE:5562
DB01452,1012,[H][C@@]12C=C[C@H](OC(C)=O)[C@@H]3OC4=C(OC(C)=O)C=CC5=C4[C@]13CCN(C)[C@@H]2C5,P35372|P41145|P41143|P23141,,,PUBCHEM.COMPOUND:5462328,,NCBIGENE:10018|NCBIGENE:1066|NCBIGENE:3757|NCBIGENE:467|NCBIGENE:4985|NCBIGENE:4986|NCBIGENE:4988|NCBIGENE:8824
DB09071,1013,CCC(=O)NC[C@@H]1C[C@H]1C1=CC=CC2=C1CCO2,P48039|P49286,P08684|P05177,P08684|P05177,PUBCHEM.COMPOUND:10220503,,
DB00623,1014,OCCN1CCN(CCCN2C3=CC=CC=C3SC3=C2C=C(C=C3)C(F)(F)F)CC1,P14416|P21728|P0DP23|P10275|P28223|P28335,P05181|P10635,P05181|P10635,PUBCHEM.COMPOUND:3372,DOID:0050590|DOID:0050741|DOID:0050841|DOID:0060262|DOID:11328|DOID:11847|DOID:1227|DOID:12700|DOID:12987|DOID:13206|DOID:13548|DOID:14221|DOID:1432|DOID:14464|DOID:1574|DOID:1588|DOID:1686|DOID:1826|DOID:2355|DOID:2361|DOID:2883|DOID:3393|DOID:409|DOID:4195|DOID:529|DOID:5418|DOID:5419|DOID:5844|DOID:5854|DOID:615|DOID:679|DOID:9408|DOID:9854|DOID:9970,NCBIGENE:1133|NCBIGENE:146|NCBIGENE:147|NCBIGENE:148|NCBIGENE:150|NCBIGENE:152|NCBIGENE:1813|NCBIGENE:1814|NCBIGENE:1815|NCBIGENE:1816|NCBIGENE:3269|NCBIGENE:3274|NCBIGENE:3350|NCBIGENE:3351|NCBIGENE:3354|NCBIGENE:3358|NCBIGENE:3362|NCBIGENE:3363|NCBIGENE:55811|NCBIGENE:5617|NCBIGENE:5621|NCBIGENE:801|NCBIGENE:805|NCBIGENE:808|NCBIGENE:9407
DB00854,1015,[H][C@@]12CCCC[C@@]11CCN(C)[C@@H]2CC2=C1C=C(O)C=C2,P35372|P41143|P41145,,,PUBCHEM.COMPOUND:5359272,DOID:0050328|DOID:0050589|DOID:0060262|DOID:0110892|DOID:10493|DOID:10952|DOID:11459|DOID:11634|DOID:11981|DOID:1319|DOID:13206|DOID:13774|DOID:1425|DOID:1459|DOID:1742|DOID:1826|DOID:2089|DOID:2527|DOID:2883|DOID:2921|DOID:302|DOID:303|DOID:409|DOID:557|DOID:8515|DOID:8577|DOID:9428,NCBIGENE:4985|NCBIGENE:4986|NCBIGENE:4988
DB01297,1016,CC(C)NCC(O)COC1=CC=C(NC(C)=O)C=C1,P08588,,,PUBCHEM.COMPOUND:4883,,NCBIGENE:153|NCBIGENE:154
DB00166,1017,OC(=O)CCCC[C@@H]1CCSS1,Q9Y234|Q9Y289|O43766,P16435,P16435,PUBCHEM.COMPOUND:6112,,NCBIGENE:231|NCBIGENE:23411|NCBIGENE:43|NCBIGENE:4860|NCBIGENE:6376
DB01268,1018,CCN(CC)CCNC(=O)C1=C(C)NC(\C=C2/C(=O)NC3=C2C=C(F)C=C3)=C1C,P09619|P17948|P10721|P35968|P35916|P36888|P07333|P16234|P08581,P08684|P20815|P24462,P08684|P20815|P24462,PUBCHEM.COMPOUND:5329102,DOID:0050328|DOID:0060262|DOID:10493|DOID:11634|DOID:12361|DOID:13774|DOID:1459|DOID:1588|DOID:1826|DOID:2355|DOID:2361|DOID:2739|DOID:2741|DOID:2913|DOID:409|DOID:4450|DOID:4451|DOID:4464|DOID:4465|DOID:4467|DOID:4471|DOID:4473|DOID:4500|DOID:4989|DOID:6000|DOID:7997|DOID:7998|DOID:9253,NCBIGENE:10114|NCBIGENE:1017|NCBIGENE:1020|NCBIGENE:10461|NCBIGENE:1111|NCBIGENE:11183|NCBIGENE:11200|NCBIGENE:118429|NCBIGENE:1195|NCBIGENE:120892|NCBIGENE:1435|NCBIGENE:1436|NCBIGENE:1453|NCBIGENE:1456|NCBIGENE:1576|NCBIGENE:1956|NCBIGENE:204851|NCBIGENE:2241|NCBIGENE:2261|NCBIGENE:22848|NCBIGENE:23043|NCBIGENE:2321|NCBIGENE:2322|NCBIGENE:23235|NCBIGENE:2324|NCBIGENE:238|NCBIGENE:25|NCBIGENE:2580|NCBIGENE:25989|NCBIGENE:26576|NCBIGENE:2675|NCBIGENE:27330|NCBIGENE:285220|NCBIGENE:28996|NCBIGENE:340156|NCBIGENE:3479|NCBIGENE:3480|NCBIGENE:3645|NCBIGENE:3654|NCBIGENE:3702|NCBIGENE:3716|NCBIGENE:3757|NCBIGENE:3791|NCBIGENE:3815|NCBIGENE:3932|NCBIGENE:4140|NCBIGENE:4286|NCBIGENE:4613|NCBIGENE:4638|NCBIGENE:4843|NCBIGENE:4914|NCBIGENE:4915|NCBIGENE:4916|NCBIGENE:50488|NCBIGENE:5063|NCBIGENE:51135|NCBIGENE:5156|NCBIGENE:5159|NCBIGENE:5261|NCBIGENE:5292|NCBIGENE:55589|NCBIGENE:5562|NCBIGENE:5563|NCBIGENE:55781|NCBIGENE:558|NCBIGENE:5587|NCBIGENE:5605|NCBIGENE:5607|NCBIGENE:5728|NCBIGENE:57396|NCBIGENE:5747|NCBIGENE:57787|NCBIGENE:5871|NCBIGENE:595|NCBIGENE:5979|NCBIGENE:6195|NCBIGENE:6196|NCBIGENE:6197|NCBIGENE:6198|NCBIGENE:640|NCBIGENE:6774|NCBIGENE:6789|NCBIGENE:6793|NCBIGENE:6794|NCBIGENE:6885|NCBIGENE:7272|NCBIGENE:7291|NCBIGENE:7301|NCBIGENE:7494|NCBIGENE:80122|NCBIGENE:815|NCBIGENE:817|NCBIGENE:818|NCBIGENE:836|NCBIGENE:83732|NCBIGENE:83942|NCBIGENE:8408|NCBIGENE:8428|NCBIGENE:91807|NCBIGENE:9263|NCBIGENE:9748|NCBIGENE:9833|NCBIGENE:9891
DB00834,1019,[H][C@@]12CC[C@@](O)(C#CC)[C@@]1(C)C[C@H](C1=CC=C(C=C1)N(C)C)C1=C3CCC(=O)C=C3CC[C@@]21[H],P06401|P04150|P07288|O75469,P10635|P10632|P11712|P08684|P20815,P10635|P10632|P11712|P08684|P20815,PUBCHEM.COMPOUND:55245,DOID:0060329|DOID:104|DOID:10493|DOID:1247|DOID:13270|DOID:13271|DOID:13774|DOID:3132|DOID:3133|DOID:3890|DOID:4346,NCBIGENE:10763|NCBIGENE:11067|NCBIGENE:123|NCBIGENE:1576|NCBIGENE:1577|NCBIGENE:1950|NCBIGENE:23082|NCBIGENE:23095|NCBIGENE:2538|NCBIGENE:2908|NCBIGENE:3484|NCBIGENE:3488|NCBIGENE:367|NCBIGENE:3960|NCBIGENE:4318|NCBIGENE:51083|NCBIGENE:5241|NCBIGENE:5406|NCBIGENE:5468|NCBIGENE:55503|NCBIGENE:5617|NCBIGENE:563|NCBIGENE:5747|NCBIGENE:5925|NCBIGENE:597|NCBIGENE:6347|NCBIGENE:6532|NCBIGENE:6898|NCBIGENE:7350|NCBIGENE:7471|NCBIGENE:79602|NCBIGENE:836|NCBIGENE:8714|NCBIGENE:8795|NCBIGENE:9429|NCBIGENE:949
DB00104,1020,C[C@H]([C@H]1C(=O)N[C@@H](CSSC[C@@H](C(=O)N[C@H](C(=O)N[C@@H](C(=O)N[C@H](C(=O)N1)CCCCN)CC2=CNC3=CC=CC=C32)CC4=CC=CC=C4)NC(=O)[C@@H](CC5=CC=CC=C5)N)C(=O)N[C@H](CO)[C@@H](C)O)O,,P05164|P08684,P05164|P08684,PUBCHEM.COMPOUND:448601,DOID:0050328|DOID:0060262|DOID:1074|DOID:11151|DOID:11634|DOID:11755|DOID:1459|DOID:1837|DOID:2444|DOID:2449|DOID:409|DOID:4195|DOID:4676|DOID:5082|DOID:8437|DOID:8440|DOID:9351|DOID:9993,NCBIGENE:4988|NCBIGENE:6750|NCBIGENE:6751|NCBIGENE:6752|NCBIGENE:6754|NCBIGENE:6755
DB04896,1021,CCN(CC)C(=O)C1(CC1CN)C1=CC=CC=C1,P31645|P23975,P08684,P08684,PUBCHEM.COMPOUND:65833,DOID:0050741|DOID:0060262|DOID:10763|DOID:10825|DOID:114|DOID:1247|DOID:1287|DOID:13550|DOID:1405|DOID:14445|DOID:1574|DOID:1826|DOID:3312|DOID:3401|DOID:409|DOID:5200|DOID:631,
DB00960,1022,CC(C)NCC(O)COC1=CC=CC2=C1C=CN2,P08588|P07550|P13945|P08908|P28222,,,PUBCHEM.COMPOUND:4828,DOID:0060262|DOID:10300|DOID:10763|DOID:10825|DOID:10952|DOID:12139|DOID:1425|DOID:1470|DOID:1595|DOID:1596|DOID:1837|DOID:2527|DOID:2848|DOID:2921|DOID:409|DOID:437|DOID:4964|DOID:557|DOID:6000|DOID:9351,NCBIGENE:153|NCBIGENE:154|NCBIGENE:155|NCBIGENE:3350|NCBIGENE:3351|NCBIGENE:3363|NCBIGENE:5617|NCBIGENE:5972
DB00866,1023,CC(C)NCC(O)COC1=CC=CC=C1CC=C,P08588|P07550|P08908|P13945,,,PUBCHEM.COMPOUND:2119,,NCBIGENE:153|NCBIGENE:154|NCBIGENE:155|NCBIGENE:1565|NCBIGENE:3350|NCBIGENE:55811
DB06791,1024,[H]N([H])CCCCC1N([H])C(=O)C(CC2=CN([H])C3=CC=CC=C23)N([H])C(=O)C(CC2=CC=C(O)C=C2)N([H])C(=O)C(CSSCC(N([H])C(=O)C(N([H])C1=O)C(C)C)C(=O)N([H])C(C(C)O)C(=O)N([H])[H])N([H])C(=O)C(CC1=CC2=CC=CC=C2C=C1)N([H])[H],P30874|P35346,P08684,P08684,PUBCHEM.COMPOUND:71349,DOID:0050328|DOID:0060262|DOID:10763|DOID:10825|DOID:11151|DOID:11634|DOID:11755|DOID:1459|DOID:2444|DOID:2449|DOID:409|DOID:4195|DOID:9993,
DB09204,1025,CC(C)(C)NCC(O)CSC1=NC(=CS1)C1=CC=C(S1)C(N)=O,P08588|P07550,P10635,P10635,PUBCHEM.COMPOUND:2239,,NCBIGENE:153|NCBIGENE:154|NCBIGENE:155
DB01193,1026,CCCC(=O)NC1=CC=C(OCC(O)CNC(C)C)C(=C1)C(C)=O,P08588|P07550,,,PUBCHEM.COMPOUND:1978,DOID:0050771|DOID:0060262|DOID:10021|DOID:10154|DOID:10300|DOID:10763|DOID:10825|DOID:10952|DOID:117|DOID:12139|DOID:13884|DOID:1425|DOID:1470|DOID:1595|DOID:1596|DOID:1837|DOID:2527|DOID:2841|DOID:2848|DOID:2921|DOID:3669|DOID:3953|DOID:409|DOID:437|DOID:4398|DOID:4964|DOID:557|DOID:8893|DOID:9088|DOID:9351|DOID:9360|DOID:9415,NCBIGENE:153|NCBIGENE:154|NCBIGENE:155|NCBIGENE:5972
DB00489,1027,CC(C)NCC(O)C1=CC=C(NS(C)(=O)=O)C=C1,P08588|P07550|Q12809,,,PUBCHEM.COMPOUND:5253,DOID:0060224|DOID:13884|DOID:1837|DOID:2841|DOID:4500|DOID:9351|DOID:9360|DOID:9415,NCBIGENE:153|NCBIGENE:154|NCBIGENE:155|NCBIGENE:3757
DB01214,1028,CC(C)NCC(O)COC1=C(C)C(C)=C(OC(C)=O)C(C)=C1,P08588|P07550,,,PUBCHEM.COMPOUND:31477,DOID:1067|DOID:12361|DOID:1837|DOID:2841|DOID:3083|DOID:437|DOID:6132|DOID:7997|DOID:7998|DOID:9282|DOID:9351|DOID:9360|DOID:9415,NCBIGENE:153|NCBIGENE:154
DB01210,1029,CC(C)(C)NC[C@H](O)COC1=CC=CC2=C1CCCC2=O,P08588|P07550,,,PUBCHEM.COMPOUND:39468,DOID:1067|DOID:1837|DOID:2841|DOID:437|DOID:9282|DOID:9351|DOID:9360|DOID:9415,NCBIGENE:153|NCBIGENE:154|NCBIGENE:155
DB06663,1030,NCCCC[C@@H]1NC(=O)[C@@H](CC2=CNC3=C2C=CC=C3)NC(=O)[C@@H](NC(=O)[C@@H]2C[C@H](CN2C(=O)[C@H](CC2=CC=CC=C2)NC(=O)[C@H](CC2=CC=C(OCC3=CC=CC=C3)C=C2)NC1=O)OC(=O)NCCN)C1=CC=CC=C1,P30872|P30874|P32745|P35346,P08684,P08684,PUBCHEM.COMPOUND:9941444,DOID:3947|DOID:446,NCBIGENE:3479|NCBIGENE:6751|NCBIGENE:6752|NCBIGENE:6755
DB01295,1031,COC1=C(OC)C=C(CCNCC(O)COC2=CC=CC(C)=C2)C=C1,P08588|P07550|P35348,,,PUBCHEM.COMPOUND:2372,,NCBIGENE:148|NCBIGENE:153|NCBIGENE:154|NCBIGENE:155
DB08807,1032,CC1=CC2=C(N1)C=CC=C2OCC(CNC(C)(C)C)OC(=O)C1=CC=CC=C1,P08588|P07550|P08908|P28222|P13945,,,PUBCHEM.COMPOUND:44112,,NCBIGENE:153|NCBIGENE:154|NCBIGENE:155|NCBIGENE:3350|NCBIGENE:3351|NCBIGENE:5972
DB08808,1033,CC1=CC(OCC(O)CNC(C)(C)C)=C(Cl)C=C1,P08588|P07550|P13945,,,PUBCHEM.COMPOUND:2475,DOID:10763|DOID:10825|DOID:1686,NCBIGENE:153|NCBIGENE:154|NCBIGENE:155|NCBIGENE:51428
DB00187,1034,COC(=O)CCC1=CC=C(OCC(O)CNC(C)C)C=C1,P08588,,,PUBCHEM.COMPOUND:59768,DOID:0050820|DOID:0060224|DOID:10952|DOID:1425|DOID:1837|DOID:2527|DOID:2841|DOID:2921|DOID:557|DOID:9351,NCBIGENE:153
DB00521,1035,CC(C)(C)NCC(O)COC1=CC=CC2=C1CCC(=O)N2,P07550|P08588,,,PUBCHEM.COMPOUND:2583,DOID:1067|DOID:10763|DOID:10825|DOID:1837|DOID:2841|DOID:437|DOID:6000|DOID:6132|DOID:9282|DOID:9351|DOID:9360|DOID:9415,NCBIGENE:153|NCBIGENE:154|NCBIGENE:155|NCBIGENE:1565
DB01359,1036,CC(C)(C)NC[C@H](O)COC1=CC=CC=C1C1CCCC1,P08588|P07550|P08908|P28222,,,PUBCHEM.COMPOUND:37464,DOID:0060262|DOID:10300|DOID:10763|DOID:10825|DOID:10952|DOID:12139|DOID:1425|DOID:1470|DOID:1595|DOID:1596|DOID:1837|DOID:2527|DOID:2848|DOID:2921|DOID:409|DOID:437|DOID:4964|DOID:557|DOID:6000|DOID:9351,NCBIGENE:153|NCBIGENE:154|NCBIGENE:3350|NCBIGENE:3351
DB00195,1037,CC(C)NCC(O)COC1=CC=C(CCOCC2CC2)C=C1,P08588|P07550,,,PUBCHEM.COMPOUND:2369,DOID:0050771|DOID:0050820|DOID:0060262|DOID:10021|DOID:10154|DOID:10300|DOID:1067|DOID:10763|DOID:10825|DOID:10952|DOID:117|DOID:12139|DOID:1425|DOID:1470|DOID:1595|DOID:1596|DOID:1837|DOID:2527|DOID:2841|DOID:2848|DOID:2921|DOID:3953|DOID:409|DOID:437|DOID:4398|DOID:4964|DOID:557|DOID:8893|DOID:9088|DOID:9282|DOID:9351|DOID:9360|DOID:9415|DOID:9993,NCBIGENE:153|NCBIGENE:154|NCBIGENE:1544|NCBIGENE:4846
DB01203,1038,CC(C)(C)NCC(O)COC1=CC=CC2=C1C[C@H](O)[C@H](O)C2,P08588|P07550,,,PUBCHEM.COMPOUND:39147,DOID:0060262|DOID:10300|DOID:10763|DOID:10825|DOID:10952|DOID:12139|DOID:12550|DOID:12678|DOID:12679|DOID:13189|DOID:13413|DOID:13543|DOID:1425|DOID:1470|DOID:1595|DOID:1596|DOID:1837|DOID:1920|DOID:2383|DOID:2485|DOID:2527|DOID:2848|DOID:2913|DOID:2921|DOID:2983|DOID:3341|DOID:409|DOID:437|DOID:4500|DOID:4964|DOID:4989|DOID:557|DOID:6000|DOID:9074|DOID:9351,NCBIGENE:11216|NCBIGENE:153|NCBIGENE:154|NCBIGENE:155|NCBIGENE:5972
DB01119,1039,CC1=NS(=O)(=O)C2=C(N1)C=CC(Cl)=C2,Q14654,,,PUBCHEM.COMPOUND:3019,DOID:0050782|DOID:0060262|DOID:1074|DOID:10952|DOID:13189|DOID:13317|DOID:1425|DOID:1428|DOID:1837|DOID:1920|DOID:2018|DOID:2527|DOID:2921|DOID:3393|DOID:3892|DOID:409|DOID:4195|DOID:4500|DOID:4676|DOID:557|DOID:6000|DOID:6713|DOID:9351,NCBIGENE:10135|NCBIGENE:1499|NCBIGENE:2641|NCBIGENE:3767|NCBIGENE:5972|NCBIGENE:6559|NCBIGENE:760
DB00820,1040,[H][C@]12CC3=C(NC4=CC=CC=C34)[C@H](N1C(=O)CN(C)C2=O)C1=CC2=C(OCO2)C=C1,O76074|Q9HCR9|P18545,P08684,P08684,PUBCHEM.COMPOUND:110635,DOID:0110307|DOID:10003|DOID:10923|DOID:11120|DOID:11847|DOID:11984|DOID:12010|DOID:1240|DOID:1247|DOID:13206|DOID:13477|DOID:13709|DOID:14557|DOID:1712|DOID:1826|DOID:2883|DOID:326|DOID:3526|DOID:5844|DOID:5854|DOID:6432|DOID:6713|DOID:8616|DOID:9286|DOID:9408|DOID:9538,NCBIGENE:1576|NCBIGENE:50940|NCBIGENE:5592|NCBIGENE:8654
DB00310,1041,NS(=O)(=O)C1=C(Cl)C=CC(=C1)C1(O)NC(=O)C2=CC=CC=C12,P00915|Q13621,,,PUBCHEM.COMPOUND:2732,DOID:0050820|DOID:0110741|DOID:0110742|DOID:0110743|DOID:0110744|DOID:0110745|DOID:0110746|DOID:0110747|DOID:0110748|DOID:0110749|DOID:0110750|DOID:0110751|DOID:0110752|DOID:0110753|DOID:0110754|DOID:0110755|DOID:0110756|DOID:0110757|DOID:0110758|DOID:0110759|DOID:0110760|DOID:0110761|DOID:0110892|DOID:10138|DOID:10140|DOID:10300|DOID:10763|DOID:10825|DOID:10952|DOID:11151|DOID:11755|DOID:11847|DOID:12139|DOID:12678|DOID:12679|DOID:13189|DOID:1425|DOID:1470|DOID:1595|DOID:1596|DOID:1826|DOID:1920|DOID:2485|DOID:2527|DOID:2841|DOID:2848|DOID:2913|DOID:2921|DOID:2983|DOID:3393|DOID:4398|DOID:4500|DOID:4964|DOID:4989|DOID:557|DOID:5844|DOID:5854|DOID:6000|DOID:6713|DOID:750|DOID:784|DOID:8577|DOID:8893|DOID:9074|DOID:9088|DOID:9351|DOID:9352|DOID:9360|DOID:9408|DOID:9415|DOID:9744,NCBIGENE:11238|NCBIGENE:5972|NCBIGENE:760|NCBIGENE:766|NCBIGENE:768|NCBIGENE:771
DB00905,1042,CCNC(=O)CCC\C=C/C[C@H]1[C@@H](O)C[C@@H](O)[C@@H]1\C=C\[C@@H](O)CCC1=CC=CC=C1,P43088|P34995|P43115,P08684|P20815,P08684|P20815,PUBCHEM.COMPOUND:5311027,DOID:0060262|DOID:1067|DOID:12030|DOID:13141|DOID:1406|DOID:240|DOID:409|DOID:4353|DOID:4447|DOID:4449|DOID:9282,NCBIGENE:3491|NCBIGENE:5729|NCBIGENE:5731|NCBIGENE:5733|NCBIGENE:5737|NCBIGENE:5739|NCBIGENE:8644
DB01180,1043,[H][C@]12C[C@@H](OC(=O)C=CC3=CC(OC)=C(OC)C(OC)=C3)[C@H](OC)[C@@H](C(=O)OC)[C@@]1([H])C[C@@]1([H])N(CCC3=C1NC1=C3C=CC(OC)=C1)C2,P12821,,,PUBCHEM.COMPOUND:32681,,NCBIGENE:1636
DB01158,1044,CC[N+](C)(C)CC1=CC=CC=C1Br,P05023,,,PUBCHEM.COMPOUND:2431,DOID:10952|DOID:1425|DOID:14557|DOID:1712|DOID:2527|DOID:2921|DOID:557|DOID:6432,NCBIGENE:153|NCBIGENE:154
DB01021,1045,NS(=O)(=O)C1=C(Cl)C=C2NC(NS(=O)(=O)C2=C1)C(Cl)Cl,P55017|P05023|P00915|P00918|P22748,,,PUBCHEM.COMPOUND:5560,DOID:0110892|DOID:10763|DOID:10825|DOID:10952|DOID:11151|DOID:11755|DOID:12139|DOID:1425|DOID:1470|DOID:1595|DOID:1596|DOID:1826|DOID:2527|DOID:2848|DOID:2921|DOID:4964|DOID:557|DOID:750|DOID:8577,NCBIGENE:760|NCBIGENE:762|NCBIGENE:766
DB00765,1046,C[C@](N)(CC1=CC=C(O)C=C1)C(O)=O,P07101,,,PUBCHEM.COMPOUND:441350,DOID:0050771|DOID:0050841|DOID:0060262|DOID:10021|DOID:10154|DOID:10952|DOID:117|DOID:12139|DOID:13548|DOID:1425|DOID:1470|DOID:1595|DOID:1596|DOID:2527|DOID:2848|DOID:2921|DOID:3953|DOID:409|DOID:4964|DOID:529|DOID:557|DOID:679,NCBIGENE:7054
DB01170,1047,NC(N)=NCCN1CCCCCCC1,P23975,,,PUBCHEM.COMPOUND:3518,DOID:10763|DOID:10825|DOID:12550|DOID:12678|DOID:12679|DOID:13189|DOID:13413|DOID:13543|DOID:1837|DOID:1920|DOID:2383|DOID:2485|DOID:2913|DOID:2983|DOID:3341|DOID:4500|DOID:4989|DOID:9074|DOID:9351,NCBIGENE:146|NCBIGENE:148|NCBIGENE:150|NCBIGENE:152|NCBIGENE:1621|NCBIGENE:6530|NCBIGENE:7054
DB00880,1048,NS(=O)(=O)C1=C(Cl)C=C2NC=NS(=O)(=O)C2=C1,P55017|P00915|P00918,,,PUBCHEM.COMPOUND:2720,DOID:0050590|DOID:0050700|DOID:0050771|DOID:0060262|DOID:0080001|DOID:0110741|DOID:0110742|DOID:0110743|DOID:0110744|DOID:0110745|DOID:0110746|DOID:0110747|DOID:0110748|DOID:0110749|DOID:0110750|DOID:0110751|DOID:0110752|DOID:0110753|DOID:0110754|DOID:0110755|DOID:0110756|DOID:0110757|DOID:0110758|DOID:0110759|DOID:0110760|DOID:0110761|DOID:0110892|DOID:10021|DOID:10154|DOID:1029|DOID:10300|DOID:10763|DOID:10825|DOID:10952|DOID:1098|DOID:11151|DOID:11459|DOID:117|DOID:11755|DOID:11984|DOID:12139|DOID:1222|DOID:1227|DOID:12449|DOID:12550|DOID:12678|DOID:12679|DOID:12932|DOID:12987|DOID:13087|DOID:13189|DOID:13268|DOID:13413|DOID:13543|DOID:13548|DOID:13580|DOID:13884|DOID:14026|DOID:1425|DOID:1470|DOID:14735|DOID:1558|DOID:1595|DOID:1596|DOID:1712|DOID:1826|DOID:1837|DOID:1920|DOID:2237|DOID:2355|DOID:2361|DOID:2383|DOID:2485|DOID:2527|DOID:2841|DOID:2848|DOID:2913|DOID:2921|DOID:2972|DOID:2983|DOID:3341|DOID:3393|DOID:3401|DOID:3526|DOID:3650|DOID:3669|DOID:384|DOID:3953|DOID:409|DOID:423|DOID:437|DOID:4398|DOID:4500|DOID:4964|DOID:4989|DOID:5082|DOID:557|DOID:580|DOID:585|DOID:6000|DOID:6132|DOID:65|DOID:6713|DOID:718|DOID:7327|DOID:750|DOID:854|DOID:8577|DOID:8893|DOID:9074|DOID:9088|DOID:9351|DOID:9352|DOID:9360|DOID:9415|DOID:9428|DOID:9744|DOID:9993,NCBIGENE:5972|NCBIGENE:6559|NCBIGENE:760|NCBIGENE:762|NCBIGENE:793
DB00436,1049,NS(=O)(=O)C1=CC2=C(NC(CC3=CC=CC=C3)NS2(=O)=O)C=C1C(F)(F)F,P55017|Q12791|P00915|P00918|P22748,,,PUBCHEM.COMPOUND:2315,DOID:0060262|DOID:10300|DOID:10763|DOID:10825|DOID:10952|DOID:12139|DOID:12550|DOID:12678|DOID:12679|DOID:13189|DOID:13413|DOID:13543|DOID:1425|DOID:1470|DOID:1595|DOID:1596|DOID:1837|DOID:1920|DOID:2383|DOID:2485|DOID:2527|DOID:2848|DOID:2913|DOID:2921|DOID:2983|DOID:3341|DOID:409|DOID:437|DOID:4500|DOID:4964|DOID:4989|DOID:557|DOID:6000|DOID:9074|DOID:9351,NCBIGENE:5972|NCBIGENE:6559|NCBIGENE:760|NCBIGENE:762
DB00325,1050,O=N[Fe--](C#N)(C#N)(C#N)(C#N)C#N,P16066,P04798,P04798,PUBCHEM.COMPOUND:11963622,,
DB00287,1051,CC(C)OC(=O)CCC\C=C/C[C@H]1[C@@H](O)C[C@@H](O)[C@@H]1\C=C\[C@@H](O)COC1=CC=CC(=C1)C(F)(F)F,P43088,,,PUBCHEM.COMPOUND:5282226,DOID:1067|DOID:12030|DOID:13141|DOID:1406|DOID:240|DOID:4353|DOID:4447|DOID:4449|DOID:9282,NCBIGENE:5737
DB00692,1052,CC1=CC=C(C=C1)N(CC1=NCCN1)C1=CC(O)=CC=C1,Q14654,,,PUBCHEM.COMPOUND:5775,DOID:0050771|DOID:0060262|DOID:10021|DOID:10154|DOID:117|DOID:11847|DOID:1686|DOID:224|DOID:2316|DOID:3393|DOID:3669|DOID:3953|DOID:409|DOID:5844|DOID:5854|DOID:9408,NCBIGENE:146|NCBIGENE:147|NCBIGENE:148|NCBIGENE:150|NCBIGENE:152|NCBIGENE:3757|NCBIGENE:55811
DB09242,1053,COC1=NC(C)=NC(Cl)=C1NC1=NCCN1,P08913|Q9Y2I1,,,PUBCHEM.COMPOUND:4810,DOID:10763|DOID:10825,NCBIGENE:11188|NCBIGENE:5972
DB00275,1054,CCCC1=NC(=C(N1CC1=CC=C(C=C1)C1=C(C=CC=C1)C1=NN=NN1)C(O)=O)C(C)(C)O,P30556,,,PUBCHEM.COMPOUND:158781,,NCBIGENE:134147|NCBIGENE:1559|NCBIGENE:183|NCBIGENE:213|NCBIGENE:4313|NCBIGENE:79966
DB00876,1055,CCCCC1=NC=C(\C=C(/CC2=CC=CS2)C(O)=O)N1CC1=CC=C(C=C1)C(O)=O,P30556,,,PUBCHEM.COMPOUND:5281037,DOID:10763|DOID:10825|DOID:12550|DOID:12678|DOID:12679|DOID:13189|DOID:13413|DOID:13543|DOID:1837|DOID:1920|DOID:2383|DOID:2485|DOID:2913|DOID:2972|DOID:2983|DOID:3341|DOID:4500|DOID:4989|DOID:9074|DOID:9351,NCBIGENE:186|NCBIGENE:5972
DB06826,1056,CCCCCCCC(=O)CC[C@H]1[C@H](O)C[C@H](O)[C@@H]1C\C=C/CCCC(O)=O,,,,PUBCHEM.COMPOUND:5311236,,NCBIGENE:11309|NCBIGENE:28231
DB04840,1057,NC(=N)N1CCC2=CC=CC=C2C1,P23975,P04798|P10635,P04798|P10635,PUBCHEM.COMPOUND:2966,,
DB00800,1058,OC1=CC=C(C=C1)C1CNCCC2=C(Cl)C(O)=C(O)C=C12,P21918|P21728|P35368|P25100|P35348|P18089|P18825|P08913,,,PUBCHEM.COMPOUND:3341,DOID:1067|DOID:10823,
DB00524,1059,CC1NC2=CC(Cl)=C(C=C2C(=O)N1C1=CC=CC=C1C)S(N)(=O)=O,P55017,,,PUBCHEM.COMPOUND:4170,DOID:10763|DOID:10825|DOID:12550|DOID:12678|DOID:12679|DOID:13189|DOID:13413|DOID:1837|DOID:2485|DOID:2913|DOID:2983|DOID:4500|DOID:4989|DOID:9074|DOID:9351,NCBIGENE:6559|NCBIGENE:766
DB01275,1060,NNC1=NN=CC2=CC=CC=C12,Q16853|Q16665|P13674,P08684,P08684,PUBCHEM.COMPOUND:3637,DOID:0050700|DOID:0110892|DOID:10763|DOID:10825|DOID:10952|DOID:11151|DOID:11459|DOID:11755|DOID:11847|DOID:11984|DOID:12139|DOID:12361|DOID:12550|DOID:12678|DOID:12679|DOID:12932|DOID:13189|DOID:13413|DOID:13543|DOID:1425|DOID:1470|DOID:1595|DOID:1596|DOID:1826|DOID:1837|DOID:1920|DOID:2355|DOID:2361|DOID:2383|DOID:2485|DOID:2527|DOID:2848|DOID:2913|DOID:2921|DOID:2983|DOID:3341|DOID:3393|DOID:3526|DOID:4500|DOID:4964|DOID:4989|DOID:557|DOID:5844|DOID:5854|DOID:6713|DOID:750|DOID:7997|DOID:7998|DOID:8577|DOID:9074|DOID:9351|DOID:9408|DOID:9428,NCBIGENE:10|NCBIGENE:1786|NCBIGENE:183|NCBIGENE:2625|NCBIGENE:2950|NCBIGENE:340273|NCBIGENE:3683|NCBIGENE:4255|NCBIGENE:5033|NCBIGENE:5972|NCBIGENE:7054|NCBIGENE:8639
DB00217,1061,CN\C(NCC1=CC=CC=C1)=N/C,P48048,,,PUBCHEM.COMPOUND:2368,,NCBIGENE:146|NCBIGENE:147|NCBIGENE:148|NCBIGENE:150|NCBIGENE:152|NCBIGENE:153|NCBIGENE:3758
DB00654,1062,CC(C)OC(=O)CCC\C=C/C[C@H]1[C@@H](O)C[C@@H](O)[C@@H]1CC[C@@H](O)CCC1=CC=CC=C1,P43088,,,PUBCHEM.COMPOUND:5311221,DOID:1067|DOID:12030|DOID:13141|DOID:1406|DOID:240|DOID:4353|DOID:4447|DOID:4449|DOID:6195|DOID:9282,NCBIGENE:4312|NCBIGENE:4313|NCBIGENE:4314|NCBIGENE:4318|NCBIGENE:5737|NCBIGENE:7299
DB01089,1063,[H][C@]12C[C@@H](OC(=O)C3=CC(OC)=C(OC)C(OC)=C3)[C@H](OC)[C@@H](C(=O)OC)[C@@]1([H])C[C@@]1([H])N(CCC3=C1NC1=CC=CC=C31)C2,Q05940,,,PUBCHEM.COMPOUND:8550,DOID:0060262|DOID:12550|DOID:12678|DOID:12679|DOID:13189|DOID:13413|DOID:13543|DOID:1837|DOID:1920|DOID:2383|DOID:2485|DOID:2913|DOID:2983|DOID:3341|DOID:409|DOID:4500|DOID:4989|DOID:5082|DOID:9074|DOID:9351,NCBIGENE:1636|NCBIGENE:6571
DB00226,1064,NC(N)=NCC1COC2(CCCCC2)O1,P23975,,,PUBCHEM.COMPOUND:38521,DOID:10763|DOID:10825,NCBIGENE:146|NCBIGENE:147|NCBIGENE:148|NCBIGENE:150|NCBIGENE:152|NCBIGENE:6530
DB00350,1065,NC1=CC(=NC(N)=[N+]1[O-])N1CCCCC1,P48048|P00797|P23219,P22309,P22309,PUBCHEM.COMPOUND:4201,DOID:0050771|DOID:10021|DOID:10154|DOID:10763|DOID:10825|DOID:10952|DOID:114|DOID:11482|DOID:115|DOID:117|DOID:118|DOID:11847|DOID:1287|DOID:1425|DOID:1787|DOID:2527|DOID:2921|DOID:3526|DOID:3953|DOID:557|DOID:5844|DOID:5854|DOID:6713|DOID:9408|DOID:987,NCBIGENE:1950|NCBIGENE:367|NCBIGENE:3758|NCBIGENE:3766|NCBIGENE:51176|NCBIGENE:5742|NCBIGENE:5972|NCBIGENE:8313
DB01324,1066,CN1C(CSCC(F)(F)F)NC2=CC(Cl)=C(C=C2S1(=O)=O)S(N)(=O)=O,P55017,,,PUBCHEM.COMPOUND:4870,DOID:0060215|DOID:0110892|DOID:10588|DOID:10763|DOID:10825|DOID:10952|DOID:11151|DOID:11755|DOID:12139|DOID:1425|DOID:1470|DOID:1595|DOID:1596|DOID:1826|DOID:2527|DOID:2848|DOID:2921|DOID:331|DOID:4964|DOID:557|DOID:750|DOID:784|DOID:8577|DOID:8986,NCBIGENE:6559
DB02638,1067,C1C[C@H](N(C1)C(=O)[C@@H]2CSSC[C@@H](C(=O)N[C@H](C(=O)N[C@H](C(=O)N[C@H](C(=O)N[C@H](C(=O)N2)CC(=O)N)CCC(=O)N)CC3=CC=CC=C3)CC4=CC=C(C=C4)O)NC(=O)CNC(=O)CNC(=O)CN)C(=O)N[C@@H](CCCCN)C(=O)NCC(=O)N,P37288|P47901|P30518,,,PUBCHEM.COMPOUND:72081,,NCBIGENE:552|NCBIGENE:553|NCBIGENE:5972
DB08932,1068,CCCNS(=O)(=O)NC1=C(C(OCCOC2=NC=C(Br)C=N2)=NC=N1)C1=CC=C(Br)C=C1,P25101|P24530,P08684|P33261|P11712|P10632,P08684|P33261|P11712|P10632,PUBCHEM.COMPOUND:16004692,,NCBIGENE:1909|NCBIGENE:1910|NCBIGENE:6554|NCBIGENE:8647
DB00999,1069,NS(=O)(=O)C1=C(Cl)C=C2NCNS(=O)(=O)C2=C1,P55017|Q12791,,,PUBCHEM.COMPOUND:3639,DOID:0050590|DOID:0050700|DOID:0050771|DOID:0060262|DOID:0080001|DOID:0110741|DOID:0110742|DOID:0110743|DOID:0110744|DOID:0110745|DOID:0110746|DOID:0110747|DOID:0110748|DOID:0110749|DOID:0110750|DOID:0110751|DOID:0110752|DOID:0110753|DOID:0110754|DOID:0110755|DOID:0110756|DOID:0110757|DOID:0110758|DOID:0110759|DOID:0110760|DOID:0110761|DOID:0110892|DOID:10021|DOID:10154|DOID:1029|DOID:10300|DOID:10763|DOID:10825|DOID:10952|DOID:1098|DOID:11151|DOID:11459|DOID:117|DOID:11755|DOID:11984|DOID:12139|DOID:1222|DOID:1227|DOID:12449|DOID:12550|DOID:12678|DOID:12679|DOID:12932|DOID:12987|DOID:13087|DOID:13189|DOID:13268|DOID:13413|DOID:13543|DOID:13548|DOID:13580|DOID:13884|DOID:14026|DOID:1425|DOID:1470|DOID:14735|DOID:1558|DOID:1595|DOID:1596|DOID:1712|DOID:1826|DOID:1837|DOID:1920|DOID:2237|DOID:2355|DOID:2361|DOID:2383|DOID:2485|DOID:2527|DOID:2841|DOID:2848|DOID:2913|DOID:2921|DOID:2972|DOID:2983|DOID:3341|DOID:3393|DOID:3401|DOID:3526|DOID:3650|DOID:3669|DOID:384|DOID:3953|DOID:409|DOID:423|DOID:437|DOID:4398|DOID:4500|DOID:4964|DOID:4989|DOID:5082|DOID:557|DOID:580|DOID:585|DOID:6000|DOID:6132|DOID:65|DOID:6713|DOID:718|DOID:7327|DOID:750|DOID:854|DOID:8577|DOID:8893|DOID:9074|DOID:9088|DOID:9351|DOID:9352|DOID:9360|DOID:9415|DOID:9428|DOID:9744|DOID:9993,NCBIGENE:1636|NCBIGENE:359|NCBIGENE:360|NCBIGENE:5054|NCBIGENE:56302|NCBIGENE:5972|NCBIGENE:6559|NCBIGENE:760|NCBIGENE:762|NCBIGENE:768|NCBIGENE:771
DB00797,1070,C(C1=NCCN1)C1=CC=CC=C1,P35348|P08913|P35367|P25021|P18825|P18089,,,PUBCHEM.COMPOUND:5504,DOID:13042|DOID:178|DOID:6713,NCBIGENE:148|NCBIGENE:150|NCBIGENE:152|NCBIGENE:3269|NCBIGENE:3274|NCBIGENE:387
DB00966,1071,CCCC1=NC2=C(C=C(C=C2C)C2=NC3=CC=CC=C3N2C)N1CC1=CC=C(C=C1)C1=CC=CC=C1C(O)=O,P37231|P30556,,,PUBCHEM.COMPOUND:65999,DOID:0060262|DOID:10763|DOID:10825|DOID:10952|DOID:12550|DOID:12678|DOID:12679|DOID:13189|DOID:13413|DOID:13543|DOID:13580|DOID:1425|DOID:1837|DOID:1920|DOID:2383|DOID:2485|DOID:2527|DOID:2913|DOID:2921|DOID:2972|DOID:2983|DOID:3341|DOID:3526|DOID:409|DOID:4500|DOID:4989|DOID:557|DOID:6713|DOID:9074|DOID:9351,NCBIGENE:100506658|NCBIGENE:183|NCBIGENE:186|NCBIGENE:19|NCBIGENE:23411|NCBIGENE:3276|NCBIGENE:4023|NCBIGENE:4036|NCBIGENE:4313|NCBIGENE:4868|NCBIGENE:5468|NCBIGENE:6347|NCBIGENE:6387|NCBIGENE:7412|NCBIGENE:9407
DB00774,1072,NS(=O)(=O)C1=CC2=C(NCNS2(=O)=O)C=C1C(F)(F)F,Q13621|P43166|Q16790|P05023|Q12791|P00915|P00918|P22748|O43570,,,PUBCHEM.COMPOUND:3647,DOID:0110892|DOID:10763|DOID:10825|DOID:10952|DOID:11151|DOID:11755|DOID:12139|DOID:1425|DOID:1470|DOID:1595|DOID:1596|DOID:1826|DOID:2527|DOID:2848|DOID:2921|DOID:4964|DOID:557|DOID:6000|DOID:750|DOID:8577,NCBIGENE:760|NCBIGENE:762|NCBIGENE:768|NCBIGENE:771
DB09220,1073,[O-][N+](=O)OCCNC(=O)C1=CC=CN=C1,O60706,,,PUBCHEM.COMPOUND:47528,,NCBIGENE:3767|NCBIGENE:467|NCBIGENE:4846|NCBIGENE:54205|NCBIGENE:7138|NCBIGENE:7295|NCBIGENE:9768
DB00606,1074,NS(=O)(=O)C1=C(Cl)C=C2NC(NS(=O)(=O)C2=C1)C1CC2CC1C=C2,P54710|P00915|P00918|Q6FHJ7,,,PUBCHEM.COMPOUND:2910,,NCBIGENE:10369|NCBIGENE:2893|NCBIGENE:486|NCBIGENE:760|NCBIGENE:762
DB09274,1075,[H][C@@]12CC[C@@H](C)[C@]3([H])CC[C@@]4(C)OO[C@@]13[C@]([H])(O[C@@H](OC(=O)CCC(O)=O)[C@@H]2C)O4,P04926,P16662|O60656|P11509,P16662|O60656|P11509,PUBCHEM.COMPOUND:6917864,DOID:12978|DOID:14067,NCBIGENE:2730|NCBIGENE:2946|NCBIGENE:4312|NCBIGENE:4780|NCBIGENE:7099|NCBIGENE:836|NCBIGENE:847
DB00196,1076,OC(CN1C=NC=N1)(CN1C=NC=N1)C1=C(F)C=C(F)C=C1,P10613,P20815|P08684|P11712|P33261,P20815|P08684|P11712|P33261,PUBCHEM.COMPOUND:3365,DOID:0060262|DOID:0080159|DOID:10952|DOID:13146|DOID:1425|DOID:14262|DOID:1508|DOID:2272|DOID:2527|DOID:2921|DOID:409|DOID:557,NCBIGENE:1038|NCBIGENE:1557|NCBIGENE:1559|NCBIGENE:1576|NCBIGENE:1577|NCBIGENE:1595|NCBIGENE:1956|NCBIGENE:3308|NCBIGENE:3315|NCBIGENE:54205|NCBIGENE:627|NCBIGENE:8988
DB06636,1077,[H]C(C)(OC(=O)N(C)C1=C(COC(=O)CNC)C=CC=N1)[N+]1=CN(C[C@](O)(C2=C(F)C=CC(F)=C2)[C@@]([H])(C)C2=NC(=CS2)C2=CC=C(C=C2)C#N)N=C1,P50859,P20813|P10635|P10632|P11712|P33261|P08684|P20815|P06276,P20813|P10635|P10632|P11712|P33261|P08684|P20815|P06276,PUBCHEM.COMPOUND:6918606,DOID:12711|DOID:13450|DOID:13564|DOID:13902|DOID:14484|DOID:1731,
DB00776,1078,NC(=O)N1C2=CC=CC=C2CC(=O)C2=C1C=CC=C2,,,,PUBCHEM.COMPOUND:34312,DOID:12139|DOID:1470|DOID:1595|DOID:1596|DOID:2234|DOID:2848|DOID:3327|DOID:3401|DOID:4964,NCBIGENE:1557|NCBIGENE:1576|NCBIGENE:1577
DB08865,1079,C[C@@H](OC1=CC(=CN=C1N)C1=CN(N=C1)C1CCNCC1)C1=C(Cl)C=CC(F)=C1Cl,Q9UM73|P08581|P08922|Q04912,P08684|P20815|P20813,P08684|P20815|P20813,PUBCHEM.COMPOUND:11626560,DOID:1324|DOID:3908,NCBIGENE:10461|NCBIGENE:10733|NCBIGENE:11183|NCBIGENE:11213|NCBIGENE:1950|NCBIGENE:1956|NCBIGENE:1969|NCBIGENE:238|NCBIGENE:25|NCBIGENE:27436|NCBIGENE:285220|NCBIGENE:3654|NCBIGENE:3815|NCBIGENE:3845|NCBIGENE:3932|NCBIGENE:4058|NCBIGENE:4233|NCBIGENE:4486|NCBIGENE:4869|NCBIGENE:4915|NCBIGENE:4916|NCBIGENE:558|NCBIGENE:5595|NCBIGENE:5871|NCBIGENE:6098|NCBIGENE:640|NCBIGENE:6774|NCBIGENE:6793|NCBIGENE:7010|NCBIGENE:7075|NCBIGENE:836|NCBIGENE:8491|NCBIGENE:9748
DB00648,1080,ClC(Cl)C(C1=CC=C(Cl)C=C1)C1=CC=CC=C1Cl,P15538|P03372|P06401|P10275|P10109,P08684|P20815|P24462,P08684|P20815|P24462,PUBCHEM.COMPOUND:4211,DOID:0060262|DOID:10493|DOID:13774|DOID:409,NCBIGENE:1576|NCBIGENE:1583|NCBIGENE:1584|NCBIGENE:2230
DB01213,1081,CC1=CNN=C1,P07327|P00325|P00326|P04040,P11509|P05181,P11509|P05181,PUBCHEM.COMPOUND:3406,DOID:0060262|DOID:10952|DOID:1425|DOID:2527|DOID:2921|DOID:409|DOID:557,NCBIGENE:124|NCBIGENE:125|NCBIGENE:1555|NCBIGENE:551|NCBIGENE:847
DB00823,1082,[H][C@@]12CC[C@@](OC(C)=O)(C#C)[C@@]1(C)CC[C@]1([H])[C@@]3([H])CC[C@H](OC(C)=O)C=C3CC[C@@]21[H],P06401|P03372,P08684,P08684,PUBCHEM.COMPOUND:9270,,NCBIGENE:5241
DB00956,1083,[H][C@@]12OC3=C(OC)C=CC4=C3[C@@]11CCN(C)[C@]([H])(C4)[C@]1([H])CCC2=O,P35372|P41143|Q99720,,,PUBCHEM.COMPOUND:5284569,DOID:0050328|DOID:0050589|DOID:0050741|DOID:0060262|DOID:0060573|DOID:0060674|DOID:0060675|DOID:0060676|DOID:0060677|DOID:0060678|DOID:0060679|DOID:0060692|DOID:0110892|DOID:0111045|DOID:0111052|DOID:0111054|DOID:0111056|DOID:0111057|DOID:10459|DOID:10460|DOID:10493|DOID:10652|DOID:10763|DOID:10772|DOID:10808|DOID:10825|DOID:10952|DOID:11249|DOID:11459|DOID:11634|DOID:11847|DOID:11870|DOID:11963|DOID:11981|DOID:12361|DOID:1247|DOID:12531|DOID:12642|DOID:13186|DOID:13189|DOID:1319|DOID:13206|DOID:13550|DOID:13739|DOID:13774|DOID:13948|DOID:13976|DOID:1405|DOID:1425|DOID:14250|DOID:1443|DOID:14445|DOID:14525|DOID:1459|DOID:1574|DOID:1588|DOID:1742|DOID:1826|DOID:1837|DOID:1936|DOID:2089|DOID:2215|DOID:2216|DOID:2236|DOID:2275|DOID:2348|DOID:2349|DOID:2355|DOID:2361|DOID:2527|DOID:2883|DOID:2913|DOID:2921|DOID:302|DOID:303|DOID:3083|DOID:3393|DOID:3650|DOID:3827|DOID:3878|DOID:409|DOID:437|DOID:4481|DOID:4483|DOID:4730|DOID:4989|DOID:5162|DOID:5200|DOID:557|DOID:5844|DOID:5854|DOID:7327|DOID:750|DOID:7997|DOID:7998|DOID:8442|DOID:8515|DOID:8534|DOID:8577|DOID:9164|DOID:9282|DOID:9351|DOID:936|DOID:9408|DOID:9428,NCBIGENE:1565|NCBIGENE:4985|NCBIGENE:4986|NCBIGENE:4988
DB01167,1084,CCC(C)N1N=CN(C1=O)C1=CC=C(C=C1)N1CCN(CC1)C1=CC=C(OC[C@H]2CO[C@@](CN3C=NC=N3)(O2)C2=C(Cl)C=C(Cl)C=C2)C=C1,P14263,P08684|P20815|P24462|P20813|P04798|P05181,P08684|P20815|P24462|P20813|P04798|P05181,PUBCHEM.COMPOUND:55283,DOID:0050700|DOID:0060262|DOID:10003|DOID:10952|DOID:11984|DOID:12678|DOID:12679|DOID:12711|DOID:12932|DOID:13146|DOID:13450|DOID:13564|DOID:1389|DOID:13902|DOID:1425|DOID:1432|DOID:14484|DOID:1731|DOID:2485|DOID:2527|DOID:2921|DOID:3083|DOID:3393|DOID:4079|DOID:409|DOID:4500|DOID:557|DOID:574|DOID:6000|DOID:870,NCBIGENE:1576|NCBIGENE:1577|NCBIGENE:1595|NCBIGENE:1728|NCBIGENE:240|NCBIGENE:3565|NCBIGENE:3567|NCBIGENE:6469|NCBIGENE:8647
DB09074,1085,FC1=CC=C(CC2=NNC(=O)C3=CC=CC=C23)C=C1C(=O)N1CCN(CC1)C(=O)C1CC1,P09874|Q9UGN5|Q9Y6F1|P42330,P08684|P20815|P20813|P22309,P08684|P20815|P20813|P22309,,,
DB00257,1086,ClC1=CC=CC=C1C(N1C=CN=C1)(C1=CC=CC=C1)C1=CC=CC=C1,P10613|O15554|O75469|Q8TDS4,P10632|P08684|P20813|P10635|P11509|P11712|P05181|P24462,P10632|P08684|P20813|P10635|P11509|P11712|P05181|P24462,PUBCHEM.COMPOUND:2812,DOID:0080161|DOID:10493|DOID:12179|DOID:1270|DOID:1271|DOID:1272|DOID:13774|DOID:14262|DOID:1508|DOID:2272|DOID:3669|DOID:9060,NCBIGENE:133396|NCBIGENE:1555|NCBIGENE:1557|NCBIGENE:1558|NCBIGENE:1559|NCBIGENE:1576|NCBIGENE:1595|NCBIGENE:3783|NCBIGENE:5213|NCBIGENE:6916|NCBIGENE:8856
DB00304,1087,[H][C@@]12CC[C@@](O)(C#C)[C@@]1(CC)CC(=C)[C@]1([H])[C@@]3([H])CCCC=C3CC[C@@]21[H],P06401|P03372,P08684|P11712|P22309,P08684|P11712|P22309,PUBCHEM.COMPOUND:40973,DOID:0050328|DOID:0060262|DOID:0060810|DOID:10763|DOID:10825|DOID:11634|DOID:1168|DOID:11847|DOID:12139|DOID:12678|DOID:12679|DOID:127|DOID:12859|DOID:13223|DOID:13268|DOID:13603|DOID:1380|DOID:1459|DOID:1470|DOID:1595|DOID:1596|DOID:1727|DOID:1826|DOID:1837|DOID:2394|DOID:2450|DOID:2451|DOID:2452|DOID:2485|DOID:2841|DOID:2848|DOID:2871|DOID:288|DOID:289|DOID:2893|DOID:3133|DOID:3393|DOID:3526|DOID:3571|DOID:3755|DOID:3756|DOID:3875|DOID:4079|DOID:409|DOID:4195|DOID:4362|DOID:4386|DOID:4964|DOID:5844|DOID:5854|DOID:6364|DOID:6713|DOID:684|DOID:9074|DOID:9351|DOID:9360|DOID:9408|DOID:9415|DOID:9460|DOID:9477|DOID:9741|DOID:9970,NCBIGENE:2155|NCBIGENE:335|NCBIGENE:5241|NCBIGENE:5627
DB01211,1088,[H][C@@]1(C[C@@](C)(OC)[C@@H](O)[C@H](C)O1)O[C@H]1[C@H](C)[C@@H](O[C@]2([H])O[C@H](C)C[C@@H]([C@H]2O)N(C)C)[C@@](C)(C[C@@H](C)C(=O)[C@H](C)[C@@H](O)[C@](C)(O)[C@@H](CC)OC(=O)[C@@H]1C)OC,P0A7J6|Q12809|Q9Y6L6|Q9NPD5,,,PUBCHEM.COMPOUND:84029,DOID:0060262|DOID:0060674|DOID:0060675|DOID:0060676|DOID:0060677|DOID:0060678|DOID:0060679|DOID:10754|DOID:10952|DOID:11476|DOID:13268|DOID:13580|DOID:1425|DOID:2527|DOID:2921|DOID:409|DOID:437|DOID:557|DOID:8568|DOID:874,NCBIGENE:10599|NCBIGENE:1557|NCBIGENE:1576|NCBIGENE:1577|NCBIGENE:1906|NCBIGENE:28234|NCBIGENE:3553|NCBIGENE:3757
DB06730,1089,CC[C@]12CC[C@H]3[C@@H](CCC4=CC(=O)CC[C@H]34)[C@@H]1C=C[C@@]2(O)C#C,P06401,P08684|P33261|P20815|P24462,P08684|P33261|P20815|P24462,PUBCHEM.COMPOUND:3033968,,NCBIGENE:1576|NCBIGENE:1577|NCBIGENE:5241
DB08869,1090,CC/C=C/CC(=O)N[C@@H](CC1=CC=C(C=C1)O)C(=O)N[C@@H],Q02643,,,PUBCHEM.COMPOUND:56928011,,
DB04855,1091,CCCCN(CCCC)CCCOC1=CC=C(C=C1)C(=O)C1=C(CCCC)OC2=C1C=C(NS(C)(=O)=O)C=C2,P35348|P35368|P25100|P08913|P18089|P18825|Q12809|Q13936|Q01668|O60840|Q13698|Q02641|Q08289|P54284|O00305|O95069|Q14524|P48549|P51787|P32418|Q9UK17|P08588|P10827,P20815|P51589|P10635|P08684,P20815|P51589|P10635|P08684,PUBCHEM.COMPOUND:208898,DOID:0060224|DOID:13884|DOID:4500,NCBIGENE:146|NCBIGENE:147|NCBIGENE:148|NCBIGENE:150|NCBIGENE:152|NCBIGENE:153|NCBIGENE:154|NCBIGENE:155|NCBIGENE:1565|NCBIGENE:3741|NCBIGENE:3757|NCBIGENE:3776|NCBIGENE:6323|NCBIGENE:775|NCBIGENE:776|NCBIGENE:778|NCBIGENE:779|NCBIGENE:782|NCBIGENE:783|NCBIGENE:784|NCBIGENE:785
DB05521,1092,[H][C@@]12CCC[C@]1([H])[C@H](N(C2)C(=O)[C@@H](NC(=O)[C@@H](NC(=O)C1=NC=CN=C1)C1CCCCC1)C(C)(C)C)C(=O)N[C@@H](CCC)C(=O)C(=O)NC1CC1,B0B3C9|Q9Y6L6|O94956,P08684,P08684,PUBCHEM.COMPOUND:3010818,DOID:1883|DOID:2355|DOID:2361,NCBIGENE:1576|NCBIGENE:5241
DB00951,1093,NNC(=O)C1=CC=NC=C1,P9WIE5|P9WGR1|P10632|P05177|P08684|P33261|P9WNX1,P11245|P9WJI5|P11509|P10632|P05181|P05177|P11712|P10635|P33261|P08684,P11245|P9WJI5|P11509|P10632|P05181|P05177|P11712|P10635|P33261|P08684,PUBCHEM.COMPOUND:3767,DOID:0050741|DOID:0060262|DOID:13189|DOID:13268|DOID:1389|DOID:1574|DOID:1837|DOID:2237|DOID:2957|DOID:409|DOID:574|DOID:870|DOID:9351|DOID:9534,NCBIGENE:10|NCBIGENE:1544|NCBIGENE:1555|NCBIGENE:1557|NCBIGENE:1558|NCBIGENE:1559|NCBIGENE:1576|NCBIGENE:3623|NCBIGENE:4015|NCBIGENE:847
DB00882,1094,CCN(CC)CCOC1=CC=C(C=C1)C(=C(Cl)C1=CC=CC=C1)C1=CC=CC=C1,P03372|P04278,P05093,P05093,PUBCHEM.COMPOUND:2800,,
DB09065,1095,CC(C)C1=NC(CN(C)C(=O)N[C@@H](CCN2CCOCC2)C(=O)N[C@H](CC[C@H](CC2=CC=CC=C2)NC(=O)OCC2=CN=CS2)CC2=CC=CC=C2)=CS1,P08684|P20815|P24462,P20815|P24462|P10635|P08684,P20815|P24462|P10635|P08684,PUBCHEM.COMPOUND:25151504,DOID:526|DOID:635,NCBIGENE:1576|NCBIGENE:55244|NCBIGENE:9429
DB11256,1096,CN1[C@@H](CNC2=CC=C(C=C2)C(=O)N[C@@H](CCC(O)=O)C(O)=O)CNC2=C1C(=O)N=C(N)N2,,Q99707,Q99707,PUBCHEM.COMPOUND:444412,DOID:0050328|DOID:0060262|DOID:0060810|DOID:10175|DOID:10493|DOID:10763|DOID:10825|DOID:10952|DOID:11634|DOID:1168|DOID:11847|DOID:12139|DOID:12678|DOID:12679|DOID:127|DOID:12859|DOID:13223|DOID:13268|DOID:13774|DOID:1380|DOID:1425|DOID:1459|DOID:146|DOID:1470|DOID:1595|DOID:1596|DOID:1727|DOID:1826|DOID:1837|DOID:2394|DOID:2450|DOID:2451|DOID:2452|DOID:2485|DOID:2527|DOID:2841|DOID:2848|DOID:2871|DOID:288|DOID:289|DOID:2921|DOID:3133|DOID:3393|DOID:3526|DOID:3755|DOID:3756|DOID:3875|DOID:409|DOID:4386|DOID:4964|DOID:557|DOID:5844|DOID:5854|DOID:6364|DOID:6543|DOID:6713|DOID:6929|DOID:9074|DOID:9351|DOID:9360|DOID:9408|DOID:9415|DOID:9460|DOID:9477|DOID:9970,NCBIGENE:2653|NCBIGENE:27232|NCBIGENE:275|NCBIGENE:4548|NCBIGENE:4552|NCBIGENE:635|NCBIGENE:6573|NCBIGENE:7298
DB04953,1097,CCOC(=O)NC1=C(N)C=C(NCC2=CC=C(F)C=C2)C=C1,O43526|O43525|P56696|Q9NR82,P22309|P35503|P22310|O60656|P11245,P22309|P35503|P22310|O60656|P11245,PUBCHEM.COMPOUND:121892,,NCBIGENE:3785|NCBIGENE:3786|NCBIGENE:3827|NCBIGENE:56479|NCBIGENE:9132
DB06603,1098,CC1=C(CCNCC2=CC=C(\C=C\C(=O)NO)C=C2)C2=CC=CC=C2N1,,P08684|P10635,P08684|P10635,PUBCHEM.COMPOUND:6918837,DOID:0060061|DOID:9538,NCBIGENE:10013|NCBIGENE:10014|NCBIGENE:1786|NCBIGENE:3020|NCBIGENE:3021|NCBIGENE:3050|NCBIGENE:3065|NCBIGENE:3066|NCBIGENE:3309|NCBIGENE:50943|NCBIGENE:51564|NCBIGENE:55869|NCBIGENE:5894|NCBIGENE:598|NCBIGENE:6794|NCBIGENE:7157|NCBIGENE:79885|NCBIGENE:83933|NCBIGENE:8795|NCBIGENE:8837|NCBIGENE:8841|NCBIGENE:9669|NCBIGENE:9734|NCBIGENE:9759|NCBIGENE:995|NCBIGENE:999
DB09054,1099,[H][C@@](CC)(NC1=NC=NC2=C1N=CN2)C1=NC2=CC=CC(F)=C2C(=O)N1C1=CC=CC=C1,O00329,Q06278|P10632|P33261|P20813|P08684|P20815|Q9HB55|P24462|P22310,Q06278|P10632|P33261|P20813|P08684|P20815|Q9HB55|P24462|P22310,PUBCHEM.COMPOUND:11625818,DOID:0050873|DOID:1040|DOID:1703,NCBIGENE:1901|NCBIGENE:4170|NCBIGENE:5293|NCBIGENE:5294|NCBIGENE:7124|NCBIGENE:959
DB06713,1100,[H][C@@]12CC[C@@](O)(C#C)[C@@]1(CC)CC[C@]1([H])[C@@]3([H])CCC(C=C3CC[C@@]21[H])=NO,P06401|P02768|P10275,P08842|P08684,P08842|P08684,PUBCHEM.COMPOUND:62930,DOID:0060262|DOID:10175|DOID:10763|DOID:10825|DOID:10952|DOID:1168|DOID:11847|DOID:12139|DOID:13268|DOID:1380|DOID:1425|DOID:146|DOID:1470|DOID:1595|DOID:1596|DOID:1727|DOID:1826|DOID:1837|DOID:2394|DOID:2450|DOID:2451|DOID:2452|DOID:2527|DOID:2841|DOID:2848|DOID:2871|DOID:2921|DOID:3133|DOID:3393|DOID:3526|DOID:3571|DOID:3755|DOID:3756|DOID:3875|DOID:4079|DOID:409|DOID:4195|DOID:4964|DOID:557|DOID:5844|DOID:5854|DOID:6364|DOID:6713|DOID:684|DOID:6929|DOID:9074|DOID:9351|DOID:9360|DOID:9408|DOID:9415|DOID:9460|DOID:9477|DOID:9970,NCBIGENE:5241
DB09278,1101,[C],,,,PUBCHEM.COMPOUND:297,,NCBIGENE:2147|NCBIGENE:3600
DB00301,1102,[H][C@]12SC(C)(C)[C@@H](N1C(=O)[C@H]2NC(=O)C1=C(C)ON=C1C1=C(Cl)C=CC=C1F)C(O)=O,Q8XJ01,P08684,P08684,PUBCHEM.COMPOUND:21319,,NCBIGENE:6480
DB09291,1103,C[C@@H](OC[C@]1(CC[C@]2(CCC(=O)N2)CN1)C1=CC=CC=C1)C1=CC(=CC(=C1)C(F)(F)F)C(F)(F)F,P25103,P10635|P08684,P10635|P08684,PUBCHEM.COMPOUND:10311306,,
DB00957,1104,[H][C@@]12CC[C@@](OC(C)=O)(C#C)[C@@]1(CC)CC[C@]1([H])[C@@]3([H])CC\C(C=C3CC[C@@]21[H])=N/O,P06401|P03372|P10275,P08684|P20813|P11712|P22309,P08684|P20813|P11712|P22309,PUBCHEM.COMPOUND:6540478,DOID:0050328|DOID:0060262|DOID:0060810|DOID:10175|DOID:10763|DOID:10825|DOID:10952|DOID:11476|DOID:11634|DOID:1168|DOID:11847|DOID:12139|DOID:12678|DOID:12679|DOID:127|DOID:12859|DOID:13223|DOID:13268|DOID:13603|DOID:1380|DOID:1425|DOID:1459|DOID:146|DOID:1470|DOID:1595|DOID:1596|DOID:1727|DOID:1826|DOID:1837|DOID:2394|DOID:2450|DOID:2451|DOID:2452|DOID:2485|DOID:2527|DOID:2841|DOID:2848|DOID:2871|DOID:288|DOID:289|DOID:2893|DOID:2921|DOID:3133|DOID:3393|DOID:3526|DOID:3571|DOID:3755|DOID:3756|DOID:3875|DOID:4079|DOID:409|DOID:4195|DOID:4362|DOID:4386|DOID:4964|DOID:557|DOID:5844|DOID:5854|DOID:6364|DOID:6543|DOID:6713|DOID:684|DOID:6929|DOID:9074|DOID:9351|DOID:9360|DOID:9408|DOID:9415|DOID:9460|DOID:9477|DOID:9741|DOID:9970,NCBIGENE:5241
DB09039,1105,CCCCCCCC(=O)N[C@H](CN1CCCC1)[C@H](O)C1=CC=C2OCCOC2=C1,Q16739,P10635|P08684,P10635|P08684,PUBCHEM.COMPOUND:23652731,DOID:1926,NCBIGENE:2629
DB06717,1106,C[C@@H](O[C@H]1OCCN(CC2=NC(=O)N(N2)P(O)(O)=O)[C@H]1C1=CC=C(F)C=C1)C1=CC(=CC(=C1)C(F)(F)F)C(F)(F)F,,P08684|P11712,P08684|P11712,PUBCHEM.COMPOUND:219090,,NCBIGENE:6869
DB00763,1107,CN1C=CNC1=S,P07202,P05177|P11509|P20813|P33261|P11712|P10635|P05181|P08684|P31513,P05177|P11509|P20813|P33261|P11712|P10635|P05181|P08684|P31513,PUBCHEM.COMPOUND:1349907,DOID:0050328|DOID:0050590|DOID:11634|DOID:1227|DOID:12361|DOID:12449|DOID:12450|DOID:12987|DOID:1459|DOID:1588|DOID:2215|DOID:2216|DOID:2236|DOID:615|DOID:7997|DOID:7998,NCBIGENE:1576|NCBIGENE:2327|NCBIGENE:2328|NCBIGENE:3627|NCBIGENE:4353|NCBIGENE:6869|NCBIGENE:7038|NCBIGENE:7173
DB00273,1108,[H][C@@]12CO[C@@]3(COS(N)(=O)=O)OC(C)(C)O[C@@]3([H])[C@]1([H])OC(C)(C)O2,P14867|P00918|P22748|P00915|P07451|Q15878,P08684|P33261,P08684|P33261,PUBCHEM.COMPOUND:5284627,DOID:0060262|DOID:10914|DOID:10952|DOID:12139|DOID:13250|DOID:1425|DOID:1470|DOID:1595|DOID:1596|DOID:2234|DOID:2527|DOID:2848|DOID:2921|DOID:3650|DOID:409|DOID:4543|DOID:4964|DOID:557|DOID:580|DOID:585|DOID:7725|DOID:9282,NCBIGENE:11280|NCBIGENE:1557|NCBIGENE:1576|NCBIGENE:2897|NCBIGENE:3952|NCBIGENE:6323|NCBIGENE:6328|NCBIGENE:6329|NCBIGENE:6332|NCBIGENE:6334|NCBIGENE:6336|NCBIGENE:760|NCBIGENE:762|NCBIGENE:763|NCBIGENE:766|NCBIGENE:771|NCBIGENE:836
DB09119,1109,CC(=O)O[C@H]1CC2=CC=CC=C2N(C(N)=O)C2=CC=CC=C12,Q99571,P33261|P08684|P22309,P33261|P08684|P22309,PUBCHEM.COMPOUND:179344,DOID:2234|DOID:3327,
DB08899,1110,CNC(=O)C1=C(F)C=C(C=C1)N1C(=S)N(C(=O)C1(C)C)C1=CC=C(C#N)C(=C1)C(F)(F)F,P10275,P10632|P08684|P11712|P33261|P20813|P20815,P10632|P08684|P11712|P33261|P20813|P20815,PUBCHEM.COMPOUND:15951529,DOID:10283|DOID:10286,NCBIGENE:367|NCBIGENE:6347|NCBIGENE:7291
DB06413,1111,NC(=O)C[S@@](=O)C(C1=CC=CC=C1)C1=CC=CC=C1,Q01959,P33261|P08684|P20815|P05177|P20813|P11712,P33261|P08684|P20815|P05177|P20813|P11712,PUBCHEM.COMPOUND:9690109,DOID:0060215|DOID:10588|DOID:10763|DOID:10825|DOID:11328|DOID:11502|DOID:12139|DOID:1470|DOID:1595|DOID:1596|DOID:2848|DOID:331|DOID:3312|DOID:4964|DOID:5418|DOID:8986|DOID:988,
DB05812,1112,[H][C@@]12CC=C(C3=CC=CN=C3)[C@@]1(C)CC[C@@]1([H])[C@@]2([H])CC=C2C[C@@H](O)CC[C@]12C,P05093,P08684|P05177|P10635|P10632|P11712|P33261|P20815|Q06520,P08684|P05177|P10635|P10632|P11712|P33261|P20815|Q06520,PUBCHEM.COMPOUND:132971,,NCBIGENE:1586|NCBIGENE:367
DB08873,1113,[H][C@]12CN([C@H](C(=O)NC(CC3CCC3)C(=O)C(N)=O)[C@@]1([H])C2(C)C)C(=O)[C@@H](NC(=O)NC(C)(C)C)C(C)(C)C,B0B3C9,P08684|P20815,P08684|P20815,PUBCHEM.COMPOUND:10324367,DOID:0050590|DOID:1227|DOID:12987|DOID:1883|DOID:2355|DOID:2361,NCBIGENE:3845
DB08933,1114,ClC1=CC(Cl)=C(C=C1)[C@@H]1CS\C(S1)=C(\C#N)N1C=CN=C1,P10613,P08684|P33261,P08684|P33261,PUBCHEM.COMPOUND:3003141,DOID:12179,
DB04868,1115,CC1=CN(C=N1)C1=CC(NC(=O)C2=CC=C(C)C(NC3=NC=CC(=N3)C3=CN=CC=C3)=C2)=CC(=C1)C(F)(F)F,P00519|P10721,,,PUBCHEM.COMPOUND:644241,DOID:0050590|DOID:0060262|DOID:10763|DOID:10825|DOID:1227|DOID:12678|DOID:12679|DOID:12987|DOID:1588|DOID:1837|DOID:2355|DOID:2361|DOID:2485|DOID:2739|DOID:2741|DOID:2913|DOID:409|DOID:4195|DOID:4500|DOID:4989|DOID:9351,NCBIGENE:10457|NCBIGENE:1436|NCBIGENE:143686|NCBIGENE:1969|NCBIGENE:2042|NCBIGENE:2043|NCBIGENE:2046|NCBIGENE:2047|NCBIGENE:2048|NCBIGENE:2049|NCBIGENE:2050|NCBIGENE:25|NCBIGENE:27|NCBIGENE:3815|NCBIGENE:3932|NCBIGENE:4137|NCBIGENE:5156|NCBIGENE:5159|NCBIGENE:51776|NCBIGENE:5600|NCBIGENE:673|NCBIGENE:760|NCBIGENE:9429
DB01191,1116,CCN[C@@H](C)CC1=CC=CC(=C1)C(F)(F)F,P31645|P28335,P05177|P05181|P10635,P05177|P05181|P10635,PUBCHEM.COMPOUND:66265,DOID:0050741|DOID:0110741|DOID:0110742|DOID:0110743|DOID:0110744|DOID:0110745|DOID:0110746|DOID:0110747|DOID:0110748|DOID:0110749|DOID:0110750|DOID:0110751|DOID:0110752|DOID:0110753|DOID:0110754|DOID:0110755|DOID:0110756|DOID:0110757|DOID:0110758|DOID:0110759|DOID:0110760|DOID:0110761|DOID:10763|DOID:10825|DOID:14557|DOID:1574|DOID:1686|DOID:6432|DOID:9351|DOID:9352|DOID:9744|DOID:9970,
DB01395,1117,[H][C@@]12C[C@]1([H])[C@@]1([H])[C@]3([H])[C@]4([H])C[C@]4([H])[C@@]4(CCC(=O)O4)[C@@]3(C)CC[C@]1([H])[C@@]1(C)CCC(=O)C=C21,P08235|P10275|P06401|P04150,P35354|P27169|P08684,P35354|P27169|P08684,PUBCHEM.COMPOUND:68873,DOID:0050328|DOID:0060262|DOID:0060810|DOID:10175|DOID:10493|DOID:10763|DOID:10825|DOID:10952|DOID:11634|DOID:1168|DOID:11847|DOID:12139|DOID:12678|DOID:12679|DOID:127|DOID:12859|DOID:13223|DOID:13268|DOID:13774|DOID:1380|DOID:1425|DOID:1459|DOID:146|DOID:1470|DOID:1595|DOID:1596|DOID:1727|DOID:1826|DOID:1837|DOID:2394|DOID:2450|DOID:2451|DOID:2452|DOID:2485|DOID:2527|DOID:2841|DOID:2848|DOID:2871|DOID:288|DOID:289|DOID:2921|DOID:3133|DOID:3393|DOID:3526|DOID:3755|DOID:3756|DOID:3875|DOID:409|DOID:4386|DOID:4964|DOID:557|DOID:5844|DOID:5854|DOID:6364|DOID:6543|DOID:6713|DOID:6929|DOID:9074|DOID:9351|DOID:9360|DOID:9408|DOID:9415|DOID:9460|DOID:9477|DOID:9970,NCBIGENE:367|NCBIGENE:51738|NCBIGENE:5241
DB00170,1118,CC1=CC(=O)C2=CC=CC=C2C1=O,P38435|Q9BQB6|Q8N0U8|P00734|P00740|P04070|P07225|P16083|P15559|P02818,P05177|P11509|Q16678|P20813|P10632|P11712|P33261|P10635|P05181|P08684|P20815|P24462|P47989|Q06278|P42898|P04798,P05177|P11509|Q16678|P20813|P10632|P11712|P33261|P10635|P05181|P08684|P20815|P24462|P47989|Q06278|P42898|P04798,PUBCHEM.COMPOUND:4055,,NCBIGENE:1555|NCBIGENE:1728|NCBIGENE:2147|NCBIGENE:2155|NCBIGENE:2158|NCBIGENE:2159|NCBIGENE:2677|NCBIGENE:2729|NCBIGENE:2876|NCBIGENE:316|NCBIGENE:4129|NCBIGENE:4968|NCBIGENE:54205|NCBIGENE:54535|NCBIGENE:5594|NCBIGENE:5595|NCBIGENE:5624|NCBIGENE:5627|NCBIGENE:632|NCBIGENE:79001|NCBIGENE:836|NCBIGENE:847|NCBIGENE:8574|NCBIGENE:873|NCBIGENE:9407|NCBIGENE:993
DB09120,1119,COC1=C(O)C=CC(CNC(=O)CCCC\C=C/C(C)C)=C1,Q8NER1,P05177|P33261|P11712|P05181,P05177|P33261|P11712|P05181,PUBCHEM.COMPOUND:1548942,,
DB01043,1120,CC12CC3CC(C)(C1)CC(N)(C3)C2,P46098|P36544|P14416|Q05586,P11509|P33261|P20813,P11509|P33261|P20813,PUBCHEM.COMPOUND:4054,DOID:0060262|DOID:409,NCBIGENE:1139|NCBIGENE:116443|NCBIGENE:116444|NCBIGENE:1555|NCBIGENE:1813|NCBIGENE:2902|NCBIGENE:3308|NCBIGENE:3359|NCBIGENE:4976|NCBIGENE:590|NCBIGENE:627|NCBIGENE:89832|NCBIGENE:9407
DB01011,1121,CC(C)(C(=O)C1=CN=CC=C1)C1=CC=CN=C1,P15538|P00183,P15538|P05181|P19099|P11509|P08684,P15538|P05181|P19099|P11509|P08684,PUBCHEM.COMPOUND:4174,DOID:10493|DOID:13774,NCBIGENE:1543|NCBIGENE:1553|NCBIGENE:1576|NCBIGENE:1583|NCBIGENE:1584|NCBIGENE:1585|NCBIGENE:2729|NCBIGENE:2908|NCBIGENE:3291|NCBIGENE:4493|NCBIGENE:4502|NCBIGENE:4780|NCBIGENE:51181|NCBIGENE:5228|NCBIGENE:7054|NCBIGENE:8856|NCBIGENE:9407
DB09198,1122,COC1=CC=C(OC2=NC=NC(=C2)N(C)CCOC2=CC=C(CC3SC(=O)NC3=O)C=C2)C=C1,P37231,P05177|P11712|P33261|P08684|P10632,P05177|P11712|P33261|P08684|P10632,PUBCHEM.COMPOUND:9826451,DOID:9351|DOID:9352,
DB06729,1123,NC1=CC=C(C=C1)S(=O)(=O)NC1=CC=NN1C1=CC=CC=C1,P0AC13,P20813|P10632|P10635|P11712,P20813|P10632|P10635|P11712,PUBCHEM.COMPOUND:5335,,NCBIGENE:1544|NCBIGENE:1559
DB01147,1124,[H][C@]12SC(C)(C)[C@@H](N1C(=O)[C@H]2NC(=O)C1=C(C)ON=C1C1=CC=CC=C1Cl)C(O)=O,P0AEB2|P59676|Q8DR59,,,PUBCHEM.COMPOUND:6098,DOID:0050127|DOID:10952|DOID:1425|DOID:2275|DOID:2527|DOID:2921|DOID:557|DOID:8568,NCBIGENE:8647
DB00485,1125,[H][C@]12SC(C)(C)[C@@H](N1C(=O)[C@H]2NC(=O)C1=C(C)ON=C1C1=C(Cl)C=CC=C1Cl)C(O)=O,A0A0E1R3H3|Q7CRA4|Q8DNB6|Q75Y35|Q8DR59|P0A3M6,P08684,P08684,PUBCHEM.COMPOUND:18381,DOID:10952|DOID:1425|DOID:2527|DOID:2921|DOID:557|DOID:8568,
DB00550,1126,CCCC1=CC(=O)NC(=S)N1,P07202,P05164|P09172|P04798,P05164|P09172|P04798,PUBCHEM.COMPOUND:657298,DOID:0050328|DOID:0050590|DOID:11634|DOID:1227|DOID:12361|DOID:12449|DOID:12450|DOID:12837|DOID:12987|DOID:1459|DOID:1588|DOID:2739|DOID:2741|DOID:3082|DOID:615|DOID:7997|DOID:7998,NCBIGENE:1543|NCBIGENE:1733|NCBIGENE:346562|NCBIGENE:3741|NCBIGENE:4353|NCBIGENE:50834|NCBIGENE:50840|NCBIGENE:5726|NCBIGENE:6347|NCBIGENE:6528|NCBIGENE:7038|NCBIGENE:7173
DB04573,1127,[H][C@@]12C[C@@H](O)[C@H](O)[C@@]1(C)CC[C@]1([H])C3=C(CC[C@@]21[H])C=C(O)C=C3,P03372|Q92731|P04278,,,PUBCHEM.COMPOUND:5756,,NCBIGENE:10720|NCBIGENE:10941|NCBIGENE:1543|NCBIGENE:1544|NCBIGENE:1549|NCBIGENE:1553|NCBIGENE:1558|NCBIGENE:1562|NCBIGENE:1565|NCBIGENE:1572|NCBIGENE:1573|NCBIGENE:1577|NCBIGENE:1580|NCBIGENE:174|NCBIGENE:199974|NCBIGENE:2100|NCBIGENE:260293|NCBIGENE:29785|NCBIGENE:3292|NCBIGENE:3294|NCBIGENE:51144|NCBIGENE:51478|NCBIGENE:54575|NCBIGENE:54576|NCBIGENE:54577|NCBIGENE:54578|NCBIGENE:54579|NCBIGENE:54600|NCBIGENE:54657|NCBIGENE:54658|NCBIGENE:54659|NCBIGENE:574537|NCBIGENE:6783|NCBIGENE:7363|NCBIGENE:7364|NCBIGENE:7365|NCBIGENE:7366|NCBIGENE:7367|NCBIGENE:7923|NCBIGENE:79799|NCBIGENE:9095
DB06715,1128,[K+].[I-],,,,PUBCHEM.COMPOUND:4875,DOID:0050328|DOID:0050589|DOID:0050590|DOID:0050741|DOID:0050848|DOID:0060262|DOID:0060674|DOID:0060675|DOID:0060676|DOID:0060677|DOID:0060678|DOID:0060679|DOID:0060731|DOID:10459|DOID:10460|DOID:10493|DOID:10763|DOID:10825|DOID:10952|DOID:11328|DOID:11396|DOID:114|DOID:11459|DOID:11634|DOID:11847|DOID:12139|DOID:12176|DOID:1227|DOID:12361|DOID:12550|DOID:1287|DOID:12987|DOID:13195|DOID:13206|DOID:13268|DOID:13413|DOID:13550|DOID:13774|DOID:13948|DOID:1405|DOID:1425|DOID:14445|DOID:1459|DOID:1470|DOID:1485|DOID:1574|DOID:1588|DOID:1595|DOID:1596|DOID:1826|DOID:1837|DOID:1936|DOID:2275|DOID:2348|DOID:2349|DOID:2355|DOID:2361|DOID:2527|DOID:2722|DOID:2841|DOID:2848|DOID:2883|DOID:2913|DOID:2921|DOID:302|DOID:303|DOID:3083|DOID:3393|DOID:3650|DOID:409|DOID:4481|DOID:4730|DOID:4964|DOID:4989|DOID:50|DOID:5162|DOID:5418|DOID:557|DOID:5844|DOID:5854|DOID:6132|DOID:7188|DOID:750|DOID:7997|DOID:7998|DOID:8505|DOID:8515|DOID:9267|DOID:9351|DOID:9408|DOID:9428,
DB04575,1129,[H][C@@]12CC[C@@](O)(C#C)[C@@]1(C)CC[C@]1([H])C3=C(CC[C@@]21[H])C=C(OC1CCCC1)C=C3,P03372,,,PUBCHEM.COMPOUND:9046,DOID:0050328|DOID:0060262|DOID:0060810|DOID:10763|DOID:10825|DOID:11634|DOID:1168|DOID:11847|DOID:12678|DOID:12679|DOID:127|DOID:12859|DOID:13223|DOID:1380|DOID:1459|DOID:1727|DOID:1826|DOID:1837|DOID:2394|DOID:2450|DOID:2451|DOID:2452|DOID:2485|DOID:2841|DOID:2871|DOID:288|DOID:289|DOID:3133|DOID:3393|DOID:3526|DOID:3755|DOID:3756|DOID:3875|DOID:409|DOID:4386|DOID:5844|DOID:5854|DOID:6364|DOID:6713|DOID:9074|DOID:9351|DOID:9360|DOID:9408|DOID:9415|DOID:9460|DOID:9477|DOID:9970,NCBIGENE:5617
DB00389,1130,CCOC(=O)N1C=CN(C)C1=S,P07202,P11511,P11511,PUBCHEM.COMPOUND:31072,DOID:12361|DOID:7997|DOID:7998,NCBIGENE:7173
DB00993,1131,CN1C=NC(=C1SC1=NC=NC2=C1NC=N2)[N+]([O-])=O,P63000,,,PUBCHEM.COMPOUND:2265,DOID:0060058|DOID:104|DOID:11512|DOID:12449|DOID:1564|DOID:1588|DOID:2355|DOID:2361|DOID:2913|DOID:3234|DOID:4989|DOID:7148|DOID:8675|DOID:8913|DOID:934,NCBIGENE:1234|NCBIGENE:2475|NCBIGENE:3251|NCBIGENE:3308|NCBIGENE:3614|NCBIGENE:5879|NCBIGENE:7172
DB01022,1132,CC(C)CCC[C@@H](C)CCC[C@@H](C)CCC\C(C)=C\CC1=C(C)C(=O)C2=C(C=CC=C2)C1=O,P38435|P02818,,,PUBCHEM.COMPOUND:5284607,DOID:0050459|DOID:10283|DOID:10286|DOID:10952|DOID:11335|DOID:11476|DOID:12678|DOID:12679|DOID:13404|DOID:13543|DOID:1380|DOID:1425|DOID:1837|DOID:2089|DOID:2215|DOID:2216|DOID:2236|DOID:2485|DOID:2527|DOID:2871|DOID:2893|DOID:2921|DOID:3341|DOID:4362|DOID:5160|DOID:557|DOID:580|DOID:585|DOID:626|DOID:9351|DOID:9971,NCBIGENE:2677|NCBIGENE:632
DB01033,1133,S=C1N=CNC2=C1NC=N2,P00492|Q06203,,,PUBCHEM.COMPOUND:667490,DOID:0050590|DOID:0060262|DOID:0060318|DOID:10952|DOID:1227|DOID:12449|DOID:12987|DOID:13580|DOID:1425|DOID:1588|DOID:2355|DOID:2361|DOID:2527|DOID:2739|DOID:2741|DOID:2913|DOID:2921|DOID:409|DOID:4989|DOID:557|DOID:615|DOID:9952,NCBIGENE:10057|NCBIGENE:11213|NCBIGENE:1544|NCBIGENE:191|NCBIGENE:316|NCBIGENE:3251|NCBIGENE:3315|NCBIGENE:3383|NCBIGENE:3614|NCBIGENE:3704|NCBIGENE:5471|NCBIGENE:7172|NCBIGENE:7498|NCBIGENE:83886|NCBIGENE:860|NCBIGENE:8988
DB00364,1134,O.O[Al](O)O.O[Al](O)OS(=O)(=O)OC[C@H]1O[C@@](COS(=O)(=O)O[Al](O)O)(O[C@H]2O[C@H](COS(=O)(=O)O[Al](O)O)[C@@H](OS(=O)(=O)O[Al](O)O)[C@H](OS(=O)(=O)O[Al](O)O)[C@H]2OS(=O)(=O)O[Al](O)O)[C@@H](OS(=O)(=O)O[Al](O)O)[C@@H]1OS(=O)(=O)O[Al](O)O,P0DJD9|P09038|P01133,,,PUBCHEM.COMPOUND:70789197,DOID:1724|DOID:4195|DOID:784,
DB01188,1135,CC1=CC(=O)N(O)C(=C1)C1CCCCC1,P05023,,,PUBCHEM.COMPOUND:2749,DOID:0080161|DOID:12179|DOID:2722|DOID:6498|DOID:8741|DOID:8941|DOID:9060,NCBIGENE:5742|NCBIGENE:5743
DB01141,1136,CCCCCOC1=CC=C(C=C1)C1=CC(=NO1)C1=CC=C(C=C1)C(=O)N[C@H]1C[C@@H](O)[C@@H](O)NC(=O)[C@@H]2[C@@H](O)[C@@H](C)CN2C(=O)[C@@H](NC(=O)[C@@H](NC(=O)[C@@H]2C[C@@H](O)CN2C(=O)[C@@H](NC1=O)[C@@H](C)O)[C@H](O)[C@@H](O)C1=CC(OS(O)(=O)=O)=C(O)C=C1)[C@H](O)CC(N)=O,A2QLK4,P15289|P21964,P15289|P21964,PUBCHEM.COMPOUND:477468,DOID:10952|DOID:13146|DOID:1425|DOID:2527|DOID:2921|DOID:557,NCBIGENE:5530
DB00525,1137,CN(C(=S)OC1=CC2=CC=CC=C2C=C1)C1=CC=CC(C)=C1,Q92206,,,PUBCHEM.COMPOUND:5510,DOID:12179|DOID:9060,NCBIGENE:3565|NCBIGENE:6713
DB00520,1138,[H][C@@]12C[C@@H](O)CN1C(=O)[C@@H](NC(=O)[C@]([H])(C[C@@H](O)[C@@H](NCCN)NC(=O)[C@@H]1[C@@H](O)CCN1C(=O)[C@@H](NC(=O)[C@@H](NC2=O)[C@H](O)[C@@H](O)C1=CC=C(O)C=C1)[C@H](O)CCN)NC(=O)CCCCCCCC[C@@H](C)C[C@@H](C)CC)[C@@H](C)O,A2QLK4,P08684,P08684,PUBCHEM.COMPOUND:3035406,,
DB02513,1139,CC(C)C1=CC=C(C)C=C1O,,,,PUBCHEM.COMPOUND:6989,,
DB09041,1140,OB1OCC2=CC(F)=CC=C12,A0A178ESV1,,,PUBCHEM.COMPOUND:11499245,,NCBIGENE:51520
DB09031,1141,CCCCCCCCCCCCCCCCOP([O-])(=O)OCC[N+](C)(C)C,P08183,Q13393,Q13393,PUBCHEM.COMPOUND:3599,DOID:0060655|DOID:14501|DOID:9111|DOID:9146|DOID:9155,NCBIGENE:240|NCBIGENE:5319
DB08943,1142,ClC1=CC(Cl)=C(C=C1)C(CN1C=CN=C1)OCC1=C(Cl)C=CC=C1Cl,,,,PUBCHEM.COMPOUND:3760,,
DB06820,1143,ClC1=CC=C(CSC(CN2C=CN=C2)C2=C(Cl)C=C(Cl)C=C2)C=C1,P50859,P05177|P11712|P10635,P05177|P11712|P10635,PUBCHEM.COMPOUND:5318,DOID:12179|DOID:9060,
DB00793,1144,ClC1=CC(Cl)=C(Cl)C=C1OCC#CI,,,,PUBCHEM.COMPOUND:3561,DOID:12179,
DB01099,1145,NC1=C(F)C=NC(=O)N1,P26358|P12461,,,PUBCHEM.COMPOUND:3366,DOID:0050590|DOID:0060262|DOID:10952|DOID:1227|DOID:12449|DOID:12987|DOID:1425|DOID:1588|DOID:2527|DOID:2921|DOID:409|DOID:4500|DOID:557|DOID:615,NCBIGENE:139596|NCBIGENE:1786|NCBIGENE:7298|NCBIGENE:9615
DB00362,1146,[H][C@]1(NC(=O)[C@@H](NC(=O)[C@@H]2C[C@@H](O)CN2C(=O)[C@@H](NC(=O)[C@H](C[C@@H](O)[C@@H](O)NC(=O)[C@@H]2[C@@H](O)[C@@H](C)CN2C1=O)NC(=O)C1=CC=C(C=C1)C1=CC=C(C=C1)C1=CC=C(OCCCCC)C=C1)[C@@H](C)O)[C@H](O)[C@@H](O)C1=CC=C(O)C=C1)[C@@H](C)O,A2QLK4,,,PUBCHEM.COMPOUND:166548,DOID:0060262|DOID:13146|DOID:409,
DB01243,1147,OC1=C(Cl)C=C(Cl)C2=C1N=CC=C2,,,,PUBCHEM.COMPOUND:2722,DOID:2722|DOID:6498|DOID:8741|DOID:8941,
DB01157,1148,COC1=CC(NCC2=C(C)C3=C(C=C2)N=C(N)N=C3N)=CC(OC)=C1OC,P00374,,,PUBCHEM.COMPOUND:5583,DOID:0060262|DOID:10952|DOID:12449|DOID:1425|DOID:2527|DOID:2921|DOID:409|DOID:557,
DB01422,1149,OC1=C2N=CC=CC2=C(C=C1)[N+]([O-])=O,P50579,,,PUBCHEM.COMPOUND:19910,,NCBIGENE:10988
DB00826,1150,[H][C@@]12C[C@H](O)C[C@]3(O)C[C@H](O)[C@@H](C(O)=O)[C@]([H])(C[C@@H](O[C@]4([H])O[C@H](C)[C@@H](O)[C@H](N)[C@@H]4O)\C=C\C=C\C=C\C=C\C[C@@H](C)OC(=O)\C=C\[C@@]1([H])O2)O3,,,,PUBCHEM.COMPOUND:5284447,DOID:10440,
DB00681,1151,[H][C@]12C[C@@H](O[C@@H]3O[C@H](C)[C@@H](O)[C@H](N)[C@@H]3O)\C=C\C=C\C=C\C=C\C=C\C=C\C=C\[C@H](C)[C@@H](O)[C@@H](C)[C@H](C)OC(=O)C[C@H](O)C[C@H](O)CC[C@@H](O)[C@H](O)C[C@H](O)C[C@](O)(C[C@H](O)[C@H]1C(O)=O)O2,,,,PUBCHEM.COMPOUND:5280965,DOID:0050127|DOID:0060262|DOID:0080161|DOID:10113|DOID:10371|DOID:10952|DOID:11077|DOID:11100|DOID:11104|DOID:11256|DOID:11262|DOID:11265|DOID:12053|DOID:12711|DOID:13034|DOID:13146|DOID:13450|DOID:13564|DOID:13778|DOID:13819|DOID:13902|DOID:13924|DOID:1425|DOID:14262|DOID:14484|DOID:1508|DOID:1731|DOID:2275|DOID:2297|DOID:2527|DOID:2921|DOID:3087|DOID:409|DOID:4131|DOID:4500|DOID:552|DOID:557|DOID:6132|DOID:6543|DOID:7427|DOID:7551|DOID:8478|DOID:9065|DOID:9146,NCBIGENE:6403
DB00646,1152,[H][C@]12C[C@@H](O[C@@H]3O[C@H](C)[C@@H](O)[C@H](N)[C@@H]3O)\C=C\C=C\C=C\C=C\CC\C=C\C=C\[C@H](C)[C@@H](O)[C@@H](C)[C@H](C)OC(=O)C[C@H](O)C[C@H](O)C[C@H](O)CC[C@@H](O)[C@H](O)C[C@](O)(C[C@H](O)[C@H]1C(O)=O)O2,,,,PUBCHEM.COMPOUND:11953884,,
DB09040,1153,C[C@@H](N1CCC(=C)CC1)[C@](O)(CN1C=NC=N1)C1=C(F)C=C(F)C=C1,P50859,,,PUBCHEM.COMPOUND:489181,,
DB01007,1154,ClC1=C(COC(CN2C=CN=C2)C2=C(Cl)C=C(Cl)C=C2)C=CS1,P10613|Q16850,P11511|P33261|P05181|P08684,P11511|P33261|P05181|P08684,PUBCHEM.COMPOUND:5482,DOID:2272,NCBIGENE:1595
DB00251,1155,CC(C)N1CCN(CC1)C1=CC=C(OC[C@@H]2CO[C@](CN3C=NC=N3)(O2)C2=C(Cl)C=C(Cl)C=C2)C=C1,P10613,,,PUBCHEM.COMPOUND:441383,DOID:2272,NCBIGENE:1595
DB03793,1156,OC(=O)C1=CC=CC=C1,P46059|Q9L9D7|P14920|O67987|P96965|O31168|Q01234|Q5PXQ6|Q52546,,,PUBCHEM.COMPOUND:243,DOID:0060262|DOID:10223|DOID:10763|DOID:10772|DOID:10825|DOID:10952|DOID:11249|DOID:114|DOID:11486|DOID:11963|DOID:12361|DOID:1247|DOID:12642|DOID:1287|DOID:13186|DOID:13206|DOID:13477|DOID:13948|DOID:13976|DOID:14203|DOID:1425|DOID:1686|DOID:1837|DOID:2215|DOID:2216|DOID:2236|DOID:2355|DOID:2361|DOID:2527|DOID:2747|DOID:2749|DOID:2862|DOID:2883|DOID:2921|DOID:3393|DOID:3827|DOID:3878|DOID:4029|DOID:409|DOID:418|DOID:419|DOID:437|DOID:557|DOID:7997|DOID:7998|DOID:8442|DOID:8472|DOID:8534|DOID:8616|DOID:8689|DOID:9164|DOID:9182|DOID:9266|DOID:9267|DOID:9351|DOID:9870,
DB04794,1157,C1=CN(C=N1)C(C1=CC=CC=C1)C1=CC=C(C=C1)C1=CC=CC=C1,P10613|P20813,P11511|P05181|P08684,P11511|P05181|P08684,PUBCHEM.COMPOUND:2378,,NCBIGENE:1555|NCBIGENE:1595
DB01153,1158,ClC1=CC(Cl)=C(C=C1)C(CN1C=CN=C1)OCC1=CSC2=C1C=CC=C2Cl,P10613,,,PUBCHEM.COMPOUND:65863,,NCBIGENE:1595
DB01034,1159,[H][C@]1(O[C@]1([H])C(=O)CC\C=C\C\C=C\C)C(N)=O,P0A953|P0AAI5|P0A6R0|P49327,,,PUBCHEM.COMPOUND:28517,,NCBIGENE:2194
DB08958,1160,CCCCC(CC)CN1CN(CC(CC)CCCC)CC(C)(N)C1,,,,PUBCHEM.COMPOUND:3607,,
DB01091,1161,CN(CC1=CC=C(C=C1)C(C)(C)C)CC1=CC=CC2=CC=CC=C12,Q14534,,,PUBCHEM.COMPOUND:2484,DOID:12179|DOID:9060,NCBIGENE:6713
DB01127,1162,ClC1=CC=C(COC(CN2C=CN=C2)C2=C(Cl)C=C(Cl)C=C2)C=C1,P10613|O75469,P11511|P05181|P08684,P11511|P05181|P08684,PUBCHEM.COMPOUND:3198,DOID:0080161|DOID:12179|DOID:9060,NCBIGENE:1576|NCBIGENE:1595|NCBIGENE:56302
DB00639,1163,ClC1=CC=C(CCC(CN2C=CN=C2)SC2=C(Cl)C=CC=C2Cl)C=C1,,,,PUBCHEM.COMPOUND:47472,DOID:2272,
DB13139,1164,CC(C)(C)NC[C@H](O)C1=CC(CO)=C(O)C=C1,P07550,,,PUBCHEM.COMPOUND:123600,DOID:10763|DOID:10825|DOID:12361|DOID:1826|DOID:1837|DOID:2841|DOID:3393|DOID:4500|DOID:7997|DOID:7998|DOID:9351,NCBIGENE:153|NCBIGENE:154|NCBIGENE:155
DB06704,1165,NC(N)=NCC1=CC(I)=CC=C1,,,,PUBCHEM.COMPOUND:60860,,NCBIGENE:6530
DB00236,1166,BrCCC(=O)N1CCN(CC1)C(=O)CCBr,,,,PUBCHEM.COMPOUND:4842,,
DB09094,1167,COC1=CC(=CC(OC)=C1OC)C1C2C(COC2=O)C(O)C2=CC3=C(OCO3)C=C12.COC1=CC(=CC(OC)=C1OC)C1C2C(COC2=O)C(O)C2=CC3=C(OCO3)C=C12.COC1=CC(=CC(OC)=C1OC)C1C(C(CO)C(O)C2=CC3=C(OCO3)C=C12)C(O)=O.COC1=CC(=CC(OC)=C1OC)C1C(C(CO)C(O)C2=CC3=C(OCO3)C=C12)C(O)=O,,,,PUBCHEM.COMPOUND:11979494,,
DB01030,1168,CC[C@@]1(O)C(=O)OCC2=C1C=C1N(CC3=CC4=C(C=CC(O)=C4CN(C)C)N=C13)C2=O,P11387|Q969P6,,,PUBCHEM.COMPOUND:60700,DOID:0050590|DOID:12123|DOID:1227|DOID:12449|DOID:12987|DOID:13250|DOID:1588|DOID:2355|DOID:2361|DOID:2394|DOID:2797|DOID:2893|DOID:3082|DOID:3770|DOID:4362|DOID:5409,
DB00523,1169,C\C(\C=C\C1=C(C)CCCC1(C)C)=C\C=C\C(\C)=C\C(O)=O,P10276|P19793|P10826|P28702|P13631|P48443|P17936|Q15238|Q6V0L0,,,PUBCHEM.COMPOUND:449171,DOID:8691,NCBIGENE:1381|NCBIGENE:1385|NCBIGENE:19|NCBIGENE:216|NCBIGENE:316|NCBIGENE:340665|NCBIGENE:5468|NCBIGENE:5914|NCBIGENE:5915|NCBIGENE:6256|NCBIGENE:6258|NCBIGENE:7052|NCBIGENE:7421|NCBIGENE:8854
DB01217,1170,CC(C)(C#N)C1=CC(=CC(CN2C=NC=N2)=C1)C(C)(C)C#N,P11511,P08684|P20815|P10632|P22310|P35503|P16662|P05177|P11712,P08684|P20815|P10632|P22310|P35503|P16662|P05177|P11712,PUBCHEM.COMPOUND:2187,DOID:3393,
DB00526,1171,[H][N]1([H])[C@@H]2CCCC[C@H]2[N]([H])([H])[Pt]11OC(=O)C(=O)O1,,P30711|P04731|P02795|P05164|P00441|P09211|P09488|P15559,P30711|P04731|P02795|P05164|P00441|P09211|P09488|P15559,PUBCHEM.COMPOUND:6857599,,
DB00631,1172,[H][C@]1(F)[C@H](O)[C@@H](CO)O[C@H]1N1C=NC2=C(N)N=C(Cl)N=C12,P09884|P23921,P27707,P27707,PUBCHEM.COMPOUND:119182,DOID:0050590|DOID:0060262|DOID:104|DOID:1074|DOID:1227|DOID:12449|DOID:12987|DOID:14400|DOID:1564|DOID:1588|DOID:2355|DOID:2361|DOID:2739|DOID:2741|DOID:409|DOID:4676|DOID:8913|DOID:934|DOID:9952,NCBIGENE:1633|NCBIGENE:4170|NCBIGENE:5422|NCBIGENE:6240
DB01042,1173,N[C@@H](CC1=CC=C(C=C1)N(CCCl)CCCl)C(O)=O,,,,PUBCHEM.COMPOUND:460612,DOID:0050590|DOID:10952|DOID:12123|DOID:1227|DOID:12449|DOID:12987|DOID:1425|DOID:1588|DOID:2355|DOID:2361|DOID:2394|DOID:2527|DOID:2797|DOID:2921|DOID:3082|DOID:3770|DOID:557|DOID:583|DOID:615|DOID:865|DOID:9538,NCBIGENE:2176|NCBIGENE:2189|NCBIGENE:27306|NCBIGENE:2938|NCBIGENE:2939|NCBIGENE:2940|NCBIGENE:4087|NCBIGENE:836|NCBIGENE:842|NCBIGENE:983
DB01005,1174,NC(=O)NO,P23921,P41020,P41020,PUBCHEM.COMPOUND:3657,DOID:10923|DOID:10952|DOID:11934|DOID:1425|DOID:1588|DOID:1909|DOID:2355|DOID:2361|DOID:2394|DOID:2527|DOID:2921|DOID:557|DOID:615|DOID:8552|DOID:8923,NCBIGENE:11200|NCBIGENE:135250|NCBIGENE:1576|NCBIGENE:1906|NCBIGENE:2056|NCBIGENE:2876|NCBIGENE:3596|NCBIGENE:3725|NCBIGENE:4683|NCBIGENE:6240|NCBIGENE:6241|NCBIGENE:6563|NCBIGENE:6606|NCBIGENE:6607|NCBIGENE:672|NCBIGENE:7040|NCBIGENE:7157|NCBIGENE:7298|NCBIGENE:7402|NCBIGENE:760|NCBIGENE:8170|NCBIGENE:836
DB00305,1175,[H][C@]12CN3C4=C([C@@H](COC(N)=O)[C@@]3(OC)[C@@]1([H])N2)C(=O)C(N)=C(C)C4=O,,P16435,P16435,PUBCHEM.COMPOUND:5746,DOID:10952|DOID:11875|DOID:12449|DOID:1247|DOID:12554|DOID:1425|DOID:1588|DOID:2355|DOID:2361|DOID:2527|DOID:2921|DOID:4074|DOID:557|DOID:6000|DOID:615|DOID:9637|DOID:9673,NCBIGENE:142|NCBIGENE:1728|NCBIGENE:2177|NCBIGENE:3576|NCBIGENE:54205|NCBIGENE:5447|NCBIGENE:5590|NCBIGENE:5594|NCBIGENE:5595|NCBIGENE:5889|NCBIGENE:6624|NCBIGENE:672|NCBIGENE:675|NCBIGENE:7150|NCBIGENE:7157|NCBIGENE:7498|NCBIGENE:7516|NCBIGENE:836|NCBIGENE:841|NCBIGENE:842
DB00537,1176,OC(=O)C1=CN(C2CC2)C2=CC(N3CCNCC3)=C(F)C=C2C1=O,P43702|P43700|P11388|Q12809|P0AES4|P0C1U9|Q59192|P05653|C3T8E2|B4YQT9|P20831,P05177|P08684|P20815|P24462,P05177|P08684|P20815|P24462,PUBCHEM.COMPOUND:2764,DOID:100|DOID:10371|DOID:10952|DOID:12384|DOID:12385|DOID:13250|DOID:13258|DOID:13507|DOID:13778|DOID:13819|DOID:1389|DOID:13924|DOID:1425|DOID:14654|DOID:1679|DOID:1826|DOID:203|DOID:204|DOID:2297|DOID:2527|DOID:2921|DOID:2964|DOID:3055|DOID:379|DOID:381|DOID:437|DOID:4500|DOID:557|DOID:574|DOID:7427|DOID:813|DOID:870|DOID:874|DOID:9463|DOID:971,NCBIGENE:142|NCBIGENE:1490|NCBIGENE:1544|NCBIGENE:1576|NCBIGENE:2054|NCBIGENE:3106|NCBIGENE:3107|NCBIGENE:3558|NCBIGENE:3576|NCBIGENE:3757|NCBIGENE:4312|NCBIGENE:5347|NCBIGENE:64127|NCBIGENE:7153|NCBIGENE:7155|NCBIGENE:7957|NCBIGENE:8128|NCBIGENE:836|NCBIGENE:9376|NCBIGENE:9407
DB01262,1177,NC1=NC(=O)N(C=N1)[C@H]1C[C@H](O)[C@@H](CO)O1,P26358|Q9Y6K1|Q9UBC3,P30085|P27707|P32320,P30085|P27707|P32320,PUBCHEM.COMPOUND:451668,DOID:0050590|DOID:0060262|DOID:10952|DOID:1227|DOID:12987|DOID:1425|DOID:1588|DOID:1837|DOID:2527|DOID:2921|DOID:409|DOID:557|DOID:9119|DOID:9351,NCBIGENE:10018|NCBIGENE:1030|NCBIGENE:1045|NCBIGENE:1050|NCBIGENE:1054|NCBIGENE:10562|NCBIGENE:1080|NCBIGENE:11186|NCBIGENE:11197|NCBIGENE:124872|NCBIGENE:1317|NCBIGENE:1457|NCBIGENE:1499|NCBIGENE:1543|NCBIGENE:1544|NCBIGENE:1594|NCBIGENE:160728|NCBIGENE:1647|NCBIGENE:168002|NCBIGENE:1786|NCBIGENE:1789|NCBIGENE:1958|NCBIGENE:2100|NCBIGENE:22943|NCBIGENE:2308|NCBIGENE:2332|NCBIGENE:240|NCBIGENE:26468|NCBIGENE:27165|NCBIGENE:2876|NCBIGENE:290|NCBIGENE:29117|NCBIGENE:2950|NCBIGENE:3015|NCBIGENE:3020|NCBIGENE:3021|NCBIGENE:3082|NCBIGENE:30848|NCBIGENE:3172|NCBIGENE:332|NCBIGENE:3576|NCBIGENE:367|NCBIGENE:3717|NCBIGENE:3725|NCBIGENE:3791|NCBIGENE:388585|NCBIGENE:404281|NCBIGENE:4100|NCBIGENE:4118|NCBIGENE:4255|NCBIGENE:4292|NCBIGENE:4312|NCBIGENE:4313|NCBIGENE:4318|NCBIGENE:4436|NCBIGENE:4854|NCBIGENE:4855|NCBIGENE:4869|NCBIGENE:5037|NCBIGENE:50484|NCBIGENE:5078|NCBIGENE:51734|NCBIGENE:5241|NCBIGENE:5268|NCBIGENE:54206|NCBIGENE:54538|NCBIGENE:5460|NCBIGENE:54739|NCBIGENE:55607|NCBIGENE:558|NCBIGENE:5728|NCBIGENE:5793|NCBIGENE:58157|NCBIGENE:5915|NCBIGENE:5925|NCBIGENE:5947|NCBIGENE:5967|NCBIGENE:5997|NCBIGENE:6387|NCBIGENE:639|NCBIGENE:64101|NCBIGENE:6422|NCBIGENE:6423|NCBIGENE:6425|NCBIGENE:64321|NCBIGENE:651|NCBIGENE:655|NCBIGENE:6622|NCBIGENE:664|NCBIGENE:6649|NCBIGENE:6678|NCBIGENE:6688|NCBIGENE:6696|NCBIGENE:6750|NCBIGENE:682|NCBIGENE:6863|NCBIGENE:7015|NCBIGENE:7052|NCBIGENE:7099|NCBIGENE:7132|NCBIGENE:7157|NCBIGENE:7161|NCBIGENE:7350|NCBIGENE:7423|NCBIGENE:7515|NCBIGENE:7980|NCBIGENE:841|NCBIGENE:842|NCBIGENE:8425|NCBIGENE:843|NCBIGENE:857|NCBIGENE:8651|NCBIGENE:8788|NCBIGENE:8864|NCBIGENE:8932|NCBIGENE:92304|NCBIGENE:978|NCBIGENE:9940|NCBIGENE:9984|NCBIGENE:999
DB00432,1178,OC[C@H]1O[C@H](C[C@@H]1O)N1C=C(C(=O)NC1=O)C(F)(F)F,P04818,P04183|P19971,P04183|P19971,PUBCHEM.COMPOUND:6256,DOID:0080158|DOID:219|DOID:235|DOID:5672,NCBIGENE:7298
DB00380,1179,C[C@@H](CN1CC(=O)NC(=O)C1)N1CC(=O)NC(=O)C1,P11388|Q02880,,,PUBCHEM.COMPOUND:71384,DOID:12449,NCBIGENE:1807|NCBIGENE:467|NCBIGENE:7057|NCBIGENE:7153|NCBIGENE:7155
DB00928,1180,NC1=NC(=O)N(C=N1)[C@@H]1O[C@H](CO)[C@@H](O)[C@H]1O,P26358,P32320,P32320,PUBCHEM.COMPOUND:9444,DOID:0050590|DOID:10952|DOID:1227|DOID:12987|DOID:1425|DOID:1588|DOID:2527|DOID:2921|DOID:557,NCBIGENE:1030|NCBIGENE:1050|NCBIGENE:11167|NCBIGENE:138428|NCBIGENE:1633|NCBIGENE:1647|NCBIGENE:1786|NCBIGENE:1789|NCBIGENE:1910|NCBIGENE:2139|NCBIGENE:22994|NCBIGENE:27253|NCBIGENE:3586|NCBIGENE:3683|NCBIGENE:4072|NCBIGENE:4100|NCBIGENE:4255|NCBIGENE:4318|NCBIGENE:4543|NCBIGENE:4616|NCBIGENE:4804|NCBIGENE:4922|NCBIGENE:50943|NCBIGENE:54739|NCBIGENE:6387|NCBIGENE:6664|NCBIGENE:6688|NCBIGENE:7015|NCBIGENE:7157|NCBIGENE:796|NCBIGENE:9076|NCBIGENE:999
DB00851,1181,CN(C)\N=N\C1=C(N=CN1)C(N)=O,Q14181|P52209,P04798|P05177|P05181,P04798|P05177|P05181,PUBCHEM.COMPOUND:5351166,,
DB06193,1182,NCCNC1=CC=C(NCCN)C2=C1C(=O)C1=C(C=NC=C1)C2=O,,,,PUBCHEM.COMPOUND:134019,DOID:0060058|DOID:0060060|DOID:2571|DOID:707|DOID:8538|DOID:8675,
DB11793,1183,NC(=O)C1=CC=CC2=CN(N=C12)C1=CC=C(C=C1)[C@@H]1CCCNC1,P09874|Q9UGN5,Q6LAP9|P05177,Q6LAP9|P05177,PUBCHEM.COMPOUND:24958200,,NCBIGENE:10038|NCBIGENE:142
DB11363,1184,CCC1=CC2=C(C=C1N1CCC(CC1)N1CCOCC1)C(C)(C)C1=C(C3=CC=C(C=C3N1)C#N)C2=O,Q9UM73,,,PUBCHEM.COMPOUND:49806720,DOID:1324|DOID:3908,NCBIGENE:238|NCBIGENE:5979|NCBIGENE:6774
DB05294,1185,COC1=C(OCC2CCN(C)CC2)C=C2N=CN=C(NC3=C(F)C=C(Br)C=C3)C2=C1,P15692|P00533|Q13882|Q02763|P07949,Q01740|P31513|P08684,Q01740|P31513|P08684,PUBCHEM.COMPOUND:3081361,DOID:0050328|DOID:10763|DOID:10825|DOID:11634|DOID:12678|DOID:12679|DOID:1459|DOID:224|DOID:2316|DOID:2485|DOID:3082|DOID:4500|DOID:6000,NCBIGENE:140901|NCBIGENE:1576|NCBIGENE:1956|NCBIGENE:1969|NCBIGENE:2041|NCBIGENE:2043|NCBIGENE:2046|NCBIGENE:2047|NCBIGENE:2048|NCBIGENE:2050|NCBIGENE:2321|NCBIGENE:23235|NCBIGENE:2324|NCBIGENE:25|NCBIGENE:2580|NCBIGENE:27|NCBIGENE:285220|NCBIGENE:3177|NCBIGENE:3791|NCBIGENE:3932|NCBIGENE:51135|NCBIGENE:5156|NCBIGENE:5159|NCBIGENE:5607|NCBIGENE:595|NCBIGENE:5979|NCBIGENE:640|NCBIGENE:6793|NCBIGENE:7010|NCBIGENE:7301|NCBIGENE:8767|NCBIGENE:898
DB00548,1186,OC(=O)CCCCCCCC(O)=O,P66010|P51857|P31213|P14679|P00582,,,PUBCHEM.COMPOUND:2266,DOID:2351|DOID:2352|DOID:6543|DOID:8881|DOID:893,NCBIGENE:6718|NCBIGENE:7299
DB00014,1187,CC(C)C[C@H](NC(=O)[C@@H](COC(C)(C)C)NC(=O)[C@H](CC1=CC=C(O)C=C1)NC(=O)[C@H](CO)NC(=O)[C@H](CC1=CNC2=CC=CC=C12)NC(=O)[C@H](CC1=CN=CN1)NC(=O)[C@@H]1CCC(=O)N1)C(=O)N[C@@H](CCCN=C(N)N)C(=O)N1CCC[C@H]1C(=O)NNC(N)=O,P22888|P30968,,,PUBCHEM.COMPOUND:5311128,DOID:10763|DOID:10825|DOID:12678|DOID:12679|DOID:1837|DOID:2485|DOID:288|DOID:289|DOID:4195|DOID:5200|DOID:9351|DOID:9970,NCBIGENE:2798|NCBIGENE:3973
DB04865,1188,[H][C@@]1(OC(=O)[C@@](O)(CCCC(C)(C)O)CC(=O)OC)C(OC)=C[C@]23CCCN2CCC2=CC4=C(OCO4)C=C2[C@]13[H],P20276|P39023,,,PUBCHEM.COMPOUND:285033,DOID:8552,
DB09330,1189,COC1=C(NC2=NC=CC(=N2)C2=CN(C)C3=C2C=CC=C3)C=C(NC(=O)C=C)C(=C1)N(C)CCN(C)C,P00533,P08684|P05177,P08684|P05177,PUBCHEM.COMPOUND:71496458,,
DB05239,1190,OC1(CN(C1)C(=O)C1=C(NC2=C(F)C=C(I)C=C2)C(F)=C(F)C=C1)[C@@H]1CCCCN1,Q02750,P08684|P16662|P10635|P20815,P08684|P16662|P10635|P20815,PUBCHEM.COMPOUND:16222096,,NCBIGENE:3845|NCBIGENE:4893|NCBIGENE:5604|NCBIGENE:673|NCBIGENE:9451
DB00480,1191,NC1=CC=CC2=C1CN(C1CCC(=O)NC1=O)C2=O,Q96SW2|O14788|P33151|P35354,,,PUBCHEM.COMPOUND:216326,DOID:0050590|DOID:0050746|DOID:1227|DOID:12987|DOID:1588|DOID:162|DOID:4766|DOID:707|DOID:8675|DOID:9477|DOID:9538,NCBIGENE:1003|NCBIGENE:29126|NCBIGENE:3558|NCBIGENE:3662|NCBIGENE:51185|NCBIGENE:5743|NCBIGENE:7080|NCBIGENE:7124|NCBIGENE:958|NCBIGENE:959
DB00894,1192,[H][C@@]12CCC3=CC(=O)C=C[C@]3(C)[C@@]1([H])CC[C@]1(C)OC(=O)CC[C@@]21[H],P11511,,,PUBCHEM.COMPOUND:13769,,
DB09124,1193,[H][C@@]12CC[C@](C)(C(C)=O)[C@@]1(C)CC[C@@]1([H])[C@@]2([H])C=C(C)C2=CC(=O)CC[C@]12C,P06401,P08684,P08684,PUBCHEM.COMPOUND:9949848,,
DB11641,1194,CC[C@@]12C=CCN3CC[C@@]4([C@H]13)[C@@H](N(C)C1=CC(OC)=C(C=C41)[C@]1(C[C@@H]3C[C@H](C[N@@](C3)CC3=C1NC1=CC=CC=C31)C(C)(F)F)C(=O)OC)[C@](O)([C@@H]2OC(C)=O)C(=O)OC,P07437,P08684,P08684,,,
DB00488,1195,CN(C)C1=NC(=NC(=N1)N(C)C)N(C)C,,,,PUBCHEM.COMPOUND:2123,DOID:12449|DOID:1389|DOID:1588|DOID:2355|DOID:2361|DOID:2394|DOID:2479|DOID:574|DOID:615|DOID:870,
DB08896,1196,CNC(=O)C1=CC(OC2=CC(F)=C(NC(=O)NC3=CC=C(Cl)C(=C3)C(F)(F)F)C=C2)=CC=N1,P17948|P35968|P35916|P10721|P16234|P09619|P11362|P21802|Q02763|Q16832|P04629|P29317|P04049|P15056|Q15759|P42685|P00519|P07949,P08684|O60656|P10632|P11712|P20813|P22309|P33261,P08684|O60656|P10632|P11712|P20813|P22309|P33261,PUBCHEM.COMPOUND:11167602,DOID:3571|DOID:684|DOID:9253,NCBIGENE:1576|NCBIGENE:1969|NCBIGENE:2053|NCBIGENE:2260|NCBIGENE:2263|NCBIGENE:2321|NCBIGENE:2324|NCBIGENE:25|NCBIGENE:3791|NCBIGENE:3815|NCBIGENE:4914|NCBIGENE:5156|NCBIGENE:5159|NCBIGENE:5600|NCBIGENE:5894|NCBIGENE:5979|NCBIGENE:673|NCBIGENE:7010|NCBIGENE:8431|NCBIGENE:9451
DB06813,1197,NC1=NC2=NC=C(CC(CC#C)C3=CC=C(C=C3)C(=O)N[C@@H](CCC(O)=O)C(O)=O)N=C2C(N)=N1,P00374|P04818|Q05932,,,PUBCHEM.COMPOUND:148121,DOID:0050590|DOID:11875|DOID:1227|DOID:12449|DOID:12987|DOID:1588|DOID:2355|DOID:2361|DOID:9637|DOID:9673,NCBIGENE:1719|NCBIGENE:64146|NCBIGENE:7298
DB06819,1198,OC(=O)CCCC1=CC=CC=C1,P95468,,,PUBCHEM.COMPOUND:4775,DOID:0060262|DOID:10952|DOID:1425|DOID:2527|DOID:2921|DOID:409|DOID:557|DOID:9267|DOID:9273|DOID:9280,NCBIGENE:10014|NCBIGENE:1080|NCBIGENE:10961|NCBIGENE:1282|NCBIGENE:1284|NCBIGENE:2597|NCBIGENE:2697|NCBIGENE:3065|NCBIGENE:3308|NCBIGENE:3659|NCBIGENE:6517|NCBIGENE:7099|NCBIGENE:7412
DB09053,1199,NC1=NC=NC2=C1C(=NN2[C@@H]1CCCN(C1)C(=O)C=C)C1=CC=C(OC2=CC=CC=C2)C=C1,Q06187,P08684|P20815|P10635,P08684|P20815|P10635,PUBCHEM.COMPOUND:24821094,DOID:0050746|DOID:0050747|DOID:0060901|DOID:1040|DOID:1703|DOID:707|DOID:8675|DOID:9080,NCBIGENE:6387|NCBIGENE:640|NCBIGENE:7852
DB00563,1200,CN(CC1=CN=C2N=C(N)N=C(N)C2=N1)C1=CC=C(C=C1)C(=O)N[C@@H](CCC(O)=O)C(O)=O,P04818|P31939|P00374,,,PUBCHEM.COMPOUND:126941,DOID:0050741|DOID:0060058|DOID:0060060|DOID:0060262|DOID:0110892|DOID:10808|DOID:10952|DOID:11875|DOID:11934|DOID:12123|DOID:12449|DOID:1425|DOID:1574|DOID:1588|DOID:2355|DOID:2361|DOID:2527|DOID:2571|DOID:2797|DOID:2921|DOID:3082|DOID:3347|DOID:3376|DOID:3590|DOID:3683|DOID:3770|DOID:409|DOID:4398|DOID:557|DOID:615|DOID:676|DOID:707|DOID:7148|DOID:750|DOID:8538|DOID:8577|DOID:8584|DOID:8675|DOID:8691|DOID:8893|DOID:9088|DOID:9637|DOID:9673|DOID:9952,NCBIGENE:10257|NCBIGENE:10599|NCBIGENE:10864|NCBIGENE:1244|NCBIGENE:1401|NCBIGENE:142|NCBIGENE:1666|NCBIGENE:1719|NCBIGENE:1803|NCBIGENE:23463|NCBIGENE:2350|NCBIGENE:2356|NCBIGENE:3565|NCBIGENE:3576|NCBIGENE:3586|NCBIGENE:4194|NCBIGENE:4286|NCBIGENE:4363|NCBIGENE:471|NCBIGENE:4982|NCBIGENE:54578|NCBIGENE:5471|NCBIGENE:5860|NCBIGENE:5925|NCBIGENE:5981|NCBIGENE:64146|NCBIGENE:6573|NCBIGENE:6868|NCBIGENE:7133|NCBIGENE:7157|NCBIGENE:7298|NCBIGENE:8714|NCBIGENE:8836|NCBIGENE:9356|NCBIGENE:9376|NCBIGENE:9429
DB00242,1201,NC1=C2N=CN([C@H]3C[C@H](O)[C@@H](CO)O3)C2=NC(Cl)=N1,P23921|P31350|Q7LG56|P09884|Q07864|P56282|Q9NRF9|Q9NR33|P00491,P27707,P27707,PUBCHEM.COMPOUND:20279,DOID:0050590|DOID:10952|DOID:1227|DOID:12449|DOID:12987|DOID:1389|DOID:1425|DOID:1588|DOID:1920|DOID:2355|DOID:2361|DOID:2378|DOID:2527|DOID:285|DOID:2921|DOID:557|DOID:574|DOID:713|DOID:870,NCBIGENE:100|NCBIGENE:142|NCBIGENE:1633|NCBIGENE:1716|NCBIGENE:317|NCBIGENE:4860|NCBIGENE:50484|NCBIGENE:5422|NCBIGENE:5426|NCBIGENE:5427|NCBIGENE:56655|NCBIGENE:6240|NCBIGENE:6241|NCBIGENE:836|NCBIGENE:842|NCBIGENE:978
DB00276,1202,COC1=C(NC2=C3C=CC=CC3=NC3=CC=CC=C23)C=CC(NS(C)(=O)=O)=C1,P11388|Q12809|P02763|P02768,,,PUBCHEM.COMPOUND:2179,,NCBIGENE:3757|NCBIGENE:4313|NCBIGENE:7150|NCBIGENE:7153|NCBIGENE:7155|NCBIGENE:7157
DB00642,1203,NC1=NC(=O)C2=C(NC=C2CCC2=CC=C(C=C2)C(=O)N[C@@H](CCC(O)=O)C(O)=O)N1,P04818|P31939|P00374|P22102,Q99808|P27707,Q99808|P27707,PUBCHEM.COMPOUND:446556,DOID:0050590|DOID:10952|DOID:1227|DOID:12987|DOID:1324|DOID:1425|DOID:1588|DOID:2355|DOID:2361|DOID:2527|DOID:2921|DOID:3908|DOID:557|DOID:7474,NCBIGENE:1719|NCBIGENE:2350|NCBIGENE:7298
DB00791,1204,ClCCN(CCCl)C1=CNC(=O)NC1=O,,,,PUBCHEM.COMPOUND:6194,DOID:0060058|DOID:0060060|DOID:1040|DOID:1703|DOID:2571|DOID:3721|DOID:707|DOID:8432|DOID:8538|DOID:8552|DOID:8675|DOID:8997,
DB00888,1205,CN(CCCl)CCCl,,P06276,P06276,PUBCHEM.COMPOUND:4033,DOID:0050590|DOID:0060058|DOID:0060060|DOID:0060061|DOID:1040|DOID:1227|DOID:12449|DOID:1247|DOID:12987|DOID:1588|DOID:1703|DOID:1920|DOID:2355|DOID:2361|DOID:2571|DOID:3683|DOID:3721|DOID:615|DOID:707|DOID:8432|DOID:8538|DOID:8543|DOID:8552|DOID:8567|DOID:8628|DOID:8651|DOID:8654|DOID:8675|DOID:8691|DOID:8997|DOID:9120,NCBIGENE:2939|NCBIGENE:3458|NCBIGENE:842
DB06626,1206,CNC(=O)C1=C(SC2=CC=C3C(NN=C3\C=C\C3=CC=CC=N3)=C2)C=CC=C1,P17948|P35968|P35916,P08684|P20815|P05177|P33261|P22309,P08684|P20815|P05177|P33261|P22309,PUBCHEM.COMPOUND:6450551,DOID:4450|DOID:4451|DOID:4464|DOID:4465|DOID:4467|DOID:4471|DOID:4473,NCBIGENE:10733|NCBIGENE:112744|NCBIGENE:1435|NCBIGENE:1436|NCBIGENE:1544|NCBIGENE:1558|NCBIGENE:2263|NCBIGENE:2321|NCBIGENE:2322|NCBIGENE:2324|NCBIGENE:25|NCBIGENE:27|NCBIGENE:3791|NCBIGENE:3815|NCBIGENE:5156|NCBIGENE:5159|NCBIGENE:5979|NCBIGENE:6790|NCBIGENE:6795
DB01280,1207,COC1=NC(N)=NC2=C1N=CN2[C@@H]1O[C@H](CO)[C@@H](O)[C@@H]1O,P09884|P18858|P49642|P23921,P00813|P27707|Q16854,P00813|P27707|Q16854,PUBCHEM.COMPOUND:3011155,DOID:0050590|DOID:1059|DOID:1227|DOID:12987|DOID:1389|DOID:1588|DOID:1826|DOID:2355|DOID:2361|DOID:2739|DOID:2741|DOID:3213|DOID:5214|DOID:5603|DOID:574|DOID:870|DOID:8927,NCBIGENE:1116|NCBIGENE:5422
DB01169,1208,O=[As]O[As]=O,O14920|Q16881|P05412|P24385|P27361|P28482|P31749|P38936|Q13547|P29590,P08684,P08684,PUBCHEM.COMPOUND:261004,,
DB04845,1209,[H][C@]12C[C@H](NC(=O)C[C@H](O)C(C)(C)C(=O)[C@H](C)[C@@H](O)[C@@H](C)CCC[C@@]1(C)O2)C(\C)=C\C1=CSC(C)=N1,Q13509,P08684,P08684,PUBCHEM.COMPOUND:6445540,DOID:0050590|DOID:0060262|DOID:114|DOID:1227|DOID:1287|DOID:12987|DOID:1389|DOID:1588|DOID:1612|DOID:1837|DOID:2355|DOID:2361|DOID:2739|DOID:2741|DOID:3393|DOID:3459|DOID:409|DOID:574|DOID:870|DOID:9351,
DB01165,1210,CC1COC2=C3N1C=C(C(O)=O)C(=O)C3=CC(F)=C2N1CCN(C)CC1,P43700|P43702|P11388,P05177,P05177,PUBCHEM.COMPOUND:4583,DOID:0050590|DOID:0060262|DOID:100|DOID:10371|DOID:1063|DOID:10952|DOID:11400|DOID:1227|DOID:12384|DOID:12385|DOID:12450|DOID:12987|DOID:13250|DOID:13258|DOID:13507|DOID:13778|DOID:13819|DOID:1389|DOID:13924|DOID:1425|DOID:14654|DOID:1588|DOID:1679|DOID:1826|DOID:1837|DOID:203|DOID:204|DOID:2297|DOID:2355|DOID:2361|DOID:2527|DOID:2744|DOID:2921|DOID:2964|DOID:3055|DOID:3393|DOID:379|DOID:381|DOID:409|DOID:437|DOID:4500|DOID:552|DOID:557|DOID:574|DOID:6132|DOID:615|DOID:7327|DOID:7427|DOID:7551|DOID:813|DOID:870|DOID:874|DOID:9351|DOID:9463|DOID:971,NCBIGENE:3339|NCBIGENE:7153|NCBIGENE:7155|NCBIGENE:8128|NCBIGENE:8647|NCBIGENE:9407
DB06243,1211,NCCCC(N)(C(F)F)C(O)=O,P11926,,,PUBCHEM.COMPOUND:3009,DOID:0050486|DOID:10112|DOID:10113,NCBIGENE:1027|NCBIGENE:11200|NCBIGENE:1786|NCBIGENE:262|NCBIGENE:26266|NCBIGENE:3082|NCBIGENE:384|NCBIGENE:4316|NCBIGENE:4953|NCBIGENE:5335|NCBIGENE:54822|NCBIGENE:5617|NCBIGENE:6606|NCBIGENE:6607|NCBIGENE:7157
DB00762,1212,CCC1=C2CN3C(=CC4=C(COC(=O)[C@]4(O)CC)C3=O)C2=NC2=CC=C(OC(=O)N3CCC(CC3)N3CCCCC3)C=C12,Q969P6|P11387,,,PUBCHEM.COMPOUND:60838,DOID:0050590|DOID:0060262|DOID:10952|DOID:1227|DOID:12449|DOID:12987|DOID:13250|DOID:1425|DOID:1588|DOID:2355|DOID:2361|DOID:2527|DOID:2739|DOID:2741|DOID:2913|DOID:2921|DOID:3082|DOID:4074|DOID:409|DOID:4989|DOID:557|DOID:8437|DOID:8440,
DB01073,1213,NC1=NC(F)=NC2=C1N=CN2[C@@H]1O[C@H](CO)[C@@H](O)[C@@H]1O,P27707|P09884|P23921,,,PUBCHEM.COMPOUND:657237,,NCBIGENE:100|NCBIGENE:1633|NCBIGENE:2067|NCBIGENE:3659|NCBIGENE:4170|NCBIGENE:4318|NCBIGENE:4860|NCBIGENE:5422|NCBIGENE:5604|NCBIGENE:581|NCBIGENE:7157|NCBIGENE:836|NCBIGENE:841|NCBIGENE:842|NCBIGENE:91543
DB00552,1214,OC[C@H]1O[C@H](C[C@@H]1O)N1C=NC2=C1N=CNC[C@H]2O,P00813,,,PUBCHEM.COMPOUND:439693,DOID:0050590|DOID:0060262|DOID:10952|DOID:11396|DOID:1227|DOID:12449|DOID:12987|DOID:1425|DOID:1588|DOID:2355|DOID:2361|DOID:2527|DOID:285|DOID:2921|DOID:409|DOID:557|DOID:615|DOID:713,NCBIGENE:100|NCBIGENE:1633|NCBIGENE:270|NCBIGENE:271|NCBIGENE:272
DB09143,1215,[H][C@]1(C)CN(C[C@@]([H])(C)O1)C1=CC=C(NC(=O)C2=CC=CC(=C2C)C2=CC=C(OC(F)(F)F)C=C2)C=N1,Q99835,P08684,P08684,PUBCHEM.COMPOUND:24775005,DOID:2095|DOID:2513|DOID:305|DOID:4840,NCBIGENE:2735|NCBIGENE:6095|NCBIGENE:6469|NCBIGENE:6608|NCBIGENE:7474
DB08871,1216,[H][C@@]12CC(=C)[C@]([H])(CC[C@@]3([H])C[C@@H](C)C(=C)[C@@]([H])(C[C@]4([H])O[C@H](C[C@H](O)CN)[C@H](OC)[C@@]4([H])CC(=O)C[C@@]4([H])CC[C@]5([H])O[C@@]6([H])[C@H]7O[C@@]8(C[C@]7([H])O[C@@]6([H])[C@@]([H])(O8)[C@@]5([H])O4)CC1)O3)O2,P10415|Q9H4B7,,,PUBCHEM.COMPOUND:73425383,,
DB09269,1217,OC(=O)CC1=CC=CC=C1,,P23141,P23141,PUBCHEM.COMPOUND:999,DOID:0060262|DOID:10952|DOID:1425|DOID:1826|DOID:2527|DOID:2921|DOID:3650|DOID:409|DOID:4195|DOID:4500|DOID:557|DOID:6000|DOID:9267,NCBIGENE:217|NCBIGENE:220|NCBIGENE:224|NCBIGENE:231|NCBIGENE:5053|NCBIGENE:5444
DB00262,1218,ClCCNC(=O)N(CCCl)N=O,P00390,,,PUBCHEM.COMPOUND:2578,DOID:0060058|DOID:0060060|DOID:0060262|DOID:10095|DOID:104|DOID:10908|DOID:10952|DOID:12123|DOID:12156|DOID:12449|DOID:12603|DOID:1319|DOID:14159|DOID:1425|DOID:1564|DOID:1573|DOID:1588|DOID:1826|DOID:2355|DOID:2361|DOID:2527|DOID:2571|DOID:2797|DOID:2921|DOID:3070|DOID:3071|DOID:3770|DOID:409|DOID:4724|DOID:5076|DOID:557|DOID:5603|DOID:615|DOID:707|DOID:850|DOID:8538|DOID:8543|DOID:8567|DOID:8628|DOID:8651|DOID:8654|DOID:8675|DOID:8913|DOID:934|DOID:9471|DOID:9538|DOID:9953,NCBIGENE:183|NCBIGENE:2177|NCBIGENE:2597|NCBIGENE:2936|NCBIGENE:2946|NCBIGENE:2950|NCBIGENE:328|NCBIGENE:4255|NCBIGENE:4350|NCBIGENE:4968|NCBIGENE:5328|NCBIGENE:7157|NCBIGENE:7296
DB08889,1219,CC(C)C[C@H](NC(=O)[C@H](CCC1=CC=CC=C1)NC(=O)CN1CCOCC1)C(=O)N[C@@H](CC1=CC=CC=C1)C(=O)N[C@@H](CC(C)C)C(=O)[C@@]1(C)CO1,P28074|P28062|P20618|P28065|P49721|P40306,,,PUBCHEM.COMPOUND:11556711,DOID:9538,NCBIGENE:5689|NCBIGENE:5690|NCBIGENE:5693|NCBIGENE:5696|NCBIGENE:5698|NCBIGENE:5699
DB01206,1220,ClCCN(N=O)C(=O)NC1CCCCC1,Q9H169,P10635|P08684,P10635|P08684,PUBCHEM.COMPOUND:3950,DOID:104|DOID:10952|DOID:12123|DOID:12449|DOID:1319|DOID:1425|DOID:1564|DOID:1588|DOID:2527|DOID:2739|DOID:2741|DOID:2797|DOID:2921|DOID:3770|DOID:557|DOID:615|DOID:8543|DOID:8567|DOID:8628|DOID:8651|DOID:8654|DOID:8913|DOID:934,NCBIGENE:4255|NCBIGENE:81551|NCBIGENE:9407
DB00218,1221,[H][C@]12CN(C[C@@]1([H])NCCC2)C1=C(F)C=C2C(=O)C(=CN(C3CC3)C2=C1OC)C(O)=O,P43700|P43702|P11388|P27169,P05177,P05177,PUBCHEM.COMPOUND:152946,DOID:10398|DOID:10773|DOID:1389|DOID:1826|DOID:203|DOID:204|DOID:2964|DOID:3393|DOID:3481|DOID:3482|DOID:437|DOID:4500|DOID:5082|DOID:574|DOID:870|DOID:874|DOID:971,
DB11231,1222,CC(C)=CCC\C(C)=C\C=C\C(\C)=C\C=C\C(\C)=C\C=C\C=C(/C)\C=C\C=C(/C)\C=C\C=C(/C)CCC=C(C)C,,,,PUBCHEM.COMPOUND:446925,,NCBIGENE:10365|NCBIGENE:19|NCBIGENE:1946|NCBIGENE:2697|NCBIGENE:3479|NCBIGENE:387|NCBIGENE:4316|NCBIGENE:4318|NCBIGENE:50507|NCBIGENE:54464|NCBIGENE:5468|NCBIGENE:5728|NCBIGENE:5925|NCBIGENE:836|NCBIGENE:83875|NCBIGENE:9451
DB02300,1223,O[C@H](\C=C\[C@@H](C)[C@@]1([H])CC[C@@]2([H])\C(CCC[C@]12C)=C\C=C1\C[C@@H](O)C[C@H](O)C1=C)C1CC1,P11473,P05164|Q07973,P05164|Q07973,PUBCHEM.COMPOUND:5288783,DOID:0060655|DOID:0060656|DOID:0060699|DOID:0060700|DOID:0060701|DOID:0060702|DOID:10493|DOID:10575|DOID:12678|DOID:12679|DOID:1270|DOID:1271|DOID:1272|DOID:13774|DOID:182|DOID:2485|DOID:2734|DOID:2738|DOID:3669|DOID:4702|DOID:8503|DOID:8893|DOID:9088|DOID:9971,NCBIGENE:2638|NCBIGENE:3605|NCBIGENE:4318|NCBIGENE:632|NCBIGENE:7421
DB04839,1224,[H][C@@]12C[C@]1([H])[C@@]1(C)C(=CC2=O)C(Cl)=C[C@@]2([H])[C@]3([H])CC[C@](OC(C)=O)(C(C)=O)[C@@]3(C)CC[C@]12[H],P10275|P07288,P08684|P11511,P08684|P11511,PUBCHEM.COMPOUND:9880,,NCBIGENE:2908|NCBIGENE:367|NCBIGENE:5241
DB06769,1225,CN1C(CCCC(O)=O)=NC2=CC(=CC=C12)N(CCCl)CCCl,,P05177,P05177,PUBCHEM.COMPOUND:65628,DOID:0050590|DOID:0050873|DOID:0060262|DOID:1040|DOID:10952|DOID:1227|DOID:12449|DOID:12987|DOID:1425|DOID:1588|DOID:1703|DOID:2355|DOID:2361|DOID:2527|DOID:2921|DOID:409|DOID:557,
DB06825,1226,CC(C)C[C@H](NC(=O)[C@@H](CC1=CNC2=CC=CC=C12)NC(=O)[C@H](CC1=CC=C(O)C=C1)NC(=O)[C@H](CO)NC(=O)[C@H](CC1=CNC2=C1C=CC=C2)NC(=O)[C@H](CC1=CNC=N1)NC(=O)[C@@H]1CCC(=O)N1)C(=O)N[C@@H](CCCNC(N)=N)C(=O)N1CCC[C@H]1C(=O)NCC(N)=O,P30968,,,PUBCHEM.COMPOUND:25074470,DOID:0060262|DOID:10763|DOID:10825|DOID:10952|DOID:1425|DOID:1837|DOID:2527|DOID:2921|DOID:319|DOID:409|DOID:4195|DOID:5200|DOID:557|DOID:9351|DOID:9970,
DB04894,1227,CC(C)[C@@H]1NC(=O)[C@H](CCCCN)NC(=O)[C@@H](CC2=CNC3=CC=CC=C23)NC(=O)[C@H](CC2=CC=C(O)C=C2)NC(=O)[C@H](CSSC[C@H](NC1=O)C(=O)N[C@@H](CC1=CNC2=CC=CC=C12)C(N)=O)NC(=O)[C@H](N)CC1=CC=CC=C1,P30874|P35346|P25103,P08684,P08684,PUBCHEM.COMPOUND:6918026,,
DB00352,1228,NC1=NC(=S)C2=C(N1)N=CN2,,,,PUBCHEM.COMPOUND:2723601,DOID:0050590|DOID:0060262|DOID:1227|DOID:12449|DOID:12987|DOID:13580|DOID:1588|DOID:1920|DOID:2355|DOID:2361|DOID:2739|DOID:2741|DOID:409|DOID:615|DOID:9119,NCBIGENE:1786|NCBIGENE:3251|NCBIGENE:4436|NCBIGENE:7172|NCBIGENE:83886
DB00351,1229,[H][C@@]12CC[C@](OC(C)=O)(C(C)=O)[C@@]1(C)CC[C@@]1([H])[C@@]2([H])C=C(C)C2=CC(=O)CC[C@]12C,P06401|P04150,P08684,P08684,PUBCHEM.COMPOUND:11683,DOID:0060262|DOID:10493|DOID:10763|DOID:10787|DOID:10825|DOID:10952|DOID:13774|DOID:1380|DOID:1425|DOID:1837|DOID:1924|DOID:2527|DOID:2871|DOID:2921|DOID:409|DOID:4195|DOID:4674|DOID:5003|DOID:557|DOID:9351|DOID:9460,NCBIGENE:2908|NCBIGENE:5241|NCBIGENE:5617
DB00357,1230,CCC1(CCC(=O)NC1=O)C1=CC=C(N)C=C1,P05108|P11511,P08684|P33261,P08684|P33261,PUBCHEM.COMPOUND:2145,DOID:0050328|DOID:0060262|DOID:11634|DOID:1459|DOID:2739|DOID:2741|DOID:409|DOID:9993,NCBIGENE:1583|NCBIGENE:4158
DB09079,1231,COC(=O)C1=CC=C2C(NC(=O)\C2=C(/NC2=CC=C(C=C2)N(C)C(=O)CN2CCN(C)CC2)C2=CC=CC=C2)=C1,P17948|P35968|P35916|P16234|P09619|P11362|P21802|P22607|P36888|P06239|P07948|P12931,P22309|Q9HAW7|Q9HAW9|Q9HAW8|P08684,P22309|Q9HAW7|Q9HAW9|Q9HAW8|P08684,PUBCHEM.COMPOUND:9809715,DOID:0050156|DOID:1324|DOID:2797|DOID:2800|DOID:3770|DOID:3908,
DB06699,1232,CC(C)C[C@H](NC(=O)[C@@H](CC1=CC=C(NC(N)=O)C=C1)NC(=O)[C@H](CC1=CC=C(NC(=O)[C@@H]2CC(=O)NC(=O)N2)C=C1)NC(=O)[C@H](CO)NC(=O)[C@@H](CC1=CC=CN=C1)NC(=O)[C@@H](CC1=CC=C(Cl)C=C1)NC(=O)[C@@H](CC1=CC=C2C=CC=CC2=C1)NC(C)=O)C(=O)N[C@@H](CCCCNC(C)C)C(=O)N1CCC[C@H]1C(=O)N[C@H](C)C(N)=O,P30968,,,PUBCHEM.COMPOUND:16136245,DOID:0060262|DOID:409|DOID:4500,NCBIGENE:2798|NCBIGENE:9407
DB00293,1233,CN(CC1=CC2=C(NC(C)=NC2=O)C=C1)C1=CC=C(S1)C(=O)N[C@@H](CCC(O)=O)C(O)=O,P04818|Q05932,,,PUBCHEM.COMPOUND:104758,,NCBIGENE:1719|NCBIGENE:2356|NCBIGENE:6573|NCBIGENE:7298
DB00291,1234,OC(=O)CCCC1=CC=C(C=C1)N(CCCl)CCCl,,P09211,P09211,PUBCHEM.COMPOUND:2708,DOID:0050590|DOID:0050873|DOID:1040|DOID:10966|DOID:1184|DOID:12123|DOID:1227|DOID:12449|DOID:12603|DOID:12987|DOID:1588|DOID:1703|DOID:1826|DOID:2355|DOID:2361|DOID:2590|DOID:2797|DOID:3082|DOID:3770|DOID:5603|DOID:614|DOID:615|DOID:8543|DOID:8567|DOID:8628|DOID:8651|DOID:8654|DOID:9953,NCBIGENE:1719|NCBIGENE:2938|NCBIGENE:2950|NCBIGENE:7913|NCBIGENE:978
DB00290,1235,[H][C@](C)(NC(=O)[C@@]([H])(NC(=O)C1=NC(=NC(N)=C1C)[C@H](CC(N)=O)NC[C@H](N)C(N)=O)[C@@]([H])(OC1OC(CO)C(O)C(O)C1OC1OC(CO)C(O)C(OC(N)=O)C1O)C1=CNC=N1)[C@@H](O)[C@H](C)C(=O)N[C@]([H])(C(=O)NCCC1=NC(=CS1)C1=NC(=CS1)C(=O)NCCC[S+](C)C)[C@@]([H])(C)O,P18858|P49916,Q13867,Q13867,PUBCHEM.COMPOUND:5360373,DOID:0050865|DOID:0050873|DOID:0060058|DOID:0060060|DOID:11615|DOID:11624|DOID:11934|DOID:1749|DOID:2571|DOID:2893|DOID:4362|DOID:707|DOID:8538|DOID:8543|DOID:8567|DOID:8628|DOID:8651|DOID:8654|DOID:8675,NCBIGENE:11200|NCBIGENE:1277|NCBIGENE:1437|NCBIGENE:1490|NCBIGENE:1636|NCBIGENE:2252|NCBIGENE:25|NCBIGENE:3553|NCBIGENE:3565|NCBIGENE:3576|NCBIGENE:3596|NCBIGENE:3978|NCBIGENE:3980|NCBIGENE:4089|NCBIGENE:4312|NCBIGENE:4322|NCBIGENE:50507|NCBIGENE:6401|NCBIGENE:6696|NCBIGENE:7040|NCBIGENE:7076|NCBIGENE:7077|NCBIGENE:7099|NCBIGENE:7124|NCBIGENE:7157|NCBIGENE:836|NCBIGENE:8425|NCBIGENE:84666|NCBIGENE:857|NCBIGENE:9407
DB01108,1236,[H][C@@]12CC[C@H](O)[C@@]1(C)CC[C@@]1([H])[C@@]2([H])CC[C@@]23O[C@@H]2C(O)=C(C[C@]13C)C#N,P14060|P26439|P03372|Q92731,,,PUBCHEM.COMPOUND:656583,DOID:3947|DOID:446,NCBIGENE:2100|NCBIGENE:3283
DB00978,1237,CCN1C=C(C(O)=O)C(=O)C2=CC(F)=C(N3CCNC(C)C3)C(F)=C12,P43700|P43702|P11388,P05177,P05177,PUBCHEM.COMPOUND:3948,DOID:6132,NCBIGENE:7153
DB04786,1238,CC1=C(NC(=O)C2=CC(NC(=O)NC3=CC=CC(=C3)C(=O)NC3=C(C)C=CC(=C3)C(=O)NC3=C4C(C=C(C=C4S(O)(=O)=O)S(O)(=O)=O)=C(C=C3)S(O)(=O)=O)=CC=C2)C=C(C=C1)C(=O)NC1=C2C(C=C(C=C2S(O)(=O)=O)S(O)(=O)=O)=C(C=C1)S(O)(=O)=O,P41231|Q9NXA8|P23945|P21817|P00734|P14555|P68638,P15289|P47712,P15289|P47712,PUBCHEM.COMPOUND:5361,DOID:10112|DOID:10113,
DB13145,1239,[H][N]([H])([H])[Pt]1(OCC(=O)O1)[N]([H])([H])[H],,,,PUBCHEM.COMPOUND:9548889,,
DB06616,1240,COC1=CC(NC2=C(C=NC3=CC(OCCCN4CCN(C)CC4)=C(OC)C=C23)C#N)=C(Cl)C=C1Cl,P00519|P07948|P12931|Q02750|P36507|Q9Y2U5|Q13555|P09769|P08631|P42680|Q9H2G2,,,PUBCHEM.COMPOUND:5328940,,NCBIGENE:1017|NCBIGENE:10188|NCBIGENE:102724428|NCBIGENE:10461|NCBIGENE:10494|NCBIGENE:11183|NCBIGENE:11200|NCBIGENE:120892|NCBIGENE:140901|NCBIGENE:1445|NCBIGENE:1453|NCBIGENE:150094|NCBIGENE:1760|NCBIGENE:1956|NCBIGENE:1969|NCBIGENE:2042|NCBIGENE:2043|NCBIGENE:2046|NCBIGENE:2047|NCBIGENE:2048|NCBIGENE:2050|NCBIGENE:2064|NCBIGENE:2065|NCBIGENE:2066|NCBIGENE:23043|NCBIGENE:2322|NCBIGENE:23235|NCBIGENE:25|NCBIGENE:2534|NCBIGENE:2580|NCBIGENE:27|NCBIGENE:285220|NCBIGENE:3645|NCBIGENE:3932|NCBIGENE:4067|NCBIGENE:4137|NCBIGENE:4215|NCBIGENE:4293|NCBIGENE:4294|NCBIGENE:4296|NCBIGENE:4750|NCBIGENE:4751|NCBIGENE:4916|NCBIGENE:50488|NCBIGENE:5058|NCBIGENE:5063|NCBIGENE:5159|NCBIGENE:51765|NCBIGENE:51776|NCBIGENE:558|NCBIGENE:5604|NCBIGENE:5605|NCBIGENE:5607|NCBIGENE:5728|NCBIGENE:5871|NCBIGENE:5979|NCBIGENE:613|NCBIGENE:640|NCBIGENE:6725|NCBIGENE:6789|NCBIGENE:6793|NCBIGENE:6885|NCBIGENE:7294|NCBIGENE:7301|NCBIGENE:80122|NCBIGENE:815|NCBIGENE:818|NCBIGENE:8428|NCBIGENE:8491|NCBIGENE:9748|NCBIGENE:9833|NCBIGENE:9891
DB01101,1241,CCCCCOC(=O)NC1=NC(=O)N(C=C1F)[C@@H]1O[C@H](C)[C@@H](O)[C@H]1O,P04818,,,PUBCHEM.COMPOUND:60953,DOID:0050590|DOID:0060262|DOID:10534|DOID:11875|DOID:1227|DOID:12987|DOID:14218|DOID:1588|DOID:2355|DOID:2361|DOID:2739|DOID:2741|DOID:3393|DOID:409|DOID:5517|DOID:8677|DOID:9637|DOID:9673,NCBIGENE:1066|NCBIGENE:1555|NCBIGENE:1806|NCBIGENE:2065|NCBIGENE:2067|NCBIGENE:221223|NCBIGENE:7298|NCBIGENE:836|NCBIGENE:8824
DB00970,1242,[H][C@@]12CCCN1C(=O)[C@H](NC(=O)[C@@H](NC(=O)C1=C3N=C4C(OC3=C(C)C=C1)=C(C)C(=O)C(N)=C4C(=O)N[C@H]1[C@@H](C)OC(=O)[C@H](C(C)C)N(C)C(=O)CN(C)C(=O)[C@]3([H])CCCN3C(=O)[C@H](NC1=O)C(C)C)[C@@H](C)OC(=O)[C@H](C(C)C)N(C)C(=O)CN(C)C2=O)C(C)C,P11387,,,PUBCHEM.COMPOUND:457193,DOID:0050590|DOID:0060262|DOID:11512|DOID:1227|DOID:12449|DOID:12987|DOID:1588|DOID:1974|DOID:2154|DOID:2355|DOID:2361|DOID:2998|DOID:3247|DOID:3369|DOID:3590|DOID:409|DOID:4440|DOID:5842|DOID:615|DOID:8536,NCBIGENE:7153
DB08911,1243,CN1C(=O)C(C)=C2N(C(=O)N(C3CC3)C(=O)C2=C1NC1=CC=C(I)C=C1F)C1=CC(NC(C)=O)=CC=C1,Q02750|P36507,P10632|P08684,P10632|P08684,PUBCHEM.COMPOUND:11707110,,NCBIGENE:2767|NCBIGENE:2776|NCBIGENE:5595|NCBIGENE:5604|NCBIGENE:5605|NCBIGENE:9451
DB00853,1244,CN1N=NC2=C(N=CN2C1=O)C(N)=O,,,,PUBCHEM.COMPOUND:5394,DOID:0050590|DOID:1227|DOID:12449|DOID:12450|DOID:12987|DOID:1588|DOID:2355|DOID:2361|DOID:3069|DOID:3078|DOID:4851|DOID:5077|DOID:614|DOID:6726|DOID:6811|DOID:7005|DOID:7007|DOID:7008,NCBIGENE:1111|NCBIGENE:11200|NCBIGENE:1638|NCBIGENE:183|NCBIGENE:2177|NCBIGENE:328|NCBIGENE:3303|NCBIGENE:3304|NCBIGENE:4255|NCBIGENE:4292|NCBIGENE:4350|NCBIGENE:4436|NCBIGENE:472|NCBIGENE:595|NCBIGENE:675|NCBIGENE:7015|NCBIGENE:7153|NCBIGENE:7157|NCBIGENE:995
DB08913,1245,[Cl-].[Cl-].[223Ra++],,,,,,
DB06771,1246,N[C@@H]1CCCCN(C1)C1=C(F)C=C2C(=O)C(=CN(C3CC3)C2=C1Cl)C(O)=O,P43702|P72525|P43700|P72524,P05177,P05177,PUBCHEM.COMPOUND:10178705,,NCBIGENE:7153
DB05260,1247,[Ga+3].[O-][N+]([O-])=O.[O-][N+]([O-])=O.[O-][N+]([O-])=O,P31350|P21281,,,PUBCHEM.COMPOUND:61635,,NCBIGENE:3553|NCBIGENE:4502|NCBIGENE:526|NCBIGENE:6241|NCBIGENE:632
DB00990,1248,[H][C@@]12CCC(=O)[C@@]1(C)CC[C@@]1([H])[C@@]2([H])CC(=C)C2=CC(=O)C=C[C@]12C,P11511,P11511|P08684,P11511|P08684,PUBCHEM.COMPOUND:60198,,NCBIGENE:367
DB00992,1249,COC(=O)CCC(=O)CN,,,,PUBCHEM.COMPOUND:157922,DOID:0060281|DOID:3159,
DB09516,1250,COC1=CC=C(O)C=C1,,,,PUBCHEM.COMPOUND:9015,DOID:12306|DOID:2723,NCBIGENE:7299
DB00162,1251,C\C(=C/CO)\C=C\C=C(/C)\C=C\C1=C(C)CCCC1(C)C,P05090|P41222|Q96NR8|Q92781|Q8NBN7|O94788|P00352|O95237|O75911|P47895|Q6NUM9|Q8TC12|Q9BTZ2|Q9HBH5|Q9NYR8,,,PUBCHEM.COMPOUND:445354,DOID:0050459|DOID:0060180|DOID:0060189|DOID:0060190|DOID:0060262|DOID:0110892|DOID:10923|DOID:10952|DOID:11335|DOID:12119|DOID:12678|DOID:12679|DOID:13404|DOID:1425|DOID:2326|DOID:2351|DOID:2352|DOID:2485|DOID:2527|DOID:2921|DOID:2977|DOID:409|DOID:5160|DOID:557|DOID:580|DOID:583|DOID:585|DOID:626|DOID:750|DOID:8577|DOID:893|DOID:9971,NCBIGENE:10082|NCBIGENE:1066|NCBIGENE:10901|NCBIGENE:112724|NCBIGENE:1208|NCBIGENE:124|NCBIGENE:125|NCBIGENE:127|NCBIGENE:128|NCBIGENE:130|NCBIGENE:131|NCBIGENE:1311|NCBIGENE:1381|NCBIGENE:1385|NCBIGENE:1499|NCBIGENE:151056|NCBIGENE:157506|NCBIGENE:1581|NCBIGENE:158835|NCBIGENE:1592|NCBIGENE:1906|NCBIGENE:195814|NCBIGENE:2056|NCBIGENE:213|NCBIGENE:216|NCBIGENE:220|NCBIGENE:221223|NCBIGENE:221914|NCBIGENE:2239|NCBIGENE:2262|NCBIGENE:24|NCBIGENE:250|NCBIGENE:251|NCBIGENE:2719|NCBIGENE:2817|NCBIGENE:283848|NCBIGENE:3339|NCBIGENE:335|NCBIGENE:336|NCBIGENE:338|NCBIGENE:345|NCBIGENE:348|NCBIGENE:375790|NCBIGENE:3949|NCBIGENE:3952|NCBIGENE:3990|NCBIGENE:4035|NCBIGENE:4036|NCBIGENE:4312|NCBIGENE:4647|NCBIGENE:51109|NCBIGENE:51144|NCBIGENE:5244|NCBIGENE:5406|NCBIGENE:54884|NCBIGENE:57016|NCBIGENE:57665|NCBIGENE:57794|NCBIGENE:5917|NCBIGENE:5947|NCBIGENE:5948|NCBIGENE:5959|NCBIGENE:6010|NCBIGENE:6017|NCBIGENE:611|NCBIGENE:6121|NCBIGENE:627|NCBIGENE:6383|NCBIGENE:6385|NCBIGENE:64220|NCBIGENE:6520|NCBIGENE:7054|NCBIGENE:7059|NCBIGENE:7060|NCBIGENE:7276|NCBIGENE:7299|NCBIGENE:7421|NCBIGENE:7804|NCBIGENE:8228|NCBIGENE:836|NCBIGENE:83758|NCBIGENE:8431|NCBIGENE:8608|NCBIGENE:8824|NCBIGENE:8854|NCBIGENE:9227|NCBIGENE:9407|NCBIGENE:9672|NCBIGENE:9965
DB00322,1252,OC[C@H]1O[C@H](C[C@@H]1O)N1C=C(F)C(=O)NC1=O,P04818,P19971|P11712,P19971|P11712,PUBCHEM.COMPOUND:5790,DOID:0060262|DOID:10952|DOID:11875|DOID:11963|DOID:12449|DOID:13976|DOID:1425|DOID:1588|DOID:1949|DOID:2275|DOID:2355|DOID:2361|DOID:2527|DOID:2739|DOID:2741|DOID:2921|DOID:3393|DOID:3571|DOID:409|DOID:557|DOID:615|DOID:684|DOID:8534|DOID:9637|DOID:9673,NCBIGENE:1111|NCBIGENE:11200|NCBIGENE:1854|NCBIGENE:328|NCBIGENE:4292|NCBIGENE:4436|NCBIGENE:7083|NCBIGENE:7298|NCBIGENE:7374|NCBIGENE:7515|NCBIGENE:83886
DB05015,1253,ONC(=O)\C=C\C1=CC=CC(=C1)S(=O)(=O)NC1=CC=CC=C1,,P22309|P10632|P11712|P05177|P08684,P22309|P10632|P11712|P05177|P08684,PUBCHEM.COMPOUND:6918638,,NCBIGENE:10013|NCBIGENE:3065|NCBIGENE:3066|NCBIGENE:54578|NCBIGENE:54658|NCBIGENE:5893|NCBIGENE:5970|NCBIGENE:6790|NCBIGENE:7157|NCBIGENE:8841
DB00515,1254,[H][N]([H])([H])[Pt](Cl)(Cl)[N]([H])([H])[H],P29372|P01023|P02787|O00244,P05164|P47989|Q02928|P35354|P9WJI5|P11712|P20813|P06276|P30711|P04731|P02795|P00441|P09211|P15559|P09488,P05164|P47989|Q02928|P35354|P9WJI5|P11712|P20813|P06276|P30711|P04731|P02795|P00441|P09211|P15559|P09488,PUBCHEM.COMPOUND:2767,,NCBIGENE:10018|NCBIGENE:1052|NCBIGENE:10524|NCBIGENE:10572|NCBIGENE:11040|NCBIGENE:11131|NCBIGENE:11200|NCBIGENE:1316|NCBIGENE:142|NCBIGENE:143384|NCBIGENE:1490|NCBIGENE:1843|NCBIGENE:1956|NCBIGENE:1958|NCBIGENE:2064|NCBIGENE:2067|NCBIGENE:213|NCBIGENE:2147|NCBIGENE:2177|NCBIGENE:22809|NCBIGENE:22863|NCBIGENE:2305|NCBIGENE:23410|NCBIGENE:23411|NCBIGENE:2353|NCBIGENE:23645|NCBIGENE:2475|NCBIGENE:25|NCBIGENE:2628|NCBIGENE:2693|NCBIGENE:27306|NCBIGENE:28996|NCBIGENE:2938|NCBIGENE:2939|NCBIGENE:2940|NCBIGENE:2950|NCBIGENE:3039|NCBIGENE:3040|NCBIGENE:307|NCBIGENE:308|NCBIGENE:3162|NCBIGENE:3308|NCBIGENE:3359|NCBIGENE:3383|NCBIGENE:355|NCBIGENE:3586|NCBIGENE:3596|NCBIGENE:367|NCBIGENE:368|NCBIGENE:3725|NCBIGENE:3845|NCBIGENE:3958|NCBIGENE:4194|NCBIGENE:4255|NCBIGENE:4292|NCBIGENE:4313|NCBIGENE:4436|NCBIGENE:4439|NCBIGENE:467|NCBIGENE:472|NCBIGENE:4843|NCBIGENE:4846|NCBIGENE:4893|NCBIGENE:50619|NCBIGENE:51738|NCBIGENE:54205|NCBIGENE:55124|NCBIGENE:55226|NCBIGENE:55332|NCBIGENE:5578|NCBIGENE:5582|NCBIGENE:5654|NCBIGENE:5743|NCBIGENE:5894|NCBIGENE:595|NCBIGENE:5970|NCBIGENE:6347|NCBIGENE:6584|NCBIGENE:6609|NCBIGENE:6863|NCBIGENE:7001|NCBIGENE:7076|NCBIGENE:7124|NCBIGENE:7153|NCBIGENE:7155|NCBIGENE:7157|NCBIGENE:7507|NCBIGENE:7515|NCBIGENE:7702|NCBIGENE:7832|NCBIGENE:836|NCBIGENE:840|NCBIGENE:841|NCBIGENE:842|NCBIGENE:843|NCBIGENE:8431|NCBIGENE:8772|NCBIGENE:8795|NCBIGENE:8797|NCBIGENE:8837|NCBIGENE:8989|NCBIGENE:9261|NCBIGENE:942|NCBIGENE:9429|NCBIGENE:960|NCBIGENE:9971
DB00282,1255,NCCC(O)(P(O)(O)=O)P(O)(O)=O,P14324|O95749|P42574|P55211,,,PUBCHEM.COMPOUND:4674,DOID:10952|DOID:12678|DOID:12679|DOID:1425|DOID:2485|DOID:2527|DOID:2921|DOID:4500|DOID:5408|DOID:557|DOID:824,
DB01204,1256,OCCNCCNC1=CC=C(NCCNCCO)C2=C1C(=O)C1=C(C(O)=CC=C1O)C2=O,P11388,Q16678|P08684|P05181,Q16678|P08684|P05181,PUBCHEM.COMPOUND:4212,DOID:0050590|DOID:0060262|DOID:104|DOID:1227|DOID:12449|DOID:12987|DOID:1564|DOID:1588|DOID:1826|DOID:2355|DOID:2361|DOID:2378|DOID:409|DOID:6000|DOID:615|DOID:8913|DOID:9119|DOID:934,NCBIGENE:2064|NCBIGENE:355|NCBIGENE:4363|NCBIGENE:472|NCBIGENE:5292|NCBIGENE:5771|NCBIGENE:7153|NCBIGENE:7155|NCBIGENE:835|NCBIGENE:836|NCBIGENE:841|NCBIGENE:842|NCBIGENE:890|NCBIGENE:9429
DB08883,1257,O=C1N(C=C(C=C1C1=CC=CC=C1C#N)C1=NC=CC=C1)C1=CC=CC=C1,P42261,P08684|P20815|P05177|P20813,P08684|P20815|P05177|P20813,PUBCHEM.COMPOUND:9924495,DOID:2234|DOID:3327,
DB09034,1258,[H][C@@]1(C)CCN(CCN1C(=O)C1=C(C=CC(C)=C1)N1N=CC=N1)C1=NC2=C(O1)C=CC(Cl)=C2,O43613|O43614,P08684,P08684,PUBCHEM.COMPOUND:24965990,DOID:0060215|DOID:10588|DOID:331|DOID:8986,
DB01205,1259,CCOC(=O)C1=C2CN(C)C(=O)C3=C(C=CC(F)=C3)N2C=N1,P18507|P31644|P14867,,,PUBCHEM.COMPOUND:3373,DOID:0060262|DOID:114|DOID:1287|DOID:14320|DOID:1826|DOID:2030|DOID:409|DOID:594,NCBIGENE:2557|NCBIGENE:2558|NCBIGENE:2560|NCBIGENE:2563|NCBIGENE:2566|NCBIGENE:2569|NCBIGENE:2570|NCBIGENE:6005|NCBIGENE:9768
DB01403,1260,COC1=CC2=C(SC3=C(C=CC=C3)N2C[C@H](C)CN(C)C)C=C1,P14416|P21728|P21918|P35462|P21917|P28223|P28335|P35367|P11229|P08172|P20309|P08173|P08912|P35348|P35368|P25100|P08913|P18089|P18825,P05181|P10635,P05181|P10635,PUBCHEM.COMPOUND:72287,DOID:0050590|DOID:0050741|DOID:0050841|DOID:0060262|DOID:11847|DOID:1227|DOID:12700|DOID:12987|DOID:13206|DOID:13548|DOID:14221|DOID:1432|DOID:14464|DOID:1574|DOID:1588|DOID:1686|DOID:1826|DOID:2355|DOID:2361|DOID:2883|DOID:3393|DOID:409|DOID:4195|DOID:529|DOID:5844|DOID:5854|DOID:615|DOID:679|DOID:9408|DOID:9854|DOID:9970,
DB00470,1261,[H][C@@]12C=C(C)CC[C@@]1([H])C(C)(C)OC1=C2C(O)=CC(CCCCC)=C1,P21554|P34972,P04798|P05177|Q16678|P11509|P11712|P20813|P33261|P10635|P51589|P08684|P20815|P24462|P23141|P23219|P22309|P35503|O60656|Q9HAW8,P04798|P05177|Q16678|P11509|P11712|P20813|P33261|P10635|P51589|P08684|P20815|P24462|P23141|P23219|P22309|P35503|O60656|Q9HAW8,PUBCHEM.COMPOUND:16078,DOID:0050741|DOID:10763|DOID:10825|DOID:12139|DOID:1470|DOID:1574|DOID:1595|DOID:1596|DOID:1826|DOID:2848|DOID:302|DOID:303|DOID:3312|DOID:4964|DOID:5419,NCBIGENE:1269|NCBIGENE:1312|NCBIGENE:2353|NCBIGENE:3458|NCBIGENE:3565|NCBIGENE:5020|NCBIGENE:5617|NCBIGENE:627|NCBIGENE:7035|NCBIGENE:836
DB00557,1262,OCCOCCN1CCN(CC1)C(C1=CC=CC=C1)C1=CC=C(Cl)C=C1,P35367|Q12809,,,PUBCHEM.COMPOUND:3658,DOID:0050328|DOID:0050741|DOID:0060262|DOID:10459|DOID:1067|DOID:10763|DOID:10825|DOID:11204|DOID:11328|DOID:11396|DOID:114|DOID:11634|DOID:11847|DOID:12361|DOID:1287|DOID:13206|DOID:13550|DOID:13948|DOID:1405|DOID:14445|DOID:1459|DOID:1485|DOID:1558|DOID:1574|DOID:1826|DOID:1837|DOID:2457|DOID:2474|DOID:2883|DOID:3310|DOID:3393|DOID:409|DOID:4481|DOID:4730|DOID:5418|DOID:5844|DOID:5854|DOID:743|DOID:750|DOID:7997|DOID:7998|DOID:8515|DOID:9351|DOID:9408,NCBIGENE:1565|NCBIGENE:3269|NCBIGENE:3757|NCBIGENE:59340
DB00450,1263,FC1=CC=C(C=C1)C(=O)CCCN1CCC(=CC1)N1C(=O)NC2=CC=CC=C12,P35348|P14416,,,PUBCHEM.COMPOUND:3168,DOID:0050589|DOID:0050741|DOID:0050771|DOID:0050841|DOID:0060262|DOID:10021|DOID:10154|DOID:10763|DOID:10825|DOID:10952|DOID:11459|DOID:117|DOID:12139|DOID:13206|DOID:13603|DOID:1425|DOID:14464|DOID:1470|DOID:1574|DOID:1595|DOID:1596|DOID:2527|DOID:2841|DOID:2848|DOID:2883|DOID:2921|DOID:302|DOID:303|DOID:3083|DOID:3878|DOID:3953|DOID:409|DOID:4500|DOID:4964|DOID:529|DOID:557|DOID:679|DOID:8442|DOID:8515|DOID:9428|DOID:9741,NCBIGENE:146|NCBIGENE:147|NCBIGENE:148|NCBIGENE:1813|NCBIGENE:1814|NCBIGENE:1815|NCBIGENE:3757|NCBIGENE:5444
DB09072,1264,[Na+].OCCCC([O-])=O,Q9HAB3,P51649|Q8IWW8|Q13423,P51649|Q8IWW8|Q13423,PUBCHEM.COMPOUND:23663870,DOID:0050741|DOID:0050848|DOID:0060215|DOID:0060262|DOID:0060731|DOID:10588|DOID:10763|DOID:10825|DOID:12139|DOID:1470|DOID:1574|DOID:1595|DOID:1596|DOID:1826|DOID:2848|DOID:302|DOID:303|DOID:331|DOID:409|DOID:4964|DOID:8986,
DB00486,1265,[H][C@@]12CC(=O)CC[C@@]1([H])C(C)(C)OC1=CC(=CC(O)=C21)C(C)(C)CCCCCC,P34972|P21554,P11712|P08684|P10632|P05181|P51589,P11712|P08684|P10632|P05181|P51589,PUBCHEM.COMPOUND:5284592,DOID:10763|DOID:10825|DOID:11328|DOID:12139|DOID:1470|DOID:1595|DOID:1596|DOID:2848|DOID:302|DOID:303|DOID:3312|DOID:3393|DOID:4964|DOID:5418|DOID:5419,NCBIGENE:1269
DB09117,1266,CC1OC(C)OC(C)O1,,P05091,P05091,PUBCHEM.COMPOUND:31264,,
DB00186,1267,OC1N=C(C2=CC=CC=C2Cl)C2=C(NC1=O)C=CC(Cl)=C2,,P54855|P08684,P54855|P08684,PUBCHEM.COMPOUND:3958,DOID:0050848|DOID:0060262|DOID:0060731|DOID:1067|DOID:10952|DOID:11832|DOID:12139|DOID:12550|DOID:13268|DOID:13413|DOID:13550|DOID:1405|DOID:1425|DOID:14320|DOID:14445|DOID:1470|DOID:1595|DOID:1596|DOID:1824|DOID:1825|DOID:2030|DOID:2527|DOID:2848|DOID:2921|DOID:302|DOID:303|DOID:308|DOID:409|DOID:4964|DOID:557|DOID:594,
DB01080,1268,NC(CCC(O)=O)C=C,P80404,P11712,P11712,PUBCHEM.COMPOUND:5665,DOID:0050709|DOID:10952|DOID:1389|DOID:1425|DOID:2355|DOID:2361|DOID:2527|DOID:2921|DOID:557|DOID:574|DOID:6000|DOID:870|DOID:9335,NCBIGENE:140679|NCBIGENE:2550|NCBIGENE:2571|NCBIGENE:55163|NCBIGENE:6529|NCBIGENE:7915
DB09118,1269,CC(C)(C)C(O)\C=C\C1=CC2=C(OCO2)C=C1,P00338|P07195,P33261|P10635|P08684|P05177|P11712|P20813|P10632,P33261|P10635|P08684|P05177|P11712|P20813|P10632,PUBCHEM.COMPOUND:5311454,DOID:0050709|DOID:0080422|DOID:308,NCBIGENE:1557
DB01567,1270,CN1C2=C(C=C(Cl)C=C2)C(=NCC1=O)C1=CC=CC=C1F,P14867|P47869|P34903|P31644|Q8N1C3|P18507|Q99928|P18505|P47870|P28472|O14764|P78334|O00591|P24046|P28476|A8MPY1,,,PUBCHEM.COMPOUND:3369,,NCBIGENE:2558|NCBIGENE:2560|NCBIGENE:2561|NCBIGENE:2563|NCBIGENE:2564|NCBIGENE:2565|NCBIGENE:2566|NCBIGENE:2569|NCBIGENE:2570
DB01202,1271,CC[C@H](N1CCCC1=O)C(N)=O,Q00975|Q7L0J3,,,PUBCHEM.COMPOUND:5284583,DOID:0050590|DOID:0060262|DOID:10952|DOID:11328|DOID:12139|DOID:1227|DOID:12450|DOID:12987|DOID:1425|DOID:14320|DOID:1470|DOID:1595|DOID:1596|DOID:2030|DOID:2234|DOID:2527|DOID:2848|DOID:2921|DOID:409|DOID:4964|DOID:5418|DOID:557|DOID:615,NCBIGENE:355|NCBIGENE:3766|NCBIGENE:6323|NCBIGENE:9900
DB00962,1272,CCN(C(C)=O)C1=CC=CC(=C1)C1=CC=NC2=C(C=NN12)C#N,P14867,P08684|P20815|P24462|Q06278,P08684|P20815|P24462|Q06278,PUBCHEM.COMPOUND:5719,DOID:0050848|DOID:0060731|DOID:12139|DOID:1470|DOID:1595|DOID:1596|DOID:2848|DOID:4964,NCBIGENE:1576|NCBIGENE:1577
DB01511,1273,ClC1=CC2=C(NC(=O)CN=C2C2=CC=CC=C2Cl)C=C1,,,,PUBCHEM.COMPOUND:17925,,
DB01489,1274,CN(C)C(=O)OC1N=C(C2=CC=CC=C2)C2=C(C=CC(Cl)=C2)N(C)C1=O,,,,PUBCHEM.COMPOUND:37367,,
DB00577,1275,CC(C)[C@H](N)C(=O)OCCOCN1C=NC2=C1NC(N)=NC2=O,Q9QNF7|P04293,Q16774|P06478,Q16774|P06478,PUBCHEM.COMPOUND:60773,DOID:10772|DOID:12554|DOID:8536|DOID:8704,
DB00662,1276,COC1=CC(=CC(OC)=C1OC)C(=O)NCC1=CC=C(OCCN(C)C)C=C1,,,,PUBCHEM.COMPOUND:5577,DOID:10952|DOID:1425|DOID:2527|DOID:2921|DOID:322|DOID:557|DOID:640|DOID:9588,
DB00728,1277,[H][C@@]12C[C@@H]([C@H](OC(C)=O)[C@@]1(C)CC[C@@]1([H])[C@@]2([H])CC[C@@]2([H])C[C@H](O)[C@H](C[C@]12C)N1CCOCC1)[N+]1(CC=C)CCCC1,Q15822|P08172|P46098,,,PUBCHEM.COMPOUND:441290,DOID:0050214|DOID:0060262|DOID:10952|DOID:1425|DOID:14557|DOID:2527|DOID:2921|DOID:3650|DOID:409|DOID:437|DOID:557|DOID:6432|DOID:8545,NCBIGENE:1135|NCBIGENE:1137|NCBIGENE:3359|NCBIGENE:590
DB00565,1278,COC1=CC2=C(C=C1OC)[C@@H](CC1=CC(OC)=C(OC)C=C1)[N@@+](C)(CCC(=O)OCCCCCOC(=O)CC[N@@+]1(C)CCC3=C(C=C(OC)C(OC)=C3)[C@H]1CC1=CC(OC)=C(OC)C=C1)CC2,P02708|P08172,,,PUBCHEM.COMPOUND:62886,,NCBIGENE:1135
DB01245,1279,C[N+](C)(C)CCCCCCCCCC[N+](C)(C)C,Q15822|P43681|P17787|P22303,P06276,P06276,PUBCHEM.COMPOUND:2968,,NCBIGENE:1135|NCBIGENE:43|NCBIGENE:590
DB13450,1280,[O-]S(=O)(=O)C1=CC=CC=C1.[O-]S(=O)(=O)C1=CC=CC=C1.COC1=CC2=C(C=C1OC)[C@@H](CC1=CC(OC)=C(OC)C=C1)[N@@+](C)(CCC(=O)OCCCCCOC(=O)CC[N@@+]1(C)CCC3=C(C=C(OC)C(OC)=C3)[C@H]1CC1=CC(OC)=C(OC)C=C1)CC2,,,,,,
DB01135,1281,COC1=CC(CC2C3=C(OC)C(OC)=C(OC)C=C3CC[N+]2(C)CCCOC(=O)CCC(=O)OCCC[N+]2(C)CCC3=CC(OC)=C(OC)C(OC)=C3C2CC2=CC(OC)=C(OC)C(OC)=C2)=CC(OC)=C1OC,Q15822|P08172,P06276,P06276,PUBCHEM.COMPOUND:5284551,,
DB00887,1282,CCCCNC1=C(OC2=CC=CC=C2)C(=CC(=C1)C(O)=O)S(N)(=O)=O,Q13621|P55011|Q9UP95|Q9H2X9|P13569,,,PUBCHEM.COMPOUND:2471,DOID:0060262|DOID:12550|DOID:12678|DOID:12679|DOID:13413|DOID:1588|DOID:1837|DOID:1920|DOID:2485|DOID:2983|DOID:409|DOID:4500|DOID:6000|DOID:9351,NCBIGENE:1080|NCBIGENE:10864|NCBIGENE:140679|NCBIGENE:1906|NCBIGENE:2252|NCBIGENE:3845|NCBIGENE:57468|NCBIGENE:5972|NCBIGENE:641|NCBIGENE:6558|NCBIGENE:6560|NCBIGENE:7248|NCBIGENE:793
DB01226,1283,COC1=CC(C[C@@H]2C3=CC(OC)=C(OC)C=C3CC[N+]2(C)CCCOC(=O)CC\C=C\CCC(=O)OCCC[N+]2(C)CCC3=CC(OC)=C(OC)C=C3[C@H]2CC2=CC(OC)=C(OC)C(OC)=C2)=CC(OC)=C1OC,Q15822|P08172|P20309|P06276,P06276,P06276,PUBCHEM.COMPOUND:5281042,DOID:0060262|DOID:114|DOID:1287|DOID:305|DOID:4015|DOID:409|DOID:437|DOID:784,NCBIGENE:1131|NCBIGENE:1135|NCBIGENE:590
DB00989,1284,CCN(C)C(=O)OC1=CC=CC(=C1)[C@H](C)N(C)C,P22303|P06276,,,PUBCHEM.COMPOUND:77991,DOID:0050820|DOID:0050841|DOID:0110035|DOID:0110037|DOID:0110038|DOID:0110039|DOID:0110041|DOID:0110043|DOID:0110044|DOID:0110045|DOID:0110046|DOID:0110047|DOID:0110048|DOID:10652|DOID:11870|DOID:13250|DOID:13548|DOID:13884|DOID:1443|DOID:14525|DOID:1826|DOID:2841|DOID:3083|DOID:5200|DOID:529|DOID:679|DOID:8689|DOID:9360|DOID:9415,
DB01336,1285,[H][C@@]12CC3=CC=C(OC4=C5C(CC[N+](C)(C)[C@]5([H])CC5=CC(OC6=C(OC)C=C(CC[N+]1(C)C)C2=C6)=C(OC)C=C5)=CC(OC)=C4OC)C=C3,Q15822|P08172,,,PUBCHEM.COMPOUND:21233,,NCBIGENE:1135
DB11156,1286,[H]\C(=C(\[H])C1=NCCCN1C)C1=CC=CS1,Q9HC97|P11229,Q02928,Q02928,PUBCHEM.COMPOUND:708857,DOID:0060262|DOID:409,NCBIGENE:1576
DB01122,1287,CC[N+](CC)(CCNC(=O)C(=O)NCC[N+](CC)(CC)CC1=CC=CC=C1Cl)CC1=CC=CC=C1Cl,P22303,P06276,P06276,PUBCHEM.COMPOUND:2131,DOID:13548|DOID:2841|DOID:437|DOID:5200|DOID:9360|DOID:9415,NCBIGENE:43|NCBIGENE:590
DB01057,1288,CCOP(=O)(OCC)SCC[N+](C)(C)C,P06276,,,PUBCHEM.COMPOUND:10548,DOID:0050817|DOID:0060185|DOID:10293|DOID:1067|DOID:10763|DOID:10825|DOID:11569|DOID:12030|DOID:13141|DOID:13250|DOID:13548|DOID:13550|DOID:1405|DOID:1406|DOID:14445|DOID:1686|DOID:1826|DOID:240|DOID:2841|DOID:4353|DOID:5327|DOID:750|DOID:9360|DOID:9415|DOID:9778|DOID:9840,
DB00981,1289,[H][C@]12N(C)CC[C@@]1(C)C1=C(C=CC(OC(=O)NC)=C1)N2C,P22303|P43681|P17787,,,PUBCHEM.COMPOUND:5983,DOID:1067|DOID:114|DOID:1287|DOID:13548|DOID:1406|DOID:1407|DOID:1826|DOID:1837|DOID:2841|DOID:4677|DOID:5200|DOID:5327|DOID:9351|DOID:9360|DOID:9368|DOID:9415,NCBIGENE:11067|NCBIGENE:43|NCBIGENE:4353|NCBIGENE:590|NCBIGENE:627|NCBIGENE:8824|NCBIGENE:9407
DB01010,1290,CC[N+](C)(C)C1=CC(O)=CC=C1,P06276|P22303,,,PUBCHEM.COMPOUND:3202,DOID:0060262|DOID:0110892|DOID:10763|DOID:10808|DOID:10825|DOID:10952|DOID:11963|DOID:12361|DOID:12642|DOID:13186|DOID:13206|DOID:13550|DOID:13948|DOID:13976|DOID:1405|DOID:1425|DOID:14250|DOID:14445|DOID:2527|DOID:2841|DOID:2883|DOID:2921|DOID:3393|DOID:3827|DOID:3878|DOID:409|DOID:437|DOID:5200|DOID:557|DOID:7997|DOID:7998|DOID:8442|DOID:8534|DOID:8577|DOID:9164|DOID:936|DOID:9360|DOID:9415,NCBIGENE:43|NCBIGENE:590
DB00545,1291,CN(C)C(=O)OC1=C[N+](C)=CC=C1,P06276|P22303,P22303|P06276|P08684,P22303|P06276|P08684,PUBCHEM.COMPOUND:4991,DOID:10952|DOID:1425|DOID:2527|DOID:2841|DOID:2921|DOID:437|DOID:5200|DOID:557|DOID:9360|DOID:9415,NCBIGENE:2159|NCBIGENE:43|NCBIGENE:590
DB01400,1292,CN(C)C(=O)OC1=CC(=CC=C1)[N+](C)(C)C,P22303,P06276,P06276,PUBCHEM.COMPOUND:4456,DOID:10487|DOID:11847|DOID:12361|DOID:1826|DOID:2841|DOID:437|DOID:5200|DOID:5844|DOID:750|DOID:7997|DOID:7998|DOID:9360|DOID:9415,NCBIGENE:43|NCBIGENE:590
DB01233,1293,CCN(CC)CCNC(=O)C1=CC(Cl)=C(N)C=C1OC,Q13639|P46098|P11229|P14416,P08684|P05177|P10635,P08684|P05177|P10635,PUBCHEM.COMPOUND:4168,DOID:0050771|DOID:0090044|DOID:0090045|DOID:0090047|DOID:0090049|DOID:0090051|DOID:0090052|DOID:0090053|DOID:0090054|DOID:0090123|DOID:10021|DOID:10154|DOID:10763|DOID:10825|DOID:117|DOID:11963|DOID:12139|DOID:13268|DOID:13548|DOID:13976|DOID:14464|DOID:1470|DOID:1595|DOID:1596|DOID:1826|DOID:2848|DOID:3953|DOID:4964|DOID:5082|DOID:8534|DOID:9269|DOID:9854,NCBIGENE:1128|NCBIGENE:1565|NCBIGENE:170572|NCBIGENE:1813|NCBIGENE:1814|NCBIGENE:1815|NCBIGENE:200909|NCBIGENE:2641|NCBIGENE:3359|NCBIGENE:3360|NCBIGENE:5617|NCBIGENE:5972|NCBIGENE:9177
DB00944,1294,CN(CCCCCCCCCCN(C)C(=O)OC1=CC=CC(=C1)[N+](C)(C)C)C(=O)OC1=CC=CC(=C1)[N+](C)(C)C,P22303|P06276,,,PUBCHEM.COMPOUND:5966,,
DB06701,1295,[H][C@@](C(=O)OC)(C1=CC=CC=C1)[C@@]1([H])CCCCN1,Q01959|P23975|P31645,Q7SIA5,Q7SIA5,PUBCHEM.COMPOUND:154101,DOID:0050700|DOID:0050741|DOID:10600|DOID:10763|DOID:10825|DOID:1094|DOID:11119|DOID:11328|DOID:11847|DOID:11984|DOID:12932|DOID:1432|DOID:1574|DOID:1588|DOID:1686|DOID:1826|DOID:2355|DOID:2361|DOID:2768|DOID:2769|DOID:302|DOID:303|DOID:3312|DOID:3393|DOID:3526|DOID:5418|DOID:5844|DOID:5854|DOID:615|DOID:6713|DOID:9408,
DB00422,1296,COC(=O)C(C1CCCCN1)C1=CC=CC=C1,Q01959|P08908|P23975,Q6LAP9,Q6LAP9,PUBCHEM.COMPOUND:4158,DOID:0050700|DOID:0050741|DOID:0060215|DOID:10376|DOID:10588|DOID:10600|DOID:10605|DOID:10763|DOID:10825|DOID:1094|DOID:11119|DOID:11328|DOID:11847|DOID:11984|DOID:12361|DOID:12932|DOID:1432|DOID:1574|DOID:1588|DOID:1686|DOID:1826|DOID:2355|DOID:2361|DOID:2768|DOID:2769|DOID:302|DOID:303|DOID:331|DOID:3312|DOID:3393|DOID:3526|DOID:5418|DOID:5844|DOID:5854|DOID:615|DOID:6713|DOID:7997|DOID:7998|DOID:8689|DOID:8986|DOID:9408,NCBIGENE:1066|NCBIGENE:152|NCBIGENE:1815|NCBIGENE:2353|NCBIGENE:6530|NCBIGENE:6531|NCBIGENE:6532|NCBIGENE:6571|NCBIGENE:9407|NCBIGENE:9456
DB08806,1297,CC(=O)OCC(=O)NCCCOC1=CC=CC(CN2CCCCC2)=C1,P25021,,,PUBCHEM.COMPOUND:5105,DOID:0050782|DOID:10808|DOID:11963|DOID:13656|DOID:13976|DOID:2018|DOID:8534,NCBIGENE:3274
DB01576,1298,C[C@H](N)CC1=CC=CC=C1,Q05940|P23975|Q01959|Q96RJ0|P35368,P10635|P46883,P10635|P46883,PUBCHEM.COMPOUND:5826,DOID:0050700|DOID:0060215|DOID:10588|DOID:10600|DOID:10763|DOID:10825|DOID:1094|DOID:11119|DOID:11328|DOID:114|DOID:11847|DOID:11984|DOID:12361|DOID:1287|DOID:12932|DOID:1432|DOID:1686|DOID:1826|DOID:1936|DOID:2348|DOID:2349|DOID:2768|DOID:2769|DOID:302|DOID:303|DOID:331|DOID:3312|DOID:3393|DOID:3526|DOID:5162|DOID:5418|DOID:5844|DOID:5854|DOID:6713|DOID:7997|DOID:7998|DOID:8689|DOID:8986|DOID:9408,
DB00126,1299,[H][C@@]1(OC(=O)C(O)=C1O)[C@@H](O)CO,Q54873|P24300|O00469|O14832|O60568|O75936|P09172|P19021|Q32P28|Q8IVL5|Q8IVL6|P13674|Q8N543|Q6N063|Q6NS38|Q96Q83|Q9BY66|Q02809|Q9NVH6|Q9NXG6|Q9GZT9|Q96KS0|Q9H6Z9,,,PUBCHEM.COMPOUND:54670067,DOID:0050459|DOID:0060173|DOID:0060180|DOID:0060189|DOID:0060190|DOID:0060262|DOID:0110892|DOID:1029|DOID:10763|DOID:10825|DOID:10923|DOID:10952|DOID:11335|DOID:1168|DOID:12119|DOID:1240|DOID:1247|DOID:12678|DOID:12679|DOID:13404|DOID:13543|DOID:13711|DOID:13724|DOID:1425|DOID:14451|DOID:14452|DOID:1826|DOID:1837|DOID:2089|DOID:2106|DOID:2326|DOID:2351|DOID:2352|DOID:2377|DOID:2485|DOID:2527|DOID:2841|DOID:2921|DOID:2977|DOID:2983|DOID:3341|DOID:409|DOID:4481|DOID:4500|DOID:4730|DOID:5160|DOID:526|DOID:557|DOID:580|DOID:583|DOID:585|DOID:626|DOID:635|DOID:705|DOID:7148|DOID:750|DOID:8437|DOID:8440|DOID:8577|DOID:8929|DOID:893|DOID:9074|DOID:9351|DOID:9971,
DB09125,1300,[K+].[K+].[K+].OC(CC([O-])=O)(CC([O-])=O)C([O-])=O,,,,PUBCHEM.COMPOUND:13344,DOID:0060173|DOID:0060674|DOID:0060675|DOID:0060676|DOID:0060677|DOID:0060678|DOID:0060679|DOID:1029|DOID:10493|DOID:10763|DOID:10825|DOID:10952|DOID:11396|DOID:11847|DOID:11914|DOID:12361|DOID:12678|DOID:12679|DOID:13206|DOID:13250|DOID:13774|DOID:14219|DOID:1425|DOID:14451|DOID:14452|DOID:1837|DOID:1936|DOID:2106|DOID:2348|DOID:2349|DOID:2485|DOID:2527|DOID:2883|DOID:2913|DOID:2921|DOID:2983|DOID:3393|DOID:3650|DOID:4500|DOID:4989|DOID:5162|DOID:557|DOID:5844|DOID:5854|DOID:7327|DOID:750|DOID:7997|DOID:7998|DOID:9351|DOID:9408,
DB00585,1301,CNC(NCCSCC1=CSC(CN(C)C)=N1)=C[N+]([O-])=O,P25021,,,PUBCHEM.COMPOUND:3033637,DOID:0060262|DOID:10534|DOID:10808|DOID:11963|DOID:13976|DOID:1724|DOID:2321|DOID:409|DOID:5517|DOID:750|DOID:8534,NCBIGENE:3274|NCBIGENE:590
DB09154,1302,[Na+].[Na+].[Na+].OC(CC([O-])=O)(CC([O-])=O)C([O-])=O,,,,PUBCHEM.COMPOUND:6224,DOID:0060173|DOID:0060674|DOID:0060675|DOID:0060676|DOID:0060677|DOID:0060678|DOID:0060679|DOID:1029|DOID:10459|DOID:10460|DOID:10493|DOID:10763|DOID:10825|DOID:11396|DOID:11847|DOID:11914|DOID:11963|DOID:12361|DOID:12678|DOID:12679|DOID:13206|DOID:13550|DOID:13774|DOID:13948|DOID:13976|DOID:1405|DOID:14445|DOID:14451|DOID:14452|DOID:1837|DOID:1936|DOID:2275|DOID:2321|DOID:2348|DOID:2349|DOID:2485|DOID:2883|DOID:2913|DOID:2983|DOID:3393|DOID:3650|DOID:4483|DOID:4989|DOID:5162|DOID:5844|DOID:5854|DOID:7327|DOID:750|DOID:7997|DOID:7998|DOID:8534|DOID:9282|DOID:9351|DOID:9408,
DB00353,1303,[H][C@@]12CC3=CNC4=CC=CC(=C34)C1=C[C@H](CN2C)C(=O)N[C@@H](CC)CO,P21728|P41595,P08684,P08684,PUBCHEM.COMPOUND:8226,DOID:0060262|DOID:10763|DOID:10825|DOID:10952|DOID:1425|DOID:1826|DOID:2527|DOID:2921|DOID:3526|DOID:409|DOID:5160|DOID:557|DOID:6713,NCBIGENE:3350|NCBIGENE:3354|NCBIGENE:3355|NCBIGENE:3357|NCBIGENE:3358|NCBIGENE:3362|NCBIGENE:5020|NCBIGENE:5021|NCBIGENE:5241
DB00714,1304,[H][C@]12CC3=C(C(O)=C(O)C=C3)C3=CC=CC(CCN1C)=C23,P21917|P14416|P35462|P21918|P21728|P18825|P18089|P08908|P28223|P41595|P28335|P08913|P28221|P28222,P21964|P50225|P50226|P0DMM9|P49888|O43704|P20813|P10632|P08684|P20815,P21964|P50225|P50226|P0DMM9|P49888|O43704|P20813|P10632|P08684|P20815,PUBCHEM.COMPOUND:6005,DOID:0050741|DOID:0060262|DOID:0060891|DOID:0060895|DOID:0060896|DOID:11328|DOID:14330|DOID:1574|DOID:3393|DOID:409|DOID:4500|DOID:5418|DOID:543|DOID:6713|DOID:9286,NCBIGENE:1312|NCBIGENE:146|NCBIGENE:147|NCBIGENE:150|NCBIGENE:152|NCBIGENE:1813|NCBIGENE:1814|NCBIGENE:1815|NCBIGENE:1816|NCBIGENE:2353|NCBIGENE:2571|NCBIGENE:3350|NCBIGENE:3351|NCBIGENE:3357|NCBIGENE:3358|NCBIGENE:50632|NCBIGENE:55811|NCBIGENE:5617|NCBIGENE:6285|NCBIGENE:7054|NCBIGENE:9407
DB00953,1305,CN(C)CCC1=CNC2=C1C=C(CN1C=NC=N1)C=C2,P28222|P28221|P08908|P28566|P30939|P34969,P21397|P10635,P21397|P10635,PUBCHEM.COMPOUND:5078,DOID:0060262|DOID:10763|DOID:10825|DOID:11847|DOID:3393|DOID:3526|DOID:3669|DOID:409|DOID:5844|DOID:5854|DOID:6364|DOID:6713|DOID:784|DOID:9408,NCBIGENE:3350|NCBIGENE:3351|NCBIGENE:3354|NCBIGENE:3355|NCBIGENE:4128
DB06684,1306,NC(=O)C1=CC2=CC(=CC=C2O1)N1CCN(CCCCC2=CNC3=C2C=C(C=C3)C#N)CC1,P31645|P08908,P08684|P10635|P33261,P08684|P10635|P33261,PUBCHEM.COMPOUND:6918314,DOID:1247|DOID:14464|DOID:1470|DOID:1595|DOID:1596|DOID:1826|DOID:2848|DOID:3312|DOID:3401,
DB00998,1307,CN[C@@H]1CCC2=C(C1)C1=C(N2)C=CC(=C1)C(N)=O,P28221|P28222,P05177,P05177,PUBCHEM.COMPOUND:77992,DOID:10300|DOID:10763|DOID:10825|DOID:11840|DOID:13003|DOID:1837|DOID:224|DOID:3393|DOID:3526|DOID:3669|DOID:6364|DOID:6713|DOID:9351|DOID:9970,NCBIGENE:3351
DB00669,1308,CNS(=O)(=O)CC1=CC=C2NC=C(CCN(C)C)C2=C1,P08908|P28221|P28222|P30939,P21397,P21397,PUBCHEM.COMPOUND:5358,DOID:0050741|DOID:0060262|DOID:10763|DOID:10825|DOID:10952|DOID:114|DOID:11847|DOID:1247|DOID:1287|DOID:13003|DOID:1425|DOID:1574|DOID:1826|DOID:1837|DOID:224|DOID:2316|DOID:2355|DOID:2361|DOID:2527|DOID:2921|DOID:3393|DOID:3526|DOID:3669|DOID:409|DOID:557|DOID:5844|DOID:5854|DOID:6000|DOID:6364|DOID:6713|DOID:9351|DOID:9408|DOID:9970,NCBIGENE:2353|NCBIGENE:3350|NCBIGENE:3351|NCBIGENE:3354|NCBIGENE:3355|NCBIGENE:3358|NCBIGENE:3359|NCBIGENE:3361|NCBIGENE:3362|NCBIGENE:3363|NCBIGENE:55811
DB00315,1309,CN(C)CCC1=CNC2=CC=C(C[C@H]3COC(=O)N3)C=C12,P28222|P28221|P30939|P28566|P34969|P08908|P28223|P41595,P05177|P21397,P05177|P21397,PUBCHEM.COMPOUND:60857,DOID:0060262|DOID:10300|DOID:10763|DOID:10825|DOID:10952|DOID:11847|DOID:12720|DOID:13003|DOID:13087|DOID:13097|DOID:1425|DOID:224|DOID:2316|DOID:2527|DOID:2921|DOID:3393|DOID:3526|DOID:3669|DOID:384|DOID:409|DOID:557|DOID:5844|DOID:5854|DOID:6364|DOID:6713|DOID:9408,NCBIGENE:1544|NCBIGENE:3350|NCBIGENE:3351|NCBIGENE:3355
DB00952,1310,CNS(=O)(=O)CCC1=CC2=C(NC=C2C2CCN(C)CC2)C=C1,P08908|P28221|P28222|P30939,P21397,P21397,PUBCHEM.COMPOUND:4440,DOID:10763|DOID:10825|DOID:11847|DOID:13003|DOID:1837|DOID:224|DOID:3393|DOID:3526|DOID:3669|DOID:5844|DOID:5854|DOID:6364|DOID:6713|DOID:9351|DOID:9408|DOID:9970,NCBIGENE:3350|NCBIGENE:3351|NCBIGENE:3354|NCBIGENE:3355
DB00743,1311,[Gd+3].OC(=O)CN(CCN(CCN(CC([O-])=O)CC([O-])=O)CC([O-])=O)C(COCC1=CC=CC=C1)C(O)=O,,,,PUBCHEM.COMPOUND:131704172,,
DB06402,1312,CCCCCCCCCCNCCN[C@@]1(C)C[C@H](O[C@@H]2[C@@H](O)[C@H](O)[C@@H](CO)O[C@H]2OC2=C3OC4=CC=C(C=C4Cl)[C@@H](O)[C@@H](NC(=O)[C@@H](CC(C)C)NC)C(=O)N[C@@H](CC(N)=O)C(=O)N[C@@H]4C(C=C2OC2=C(Cl)C=C(C=C2)[C@@H](O)[C@@H]2NC(=O)[C@H](NC4=O)C4=CC(=C(O)C=C4)C4=C(O)C(CNCP(O)(O)=O)=C(O)C=C4[C@H](NC2=O)C(O)=O)=C3)O[C@@H](C)[C@H]1O,,,,PUBCHEM.COMPOUND:3081362,DOID:10763|DOID:10825|DOID:10952|DOID:1425|DOID:1837|DOID:2527|DOID:2921|DOID:557|DOID:874|DOID:9351,NCBIGENE:104909134|NCBIGENE:1394
DB00556,1313,FC(F)(F)C(F)(F)C(F)(F)F,,,,PUBCHEM.COMPOUND:6432,,
DB00529,1314,OC(=O)P(O)(O)=O,P04293|P08546,,,PUBCHEM.COMPOUND:3415,DOID:0050459|DOID:0050590|DOID:10952|DOID:1227|DOID:12678|DOID:12679|DOID:12987|DOID:1425|DOID:1826|DOID:2355|DOID:2361|DOID:2485|DOID:2527|DOID:2921|DOID:4500|DOID:557,
DB08903,1315,COC1=NC2=C(C=C(Br)C=C2)C=C1[C@@H](C1=CC=CC=C1)[C@@](O)(CCN(C)C)C1=CC=CC2=C1C=CC=C2,P9WPS1,P08684,P08684,PUBCHEM.COMPOUND:5388906,DOID:2957|DOID:401|DOID:9534,
DB09083,1316,COC1=C(OC)C=C2[C@@H](CN(C)CCCN3CCC4=CC(OC)=C(OC)C=C4CC3=O)CC2=C1,Q9UL51,P08684,P08684,PUBCHEM.COMPOUND:132999,,
DB00308,1317,CCCCCCCN(CC)CCCC(O)C1=CC=C(NS(C)(=O)=O)C=C1,Q13936|Q02641|Q12809|P54289|Q06432|O00180|Q9Y257|Q9H252|Q9NS40|Q14654,,,PUBCHEM.COMPOUND:60753,DOID:0050820|DOID:4500,
DB01182,1318,CCCNCC(O)COC1=C(C=CC=C1)C(=O)CCC1=CC=CC=C1,Q14524|Q12809|P08588|P07550,P10635|P08684|P05177,P10635|P08684|P05177,PUBCHEM.COMPOUND:4932,DOID:0050590|DOID:0050820|DOID:0060224|DOID:0060262|DOID:10952|DOID:11847|DOID:1227|DOID:12987|DOID:13739|DOID:13884|DOID:1425|DOID:1936|DOID:2348|DOID:2527|DOID:2921|DOID:3393|DOID:409|DOID:437|DOID:4500|DOID:557|DOID:5844|DOID:5854|DOID:9408,NCBIGENE:11280|NCBIGENE:112802|NCBIGENE:121391|NCBIGENE:1565|NCBIGENE:1576|NCBIGENE:3757|NCBIGENE:6262|NCBIGENE:6323|NCBIGENE:6328|NCBIGENE:6329|NCBIGENE:6332|NCBIGENE:6334|NCBIGENE:6336
DB06788,1319,CC(O)=O.CC(O)=O.CCNC(=O)[C@@H]1CCCN1C(=O)[C@H](CCCNC(N)=N)NC(=O)[C@H](CC(C)C)NC(=O)[C@@H](CC1=CN(CC2=CC=CC=C2)C=N1)NC(=O)[C@H](CC1=CC=C(O)C=C1)NC(=O)[C@H](CO)NC(=O)[C@H](CC1=CNC2=C1C=CC=C2)NC(=O)[C@H](CC1=CNC=N1)NC(=O)[C@@H]1CCC(=O)N1,P30968,,,PUBCHEM.COMPOUND:56927879,,
DB00710,1320,CCCCCN(C)CCC(O)(P(O)(O)=O)P(O)(O)=O,O95749|P14324,,,PUBCHEM.COMPOUND:60852,DOID:10573|DOID:10609|DOID:1091|DOID:11476|DOID:11963|DOID:12678|DOID:12679|DOID:13186|DOID:13976|DOID:162|DOID:2485|DOID:4029|DOID:4766|DOID:631|DOID:633|DOID:8534|DOID:8643|DOID:9164,NCBIGENE:1786|NCBIGENE:2224|NCBIGENE:5743
DB01195,1321,FC(F)(F)COC1=CC(C(=O)NCC2CCCCN2)=C(OCC(F)(F)F)C=C1,P35499|Q14524|Q12809|Q92736,,,PUBCHEM.COMPOUND:3356,DOID:0060224|DOID:0060262|DOID:10952|DOID:11847|DOID:13884|DOID:1425|DOID:2527|DOID:2921|DOID:409|DOID:4500|DOID:557|DOID:5844|DOID:5854|DOID:9408,
DB01035,1322,CCN(CC)CCNC(=O)C1=CC=C(N)C=C1,Q12809|Q14524|P26358,,,PUBCHEM.COMPOUND:4913,DOID:0050590|DOID:0060262|DOID:10952|DOID:1227|DOID:12987|DOID:1425|DOID:1588|DOID:2527|DOID:2921|DOID:409|DOID:437|DOID:4500|DOID:557|DOID:9074,NCBIGENE:146802|NCBIGENE:1565|NCBIGENE:1786|NCBIGENE:1879|NCBIGENE:55244|NCBIGENE:6581
DB08864,1323,CC1=CC(\C=C\C#N)=CC(C)=C1NC1=CC=NC(NC2=CC=C(C=C2)C#N)=N1,Q72547|O75469,P08684|P33261|P20813|P10635|P11712|P10632|P05181,P08684|P33261|P20813|P10635|P11712|P10632|P05181,PUBCHEM.COMPOUND:6451164,DOID:0060262|DOID:10573|DOID:10609|DOID:1062|DOID:10952|DOID:1425|DOID:2043|DOID:2527|DOID:2921|DOID:3650|DOID:409|DOID:526|DOID:557|DOID:635|DOID:9452|DOID:9970,NCBIGENE:6336|NCBIGENE:6580|NCBIGENE:8856
DB09063,1324,CC(C)OC1=C(NC2=NC=C(Cl)C(N2)=NC2=CC=CC=C2S(=O)(=O)C(C)C)C=C(C)C(=C1)C1CCNCC1,Q9UM73,P11712|P08684,P11712|P08684,PUBCHEM.COMPOUND:57379345,DOID:1324|DOID:3908,NCBIGENE:238
DB01325,1325,CCC1NC(=O)C2=CC(=C(Cl)C=C2N1)S(N)(=O)=O,Q13621|P55011|P55017|P00915|P00918,,,PUBCHEM.COMPOUND:6307,DOID:0110892|DOID:10952|DOID:11151|DOID:11755|DOID:12139|DOID:1425|DOID:1470|DOID:1595|DOID:1596|DOID:1826|DOID:2527|DOID:2848|DOID:2921|DOID:4964|DOID:557|DOID:750|DOID:8577,NCBIGENE:6558|NCBIGENE:6559|NCBIGENE:760
DB00232,1326,CN1C(CCl)NC2=CC(Cl)=C(C=C2S1(=O)=O)S(N)(=O)=O,Q13621|P00915|P00918|P22748,,,PUBCHEM.COMPOUND:4121,DOID:0060262|DOID:0110892|DOID:10763|DOID:10825|DOID:10952|DOID:11151|DOID:11755|DOID:12139|DOID:12678|DOID:12679|DOID:13189|DOID:1425|DOID:1470|DOID:1595|DOID:1596|DOID:1826|DOID:1837|DOID:1920|DOID:2383|DOID:2485|DOID:2527|DOID:2848|DOID:2913|DOID:2921|DOID:2983|DOID:409|DOID:4500|DOID:4964|DOID:4989|DOID:5082|DOID:557|DOID:6000|DOID:750|DOID:8577|DOID:9074|DOID:9351,NCBIGENE:760|NCBIGENE:762
DB01321,1327,CO[C@H]1[C@@H](CC(=O)O[C@H](C)C\C=C\C=C\[C@H](O)[C@H](C)C[C@H](CC=O)[C@@H]1O[C@@H]1O[C@H](C)[C@@H](O[C@H]2C[C@@](C)(O)[C@@H](OC(=O)CC(C)C)[C@H](C)O2)[C@@H]([C@H]1O)N(C)C)OC(C)=O,P44345,,,PUBCHEM.COMPOUND:5282165,,
DB01426,1328,[H][C@]12C[C@]34[C@H](O)C1[C@@]1([H])C[C@]([H])(N2[C@H](O)[C@H]1CC)[C@]3([H])N(C)C1=CC=CC=C41,Q14524,,,PUBCHEM.COMPOUND:441080,,
DB01627,1329,[H][C@]1(C[C@@H](CCC)CN1C)C(=O)N[C@H]([C@@H](C)O)[C@H]1O[C@H](SC)[C@H](O)[C@@H](O)[C@H]1O,,,,PUBCHEM.COMPOUND:3000540,DOID:0060180|DOID:0060189|DOID:0060190|DOID:2326|DOID:5295|DOID:77,
DB01111,1330,CCC(C)CCCCC(=O)NC(CCNCS([O-])(=O)=O)C(=O)NC(C(C)O)C(=O)NC(CCNCS([O-])(=O)=O)C(=O)NC1CCNC(=O)C(NC(=O)C(CCNCS([O-])(=O)=O)NC(=O)C(CCNCS([O-])(=O)=O)NC(=O)C(CC(C)C)NC(=O)C(CC(C)C)NC(=O)C(CCNCS([O-])(=O)=O)NC1=O)C(C)O,,,,PUBCHEM.COMPOUND:70789202,,
DB00314,1331,[H][C@@]1(CCN=C(N)N1)[C@]1([H])NC(=O)\C(NC(=O)[C@H](CNC(=O)C[C@@H](N)CCCN)NC(=O)[C@H](C)NC(=O)[C@@H](N)CNC1=O)=C/NC(N)=O.[H][C@@]1(CCN=C(N)N1)[C@]1([H])NC(=O)\C(NC(=O)[C@H](CNC(=O)C[C@@H](N)CCCN)NC(=O)[C@H](CO)NC(=O)[C@@H](N)CNC1=O)=C/NC(N)=O,P9WJ63,,,PUBCHEM.COMPOUND:3000502,DOID:0060262|DOID:10003|DOID:10952|DOID:1425|DOID:2527|DOID:2921|DOID:2957|DOID:409|DOID:4500|DOID:557|DOID:9534,
DB00512,1332,CN[C@H](CC(C)C)C(=O)N[C@@H]1[C@H](O)C2=CC=C(OC3=C(O[C@@H]4O[C@H](CO)[C@@H](O)[C@H](O)[C@H]4O[C@H]4C[C@](C)(N)[C@H](O)[C@H](C)O4)C4=CC(=C3)[C@@H](NC(=O)[C@H](CC(N)=O)NC1=O)C(=O)N[C@@H]1C3=CC(=C(O)C=C3)C3=C(O)C=C(O)C=C3[C@H](NC(=O)[C@@H](NC1=O)[C@H](O)C1=CC(Cl)=C(O4)C=C1)C(O)=O)C(Cl)=C2,,,,PUBCHEM.COMPOUND:14969,DOID:0050590|DOID:10952|DOID:1227|DOID:12987|DOID:1425|DOID:2527|DOID:2921|DOID:381|DOID:4562|DOID:557|DOID:813,NCBIGENE:130120|NCBIGENE:213|NCBIGENE:27306|NCBIGENE:2938|NCBIGENE:2939|NCBIGENE:2940|NCBIGENE:2950
DB00781,1333,[H][C@]1(NC(=O)[C@H](CCN)NC(=O)[C@H](CCN)NC(=O)[C@H](CC(C)C)NC(=O)[C@@H](CC2=CC=CC=C2)NC(=O)[C@@H](CCN)NC(=O)[C@H](CCNC1=O)NC(=O)[C@H](CCN)NC(=O)[C@@H](NC(=O)[C@H](CCN)NC(=O)CCCCC(C)CC)[C@@H](C)O)[C@@H](C)O,,,,,,
DB00937,1334,CCN(CC)C(C)C(=O)C1=CC=CC=C1,P23975|Q01959,,,PUBCHEM.COMPOUND:7029,DOID:0050741|DOID:0110741|DOID:0110742|DOID:0110743|DOID:0110744|DOID:0110745|DOID:0110746|DOID:0110747|DOID:0110748|DOID:0110749|DOID:0110750|DOID:0110751|DOID:0110752|DOID:0110753|DOID:0110754|DOID:0110755|DOID:0110756|DOID:0110757|DOID:0110758|DOID:0110759|DOID:0110760|DOID:0110761|DOID:10763|DOID:10825|DOID:12361|DOID:14557|DOID:1574|DOID:1686|DOID:1742|DOID:1826|DOID:1936|DOID:2348|DOID:2349|DOID:302|DOID:303|DOID:3393|DOID:4079|DOID:5162|DOID:6432|DOID:7997|DOID:7998|DOID:9351|DOID:9352|DOID:9744|DOID:9970,NCBIGENE:173|NCBIGENE:6530|NCBIGENE:6531
DB00191,1335,CC(C)(N)CC1=CC=CC=C1,P23975|P31645|Q01959|P21397|P27338|P01303,P08684,P08684,PUBCHEM.COMPOUND:4771,DOID:0050741|DOID:0110741|DOID:0110742|DOID:0110743|DOID:0110744|DOID:0110745|DOID:0110746|DOID:0110747|DOID:0110748|DOID:0110749|DOID:0110750|DOID:0110751|DOID:0110752|DOID:0110753|DOID:0110754|DOID:0110755|DOID:0110756|DOID:0110757|DOID:0110758|DOID:0110759|DOID:0110760|DOID:0110761|DOID:10763|DOID:10825|DOID:11328|DOID:114|DOID:12361|DOID:1287|DOID:14557|DOID:1574|DOID:1686|DOID:302|DOID:303|DOID:4079|DOID:5160|DOID:5418|DOID:6000|DOID:6432|DOID:7997|DOID:7998|DOID:9744|DOID:9970,NCBIGENE:3741|NCBIGENE:4128|NCBIGENE:4129|NCBIGENE:6530|NCBIGENE:6531|NCBIGENE:6532
DB09352,1336,CC(N)CC1=CC=C(O)C=C1,,,,PUBCHEM.COMPOUND:3651,DOID:1067|DOID:10763|DOID:10825|DOID:12361|DOID:13550|DOID:1405|DOID:14445|DOID:1837|DOID:3393|DOID:7997|DOID:7998|DOID:9282|DOID:9351,
DB01255,1337,C[C@@H](CC1=CC=CC=C1)NC(=O)[C@@H](N)CCCCN,Q96RJ0,,,PUBCHEM.COMPOUND:11597698,DOID:0050700|DOID:10600|DOID:10763|DOID:10825|DOID:1094|DOID:11119|DOID:11328|DOID:11847|DOID:11984|DOID:12129|DOID:12361|DOID:12932|DOID:1432|DOID:1686|DOID:1826|DOID:1936|DOID:2348|DOID:2349|DOID:2768|DOID:2769|DOID:302|DOID:303|DOID:3312|DOID:3393|DOID:3526|DOID:5162|DOID:5418|DOID:5844|DOID:5854|DOID:6713|DOID:7997|DOID:7998|DOID:9408,
DB00399,1338,OC(CN1C=CN=C1)(P(O)(O)=O)P(O)(O)=O,O95749|P14324,,,PUBCHEM.COMPOUND:68740,DOID:1091|DOID:11199|DOID:11396|DOID:11476|DOID:12678|DOID:12679|DOID:2485|DOID:2983|DOID:4184|DOID:5408|DOID:631|DOID:633,NCBIGENE:10752|NCBIGENE:1191|NCBIGENE:142|NCBIGENE:2224|NCBIGENE:22943|NCBIGENE:27237|NCBIGENE:3652|NCBIGENE:3845|NCBIGENE:387|NCBIGENE:4000|NCBIGENE:4255|NCBIGENE:4313|NCBIGENE:4318|NCBIGENE:4846|NCBIGENE:4982|NCBIGENE:4988|NCBIGENE:50964|NCBIGENE:5347|NCBIGENE:54205|NCBIGENE:5594|NCBIGENE:5595|NCBIGENE:56302|NCBIGENE:5747|NCBIGENE:5879|NCBIGENE:5881|NCBIGENE:5970|NCBIGENE:632|NCBIGENE:6772|NCBIGENE:7157|NCBIGENE:836|NCBIGENE:842|NCBIGENE:860|NCBIGENE:8651|NCBIGENE:9453
DB01133,1339,OP(O)(=O)C(SC1=CC=C(Cl)C=C1)P(O)(O)=O,Q05209|P29350|P23469,,,PUBCHEM.COMPOUND:60937,DOID:0050459|DOID:10573|DOID:10609|DOID:10952|DOID:1247|DOID:12678|DOID:12679|DOID:13543|DOID:1425|DOID:162|DOID:2355|DOID:2361|DOID:2485|DOID:2527|DOID:2921|DOID:3341|DOID:4029|DOID:4766|DOID:5408|DOID:557|DOID:750|DOID:824|DOID:8643,
DB09138,1340,O.O.[98Tc+4].[O-]P([O-])(=O)CP([O-])([O-])=O,,,,PUBCHEM.COMPOUND:131704315,,
DB00630,1341,NCCCC(O)(P(O)(O)=O)P(O)(O)=O,P14324|P29074|Q13332|P23469|P38606,,,PUBCHEM.COMPOUND:2088,DOID:0050459|DOID:0060224|DOID:10573|DOID:10609|DOID:10952|DOID:11335|DOID:11476|DOID:11963|DOID:12678|DOID:12679|DOID:13186|DOID:13404|DOID:13976|DOID:1425|DOID:2485|DOID:2527|DOID:2921|DOID:4029|DOID:5160|DOID:5408|DOID:557|DOID:580|DOID:585|DOID:626|DOID:8534|DOID:8643|DOID:9164|DOID:9971,NCBIGENE:1956|NCBIGENE:2047|NCBIGENE:2224|NCBIGENE:3479|NCBIGENE:3553|NCBIGENE:4313|NCBIGENE:523|NCBIGENE:5741|NCBIGENE:5775|NCBIGENE:5791|NCBIGENE:5802|NCBIGENE:632|NCBIGENE:6347|NCBIGENE:6696
DB01077,1342,CC(O)(P(O)(O)=O)P(O)(O)=O,Q13332|P38606|P12235|P05141|P12236,,,PUBCHEM.COMPOUND:3305,DOID:0050459|DOID:10573|DOID:10609|DOID:10952|DOID:11963|DOID:1247|DOID:12678|DOID:12679|DOID:13186|DOID:13976|DOID:1425|DOID:162|DOID:2326|DOID:2355|DOID:2361|DOID:2485|DOID:2527|DOID:2841|DOID:2921|DOID:4029|DOID:4766|DOID:5408|DOID:557|DOID:6000|DOID:750|DOID:824|DOID:8534|DOID:8643|DOID:9164|DOID:9360|DOID:9415,NCBIGENE:3600|NCBIGENE:523|NCBIGENE:5802
DB00720,1343,OP(O)(=O)C(Cl)(Cl)P(O)(O)=O,P12235|P05141|P12236,P35354,P35354,PUBCHEM.COMPOUND:25419,,NCBIGENE:291|NCBIGENE:292|NCBIGENE:293|NCBIGENE:5241
DB06707,1344,C[C@H](N)[C@H](O)C1=CC(O)=C(O)C=C1,,,,PUBCHEM.COMPOUND:164739,,NCBIGENE:146|NCBIGENE:148|NCBIGENE:150|NCBIGENE:152|NCBIGENE:6530
DB06218,1345,COC[C@@H](NC(C)=O)C(=O)NCC1=CC=CC=C1,Q15858|Q9NY46|Q9Y5Y9,P08684|P11712|P33261,P08684|P11712|P33261,PUBCHEM.COMPOUND:219078,DOID:0060224|DOID:0060262|DOID:13884|DOID:3393|DOID:409,NCBIGENE:6328|NCBIGENE:6335|NCBIGENE:6336
DB01577,1346,CN[C@@H](C)CC1=CC=CC=C1,Q01959|P31645|P23975|Q05940|P54219|Q96RJ0|P08913|P18089|P18825|P21397|P27338,P10635,P10635,PUBCHEM.COMPOUND:10836,DOID:0050590|DOID:0050700|DOID:0050741|DOID:0050848|DOID:0060262|DOID:0060731|DOID:10600|DOID:10763|DOID:10825|DOID:1094|DOID:10952|DOID:11119|DOID:11328|DOID:114|DOID:11847|DOID:11984|DOID:12139|DOID:1227|DOID:12361|DOID:12550|DOID:1287|DOID:12932|DOID:12987|DOID:13268|DOID:13413|DOID:1425|DOID:1432|DOID:1470|DOID:1574|DOID:1588|DOID:1595|DOID:1596|DOID:1686|DOID:1826|DOID:1936|DOID:2348|DOID:2349|DOID:2355|DOID:2361|DOID:2527|DOID:2768|DOID:2769|DOID:2841|DOID:2848|DOID:2921|DOID:302|DOID:303|DOID:3083|DOID:3312|DOID:3393|DOID:3526|DOID:409|DOID:4964|DOID:5162|DOID:5418|DOID:557|DOID:5844|DOID:5854|DOID:6713|DOID:7997|DOID:7998|DOID:8689|DOID:9267|DOID:9408|DOID:9970,NCBIGENE:1312|NCBIGENE:134864|NCBIGENE:147|NCBIGENE:150|NCBIGENE:152|NCBIGENE:1813|NCBIGENE:1815|NCBIGENE:2353|NCBIGENE:3350|NCBIGENE:3362|NCBIGENE:4128|NCBIGENE:4129|NCBIGENE:4886|NCBIGENE:4988|NCBIGENE:627|NCBIGENE:6530|NCBIGENE:6531|NCBIGENE:6532|NCBIGENE:6571|NCBIGENE:6622|NCBIGENE:7054|NCBIGENE:7166
DB00511,1347,[H][C@@]1(CC[C@]2(O)[C@]3([H])CC[C@]4([H])C[C@H](CC[C@]4(C)[C@@]3([H])CC[C@]12C)O[C@H]1C[C@H](O)[C@H](O[C@H]2C[C@H](O)[C@H](O[C@H]3C[C@H](OC(C)=O)[C@H](O)[C@@H](C)O3)[C@@H](C)O2)[C@@H](C)O1)C1=CC(=O)OC1,P05023,,,PUBCHEM.COMPOUND:5284512,DOID:0060224|DOID:6000,
DB01092,1348,[H][C@@]12CC[C@]3(O)C[C@H](C[C@@H](O)[C@]3(CO)[C@@]1([H])[C@H](O)C[C@]1(C)[C@H](CC[C@]21O)C1=CC(=O)OC1)O[C@@H]1O[C@@H](C)[C@H](O)[C@@H](O)[C@H]1O,P05023|P50993|P13637,,,PUBCHEM.COMPOUND:439501,,NCBIGENE:10898|NCBIGENE:1769|NCBIGENE:1994|NCBIGENE:2177|NCBIGENE:2247|NCBIGENE:3586|NCBIGENE:3757|NCBIGENE:477|NCBIGENE:479|NCBIGENE:480|NCBIGENE:486|NCBIGENE:495|NCBIGENE:496|NCBIGENE:5972|NCBIGENE:6093|NCBIGENE:627|NCBIGENE:6863|NCBIGENE:836|NCBIGENE:929|NCBIGENE:9475
DB00640,1349,NC1=C2N=CN([C@@H]3O[C@H](CO)[C@@H](O)[C@H]3O)C2=NC=N1,P30542|P29274|P29275|P0DMS8,,,PUBCHEM.COMPOUND:60961,DOID:11486|DOID:13884|DOID:1712|DOID:1754|DOID:1787|DOID:2841|DOID:3083|DOID:326|DOID:9360|DOID:9415,NCBIGENE:100|NCBIGENE:100463486|NCBIGENE:100526794|NCBIGENE:100996758|NCBIGENE:1025|NCBIGENE:103|NCBIGENE:10316|NCBIGENE:10396|NCBIGENE:104909134|NCBIGENE:105379861|NCBIGENE:10563|NCBIGENE:10636|NCBIGENE:107|NCBIGENE:10768|NCBIGENE:108|NCBIGENE:1080|NCBIGENE:10803|NCBIGENE:10850|NCBIGENE:10874|NCBIGENE:109|NCBIGENE:111|NCBIGENE:112|NCBIGENE:11251|NCBIGENE:11255|NCBIGENE:113091|NCBIGENE:113179|NCBIGENE:1132|NCBIGENE:114|NCBIGENE:115|NCBIGENE:115024|NCBIGENE:122042|NCBIGENE:1230|NCBIGENE:1232|NCBIGENE:1233|NCBIGENE:1234|NCBIGENE:1236|NCBIGENE:1237|NCBIGENE:1269|NCBIGENE:129521|NCBIGENE:1312|NCBIGENE:132|NCBIGENE:134864|NCBIGENE:136|NCBIGENE:1385|NCBIGENE:1392|NCBIGENE:1394|NCBIGENE:1395|NCBIGENE:150|NCBIGENE:152|NCBIGENE:153|NCBIGENE:154|NCBIGENE:155|NCBIGENE:1633|NCBIGENE:165140|NCBIGENE:1803|NCBIGENE:1813|NCBIGENE:1814|NCBIGENE:1815|NCBIGENE:1816|NCBIGENE:183|NCBIGENE:186|NCBIGENE:1901|NCBIGENE:1906|NCBIGENE:191|NCBIGENE:196883|NCBIGENE:2056|NCBIGENE:2058|NCBIGENE:2152|NCBIGENE:2252|NCBIGENE:22978|NCBIGENE:23382|NCBIGENE:2353|NCBIGENE:2359|NCBIGENE:2492|NCBIGENE:2534|NCBIGENE:256933|NCBIGENE:2587|NCBIGENE:259|NCBIGENE:259285|NCBIGENE:259286|NCBIGENE:259287|NCBIGENE:259289|NCBIGENE:259290|NCBIGENE:259292|NCBIGENE:259293|NCBIGENE:259294|NCBIGENE:259295|NCBIGENE:259296|NCBIGENE:2641|NCBIGENE:2642|NCBIGENE:2668|NCBIGENE:2692|NCBIGENE:2695|NCBIGENE:2696|NCBIGENE:270|NCBIGENE:27125|NCBIGENE:27199|NCBIGENE:2740|NCBIGENE:27430|NCBIGENE:2770|NCBIGENE:2771|NCBIGENE:2773|NCBIGENE:2778|NCBIGENE:2826|NCBIGENE:2831|NCBIGENE:2832|NCBIGENE:2833|NCBIGENE:283869|NCBIGENE:2841|NCBIGENE:2847|NCBIGENE:2912|NCBIGENE:2913|NCBIGENE:2916|NCBIGENE:2917|NCBIGENE:2918|NCBIGENE:2919|NCBIGENE:2920|NCBIGENE:2921|NCBIGENE:3060|NCBIGENE:30833|NCBIGENE:3094|NCBIGENE:3162|NCBIGENE:3177|NCBIGENE:3184|NCBIGENE:3274|NCBIGENE:3350|NCBIGENE:3351|NCBIGENE:3354|NCBIGENE:3355|NCBIGENE:3360|NCBIGENE:3361|NCBIGENE:3362|NCBIGENE:3363|NCBIGENE:3375|NCBIGENE:338398|NCBIGENE:338442|NCBIGENE:339403|NCBIGENE:346562|NCBIGENE:351|NCBIGENE:3576|NCBIGENE:3577|NCBIGENE:3579|NCBIGENE:3586|NCBIGENE:3596|NCBIGENE:3627|NCBIGENE:367|NCBIGENE:3783|NCBIGENE:3827|NCBIGENE:387|NCBIGENE:3973|NCBIGENE:4057|NCBIGENE:4141|NCBIGENE:4144|NCBIGENE:4157|NCBIGENE:4158|NCBIGENE:4159|NCBIGENE:4160|NCBIGENE:4161|NCBIGENE:4283|NCBIGENE:4312|NCBIGENE:4318|NCBIGENE:4507|NCBIGENE:4543|NCBIGENE:4544|NCBIGENE:4548|NCBIGENE:4552|NCBIGENE:4846|NCBIGENE:4860|NCBIGENE:4886|NCBIGENE:4887|NCBIGENE:4907|NCBIGENE:4914|NCBIGENE:4915|NCBIGENE:4985|NCBIGENE:4986|NCBIGENE:4987|NCBIGENE:4988|NCBIGENE:5020|NCBIGENE:5028|NCBIGENE:5030|NCBIGENE:50831|NCBIGENE:50832|NCBIGENE:50833|NCBIGENE:50834|NCBIGENE:50835|NCBIGENE:50836|NCBIGENE:50837|NCBIGENE:50838|NCBIGENE:50839|NCBIGENE:50840|NCBIGENE:50865|NCBIGENE:51083|NCBIGENE:51289|NCBIGENE:51592|NCBIGENE:51738|NCBIGENE:5179|NCBIGENE:5292|NCBIGENE:5313|NCBIGENE:53637|NCBIGENE:5367|NCBIGENE:5368|NCBIGENE:53829|NCBIGENE:54331|NCBIGENE:54429|NCBIGENE:5473|NCBIGENE:551|NCBIGENE:55315|NCBIGENE:55361|NCBIGENE:5540|NCBIGENE:5566|NCBIGENE:5567|NCBIGENE:5592|NCBIGENE:5594|NCBIGENE:5595|NCBIGENE:5613|NCBIGENE:56477|NCBIGENE:56670|NCBIGENE:56923|NCBIGENE:56953|NCBIGENE:5697|NCBIGENE:57007|NCBIGENE:57121|NCBIGENE:5726|NCBIGENE:5729|NCBIGENE:5732|NCBIGENE:5733|NCBIGENE:5734|NCBIGENE:5739|NCBIGENE:5741|NCBIGENE:57413|NCBIGENE:5745|NCBIGENE:5746|NCBIGENE:57665|NCBIGENE:58191|NCBIGENE:5879|NCBIGENE:5881|NCBIGENE:593|NCBIGENE:59340|NCBIGENE:594857|NCBIGENE:5972|NCBIGENE:5979|NCBIGENE:5996|NCBIGENE:5999|NCBIGENE:6000|NCBIGENE:6001|NCBIGENE:623|NCBIGENE:6337|NCBIGENE:6340|NCBIGENE:6343|NCBIGENE:6344|NCBIGENE:635|NCBIGENE:6363|NCBIGENE:6364|NCBIGENE:6366|NCBIGENE:6370|NCBIGENE:6372|NCBIGENE:6373|NCBIGENE:6374|NCBIGENE:6376|NCBIGENE:6387|NCBIGENE:64078|NCBIGENE:643|NCBIGENE:64407|NCBIGENE:64805|NCBIGENE:6528|NCBIGENE:6532|NCBIGENE:6750|NCBIGENE:6751|NCBIGENE:6752|NCBIGENE:6754|NCBIGENE:6755|NCBIGENE:6790|NCBIGENE:6885|NCBIGENE:7018|NCBIGENE:7076|NCBIGENE:7124|NCBIGENE:7157|NCBIGENE:7172|NCBIGENE:718|NCBIGENE:719|NCBIGENE:727|NCBIGENE:728|NCBIGENE:729230|NCBIGENE:7299|NCBIGENE:7378|NCBIGENE:7432|NCBIGENE:7433|NCBIGENE:7434|NCBIGENE:7852|NCBIGENE:796|NCBIGENE:799|NCBIGENE:836|NCBIGENE:841|NCBIGENE:842|NCBIGENE:84539|NCBIGENE:846|NCBIGENE:84618|NCBIGENE:84681|NCBIGENE:8484|NCBIGENE:84890|NCBIGENE:8601|NCBIGENE:8685|NCBIGENE:8698|NCBIGENE:8811|NCBIGENE:8843|NCBIGENE:8877|NCBIGENE:904|NCBIGENE:9131|NCBIGENE:9153|NCBIGENE:9294|NCBIGENE:93034|NCBIGENE:9340|NCBIGENE:953|NCBIGENE:9628|NCBIGENE:9934
DB01078,1350,C[C@H]1O[C@H](C[C@H](O)[C@@H]1O[C@H]1C[C@H](O)[C@H](O[C@H]2C[C@H](O)[C@H](O[C@@H]3O[C@H](CO)[C@@H](O)[C@H](O)[C@H]3O)[C@@H](C)O2)[C@@H](C)O1)O[C@H]1CC[C@@]2(C)[C@H](CC[C@@H]3[C@@H]2C[C@@H](O)[C@]2(C)[C@H](CC[C@]32O)C2=CC(=O)OC2)C1,P05023,,,PUBCHEM.COMPOUND:28620,,
DB13783,1351,COC1=CC2=C(C=C1)N(C(=O)C1=CC=C(Cl)C=C1)C(C)=C2CC(=O)OCC(O)=O,P23219|P35354,P16662,P16662,PUBCHEM.COMPOUND:1981,DOID:204|DOID:631|DOID:7147,
DB09292,1352,CCOC(=O)[C@H](C)C[C@@H](CC1=CC=C(C=C1)C1=CC=CC=C1)NC(=O)CCC(O)=O,P08473,,,PUBCHEM.COMPOUND:9811834,,
DB01282,1353,[H][C@]1(NC(=O)[C@H](CC2=CC=C(OC)C=C2)NC(=O)CCCSC[C@H](NC(=O)[C@H](CC(N)=O)NC(=O)[C@H](CCC(N)=O)NC1=O)C(=O)N1CCC[C@H]1C(=O)N[C@@H](CC(C)C)C(=O)NCC(N)=O)[C@@H](C)CC,P30559,,,PUBCHEM.COMPOUND:16681432,DOID:0050569|DOID:0060254|DOID:0060608|DOID:0060609|DOID:0060644|DOID:0060764|DOID:0060765|DOID:0060766|DOID:0060767|DOID:11725|DOID:11983|DOID:14681|DOID:14796|DOID:2962|DOID:3490|DOID:6683,NCBIGENE:5021
DB00727,1354,[O-][N+](=O)OCC(CO[N+]([O-])=O)O[N+]([O-])=O,P16066,P05091,P05091,PUBCHEM.COMPOUND:4510,DOID:0050700|DOID:10783|DOID:11481|DOID:115|DOID:11984|DOID:12451|DOID:12932|DOID:2355|DOID:2361|DOID:397,NCBIGENE:1956|NCBIGENE:216|NCBIGENE:217|NCBIGENE:2984|NCBIGENE:2986|NCBIGENE:3000|NCBIGENE:3709|NCBIGENE:4799|NCBIGENE:4843|NCBIGENE:4846|NCBIGENE:4881|NCBIGENE:4882|NCBIGENE:5327|NCBIGENE:5972|NCBIGENE:7408|NCBIGENE:836
DB00742,1355,OC[C@@H](O)[C@@H](O)[C@H](O)[C@H](O)CO,,O08355,O08355,PUBCHEM.COMPOUND:6251,DOID:0050590|DOID:0050741|DOID:0050848|DOID:0060262|DOID:0060731|DOID:11396|DOID:11459|DOID:12139|DOID:1227|DOID:12550|DOID:12987|DOID:13268|DOID:13413|DOID:1470|DOID:1485|DOID:1574|DOID:1588|DOID:1595|DOID:1596|DOID:2355|DOID:2361|DOID:2848|DOID:2983|DOID:302|DOID:303|DOID:409|DOID:4724|DOID:4964|DOID:6000|DOID:9267|DOID:9282|DOID:9428,NCBIGENE:343450|NCBIGENE:361|NCBIGENE:4843|NCBIGENE:4846|NCBIGENE:7040|NCBIGENE:7099|NCBIGENE:836|NCBIGENE:842|NCBIGENE:847
DB09112,1356,ON=O,P69905|P68871|P02144,,,PUBCHEM.COMPOUND:23668193,,
DB01144,1357,NS(=O)(=O)C1=CC(=C(Cl)C(Cl)=C1)S(N)(=O)=O,P00918|P00915|P22748|P43166|P07451,,,PUBCHEM.COMPOUND:3038,DOID:0060262|DOID:0110741|DOID:0110742|DOID:0110743|DOID:0110744|DOID:0110745|DOID:0110746|DOID:0110747|DOID:0110748|DOID:0110749|DOID:0110750|DOID:0110751|DOID:0110752|DOID:0110753|DOID:0110754|DOID:0110755|DOID:0110756|DOID:0110757|DOID:0110758|DOID:0110759|DOID:0110760|DOID:0110761|DOID:10493|DOID:1067|DOID:10952|DOID:13189|DOID:13550|DOID:13774|DOID:1405|DOID:14219|DOID:1425|DOID:14445|DOID:2527|DOID:2921|DOID:3650|DOID:409|DOID:557|DOID:74|DOID:9351|DOID:9352|DOID:9744,NCBIGENE:760|NCBIGENE:762|NCBIGENE:763|NCBIGENE:766|NCBIGENE:768
DB00594,1358,NC(=N)NC(=O)C1=NC(Cl)=C(N)N=C1N,P37088|P51168|P51170|P51172|P19801|Q16515|P78348|P19634|P00749,,,PUBCHEM.COMPOUND:16231,DOID:0060262|DOID:10763|DOID:10825|DOID:10952|DOID:12550|DOID:13189|DOID:13413|DOID:13543|DOID:1425|DOID:1837|DOID:1920|DOID:2383|DOID:2527|DOID:2913|DOID:2921|DOID:2983|DOID:3341|DOID:3650|DOID:409|DOID:4500|DOID:4989|DOID:557|DOID:6000|DOID:9074|DOID:9351,
DB00384,1359,NC1=NC(N)=C2N=C(C(N)=NC2=N1)C1=CC=CC=C1,P51170|P37088|P51168|P51172,,,PUBCHEM.COMPOUND:5546,DOID:0060262|DOID:0110741|DOID:0110742|DOID:0110743|DOID:0110744|DOID:0110745|DOID:0110746|DOID:0110747|DOID:0110748|DOID:0110749|DOID:0110750|DOID:0110751|DOID:0110752|DOID:0110753|DOID:0110754|DOID:0110755|DOID:0110756|DOID:0110757|DOID:0110758|DOID:0110759|DOID:0110760|DOID:0110761|DOID:10763|DOID:10825|DOID:10952|DOID:12550|DOID:12678|DOID:12679|DOID:13189|DOID:13413|DOID:13543|DOID:14026|DOID:1425|DOID:1837|DOID:1920|DOID:2383|DOID:2485|DOID:2527|DOID:2913|DOID:2921|DOID:2983|DOID:3341|DOID:3650|DOID:409|DOID:4989|DOID:557|DOID:580|DOID:585|DOID:6000|DOID:9074|DOID:9351|DOID:9352|DOID:9744,NCBIGENE:6337|NCBIGENE:6338|NCBIGENE:6339|NCBIGENE:6340
DB01143,1360,NCCCNCCSP(O)(O)=O,P10696,P05186,P05186,PUBCHEM.COMPOUND:2141,DOID:12678|DOID:12679|DOID:13003|DOID:224|DOID:2485|DOID:3393|DOID:3526|DOID:6713,NCBIGENE:251|NCBIGENE:5167|NCBIGENE:7157
DB00922,1361,C[C@@H]1CC(=O)NN=C1C1=CC=C(NN=C(C#N)C#N)C=C1,P63316|Q14654|Q15842|Q14432,,,PUBCHEM.COMPOUND:3033825,DOID:6000,NCBIGENE:3764|NCBIGENE:3767|NCBIGENE:4879|NCBIGENE:5139|NCBIGENE:7134
DB01612,1362,CCCCCON=O,P16066,P05091,P05091,PUBCHEM.COMPOUND:10026,DOID:10783|DOID:11459|DOID:12451|DOID:1686|DOID:2355|DOID:2361|DOID:9428,NCBIGENE:4881
DB09279,1363,CCCCC1=NC(C)=C(CC(=S)N(C)C)C(=O)N1CC1=CC=C(C=C1)C1=C(C=CC=C1)C1=NN=NN1,P30556,,,PUBCHEM.COMPOUND:9870652,DOID:10763|DOID:10825,
DB08822,1364,CCOC1=NC2=C(N1CC1=CC=C(C=C1)C1=CC=CC=C1C1=NOC(=O)N1)C(=CC=C2)C(=O)OCC1=C(C)OC(=O)O1,P30556,P11712|P10632|P20813,P11712|P10632|P20813,PUBCHEM.COMPOUND:11238823,DOID:10763|DOID:10825|DOID:2972,NCBIGENE:186
DB00413,1365,CCCN[C@H]1CCC2=C(C1)SC(N)=N2,P35462|P14416|P21917|P08908|P08913,,,PUBCHEM.COMPOUND:119570,DOID:0050425|DOID:0050848|DOID:0060215|DOID:0060731|DOID:0060891|DOID:0060895|DOID:0060896|DOID:10588|DOID:10952|DOID:11328|DOID:1425|DOID:14330|DOID:1909|DOID:2527|DOID:2921|DOID:331|DOID:5418|DOID:543|DOID:557|DOID:8923|DOID:8986,
DB00435,1366,[N]=O,P33402|P04731|P14902|P29474,,,PUBCHEM.COMPOUND:145068,DOID:10783|DOID:12451|DOID:13042|DOID:14557|DOID:6000|DOID:6432,NCBIGENE:1392|NCBIGENE:1401|NCBIGENE:142|NCBIGENE:1435|NCBIGENE:1448|NCBIGENE:1490|NCBIGENE:1756|NCBIGENE:183|NCBIGENE:1906|NCBIGENE:1909|NCBIGENE:1910|NCBIGENE:1956|NCBIGENE:1958|NCBIGENE:213|NCBIGENE:2147|NCBIGENE:2152|NCBIGENE:2155|NCBIGENE:2290|NCBIGENE:2308|NCBIGENE:231|NCBIGENE:2353|NCBIGENE:25828|NCBIGENE:2752|NCBIGENE:2920|NCBIGENE:2982|NCBIGENE:2983|NCBIGENE:2984|NCBIGENE:2986|NCBIGENE:3000|NCBIGENE:3122|NCBIGENE:3162|NCBIGENE:3320|NCBIGENE:3383|NCBIGENE:3458|NCBIGENE:3553|NCBIGENE:3567|NCBIGENE:3576|NCBIGENE:3586|NCBIGENE:359|NCBIGENE:3627|NCBIGENE:3667|NCBIGENE:3752|NCBIGENE:3827|NCBIGENE:4312|NCBIGENE:4313|NCBIGENE:4322|NCBIGENE:472|NCBIGENE:4780|NCBIGENE:4843|NCBIGENE:4846|NCBIGENE:4881|NCBIGENE:4882|NCBIGENE:4893|NCBIGENE:4953|NCBIGENE:4968|NCBIGENE:5268|NCBIGENE:54205|NCBIGENE:5592|NCBIGENE:5594|NCBIGENE:5595|NCBIGENE:5743|NCBIGENE:627|NCBIGENE:6403|NCBIGENE:6517|NCBIGENE:6647|NCBIGENE:6915|NCBIGENE:7076|NCBIGENE:7124|NCBIGENE:7157|NCBIGENE:7295|NCBIGENE:7432|NCBIGENE:836|NCBIGENE:840|NCBIGENE:841|NCBIGENE:847|NCBIGENE:857|NCBIGENE:859|NCBIGENE:8651|NCBIGENE:89822|NCBIGENE:9360|NCBIGENE:940|NCBIGENE:9407|NCBIGENE:973
DB00703,1367,CN1N=C(S\C1=N\C(C)=O)S(N)(=O)=O,P00915|P22748|P00918|P43166|P07451,,,PUBCHEM.COMPOUND:4100,DOID:0060262|DOID:0110741|DOID:0110742|DOID:0110743|DOID:0110744|DOID:0110745|DOID:0110746|DOID:0110747|DOID:0110748|DOID:0110749|DOID:0110750|DOID:0110751|DOID:0110752|DOID:0110753|DOID:0110754|DOID:0110755|DOID:0110756|DOID:0110757|DOID:0110758|DOID:0110759|DOID:0110760|DOID:0110761|DOID:10493|DOID:1067|DOID:10952|DOID:13189|DOID:13550|DOID:13774|DOID:1405|DOID:14219|DOID:1425|DOID:14445|DOID:2527|DOID:2921|DOID:3650|DOID:409|DOID:557|DOID:74|DOID:9351|DOID:9352|DOID:9744,NCBIGENE:377677|NCBIGENE:760|NCBIGENE:761|NCBIGENE:762|NCBIGENE:763|NCBIGENE:766|NCBIGENE:768|NCBIGENE:771
DB01113,1368,COC1=C(OC)C=C(CC2=NC=CC3=CC(OC)=C(OC)C=C23)C=C1,Q07343|Q9Y233,,,PUBCHEM.COMPOUND:4680,DOID:0060262|DOID:11847|DOID:1686|DOID:224|DOID:2316|DOID:3393|DOID:3669|DOID:409|DOID:5844|DOID:5854|DOID:9408,NCBIGENE:100463486|NCBIGENE:100996758|NCBIGENE:10316|NCBIGENE:105379861|NCBIGENE:10563|NCBIGENE:10636|NCBIGENE:107|NCBIGENE:108|NCBIGENE:1080|NCBIGENE:10803|NCBIGENE:10846|NCBIGENE:10850|NCBIGENE:10874|NCBIGENE:109|NCBIGENE:111|NCBIGENE:112|NCBIGENE:11251|NCBIGENE:11255|NCBIGENE:1132|NCBIGENE:114|NCBIGENE:115|NCBIGENE:1230|NCBIGENE:1232|NCBIGENE:1233|NCBIGENE:1234|NCBIGENE:1236|NCBIGENE:1237|NCBIGENE:1269|NCBIGENE:129521|NCBIGENE:150|NCBIGENE:152|NCBIGENE:165140|NCBIGENE:1813|NCBIGENE:1814|NCBIGENE:1815|NCBIGENE:183|NCBIGENE:186|NCBIGENE:1901|NCBIGENE:196883|NCBIGENE:2359|NCBIGENE:256933|NCBIGENE:2587|NCBIGENE:259285|NCBIGENE:259286|NCBIGENE:259287|NCBIGENE:259289|NCBIGENE:259290|NCBIGENE:259292|NCBIGENE:259293|NCBIGENE:259294|NCBIGENE:259295|NCBIGENE:259296|NCBIGENE:27199|NCBIGENE:2770|NCBIGENE:2771|NCBIGENE:2773|NCBIGENE:2826|NCBIGENE:2831|NCBIGENE:2832|NCBIGENE:2833|NCBIGENE:283869|NCBIGENE:2841|NCBIGENE:2847|NCBIGENE:2912|NCBIGENE:2913|NCBIGENE:2916|NCBIGENE:2917|NCBIGENE:2918|NCBIGENE:2919|NCBIGENE:2920|NCBIGENE:2921|NCBIGENE:3350|NCBIGENE:3351|NCBIGENE:3354|NCBIGENE:3355|NCBIGENE:3361|NCBIGENE:338398|NCBIGENE:338442|NCBIGENE:339403|NCBIGENE:346562|NCBIGENE:351|NCBIGENE:3576|NCBIGENE:3577|NCBIGENE:3579|NCBIGENE:3627|NCBIGENE:3757|NCBIGENE:3827|NCBIGENE:4283|NCBIGENE:4543|NCBIGENE:4544|NCBIGENE:4886|NCBIGENE:4887|NCBIGENE:4985|NCBIGENE:4986|NCBIGENE:4987|NCBIGENE:4988|NCBIGENE:5020|NCBIGENE:5030|NCBIGENE:50831|NCBIGENE:50832|NCBIGENE:50833|NCBIGENE:50834|NCBIGENE:50835|NCBIGENE:50836|NCBIGENE:50837|NCBIGENE:50838|NCBIGENE:50839|NCBIGENE:50840|NCBIGENE:50865|NCBIGENE:51083|NCBIGENE:51289|NCBIGENE:5142|NCBIGENE:5144|NCBIGENE:5179|NCBIGENE:53637|NCBIGENE:5367|NCBIGENE:5368|NCBIGENE:53829|NCBIGENE:54331|NCBIGENE:54429|NCBIGENE:5473|NCBIGENE:5540|NCBIGENE:56477|NCBIGENE:56670|NCBIGENE:56923|NCBIGENE:5697|NCBIGENE:57007|NCBIGENE:57121|NCBIGENE:5726|NCBIGENE:5733|NCBIGENE:57413|NCBIGENE:58191|NCBIGENE:59340|NCBIGENE:5972|NCBIGENE:5996|NCBIGENE:5999|NCBIGENE:6000|NCBIGENE:6001|NCBIGENE:623|NCBIGENE:6363|NCBIGENE:6364|NCBIGENE:6366|NCBIGENE:6370|NCBIGENE:6372|NCBIGENE:6373|NCBIGENE:6374|NCBIGENE:6387|NCBIGENE:643|NCBIGENE:64407|NCBIGENE:64805|NCBIGENE:6750|NCBIGENE:6751|NCBIGENE:6752|NCBIGENE:6754|NCBIGENE:6755|NCBIGENE:718|NCBIGENE:719|NCBIGENE:727|NCBIGENE:728|NCBIGENE:729230|NCBIGENE:7852|NCBIGENE:84539|NCBIGENE:846|NCBIGENE:8484|NCBIGENE:8601|NCBIGENE:8654|NCBIGENE:8698|NCBIGENE:8811|NCBIGENE:8843|NCBIGENE:9294|NCBIGENE:9628|NCBIGENE:9934
DB01611,1369,CCN(CCO)CCCC(C)NC1=C2C=CC(Cl)=CC2=NC=C1,Q9NYK1|Q9NR96|Q9BYF1,P08684|P10635|P10632,P08684|P10635|P10632,PUBCHEM.COMPOUND:3652,DOID:0050590|DOID:0050741|DOID:0060262|DOID:1227|DOID:12919|DOID:12978|DOID:12987|DOID:13268|DOID:14067|DOID:1432|DOID:1574|DOID:2355|DOID:2361|DOID:2747|DOID:2749|DOID:2862|DOID:3612|DOID:409|DOID:4398|DOID:5614|DOID:5679|DOID:7148|DOID:8857|DOID:8893|DOID:9074|DOID:9088|DOID:9266|DOID:9335|DOID:9870,NCBIGENE:51284|NCBIGENE:54106|NCBIGENE:5598|NCBIGENE:836
DB11730,1370,CN(C)C(=O)C1=CC2=CN=C(NC3=CC=C(C=N3)N3CCNCC3)N=C2N1C1CCCC1,P11802|Q00534,P08684,P08684,PUBCHEM.COMPOUND:44631912,,
DB01299,1371,COC1=NC=NC(NS(=O)(=O)C2=CC=C(N)C=C2)=C1OC,Q27738|P13922,,,PUBCHEM.COMPOUND:17134,DOID:0050590|DOID:0060262|DOID:10952|DOID:1227|DOID:12449|DOID:12987|DOID:13268|DOID:14026|DOID:1425|DOID:1588|DOID:1826|DOID:2355|DOID:2361|DOID:2527|DOID:2747|DOID:2749|DOID:2862|DOID:2921|DOID:409|DOID:557|DOID:9266|DOID:9870,NCBIGENE:1719|NCBIGENE:4129
DB08811,1372,CCC1C2=CC(OC)=C(OC)C=C2C(=NN=C1C)C1=CC(OC)=C(OC)C=C1,P27815|Q9Y233|Q14432|O00408,P08684,P08684,PUBCHEM.COMPOUND:5502,,NCBIGENE:10846|NCBIGENE:5138|NCBIGENE:5139
DB00150,1373,N[C@@H](CC1=CNC2=C1C=CC=C2)C(O)=O,P23381|P00953|Q9UGM6,,,PUBCHEM.COMPOUND:6305,DOID:12139|DOID:1470|DOID:1595|DOID:1596|DOID:2848|DOID:417|DOID:4964|DOID:5419|DOID:6688|DOID:9074|DOID:9281|DOID:998,NCBIGENE:10197|NCBIGENE:10213|NCBIGENE:10352|NCBIGENE:10952|NCBIGENE:1128|NCBIGENE:1132|NCBIGENE:117247|NCBIGENE:121278|NCBIGENE:122706|NCBIGENE:125061|NCBIGENE:1392|NCBIGENE:143471|NCBIGENE:1520|NCBIGENE:1610|NCBIGENE:169355|NCBIGENE:23019|NCBIGENE:23198|NCBIGENE:23428|NCBIGENE:27161|NCBIGENE:2923|NCBIGENE:29927|NCBIGENE:3106|NCBIGENE:3107|NCBIGENE:340024|NCBIGENE:4012|NCBIGENE:51752|NCBIGENE:55176|NCBIGENE:55748|NCBIGENE:567|NCBIGENE:5682|NCBIGENE:5684|NCBIGENE:5685|NCBIGENE:5686|NCBIGENE:5687|NCBIGENE:5688|NCBIGENE:5689|NCBIGENE:5690|NCBIGENE:5692|NCBIGENE:5693|NCBIGENE:5694|NCBIGENE:5695|NCBIGENE:5699|NCBIGENE:5700|NCBIGENE:5704|NCBIGENE:5705|NCBIGENE:5706|NCBIGENE:5707|NCBIGENE:5708|NCBIGENE:5709|NCBIGENE:5710|NCBIGENE:5711|NCBIGENE:5713|NCBIGENE:5714|NCBIGENE:5715|NCBIGENE:5716|NCBIGENE:5717|NCBIGENE:5718|NCBIGENE:5720|NCBIGENE:5721|NCBIGENE:6233|NCBIGENE:64167|NCBIGENE:642|NCBIGENE:64968|NCBIGENE:6520|NCBIGENE:6999|NCBIGENE:7166|NCBIGENE:7174|NCBIGENE:7311|NCBIGENE:7314|NCBIGENE:7453|NCBIGENE:79017|NCBIGENE:811|NCBIGENE:8140|NCBIGENE:8932|NCBIGENE:9125|NCBIGENE:9520
DB09185,1374,CCOC1=CC=CC=C1OCC1CNCCO1,P23975|P41595|P28335|P35368|P07550|P35367|P25021|P11229|P08172|P20309|P08173|P21397|P27338,P10635|O60656|P54855|P05177|P20813|P08684|P20815,P10635|O60656|P54855|P05177|P20813|P08684|P20815,PUBCHEM.COMPOUND:5666,DOID:8986,NCBIGENE:6530
DB00837,1375,OC(=N)CCCN=C(C1=CC=C(Cl)C=C1)C1=C(O)C=CC(F)=C1,P14867|Q9UBS5,,,PUBCHEM.COMPOUND:5361323,,NCBIGENE:2550
DB01117,1376,OC1=C([C@H]2CC[C@@H](CC2)C2=CC=C(Cl)C=C2)C(=O)C2=CC=CC=C2C1=O,Q02768|Q08210|Q02127,P11712|P08684,P11712|P08684,PUBCHEM.COMPOUND:74989,DOID:0060262|DOID:14067|DOID:409|DOID:4195,NCBIGENE:1723|NCBIGENE:4519
DB11699,1377,[H][C@]12CC[C@]([H])(C[C@@]([H])(C1)OC(=O)C1=CNC3=CC=CC=C13)N2C,P46098,,,PUBCHEM.COMPOUND:656665,,
DB01063,1378,CC(=O)C1=CC=C2SC3=C(C=CC=C3)N(CCCN3CCN(CCO)CC3)C2=C1,P14416|P10275,,,PUBCHEM.COMPOUND:17676,DOID:0050590|DOID:0050741|DOID:0050841|DOID:0060262|DOID:11328|DOID:11847|DOID:1227|DOID:12700|DOID:12987|DOID:13206|DOID:13548|DOID:14221|DOID:1432|DOID:14464|DOID:1574|DOID:1588|DOID:1686|DOID:1826|DOID:2355|DOID:2361|DOID:2883|DOID:3393|DOID:409|DOID:4195|DOID:529|DOID:5418|DOID:5844|DOID:5854|DOID:615|DOID:679|DOID:9408|DOID:9854|DOID:9970,NCBIGENE:1813
DB01608,1379,OC1CCN(CCCN2C3=CC=CC=C3SC3=C2C=C(C=C3)C#N)CC1,P21728|P08913|P35368|P10275,,,PUBCHEM.COMPOUND:4747,,NCBIGENE:146|NCBIGENE:147|NCBIGENE:148|NCBIGENE:150
DB00664,1380,COC1=NC=CN=C1NS(=O)(=O)C1=CC=C(N)C=C1,Q27738,,,PUBCHEM.COMPOUND:9047,,NCBIGENE:130120
DB01599,1381,CC(C)(SC1=CC(=C(O)C(=C1)C(C)(C)C)C(C)(C)C)SC1=CC(=C(O)C(=C1)C(C)(C)C)C(C)(C)C,O95477|P23141,,,PUBCHEM.COMPOUND:4912,DOID:1168,NCBIGENE:1027|NCBIGENE:1066|NCBIGENE:1071|NCBIGENE:19|NCBIGENE:27329|NCBIGENE:2876|NCBIGENE:3162|NCBIGENE:335|NCBIGENE:336|NCBIGENE:338|NCBIGENE:3383|NCBIGENE:348|NCBIGENE:3757|NCBIGENE:4023|NCBIGENE:4597|NCBIGENE:6401|NCBIGENE:7412|NCBIGENE:8647|NCBIGENE:9382|NCBIGENE:949
DB00205,1382,CCC1=C(C(N)=NC(N)=N1)C1=CC=C(Cl)C=C1,P00374|P13922|P07686,P10632,P10632,PUBCHEM.COMPOUND:4993,DOID:0050590|DOID:0060262|DOID:10952|DOID:11079|DOID:11080|DOID:1227|DOID:12365|DOID:12449|DOID:12987|DOID:13268|DOID:14026|DOID:1425|DOID:1588|DOID:1826|DOID:2355|DOID:2361|DOID:2527|DOID:2747|DOID:2749|DOID:2862|DOID:2921|DOID:409|DOID:557|DOID:9266|DOID:9870|DOID:9965,NCBIGENE:1128|NCBIGENE:1559|NCBIGENE:1719|NCBIGENE:3074|NCBIGENE:3087|NCBIGENE:64146|NCBIGENE:6774|NCBIGENE:7298
DB08996,1383,CN(C)CCCN1C2=CC=CC=C2C(C)(C)C2=CC=CC=C12,P22303,,,PUBCHEM.COMPOUND:94280,,
DB02959,1384,N[C@@H](CC1=CNC2=C1C=C(O)C=C2)C(O)=O,Q9RVD6,,,PUBCHEM.COMPOUND:439280,,NCBIGENE:121278|NCBIGENE:15|NCBIGENE:169355|NCBIGENE:5617|NCBIGENE:7166|NCBIGENE:9407
DB09016,1385,CC(CC1C2=CC=CC=C2CCC3=CC=CC=C13)CN(C)C,P31645|P35367|P28223,,,PUBCHEM.COMPOUND:21772,DOID:12139|DOID:1470|DOID:1595|DOID:1596|DOID:2848|DOID:4964,
DB01622,1386,CN(C)S(=O)(=O)C1=CC2=C(SC3=CC=CC=C3N2CCCN2CCN(C)CC2)C=C1,P14416|P35348|P35368|P21728,,,PUBCHEM.COMPOUND:9429,,NCBIGENE:147|NCBIGENE:148|NCBIGENE:1813|NCBIGENE:1814|NCBIGENE:1815|NCBIGENE:3350
DB11633,1387,C[C@@H](C1=NC(=CS1)C1=CC=C(C=C1)C#N)[C@](O)(CN1C=NC=N1)C1=C(F)C=CC(F)=C1,P50859|Q12809|Q13936|P48051|Q92806|Q14654|P22460|Q9UK17|P51787|Q14524,P08684|P20815|P10632|P11712|P33261|P10635|P20813|O60656|Q9HAW9,P08684|P20815|P10632|P11712|P33261|P10635|P20813|O60656|Q9HAW9,,,
DB01656,1388,FC(F)OC1=C(OCC2CC2)C=C(C=C1)C(=O)NC1=C(Cl)C=NC=C1Cl,,P08684|P05177,P08684|P05177,PUBCHEM.COMPOUND:449193,DOID:12139|DOID:1470|DOID:1595|DOID:1596|DOID:2848|DOID:4964,NCBIGENE:1576|NCBIGENE:3605|NCBIGENE:4318|NCBIGENE:5139|NCBIGENE:5140|NCBIGENE:5142|NCBIGENE:5143|NCBIGENE:5144|NCBIGENE:5150|NCBIGENE:6530|NCBIGENE:8622
DB08895,1389,C[C@@H]1CCN(C[C@@H]1N(C)C1=NC=NC2=C1C=CN2)C(=O)CC#N,P23458|O60674|P52333|P29597,P08684|P33261,P08684|P33261,PUBCHEM.COMPOUND:9926791,DOID:7148,NCBIGENE:112744|NCBIGENE:142|NCBIGENE:3002|NCBIGENE:3600|NCBIGENE:3605|NCBIGENE:3716|NCBIGENE:3717|NCBIGENE:3718|NCBIGENE:5585|NCBIGENE:6772|NCBIGENE:6774|NCBIGENE:85443
DB11989,1390,[O-][N+](=O)C1=NC=CN1CC(=O)NCC1=CC=CC=C1,,,,PUBCHEM.COMPOUND:31593,DOID:10113,NCBIGENE:2936
DB01423,1391,CC(SC(=O)C1=CC=CS1)C(=O)NCC(O)=O,,,,PUBCHEM.COMPOUND:54120,,
DB01590,1392,[H][C@@]1(C[C@@H](C)[C@]2([H])CC(=O)[C@H](C)\C=C(C)\[C@@H](O)[C@@H](OC)C(=O)[C@H](C)C[C@H](C)\C=C\C=C\C=C(C)\[C@H](C[C@]3([H])CC[C@@H](C)[C@@](O)(O3)C(=O)C(=O)N3CCCC[C@@]3([H])C(=O)O2)OC)CC[C@@H](OCCO)[C@@H](C1)OC,P42345,P10635|P08684,P10635|P08684,PUBCHEM.COMPOUND:6442177,DOID:0050590|DOID:0060058|DOID:0060262|DOID:10772|DOID:10952|DOID:11482|DOID:1168|DOID:118|DOID:11875|DOID:1227|DOID:12554|DOID:12987|DOID:13515|DOID:1425|DOID:14323|DOID:1588|DOID:1612|DOID:162|DOID:1837|DOID:2355|DOID:2361|DOID:2527|DOID:2921|DOID:3082|DOID:3234|DOID:3459|DOID:409|DOID:4195|DOID:4450|DOID:4451|DOID:4464|DOID:4465|DOID:4467|DOID:4471|DOID:4473|DOID:4766|DOID:557|DOID:576|DOID:6000|DOID:615|DOID:758|DOID:8411|DOID:8675|DOID:9351|DOID:9637|DOID:9673,NCBIGENE:10018|NCBIGENE:1978|NCBIGENE:213|NCBIGENE:2475|NCBIGENE:3480|NCBIGENE:3916|NCBIGENE:4288|NCBIGENE:5925|NCBIGENE:6194|NCBIGENE:6198|NCBIGENE:7010|NCBIGENE:7157|NCBIGENE:836|NCBIGENE:8678
DB08908,1393,[H]\C(=C(\[H])C(=O)OC)C(=O)OC,Q14145|Q04206,,,PUBCHEM.COMPOUND:637568,DOID:2378,NCBIGENE:1728|NCBIGENE:3162|NCBIGENE:4843
DB09073,1394,CC(=O)C1=C(C)C2=CN=C(NC3=NC=C(C=C3)N3CCNCC3)N=C2N(C2CCCC2)C1=O,P11802|Q00534,P08684|Q06520,P08684|Q06520,PUBCHEM.COMPOUND:5330286,,NCBIGENE:1017|NCBIGENE:1019|NCBIGENE:1021|NCBIGENE:1030|NCBIGENE:1813|NCBIGENE:5925|NCBIGENE:595|NCBIGENE:7157|NCBIGENE:898
DB00120,1395,N[C@@H](CC1=CC=CC=C1)C(O)=O,P17735|Q9UHI5|Q9Y285|P00439|O95363|Q9NSD9|P07101,,,PUBCHEM.COMPOUND:6140,DOID:10952|DOID:11335|DOID:114|DOID:12678|DOID:12679|DOID:1287|DOID:13404|DOID:1425|DOID:2485|DOID:2527|DOID:2921|DOID:557|DOID:580|DOID:585|DOID:626|DOID:784|DOID:9281,NCBIGENE:10056|NCBIGENE:10197|NCBIGENE:10213|NCBIGENE:10952|NCBIGENE:117247|NCBIGENE:122706|NCBIGENE:125061|NCBIGENE:143471|NCBIGENE:1520|NCBIGENE:1990|NCBIGENE:2193|NCBIGENE:23198|NCBIGENE:23428|NCBIGENE:250|NCBIGENE:2644|NCBIGENE:2805|NCBIGENE:2806|NCBIGENE:2923|NCBIGENE:29927|NCBIGENE:3106|NCBIGENE:3107|NCBIGENE:340024|NCBIGENE:4012|NCBIGENE:4025|NCBIGENE:5020|NCBIGENE:5053|NCBIGENE:5092|NCBIGENE:51752|NCBIGENE:5315|NCBIGENE:551|NCBIGENE:55176|NCBIGENE:55748|NCBIGENE:56267|NCBIGENE:5652|NCBIGENE:567|NCBIGENE:5682|NCBIGENE:5684|NCBIGENE:5685|NCBIGENE:5686|NCBIGENE:5687|NCBIGENE:5688|NCBIGENE:5689|NCBIGENE:5690|NCBIGENE:5692|NCBIGENE:5693|NCBIGENE:5694|NCBIGENE:5695|NCBIGENE:5699|NCBIGENE:5700|NCBIGENE:5704|NCBIGENE:5705|NCBIGENE:5706|NCBIGENE:5707|NCBIGENE:5708|NCBIGENE:5709|NCBIGENE:5710|NCBIGENE:5711|NCBIGENE:5713|NCBIGENE:5714|NCBIGENE:5715|NCBIGENE:5716|NCBIGENE:5717|NCBIGENE:5718|NCBIGENE:5720|NCBIGENE:5721|NCBIGENE:5805|NCBIGENE:5817|NCBIGENE:5860|NCBIGENE:6228|NCBIGENE:6233|NCBIGENE:64167|NCBIGENE:642|NCBIGENE:6520|NCBIGENE:6898|NCBIGENE:7054|NCBIGENE:7174|NCBIGENE:7284|NCBIGENE:7311|NCBIGENE:7314|NCBIGENE:760|NCBIGENE:79017|NCBIGENE:811|NCBIGENE:8140|NCBIGENE:8288|NCBIGENE:8501|NCBIGENE:9455|NCBIGENE:9456|NCBIGENE:9520|NCBIGENE:9588
DB00260,1396,N[C@@H]1CONC1=O,P0A6J8|Q9L888,P20711,P20711,PUBCHEM.COMPOUND:6234,DOID:0050741|DOID:10952|DOID:11328|DOID:12139|DOID:13382|DOID:1425|DOID:1470|DOID:1574|DOID:1595|DOID:1596|DOID:1826|DOID:2527|DOID:2848|DOID:2921|DOID:2957|DOID:4964|DOID:5418|DOID:557|DOID:8955|DOID:9534,NCBIGENE:116443|NCBIGENE:116444|NCBIGENE:2353|NCBIGENE:2902|NCBIGENE:2905|NCBIGENE:2906
DB01598,1397,[H][C@]12CC(SCC\N=C\N)=C(N1C(=O)[C@]2([H])[C@@H](C)O)C(O)=O,P0AD65|P02919|P02918|P42971|P72355|P52664,P16444|P0AD63|P62593|Q93LQ9,P16444|P0AD63|P62593|Q93LQ9,PUBCHEM.COMPOUND:104838,DOID:1002|DOID:10952|DOID:1425|DOID:1826|DOID:2527|DOID:2921|DOID:381|DOID:4562|DOID:557|DOID:813|DOID:874,NCBIGENE:57124
DB01613,1398,[O-][N+](=O)OC[C@@H](O[N+]([O-])=O)[C@H](CO[N+]([O-])=O)O[N+]([O-])=O,P16066|P20594,,,PUBCHEM.COMPOUND:5284553,,NCBIGENE:4881|NCBIGENE:4882
DB09290,1399,CN1C=C(C(=O)[C@@H]2CCC3=C(C2)N=CN3)C2=C1C=CC=C2,P46098,P05177,P05177,PUBCHEM.COMPOUND:108000,,
DB09272,1400,COC1=CC=C(CN([C@@H](C)C2=NC(=CN2)C2=CC=CC=C2)C(=O)[C@@H](N)CC2=C(C)C=C(C=C2C)C(N)=O)C=C1C(O)=O,P35372|P41143|P41145,,,PUBCHEM.COMPOUND:11250029,,NCBIGENE:4985|NCBIGENE:4986|NCBIGENE:4988
DB01032,1401,CCCN(CCC)S(=O)(=O)C1=CC=C(C=C1)C(O)=O,Q4U2R8|Q9NSA0|Q8TCC7|Q96RD7|Q9NYV7,P10632|P08684|P22309|P11712,P10632|P08684|P22309|P11712,PUBCHEM.COMPOUND:4911,DOID:0050590|DOID:1029|DOID:10952|DOID:1227|DOID:12449|DOID:12987|DOID:13189|DOID:13250|DOID:1425|DOID:1588|DOID:1920|DOID:2527|DOID:2921|DOID:423|DOID:557|DOID:615|DOID:7327|DOID:74|DOID:750|DOID:8568,NCBIGENE:10257|NCBIGENE:116085|NCBIGENE:1244|NCBIGENE:1557|NCBIGENE:1559|NCBIGENE:160728|NCBIGENE:1811|NCBIGENE:24145|NCBIGENE:4363|NCBIGENE:4942|NCBIGENE:50833|NCBIGENE:51081|NCBIGENE:55867|NCBIGENE:56172|NCBIGENE:5726|NCBIGENE:7040|NCBIGENE:9356|NCBIGENE:9376
DB08824,1402,[H][C@]12CC[C@]([H])([C@H]([C@H](C1)C1=CC=C([123I])C=C1)C(=O)OC)N2CCCF,,,,PUBCHEM.COMPOUND:3086674,,
DB06709,1403,CC(C[N+](C)(C)C)OC(C)=O,P20309|P08172|P11229|P08173|P08912,,,PUBCHEM.COMPOUND:1993,DOID:0060262|DOID:10772|DOID:10952|DOID:11249|DOID:114|DOID:11963|DOID:12176|DOID:12361|DOID:1247|DOID:1287|DOID:13976|DOID:1425|DOID:1826|DOID:1837|DOID:2215|DOID:2216|DOID:2236|DOID:2355|DOID:2361|DOID:2527|DOID:2921|DOID:4029|DOID:409|DOID:50|DOID:5200|DOID:557|DOID:750|DOID:7997|DOID:7998|DOID:8534|DOID:9351,NCBIGENE:1128|NCBIGENE:1131|NCBIGENE:2847
DB00699,1404,[H][C@@]12CC3=CN(C)C4=CC=CC(=C34)[C@]1(C[C@@H](COC(=O)C1=CN=CC(Br)=C1)CN2C)OC,P35348,P10635,P10635,PUBCHEM.COMPOUND:34040,,NCBIGENE:148
DB06217,1405,COC1=C(OC)C=C(CCO[C@@H]2CCCC[C@H]2N2CC[C@@H](O)C2)C=C1,Q14524|P22460|Q9UK17|Q12809,P10635,P10635,PUBCHEM.COMPOUND:9930049,DOID:0060224,
DB01107,1406,CCC1(CC)C(=O)NCC(C)C1=O,P14867,,,PUBCHEM.COMPOUND:4162,,
DB01228,1407,COC1=CC=C(C=C1)C(=O)NC1=CC=CC=C1CCC1CCCCN1C,Q14524,P10635,P10635,PUBCHEM.COMPOUND:48041,,
DB00336,1408,NC(=O)N\N=C\C1=CC=C(O1)[N+]([O-])=O,P06715,P47989,P47989,PUBCHEM.COMPOUND:5447130,DOID:1210|DOID:12123|DOID:13603|DOID:1389|DOID:1837|DOID:2237|DOID:2747|DOID:2749|DOID:2797|DOID:2862|DOID:2983|DOID:3082|DOID:3770|DOID:574|DOID:870|DOID:9266|DOID:9351|DOID:9741|DOID:9870,NCBIGENE:389434
DB00740,1409,NC1=NC2=C(S1)C=C(OC(F)(F)F)C=C2,Q14524|Q9UPY5,P04798|P05177,P04798|P05177,PUBCHEM.COMPOUND:5070,DOID:0050590|DOID:0050741|DOID:1227|DOID:12987|DOID:1574|DOID:2739|DOID:2741|DOID:3082|DOID:318|DOID:332,NCBIGENE:1544|NCBIGENE:23657|NCBIGENE:2668|NCBIGENE:3297|NCBIGENE:3752|NCBIGENE:3776|NCBIGENE:4087|NCBIGENE:4133|NCBIGENE:4803|NCBIGENE:54795|NCBIGENE:627|NCBIGENE:6334|NCBIGENE:64332|NCBIGENE:6505|NCBIGENE:7224|NCBIGENE:836|NCBIGENE:841
DB01303,1410,C[N+](C)(C)CCO.CN1C2=C([N-]C=N2)C(=O)N(C)C1=O,Q14432|P27815|P29274|P30542|Q92769,P05177,P05177,PUBCHEM.COMPOUND:656652,,
DB05219,1411,OB1OCC2=C1C=CC(OC1=CC=C(C=C1)C#N)=C2,P27815|Q07343|Q08493|Q08499,P20813|P10632|P11712,P20813|P10632|P11712,PUBCHEM.COMPOUND:44591583,DOID:3310,
DB09102,1412,COC(=O)N[C@@H](C(C)C)C(=O)N1CCC[C@H]1C1=NC=C(N1)C1=CC=C(C=C1)C1=CC=C(C=C1)C1=CN=C(N1)[C@@H]1CCCN1C(=O)[C@@H](NC(=O)OC)C(C)C,Q5L478,P20815|P08684|Q9HB55|P24462,P20815|P08684|Q9HB55|P24462,PUBCHEM.COMPOUND:25154714,DOID:1883,
DB12001,1413,CCN1CCN(CC2=CC=C(NC3=NC=C(F)C(=N3)C3=CC(F)=C4N=C(C)N(C(C)C)C4=C3)N=C2)CC1,P11802|Q00534,P08684|P05177|P20813|P10632|P11712|P10635,P08684|P05177|P20813|P10632|P11712|P10635,PUBCHEM.COMPOUND:46220502,,NCBIGENE:1019
DB12070,1414,COC1=CC=CC(=C1)N1CCN(CC1)C1=NC2=C(C=CC=C2F)[C@H](CC(O)=O)N1C1=CC(=CC=C1OC)C(F)(F)F,,P22309|P35503|P10635|P10632|P11712|P33261|P20813,P22309|P35503|P10635|P10632|P11712|P33261|P20813,,,
DB00592,1415,C1CNCCN1,P28472,P10635,P10635,PUBCHEM.COMPOUND:4837,DOID:0060262|DOID:10952|DOID:1425|DOID:1826|DOID:2527|DOID:2921|DOID:409|DOID:557,
DB01412,1416,CN1C=NC2=C1C(=O)NC(=O)N2C,P30542|P29274|Q07343,,,PUBCHEM.COMPOUND:5429,,NCBIGENE:1544|NCBIGENE:5142|NCBIGENE:7498
DB01685,1417,N#CC1=NC=CC(=C1)C1=NNC(=N1)C1=CC=NC=C1,P47989,P10632|P11712|P04798|P08684|P33261|O60656,P10632|P11712|P04798|P08684|P33261|O60656,PUBCHEM.COMPOUND:5288320,DOID:13189|DOID:1920,NCBIGENE:316|NCBIGENE:7498
DB01094,1418,COC1=C(O)C=C(C=C1)[C@@H]1CC(=O)C2=C(O)C=C(O)C=C2O1,P55157|P35610|P04278|O75908,P05177,P05177,PUBCHEM.COMPOUND:72281,,NCBIGENE:1017|NCBIGENE:1019|NCBIGENE:4851|NCBIGENE:5468|NCBIGENE:6646|NCBIGENE:8435|NCBIGENE:847|NCBIGENE:9407
DB01058,1419,O=C(C1CCCCC1)N1CC2N(CCC3=CC=CC=C23)C(=O)C1,,P05177|P33261|P08684|P20815,P05177|P33261|P08684|P20815,PUBCHEM.COMPOUND:4891,DOID:0060262|DOID:114|DOID:1287|DOID:13768|DOID:1826|DOID:409|DOID:7457|DOID:9784,
DB04835,1420,CC(C)C1=NN=C(C)N1[C@H]1C[C@@H]2CC[C@H](C1)N2CC[C@H](NC(=O)C1CCC(F)(F)CC1)C1=CC=CC=C1,P51681,P08684,P08684,PUBCHEM.COMPOUND:3002977,DOID:0060262|DOID:10952|DOID:11847|DOID:1425|DOID:1883|DOID:2043|DOID:2527|DOID:2921|DOID:3393|DOID:409|DOID:557|DOID:5844|DOID:5854|DOID:784|DOID:9408,NCBIGENE:1234|NCBIGENE:1576
DB00300,1421,[H][C@@](C)(CN1C=NC2=C(N)N=CN=C12)OCP(=O)(OCOC(=O)OC(C)C)OCOC(=O)OC(C)C,Q72547|P24024,,,PUBCHEM.COMPOUND:5481350,DOID:0060262|DOID:10573|DOID:10609|DOID:1062|DOID:10952|DOID:12139|DOID:1229|DOID:1425|DOID:1470|DOID:1595|DOID:1596|DOID:1826|DOID:1883|DOID:2043|DOID:2527|DOID:2848|DOID:2921|DOID:3312|DOID:3650|DOID:409|DOID:4964|DOID:526|DOID:557|DOID:635|DOID:778|DOID:9452|DOID:9970,NCBIGENE:5741
DB00730,1422,N1C2=CC=CC=C2N=C1C1=CSC=N1,P00363,P05177|P04798,P05177|P04798,PUBCHEM.COMPOUND:5430,DOID:10952|DOID:1252|DOID:1425|DOID:2527|DOID:2921|DOID:557|DOID:7457|DOID:9784,NCBIGENE:1544|NCBIGENE:1559|NCBIGENE:6390|NCBIGENE:6391|NCBIGENE:6392|NCBIGENE:6571|NCBIGENE:8856
DB03128,1423,CC(=O)OCC[N+](C)(C)C,P11229|P08172|P20309|P08173|P36544,,,PUBCHEM.COMPOUND:187,,NCBIGENE:100463486|NCBIGENE:100996758|NCBIGENE:1020|NCBIGENE:10316|NCBIGENE:105379861|NCBIGENE:10563|NCBIGENE:10636|NCBIGENE:107|NCBIGENE:108|NCBIGENE:10803|NCBIGENE:10815|NCBIGENE:10850|NCBIGENE:10874|NCBIGENE:10886|NCBIGENE:10887|NCBIGENE:109|NCBIGENE:1103|NCBIGENE:111|NCBIGENE:112|NCBIGENE:11251|NCBIGENE:11255|NCBIGENE:1128|NCBIGENE:1131|NCBIGENE:1132|NCBIGENE:1133|NCBIGENE:1134|NCBIGENE:1135|NCBIGENE:1136|NCBIGENE:1137|NCBIGENE:1138|NCBIGENE:1139|NCBIGENE:114|NCBIGENE:1141|NCBIGENE:1142|NCBIGENE:1143|NCBIGENE:1144|NCBIGENE:1145|NCBIGENE:115|NCBIGENE:115557|NCBIGENE:1230|NCBIGENE:1232|NCBIGENE:1233|NCBIGENE:1234|NCBIGENE:1236|NCBIGENE:1237|NCBIGENE:1269|NCBIGENE:126969|NCBIGENE:128674|NCBIGENE:129521|NCBIGENE:1392|NCBIGENE:1437|NCBIGENE:146|NCBIGENE:147|NCBIGENE:148|NCBIGENE:150|NCBIGENE:152|NCBIGENE:156|NCBIGENE:162466|NCBIGENE:165140|NCBIGENE:1813|NCBIGENE:1814|NCBIGENE:1815|NCBIGENE:183|NCBIGENE:186|NCBIGENE:1901|NCBIGENE:1906|NCBIGENE:1907|NCBIGENE:1908|NCBIGENE:1909|NCBIGENE:1910|NCBIGENE:196883|NCBIGENE:204962|NCBIGENE:2149|NCBIGENE:2150|NCBIGENE:2151|NCBIGENE:2220|NCBIGENE:222545|NCBIGENE:22999|NCBIGENE:23236|NCBIGENE:23446|NCBIGENE:2359|NCBIGENE:23620|NCBIGENE:2520|NCBIGENE:256933|NCBIGENE:257313|NCBIGENE:2587|NCBIGENE:259232|NCBIGENE:259285|NCBIGENE:259286|NCBIGENE:259287|NCBIGENE:259289|NCBIGENE:259290|NCBIGENE:259292|NCBIGENE:259293|NCBIGENE:259294|NCBIGENE:259295|NCBIGENE:259296|NCBIGENE:2641|NCBIGENE:2642|NCBIGENE:2693|NCBIGENE:27199|NCBIGENE:27334|NCBIGENE:2767|NCBIGENE:2769|NCBIGENE:2770|NCBIGENE:2771|NCBIGENE:2773|NCBIGENE:2776|NCBIGENE:2792|NCBIGENE:2796|NCBIGENE:2797|NCBIGENE:2798|NCBIGENE:2826|NCBIGENE:2828|NCBIGENE:2829|NCBIGENE:2831|NCBIGENE:2832|NCBIGENE:2833|NCBIGENE:2837|NCBIGENE:283869|NCBIGENE:2841|NCBIGENE:2847|NCBIGENE:2862|NCBIGENE:2864|NCBIGENE:2865|NCBIGENE:2869|NCBIGENE:2908|NCBIGENE:2912|NCBIGENE:2913|NCBIGENE:2915|NCBIGENE:2916|NCBIGENE:2917|NCBIGENE:2918|NCBIGENE:2919|NCBIGENE:2920|NCBIGENE:2921|NCBIGENE:2922|NCBIGENE:2925|NCBIGENE:29933|NCBIGENE:3060|NCBIGENE:3269|NCBIGENE:3350|NCBIGENE:3351|NCBIGENE:3354|NCBIGENE:3355|NCBIGENE:3357|NCBIGENE:3358|NCBIGENE:3361|NCBIGENE:3383|NCBIGENE:338398|NCBIGENE:338442|NCBIGENE:339403|NCBIGENE:346562|NCBIGENE:351|NCBIGENE:3567|NCBIGENE:3576|NCBIGENE:3577|NCBIGENE:3579|NCBIGENE:3627|NCBIGENE:375790|NCBIGENE:3760|NCBIGENE:3814|NCBIGENE:3827|NCBIGENE:4128|NCBIGENE:4283|NCBIGENE:4295|NCBIGENE:43|NCBIGENE:4543|NCBIGENE:4544|NCBIGENE:4828|NCBIGENE:4829|NCBIGENE:4843|NCBIGENE:4846|NCBIGENE:4886|NCBIGENE:4887|NCBIGENE:4922|NCBIGENE:4923|NCBIGENE:4985|NCBIGENE:4986|NCBIGENE:4987|NCBIGENE:4988|NCBIGENE:5020|NCBIGENE:5021|NCBIGENE:5028|NCBIGENE:5029|NCBIGENE:5030|NCBIGENE:5058|NCBIGENE:50831|NCBIGENE:50832|NCBIGENE:50833|NCBIGENE:50834|NCBIGENE:50835|NCBIGENE:50836|NCBIGENE:50837|NCBIGENE:50838|NCBIGENE:50839|NCBIGENE:50840|NCBIGENE:50865|NCBIGENE:51083|NCBIGENE:5122|NCBIGENE:51289|NCBIGENE:5179|NCBIGENE:5290|NCBIGENE:5330|NCBIGENE:5335|NCBIGENE:53637|NCBIGENE:5367|NCBIGENE:5368|NCBIGENE:53829|NCBIGENE:54331|NCBIGENE:54429|NCBIGENE:5468|NCBIGENE:5473|NCBIGENE:551|NCBIGENE:552|NCBIGENE:5540|NCBIGENE:56477|NCBIGENE:56670|NCBIGENE:56923|NCBIGENE:5697|NCBIGENE:57007|NCBIGENE:57105|NCBIGENE:57121|NCBIGENE:57152|NCBIGENE:57153|NCBIGENE:5726|NCBIGENE:5731|NCBIGENE:5733|NCBIGENE:5737|NCBIGENE:57413|NCBIGENE:58191|NCBIGENE:5864|NCBIGENE:590|NCBIGENE:59340|NCBIGENE:594857|NCBIGENE:5996|NCBIGENE:5997|NCBIGENE:5999|NCBIGENE:6000|NCBIGENE:6001|NCBIGENE:60482|NCBIGENE:60675|NCBIGENE:623|NCBIGENE:6363|NCBIGENE:6364|NCBIGENE:6366|NCBIGENE:6370|NCBIGENE:6372|NCBIGENE:6373|NCBIGENE:6374|NCBIGENE:6375|NCBIGENE:6387|NCBIGENE:64106|NCBIGENE:643|NCBIGENE:64407|NCBIGENE:64805|NCBIGENE:6531|NCBIGENE:6572|NCBIGENE:6616|NCBIGENE:6622|NCBIGENE:6750|NCBIGENE:6751|NCBIGENE:6752|NCBIGENE:6754|NCBIGENE:6755|NCBIGENE:6844|NCBIGENE:6846|NCBIGENE:6857|NCBIGENE:6863|NCBIGENE:6865|NCBIGENE:6869|NCBIGENE:6870|NCBIGENE:6915|NCBIGENE:7054|NCBIGENE:7075|NCBIGENE:718|NCBIGENE:719|NCBIGENE:7200|NCBIGENE:7204|NCBIGENE:727|NCBIGENE:728|NCBIGENE:729230|NCBIGENE:7293|NCBIGENE:7852|NCBIGENE:8111|NCBIGENE:84109|NCBIGENE:84432|NCBIGENE:84539|NCBIGENE:846|NCBIGENE:84634|NCBIGENE:8477|NCBIGENE:8484|NCBIGENE:8601|NCBIGENE:8620|NCBIGENE:8698|NCBIGENE:8811|NCBIGENE:8843|NCBIGENE:8851|NCBIGENE:886|NCBIGENE:887|NCBIGENE:8973|NCBIGENE:89832|NCBIGENE:8997|NCBIGENE:9002|NCBIGENE:9294|NCBIGENE:9407|NCBIGENE:94233|NCBIGENE:9628|NCBIGENE:9630|NCBIGENE:9934
DB01429,1424,CCN(CC)CCCN(C1CC2=CC=CC=C2C1)C1=CC=CC=C1,Q14524|P0DP23,P10635,P10635,PUBCHEM.COMPOUND:2218,,NCBIGENE:801|NCBIGENE:805|NCBIGENE:808
DB00158,1425,NC1=NC(=O)C2=NC(CNC3=CC=C(C=C3)C(=O)N[C@@H](CCC(O)=O)C(O)=O)=CN=C2N1,P41439|P14207|P15328,,,PUBCHEM.COMPOUND:6037,DOID:0060180|DOID:0060189|DOID:0060190|DOID:0110892|DOID:10923|DOID:10952|DOID:11252|DOID:11335|DOID:11759|DOID:12119|DOID:12678|DOID:12679|DOID:13121|DOID:13250|DOID:13404|DOID:13543|DOID:14026|DOID:1425|DOID:1837|DOID:2089|DOID:2326|DOID:2351|DOID:2352|DOID:2485|DOID:2527|DOID:2921|DOID:2977|DOID:3312|DOID:3341|DOID:4407|DOID:4500|DOID:557|DOID:580|DOID:583|DOID:585|DOID:626|DOID:705|DOID:750|DOID:8577|DOID:8929|DOID:893|DOID:9351,NCBIGENE:10841|NCBIGENE:142|NCBIGENE:1719|NCBIGENE:1786|NCBIGENE:2350|NCBIGENE:330|NCBIGENE:3486|NCBIGENE:4548|NCBIGENE:4552|NCBIGENE:4846|NCBIGENE:5054|NCBIGENE:627|NCBIGENE:6347|NCBIGENE:6470|NCBIGENE:6573|NCBIGENE:7157|NCBIGENE:7298|NCBIGENE:8560
DB06637,1426,NC1=CC=NC=C1,Q09470|P16389|P22001|P22459|P22460|P17658|Q96RP8|Q16322|Q14721|Q92953|P48547|Q96PR1|Q14003|Q9NSA2|Q9NZV8|Q9UK17,P05181,P05181,PUBCHEM.COMPOUND:1727,DOID:1826|DOID:2377,NCBIGENE:1448|NCBIGENE:3736|NCBIGENE:3738|NCBIGENE:3739|NCBIGENE:3741|NCBIGENE:3742|NCBIGENE:3743|NCBIGENE:3744|NCBIGENE:3745|NCBIGENE:3746|NCBIGENE:3747|NCBIGENE:3748|NCBIGENE:3750|NCBIGENE:3751|NCBIGENE:3752|NCBIGENE:3757|NCBIGENE:9312
DB06774,1427,COC1=C(O)C=CC(CNC(=O)CCCC\C=C\C(C)C)=C1,Q8NER1|Q99623,P08684|P35354|P05164|P05177|P05181|P21397|P09172|P15104|P06276,P08684|P35354|P05164|P05177|P05181|P21397|P09172|P15104|P06276,PUBCHEM.COMPOUND:1548943,DOID:0050820|DOID:0060262|DOID:10763|DOID:10772|DOID:10825|DOID:10952|DOID:11249|DOID:114|DOID:11847|DOID:11963|DOID:12361|DOID:1247|DOID:1287|DOID:13976|DOID:1425|DOID:1826|DOID:1837|DOID:2215|DOID:2216|DOID:2236|DOID:2355|DOID:2361|DOID:2527|DOID:2921|DOID:3526|DOID:37|DOID:4029|DOID:409|DOID:557|DOID:5844|DOID:5854|DOID:6498|DOID:6713|DOID:7997|DOID:7998|DOID:8534|DOID:8866|DOID:9351|DOID:9408,NCBIGENE:100506658|NCBIGENE:10495|NCBIGENE:1544|NCBIGENE:1874|NCBIGENE:1906|NCBIGENE:1956|NCBIGENE:2194|NCBIGENE:23411|NCBIGENE:2353|NCBIGENE:2520|NCBIGENE:2641|NCBIGENE:3162|NCBIGENE:3484|NCBIGENE:3553|NCBIGENE:3558|NCBIGENE:3576|NCBIGENE:4318|NCBIGENE:467|NCBIGENE:472|NCBIGENE:4843|NCBIGENE:4846|NCBIGENE:4914|NCBIGENE:50508|NCBIGENE:51083|NCBIGENE:51393|NCBIGENE:5315|NCBIGENE:5468|NCBIGENE:55503|NCBIGENE:5594|NCBIGENE:5595|NCBIGENE:56302|NCBIGENE:5743|NCBIGENE:623|NCBIGENE:6558|NCBIGENE:6772|NCBIGENE:6774|NCBIGENE:6863|NCBIGENE:6865|NCBIGENE:6869|NCBIGENE:7124|NCBIGENE:7132|NCBIGENE:7157|NCBIGENE:7350|NCBIGENE:7474|NCBIGENE:79054|NCBIGENE:796|NCBIGENE:836|NCBIGENE:837|NCBIGENE:8989|NCBIGENE:9407|NCBIGENE:9518
DB00917,1428,CCCCC[C@H](O)\C=C\[C@H]1[C@H](O)CC(=O)[C@@H]1C\C=C/CCCC(O)=O,P43116|P34995|P43115|P35408|Q9Y5Y4,,,PUBCHEM.COMPOUND:5280360,DOID:0060262|DOID:0060538|DOID:10763|DOID:10825|DOID:10952|DOID:11088|DOID:11247|DOID:114|DOID:127|DOID:1287|DOID:13223|DOID:1425|DOID:1686|DOID:1826|DOID:1837|DOID:2355|DOID:2361|DOID:2527|DOID:2568|DOID:2841|DOID:2921|DOID:409|DOID:4386|DOID:557|DOID:5757|DOID:850|DOID:8704|DOID:9282|DOID:9351|DOID:9360|DOID:9415,NCBIGENE:100463486|NCBIGENE:100996758|NCBIGENE:10316|NCBIGENE:104909134|NCBIGENE:105379861|NCBIGENE:10563|NCBIGENE:10636|NCBIGENE:107|NCBIGENE:108|NCBIGENE:10803|NCBIGENE:10850|NCBIGENE:10864|NCBIGENE:10874|NCBIGENE:10886|NCBIGENE:10887|NCBIGENE:109|NCBIGENE:111|NCBIGENE:112|NCBIGENE:11251|NCBIGENE:11255|NCBIGENE:1128|NCBIGENE:113091|NCBIGENE:1131|NCBIGENE:1132|NCBIGENE:1133|NCBIGENE:114|NCBIGENE:115|NCBIGENE:115557|NCBIGENE:122042|NCBIGENE:1230|NCBIGENE:1232|NCBIGENE:1233|NCBIGENE:1234|NCBIGENE:1236|NCBIGENE:1237|NCBIGENE:1269|NCBIGENE:128674|NCBIGENE:129521|NCBIGENE:134864|NCBIGENE:136|NCBIGENE:1392|NCBIGENE:1394|NCBIGENE:1395|NCBIGENE:1435|NCBIGENE:146|NCBIGENE:147|NCBIGENE:148|NCBIGENE:1499|NCBIGENE:150|NCBIGENE:152|NCBIGENE:153|NCBIGENE:154|NCBIGENE:155|NCBIGENE:156|NCBIGENE:165140|NCBIGENE:1794|NCBIGENE:1813|NCBIGENE:1814|NCBIGENE:1815|NCBIGENE:1816|NCBIGENE:183|NCBIGENE:186|NCBIGENE:1901|NCBIGENE:1906|NCBIGENE:1907|NCBIGENE:1908|NCBIGENE:1909|NCBIGENE:1910|NCBIGENE:1950|NCBIGENE:1956|NCBIGENE:1958|NCBIGENE:196883|NCBIGENE:2149|NCBIGENE:2150|NCBIGENE:2151|NCBIGENE:222545|NCBIGENE:2247|NCBIGENE:2254|NCBIGENE:23236|NCBIGENE:2359|NCBIGENE:23620|NCBIGENE:2492|NCBIGENE:2520|NCBIGENE:256933|NCBIGENE:257313|NCBIGENE:2587|NCBIGENE:259285|NCBIGENE:259286|NCBIGENE:259287|NCBIGENE:259289|NCBIGENE:259290|NCBIGENE:259292|NCBIGENE:259293|NCBIGENE:259294|NCBIGENE:259295|NCBIGENE:259296|NCBIGENE:2641|NCBIGENE:2642|NCBIGENE:2692|NCBIGENE:2693|NCBIGENE:2695|NCBIGENE:2696|NCBIGENE:27199|NCBIGENE:27306|NCBIGENE:27334|NCBIGENE:2740|NCBIGENE:2767|NCBIGENE:2769|NCBIGENE:2770|NCBIGENE:2771|NCBIGENE:2773|NCBIGENE:2776|NCBIGENE:2778|NCBIGENE:2796|NCBIGENE:2797|NCBIGENE:2798|NCBIGENE:2826|NCBIGENE:2828|NCBIGENE:2829|NCBIGENE:2831|NCBIGENE:2832|NCBIGENE:2833|NCBIGENE:2837|NCBIGENE:283869|NCBIGENE:2841|NCBIGENE:2847|NCBIGENE:2862|NCBIGENE:2864|NCBIGENE:2865|NCBIGENE:2869|NCBIGENE:2912|NCBIGENE:2913|NCBIGENE:2915|NCBIGENE:2916|NCBIGENE:2917|NCBIGENE:2918|NCBIGENE:2919|NCBIGENE:2920|NCBIGENE:2921|NCBIGENE:2922|NCBIGENE:2925|NCBIGENE:2932|NCBIGENE:29933|NCBIGENE:3060|NCBIGENE:3248|NCBIGENE:3269|NCBIGENE:3274|NCBIGENE:3350|NCBIGENE:3351|NCBIGENE:3354|NCBIGENE:3355|NCBIGENE:3357|NCBIGENE:3358|NCBIGENE:3360|NCBIGENE:3361|NCBIGENE:3362|NCBIGENE:3363|NCBIGENE:3375|NCBIGENE:3381|NCBIGENE:3383|NCBIGENE:338398|NCBIGENE:338442|NCBIGENE:339403|NCBIGENE:3397|NCBIGENE:346562|NCBIGENE:3479|NCBIGENE:3486|NCBIGENE:3487|NCBIGENE:351|NCBIGENE:3552|NCBIGENE:3553|NCBIGENE:3558|NCBIGENE:3562|NCBIGENE:3565|NCBIGENE:3567|NCBIGENE:3576|NCBIGENE:3577|NCBIGENE:3579|NCBIGENE:3586|NCBIGENE:3593|NCBIGENE:3596|NCBIGENE:3627|NCBIGENE:3814|NCBIGENE:3827|NCBIGENE:3973|NCBIGENE:4157|NCBIGENE:4158|NCBIGENE:4159|NCBIGENE:4160|NCBIGENE:4161|NCBIGENE:4283|NCBIGENE:4295|NCBIGENE:4313|NCBIGENE:4318|NCBIGENE:4543|NCBIGENE:4544|NCBIGENE:4828|NCBIGENE:4829|NCBIGENE:4843|NCBIGENE:4846|NCBIGENE:4886|NCBIGENE:4887|NCBIGENE:4922|NCBIGENE:4923|NCBIGENE:4985|NCBIGENE:4986|NCBIGENE:4987|NCBIGENE:4988|NCBIGENE:501|NCBIGENE:5020|NCBIGENE:5021|NCBIGENE:5028|NCBIGENE:5029|NCBIGENE:5030|NCBIGENE:50831|NCBIGENE:50832|NCBIGENE:50833|NCBIGENE:50834|NCBIGENE:50835|NCBIGENE:50836|NCBIGENE:50837|NCBIGENE:50838|NCBIGENE:50839|NCBIGENE:50840|NCBIGENE:50865|NCBIGENE:50943|NCBIGENE:51083|NCBIGENE:51289|NCBIGENE:5179|NCBIGENE:5290|NCBIGENE:5330|NCBIGENE:53637|NCBIGENE:5367|NCBIGENE:5368|NCBIGENE:53829|NCBIGENE:54331|NCBIGENE:54429|NCBIGENE:5473|NCBIGENE:551|NCBIGENE:552|NCBIGENE:5540|NCBIGENE:5594|NCBIGENE:5595|NCBIGENE:56477|NCBIGENE:56670|NCBIGENE:56923|NCBIGENE:5697|NCBIGENE:57007|NCBIGENE:57105|NCBIGENE:57121|NCBIGENE:5726|NCBIGENE:5729|NCBIGENE:5731|NCBIGENE:5732|NCBIGENE:5733|NCBIGENE:5734|NCBIGENE:5737|NCBIGENE:5739|NCBIGENE:5741|NCBIGENE:57413|NCBIGENE:5742|NCBIGENE:5743|NCBIGENE:5745|NCBIGENE:5746|NCBIGENE:58191|NCBIGENE:59340|NCBIGENE:594857|NCBIGENE:5972|NCBIGENE:5996|NCBIGENE:5997|NCBIGENE:5999|NCBIGENE:6000|NCBIGENE:6001|NCBIGENE:60675|NCBIGENE:623|NCBIGENE:6343|NCBIGENE:6344|NCBIGENE:6363|NCBIGENE:6364|NCBIGENE:6366|NCBIGENE:6370|NCBIGENE:6372|NCBIGENE:6373|NCBIGENE:6374|NCBIGENE:6375|NCBIGENE:6387|NCBIGENE:6403|NCBIGENE:64106|NCBIGENE:643|NCBIGENE:64407|NCBIGENE:64805|NCBIGENE:6578|NCBIGENE:6750|NCBIGENE:6751|NCBIGENE:6752|NCBIGENE:6754|NCBIGENE:6755|NCBIGENE:6774|NCBIGENE:6846|NCBIGENE:6863|NCBIGENE:6865|NCBIGENE:6869|NCBIGENE:6870|NCBIGENE:6915|NCBIGENE:7040|NCBIGENE:7124|NCBIGENE:7132|NCBIGENE:7157|NCBIGENE:718|NCBIGENE:719|NCBIGENE:7200|NCBIGENE:7204|NCBIGENE:727|NCBIGENE:728|NCBIGENE:729230|NCBIGENE:7432|NCBIGENE:7433|NCBIGENE:7434|NCBIGENE:7852|NCBIGENE:796|NCBIGENE:799|NCBIGENE:80142|NCBIGENE:8111|NCBIGENE:836|NCBIGENE:84109|NCBIGENE:84432|NCBIGENE:84539|NCBIGENE:846|NCBIGENE:84634|NCBIGENE:847|NCBIGENE:8477|NCBIGENE:8484|NCBIGENE:8601|NCBIGENE:8620|NCBIGENE:8698|NCBIGENE:873|NCBIGENE:874|NCBIGENE:8811|NCBIGENE:8843|NCBIGENE:886|NCBIGENE:887|NCBIGENE:8997|NCBIGENE:9002|NCBIGENE:9294|NCBIGENE:9340|NCBIGENE:94233|NCBIGENE:9536|NCBIGENE:9628|NCBIGENE:9630|NCBIGENE:9934|NCBIGENE:999
DB06264,1429,CC(CN1CCCCC1)C(=O)C1=CC=C(C)C=C1,,P05177,P05177,,,
DB08867,1430,CN(C)C1=CC=C(C=C1)[C@H]1C[C@@]2(C)[C@@H](CC[C@]2(O)C(C)=O)[C@@H]2CCC3=CC(=O)CCC3=C12,P06401|P04150|P10275,P08684|P05177,P08684|P05177,PUBCHEM.COMPOUND:13559281,DOID:127|DOID:13223|DOID:4386,NCBIGENE:5241
DB06689,1431,NCCO.CCCCCCCC\C=C/CCCCCCCC(O)=O,P00748,,,PUBCHEM.COMPOUND:5282489,,NCBIGENE:2161
DB09099,1432,C[C@@H](O)[C@@H]1NC(=O)[C@H](CC2=CC=CC=C2)NC(=O)[C@@H](NC(=O)[C@H](CCCCN)NC(=O)[C@H](CC2=CNC3=C2C=CC=C3)NC(=O)[C@H](CC2=CC=CC=C2)NC(=O)[C@H](CC2=CC=CC=C2)NC(=O)[C@H](CC(N)=O)NC(=O)[C@H](CCCCN)NC(=O)[C@H](CSSC[C@H](NC(=O)[C@H](CO)NC1=O)C(O)=O)NC(=O)CNC(=O)[C@H](C)N)[C@@H](C)O,P30872|P30874|P32745|P31391|P35346,P08684,P08684,PUBCHEM.COMPOUND:16129681,,NCBIGENE:2834|NCBIGENE:6750|NCBIGENE:6751|NCBIGENE:6752|NCBIGENE:6754|NCBIGENE:6755
DB01093,1433,CS(C)=O,Q01344|Q8WXI7|P01106,P33261|P10635|P08684,P33261|P10635|P08684,PUBCHEM.COMPOUND:679,DOID:10952|DOID:110|DOID:13949|DOID:1425|DOID:1678|DOID:2527|DOID:2921|DOID:3996|DOID:557|DOID:731,NCBIGENE:10039|NCBIGENE:100529261|NCBIGENE:10087|NCBIGENE:10105|NCBIGENE:1021|NCBIGENE:1024|NCBIGENE:10846|NCBIGENE:11080|NCBIGENE:1198|NCBIGENE:124|NCBIGENE:125|NCBIGENE:128|NCBIGENE:129531|NCBIGENE:130|NCBIGENE:131|NCBIGENE:1361|NCBIGENE:1387|NCBIGENE:1435|NCBIGENE:1457|NCBIGENE:1520|NCBIGENE:1557|NCBIGENE:1576|NCBIGENE:1719|NCBIGENE:1786|NCBIGENE:2033|NCBIGENE:213|NCBIGENE:2147|NCBIGENE:2152|NCBIGENE:2159|NCBIGENE:2171|NCBIGENE:2288|NCBIGENE:2339|NCBIGENE:23411|NCBIGENE:2342|NCBIGENE:23476|NCBIGENE:2353|NCBIGENE:23621|NCBIGENE:25824|NCBIGENE:25825|NCBIGENE:27306|NCBIGENE:29028|NCBIGENE:2932|NCBIGENE:2990|NCBIGENE:3162|NCBIGENE:3320|NCBIGENE:3383|NCBIGENE:3576|NCBIGENE:364|NCBIGENE:3684|NCBIGENE:3725|NCBIGENE:3845|NCBIGENE:3932|NCBIGENE:3939|NCBIGENE:4069|NCBIGENE:4124|NCBIGENE:4221|NCBIGENE:43|NCBIGENE:4616|NCBIGENE:4751|NCBIGENE:4843|NCBIGENE:4860|NCBIGENE:5021|NCBIGENE:5028|NCBIGENE:5054|NCBIGENE:51056|NCBIGENE:5144|NCBIGENE:5170|NCBIGENE:5222|NCBIGENE:5292|NCBIGENE:5340|NCBIGENE:5447|NCBIGENE:5476|NCBIGENE:5566|NCBIGENE:5567|NCBIGENE:55811|NCBIGENE:5592|NCBIGENE:5594|NCBIGENE:5595|NCBIGENE:5652|NCBIGENE:567|NCBIGENE:5728|NCBIGENE:5834|NCBIGENE:5836|NCBIGENE:5837|NCBIGENE:5876|NCBIGENE:595|NCBIGENE:5972|NCBIGENE:6342|NCBIGENE:6347|NCBIGENE:643834|NCBIGENE:643847|NCBIGENE:649|NCBIGENE:6517|NCBIGENE:6647|NCBIGENE:6790|NCBIGENE:7092|NCBIGENE:7167|NCBIGENE:7276|NCBIGENE:7360|NCBIGENE:760|NCBIGENE:771|NCBIGENE:79716|NCBIGENE:8290|NCBIGENE:83903|NCBIGENE:84444|NCBIGENE:84630|NCBIGENE:847|NCBIGENE:8644|NCBIGENE:8661|NCBIGENE:890|NCBIGENE:892|NCBIGENE:9088|NCBIGENE:912|NCBIGENE:92935|NCBIGENE:9397|NCBIGENE:960|NCBIGENE:999
DB09055,1434,CC1=[N+]([O-])C=C(N=C1)C(O)=O,,,,PUBCHEM.COMPOUND:5310993,DOID:1168,NCBIGENE:335|NCBIGENE:338|NCBIGENE:3952
DB06817,1435,CN1C(=O)C(O)=C(N=C1C(C)(C)NC(=O)C1=NN=C(C)O1)C(=O)NCC1=CC=C(F)C=C1,Q7ZJM1,P22309,P22309,PUBCHEM.COMPOUND:54671008,DOID:1029|DOID:423|DOID:526|DOID:635|DOID:7327,
DB01345,1436,[K+],P05023,,,PUBCHEM.COMPOUND:5462222,,
DB06212,1437,CC1=CC=CC=C1C(=O)NC1=CC(C)=C(C=C1)C(=O)N1CCC[C@@H](O)C2=C1C=CC(Cl)=C2,P30518|P37288,P08684,P08684,PUBCHEM.COMPOUND:443894,,NCBIGENE:552
DB09276,1438,[Na+].[Na+].[O-]C(=O)CC(S[Au])C([O-])=O,,P22309,P22309,PUBCHEM.COMPOUND:16760302,,
DB06201,1439,NC(=O)C1=CN(CC2=C(F)C=CC=C2F)N=N1,Q15858|P41594,P23141|P05181|P08684,P23141|P05181|P08684,PUBCHEM.COMPOUND:129228,DOID:0060262|DOID:12139|DOID:1470|DOID:1595|DOID:1596|DOID:2848|DOID:409|DOID:4964|DOID:615,NCBIGENE:2915|NCBIGENE:6335
DB03619,1440,[H][C@@]12CC[C@H]([C@H](C)CCC(O)=O)[C@@]1(C)[C@@H](O)C[C@@]1([H])[C@@]2([H])CC[C@]2([H])C[C@H](O)CC[C@]12C,P07445|Q8GGK7|Q7Z2Z2|P54965|P25553|P31224|P33517|Q03736|Q96RI1|P09211|Q8TDU6,,,PUBCHEM.COMPOUND:222528,,NCBIGENE:1044|NCBIGENE:1045|NCBIGENE:104909134|NCBIGENE:107|NCBIGENE:108|NCBIGENE:109|NCBIGENE:111|NCBIGENE:112|NCBIGENE:113091|NCBIGENE:114|NCBIGENE:115|NCBIGENE:122042|NCBIGENE:134864|NCBIGENE:136|NCBIGENE:1385|NCBIGENE:1392|NCBIGENE:1394|NCBIGENE:1395|NCBIGENE:142|NCBIGENE:1499|NCBIGENE:153|NCBIGENE:154|NCBIGENE:155|NCBIGENE:1581|NCBIGENE:1816|NCBIGENE:1956|NCBIGENE:196883|NCBIGENE:2064|NCBIGENE:2492|NCBIGENE:2641|NCBIGENE:2642|NCBIGENE:2692|NCBIGENE:2695|NCBIGENE:2696|NCBIGENE:2740|NCBIGENE:2778|NCBIGENE:2950|NCBIGENE:3162|NCBIGENE:3274|NCBIGENE:3309|NCBIGENE:3360|NCBIGENE:3362|NCBIGENE:3363|NCBIGENE:3375|NCBIGENE:3973|NCBIGENE:4000|NCBIGENE:4157|NCBIGENE:4158|NCBIGENE:4159|NCBIGENE:4160|NCBIGENE:4161|NCBIGENE:4512|NCBIGENE:4792|NCBIGENE:5268|NCBIGENE:54331|NCBIGENE:551|NCBIGENE:5594|NCBIGENE:5595|NCBIGENE:5729|NCBIGENE:5732|NCBIGENE:5734|NCBIGENE:5739|NCBIGENE:5741|NCBIGENE:5743|NCBIGENE:5745|NCBIGENE:5746|NCBIGENE:5894|NCBIGENE:594857|NCBIGENE:5970|NCBIGENE:6343|NCBIGENE:6344|NCBIGENE:7134|NCBIGENE:7157|NCBIGENE:7432|NCBIGENE:7433|NCBIGENE:7434|NCBIGENE:796|NCBIGENE:79631|NCBIGENE:799|NCBIGENE:836|NCBIGENE:842|NCBIGENE:9340|NCBIGENE:9446|NCBIGENE:9971|NCBIGENE:999
DB00035,1441,NC(=O)CC[C@@H]1NC(=O)[C@H](CC2=CC=CC=C2)NC(=O)[C@H](CC2=CC=C(O)C=C2)NC(=O)CCSSC[C@H](NC(=O)[C@H](CC(N)=O)NC1=O)C(=O)N1CCC[C@H]1C(=O)N[C@H](CCCNC(N)=N)C(=O)NCC(N)=O,P30518|P37288|P47901,P35354|P23219,P35354|P23219,,,
DB09295,1442,FC(F)(F)C1=CC(NC2=C(C=CC=N2)C(=O)OC2OC(=O)C3=CC=CC=C23)=CC=C1,P23219|P35354|P51800,P23219|P35354,P23219|P35354,PUBCHEM.COMPOUND:48229,,
DB09015,1443,[H][C@@]12CC[C@@](O)(CCC(O)=O)[C@@]1(C)CC[C@@]1([H])[C@@]2([H])C=CC2=CC(=O)CC[C@]12C,,,,PUBCHEM.COMPOUND:656615,,
DB09211,1444,CCCC[C@H](C)C[C@H](O)\C=C\[C@H]1[C@H](O)CC(=O)[C@@H]1CCCC\C=C\C(O)=O,P43116|P34995|P43115|P35408,,,PUBCHEM.COMPOUND:6438378,DOID:12918,
DB00649,1445,CC1=CN([C@@H]2O[C@H](CO)C=C2)C(=O)NC1=O,Q72547,,,PUBCHEM.COMPOUND:18283,DOID:0050741|DOID:0060262|DOID:10952|DOID:1389|DOID:1425|DOID:1574|DOID:1837|DOID:2527|DOID:2913|DOID:2921|DOID:3650|DOID:409|DOID:4195|DOID:4989|DOID:526|DOID:557|DOID:574|DOID:635|DOID:870|DOID:9351|DOID:9452|DOID:9970,NCBIGENE:920
DB01019,1446,CC(C[N+](C)(C)C)OC(N)=O,P20309|P11229|P08172|P08173|P08912,,,PUBCHEM.COMPOUND:2370,DOID:0050589|DOID:0050820|DOID:0060185|DOID:0060891|DOID:0060895|DOID:0060896|DOID:10763|DOID:10825|DOID:11569|DOID:12361|DOID:13548|DOID:13948|DOID:14330|DOID:1826|DOID:2841|DOID:3393|DOID:5200|DOID:750|DOID:7997|DOID:7998|DOID:9360|DOID:9415|DOID:9778,NCBIGENE:1128|NCBIGENE:1131|NCBIGENE:1132|NCBIGENE:2520|NCBIGENE:6690|NCBIGENE:9407
DB01273,1447,C1C2CNCC1C1=C2C=C2N=CC=NC2=C1,P43681|P36544|P32297|Q15825|P17787,,,PUBCHEM.COMPOUND:5310966,DOID:0050741|DOID:12139|DOID:1470|DOID:1574|DOID:1595|DOID:1596|DOID:2848|DOID:326|DOID:3312|DOID:3669|DOID:4964|DOID:5419,NCBIGENE:1136|NCBIGENE:1137|NCBIGENE:8973|NCBIGENE:89832
DB01246,1448,CC(CN(C)C)CN1C2=CC=CC=C2SC2=CC=CC=C12,P35367,,,PUBCHEM.COMPOUND:5574,DOID:0050590|DOID:0050741|DOID:0050841|DOID:0060262|DOID:10459|DOID:11204|DOID:11847|DOID:1227|DOID:12700|DOID:12987|DOID:13206|DOID:13548|DOID:14221|DOID:1432|DOID:14464|DOID:14735|DOID:1558|DOID:1574|DOID:1588|DOID:1686|DOID:1826|DOID:2275|DOID:2355|DOID:2361|DOID:2457|DOID:2474|DOID:2883|DOID:3393|DOID:409|DOID:4195|DOID:4481|DOID:4730|DOID:529|DOID:5844|DOID:5854|DOID:615|DOID:679|DOID:743|DOID:9408|DOID:9854|DOID:9970,NCBIGENE:3269
DB09214,1449,[H][C@@](C)(C(O)=O)C1=CC(=CC=C1)C(=O)C1=CC=CC=C1,P23219|P35354,P23219|P35354,P23219|P35354,PUBCHEM.COMPOUND:667550,,NCBIGENE:5742|NCBIGENE:5743|NCBIGENE:941
DB00680,1450,CCOC(=O)NC1=CC2=C(SC3=CC=CC=C3N2C(=O)CCN2CCOCC2)C=C1,Q14524,,,PUBCHEM.COMPOUND:34633,,
DB00601,1451,CC(=O)NC[C@H]1CN(C(=O)O1)C1=CC(F)=C(C=C1)N1CCOCC1,,P27338|P21397,P27338|P21397,PUBCHEM.COMPOUND:441401,DOID:0050771|DOID:10021|DOID:10154|DOID:10763|DOID:10825|DOID:117|DOID:12361|DOID:12449|DOID:12450|DOID:1389|DOID:1393|DOID:1432|DOID:14555|DOID:1588|DOID:1826|DOID:1891|DOID:2355|DOID:2361|DOID:3650|DOID:3953|DOID:574|DOID:615|DOID:7997|DOID:7998|DOID:870,NCBIGENE:6124
DB09273,1452,CN1C2=C(N(CC3OCCO3)C=N2)C(=O)N(C)C1=O,P07550|P29274|O00408,P05177,P05177,PUBCHEM.COMPOUND:50942,,
DB11093,1453,[Ca++].[Ca++].[Ca++].OC(CC([O-])=O)(CC([O-])=O)C([O-])=O.OC(CC([O-])=O)(CC([O-])=O)C([O-])=O,P41180|P27797|Q99828|O75340|P30626|Q99653|P09486|P27824|P35556|P04271|O14958|Q15493|Q9UBV8|P06703|P13693|O75838|Q99584|P31415|Q02818|P80303|P0DP23|Q75N90|P28676|Q9ULU8|P0DP24|P0DP25|Q96FQ6|P22676|Q13938|Q86UW7|Q96L12|Q9ULB1|P62166,,,PUBCHEM.COMPOUND:13136,DOID:0050459|DOID:10952|DOID:11335|DOID:11476|DOID:1247|DOID:12678|DOID:12679|DOID:13250|DOID:13404|DOID:13543|DOID:1425|DOID:2485|DOID:2527|DOID:2921|DOID:3341|DOID:5160|DOID:557|DOID:580|DOID:585|DOID:626|DOID:9971,
DB00258,1454,[Ca++].CC([O-])=O.CC([O-])=O,,,,PUBCHEM.COMPOUND:6116,DOID:0060319|DOID:10952|DOID:11335|DOID:114|DOID:12678|DOID:12679|DOID:1287|DOID:13250|DOID:13404|DOID:13543|DOID:1425|DOID:2485|DOID:2527|DOID:2921|DOID:3341|DOID:557|DOID:580|DOID:585|DOID:626|DOID:784,
DB00411,1455,C[N+](C)(C)CCOC(N)=O,P11229|P08172|Q15822|P20309|P08173,P47712|P22303,P47712|P22303,PUBCHEM.COMPOUND:5831,DOID:1067|DOID:12361|DOID:13548|DOID:2841|DOID:5200|DOID:6000|DOID:750|DOID:7997|DOID:7998|DOID:9360|DOID:9415,
DB00247,1456,[H][C@@]12CC3=CN(C)C4=C3C(=CC=C4)C1=C[C@H](CN2C)C(=O)NC(CC)CO,P41595|P28335|P28223|P08908|P34969|P28222|P30939|P28566,P08684,P08684,PUBCHEM.COMPOUND:6540428,,NCBIGENE:3350|NCBIGENE:3351|NCBIGENE:3354|NCBIGENE:3355|NCBIGENE:3357|NCBIGENE:3358|NCBIGENE:3363
DB01609,1457,OC(=O)C1=CC=C(C=C1)N1N=C(N=C1C1=CC=CC=C1O)C1=CC=CC=C1O,,P08684|P22309|P35503|O60656|P10632|P05177,P08684|P22309|P35503|O60656|P10632|P05177,PUBCHEM.COMPOUND:5493381,DOID:0050590|DOID:0060262|DOID:10003|DOID:10952|DOID:12241|DOID:1227|DOID:12987|DOID:1425|DOID:1588|DOID:162|DOID:2355|DOID:2361|DOID:2527|DOID:2739|DOID:2741|DOID:2921|DOID:409|DOID:4766|DOID:5082|DOID:557|DOID:576|DOID:9282,NCBIGENE:1017
DB06274,1458,C[C@H]1CN(C[C@H](CC2=CC=CC=C2)C(=O)NCC(O)=O)CC[C@@]1(C)C1=CC(O)=CC=C1,P35372|P41145|P41143,,,PUBCHEM.COMPOUND:5488548,DOID:11847|DOID:5844|DOID:5854|DOID:784|DOID:9408,
DB13231,1459,[Ca++].CC(O)C([O-])=O.CC(O)C([O-])=O,,,,PUBCHEM.COMPOUND:13144,DOID:0060319|DOID:10952|DOID:11335|DOID:114|DOID:11476|DOID:12678|DOID:12679|DOID:1287|DOID:13404|DOID:13543|DOID:1425|DOID:2485|DOID:2527|DOID:2921|DOID:3341|DOID:557|DOID:580|DOID:585|DOID:626|DOID:784,
DB13142,1460,OC[C@@H](O)[C@@H](O)[C@H](O)[C@@H](O)C(=O)O[Ca]OC(=O)[C@H](O)[C@@H](O)[C@H](O[C@@H]1O[C@H](CO)[C@H](O)[C@H](O)[C@H]1O)[C@H](O)CO,,,,PUBCHEM.COMPOUND:131704325,,
DB09338,1461,COC(CNC(=O)C1=CC=CC=C1OCC(O)=O)C[Hg]O,P05186|P29972|P53985,P19827|P35558,P19827|P35558,PUBCHEM.COMPOUND:443130,,
DB09285,1462,FC(F)(F)C1=CC(NC2=C(C=CC=N2)C(=O)OCCN2CCOCC2)=CC=C1,P09917|P35354|Q15722|P21731,P09917|P35354|O60656,P09917|P35354|O60656,PUBCHEM.COMPOUND:72106,,
DB09042,1463,CN1N=NC(=N1)C1=CC=C(C=N1)C1=CC=C(C=C1F)N1C[C@H](COP(O)(O)=O)OC1=O,,P21397|P27338,P21397|P27338,PUBCHEM.COMPOUND:11476460,DOID:0050590|DOID:1227|DOID:12987,
DB00830,1464,CC1NCCOC1C1=CC=CC=C1,P23975|Q01959,,,PUBCHEM.COMPOUND:4762,DOID:0050741|DOID:0110741|DOID:0110742|DOID:0110743|DOID:0110744|DOID:0110745|DOID:0110746|DOID:0110747|DOID:0110748|DOID:0110749|DOID:0110750|DOID:0110751|DOID:0110752|DOID:0110753|DOID:0110754|DOID:0110755|DOID:0110756|DOID:0110757|DOID:0110758|DOID:0110759|DOID:0110760|DOID:0110761|DOID:10763|DOID:10825|DOID:12361|DOID:14557|DOID:1574|DOID:1686|DOID:1742|DOID:1826|DOID:1936|DOID:2348|DOID:2349|DOID:302|DOID:303|DOID:3393|DOID:4079|DOID:5162|DOID:6432|DOID:7997|DOID:7998|DOID:9351|DOID:9352|DOID:9744|DOID:9970,NCBIGENE:6530|NCBIGENE:6531
DB08820,1465,CC(C)(C)C1=CC(=C(O)C=C1NC(=O)C1=CNC2=CC=CC=C2C1=O)C(C)(C)C,P13569,P08684|P20815|P11712,P08684|P20815|P11712,PUBCHEM.COMPOUND:16220172,DOID:1485,NCBIGENE:1080
DB00627,1466,OC(=O)C1=CN=CC=C1,P49019|Q8TDS4|Q15274|P40261,,,PUBCHEM.COMPOUND:938,DOID:1168|DOID:13809,
DB11596,1467,NC1=NC(=O)C2=C(NC[C@H](CNC3=CC=C(C=C3)C(=O)N[C@@H](CCC(O)=O)C(O)=O)N2C=O)N1,P0A827,,,PUBCHEM.COMPOUND:149436,DOID:13382,NCBIGENE:10588|NCBIGENE:1719|NCBIGENE:6470|NCBIGENE:6472|NCBIGENE:7298
DB01070,1468,CC(C)[C@@H](C)\C=C\[C@@H](C)[C@@]1([H])CC[C@@]2([H])\C(CCC[C@]12C)=C\C=C1/C[C@@H](O)CC[C@@H]1C,P11473,,,PUBCHEM.COMPOUND:5311071,DOID:0050459|DOID:10573|DOID:10609|DOID:10952|DOID:11199|DOID:11335|DOID:12678|DOID:12679|DOID:13404|DOID:1425|DOID:2485|DOID:2527|DOID:2921|DOID:4184|DOID:5160|DOID:557|DOID:580|DOID:585|DOID:626|DOID:9971,NCBIGENE:7421
DB00609,1469,CCC1=NC=CC(=C1)C(N)=S,P9WGR1|P9WIE5,,,PUBCHEM.COMPOUND:2761171,DOID:0050328|DOID:0050741|DOID:0060262|DOID:11634|DOID:1459|DOID:1574|DOID:1837|DOID:2957|DOID:409|DOID:9351|DOID:9534,
DB00259,1470,NC1=CC=C(C=C1)S(N)(=O)=O,P0AC13,,,PUBCHEM.COMPOUND:5333,DOID:0060262|DOID:10952|DOID:13268|DOID:1425|DOID:2170|DOID:2272|DOID:2273|DOID:2527|DOID:2747|DOID:2749|DOID:2862|DOID:2921|DOID:3385|DOID:3901|DOID:409|DOID:557|DOID:74|DOID:9266|DOID:9870,NCBIGENE:1017|NCBIGENE:23020|NCBIGENE:3700|NCBIGENE:377677|NCBIGENE:760|NCBIGENE:763|NCBIGENE:766|NCBIGENE:771
DB11106,1471,CC(C)(N)CO.CN1C2=C(NC(Br)=N2)C(=O)N(C)C1=O,,,,,,
DB06764,1472,C1CN=C(N1)C1CCCC2=CC=CC=C12,,,,PUBCHEM.COMPOUND:5419,DOID:10459|DOID:114|DOID:12361|DOID:1287|DOID:1837|DOID:2275|DOID:7997|DOID:7998|DOID:9351,NCBIGENE:8531
DB00891,1473,NC1=CC=C(C=C1)S(=O)(=O)NC1=CC=CC=N1,Q49184,P11712,P11712,PUBCHEM.COMPOUND:5336,DOID:2722|DOID:8505,NCBIGENE:10|NCBIGENE:6697
DB00982,1474,C\C(\C=C\C1=C(C)CCCC1(C)C)=C/C=C/C(/C)=C\C(O)=O,P13631|P10276,P08684,P08684,PUBCHEM.COMPOUND:5282379,DOID:0050589|DOID:0050590|DOID:0050741|DOID:0060262|DOID:0080001|DOID:10003|DOID:10573|DOID:10609|DOID:10763|DOID:10825|DOID:10952|DOID:11328|DOID:114|DOID:11459|DOID:11476|DOID:11541|DOID:12139|DOID:1222|DOID:1227|DOID:12449|DOID:12550|DOID:12678|DOID:12679|DOID:1287|DOID:12894|DOID:12895|DOID:12987|DOID:13189|DOID:13413|DOID:13543|DOID:1425|DOID:1470|DOID:14735|DOID:1558|DOID:1574|DOID:1595|DOID:1596|DOID:1837|DOID:1920|DOID:2383|DOID:2485|DOID:2527|DOID:2848|DOID:2913|DOID:2921|DOID:2972|DOID:2983|DOID:3341|DOID:3393|DOID:409|DOID:4500|DOID:4964|DOID:4989|DOID:5418|DOID:557|DOID:65|DOID:854|DOID:8689|DOID:9074|DOID:9351|DOID:9428|DOID:9970,NCBIGENE:2290|NCBIGENE:2308|NCBIGENE:367|NCBIGENE:3861|NCBIGENE:5914|NCBIGENE:6256|NCBIGENE:6693|NCBIGENE:7097
DB09049,1475,COCCOCCOCCOCCOCCOCCOCCO[C@H]1CC[C@@]2(O)[C@H]3CC4=CC=C(O)C5=C4[C@@]2(CCN3CC=C)[C@H]1O5,P35372,P08684|P10635|P33261,P08684|P10635|P33261,PUBCHEM.COMPOUND:56959087,,
DB01164,1476,[Cl-].[Cl-].[Ca++],Q99584,,,PUBCHEM.COMPOUND:5284359,DOID:0060173|DOID:0060262|DOID:0060319|DOID:0060674|DOID:0060675|DOID:0060676|DOID:0060677|DOID:0060678|DOID:0060679|DOID:0110892|DOID:1029|DOID:10763|DOID:10808|DOID:10825|DOID:10952|DOID:11335|DOID:114|DOID:11847|DOID:11963|DOID:12361|DOID:12642|DOID:12678|DOID:12679|DOID:1287|DOID:13186|DOID:13206|DOID:13404|DOID:13550|DOID:13948|DOID:13976|DOID:1405|DOID:1425|DOID:14250|DOID:14445|DOID:14451|DOID:14452|DOID:1936|DOID:2106|DOID:2348|DOID:2349|DOID:2485|DOID:2527|DOID:2883|DOID:2913|DOID:2921|DOID:2983|DOID:3083|DOID:3393|DOID:3650|DOID:3827|DOID:3878|DOID:409|DOID:437|DOID:4500|DOID:4989|DOID:5162|DOID:5200|DOID:557|DOID:580|DOID:5844|DOID:585|DOID:5854|DOID:626|DOID:750|DOID:784|DOID:7997|DOID:7998|DOID:8442|DOID:8515|DOID:8534|DOID:8577|DOID:9164|DOID:936|DOID:9408,
DB00360,1477,[H][C@@]1(CNC2=C(N1)C(=O)NC(N)=N2)[C@@H](O)[C@H](C)O,P00439|P29474|P07101|P17752,,,PUBCHEM.COMPOUND:44257,DOID:0050590|DOID:1227|DOID:12987|DOID:9281,NCBIGENE:121278|NCBIGENE:392636|NCBIGENE:4843|NCBIGENE:4846|NCBIGENE:5053|NCBIGENE:5805|NCBIGENE:5860|NCBIGENE:6697|NCBIGENE:7054|NCBIGENE:7166
DB00929,1478,CCCCC(C)(O)C\C=C\[C@H]1[C@H](O)CC(=O)[C@@H]1CCCCCCC(=O)OC,P43115|P43116|P34995|P35408,,,PUBCHEM.COMPOUND:5282381,DOID:0050589|DOID:0050741|DOID:0060262|DOID:10763|DOID:10825|DOID:114|DOID:11847|DOID:1247|DOID:1287|DOID:1574|DOID:2355|DOID:2361|DOID:2841|DOID:3526|DOID:409|DOID:5844|DOID:5854|DOID:6000|DOID:6713|DOID:9360|DOID:9408|DOID:9415,NCBIGENE:5327|NCBIGENE:5731|NCBIGENE:5732|NCBIGENE:5733|NCBIGENE:5734|NCBIGENE:5739
DB08909,1479,O=C(CCCC1=CC=CC=C1)OCC(COC(=O)CCCC1=CC=CC=C1)OC(=O)CCCC1=CC=CC=C1,,P16233|P08684|P10635,P16233|P08684|P10635,PUBCHEM.COMPOUND:10482134,DOID:9267,
DB00973,1480,[H][C@]1(CC[C@H](O)C2=CC=C(F)C=C2)C(=O)N(C2=CC=C(F)C=C2)[C@]1([H])C1=CC=C(O)C=C1,Q9UHC9|P35610|P15144,P35503|P54855|P16662|P08684|P10632|P22309,P35503|P54855|P16662|P08684|P10632|P22309,PUBCHEM.COMPOUND:150311,DOID:0050741|DOID:0060262|DOID:0090019|DOID:1029|DOID:1168|DOID:13809|DOID:1574|DOID:2913|DOID:409|DOID:423|DOID:4989|DOID:7327,NCBIGENE:10999|NCBIGENE:1401|NCBIGENE:19|NCBIGENE:22796|NCBIGENE:255738|NCBIGENE:2641|NCBIGENE:290|NCBIGENE:29881|NCBIGENE:3156|NCBIGENE:338|NCBIGENE:54658|NCBIGENE:64240|NCBIGENE:64241|NCBIGENE:6646|NCBIGENE:6720|NCBIGENE:6721|NCBIGENE:8647
DB00819,1481,CC(=O)NC1=NN=C(S1)S(N)(=O)=O,P00915|P00918|P22748|O43570|Q9ULX7|P07451|P43166|P29972,P08684,P08684,PUBCHEM.COMPOUND:1986,DOID:0060262|DOID:0110741|DOID:0110742|DOID:0110743|DOID:0110744|DOID:0110745|DOID:0110746|DOID:0110747|DOID:0110748|DOID:0110749|DOID:0110750|DOID:0110751|DOID:0110752|DOID:0110753|DOID:0110754|DOID:0110755|DOID:0110756|DOID:0110757|DOID:0110758|DOID:0110759|DOID:0110760|DOID:0110761|DOID:10493|DOID:1067|DOID:10952|DOID:13189|DOID:13550|DOID:13774|DOID:1405|DOID:14219|DOID:1425|DOID:14445|DOID:1825|DOID:2527|DOID:2921|DOID:3650|DOID:409|DOID:557|DOID:6000|DOID:74|DOID:9351|DOID:9352|DOID:9744,NCBIGENE:11238|NCBIGENE:23632|NCBIGENE:27445|NCBIGENE:358|NCBIGENE:377677|NCBIGENE:4942|NCBIGENE:5172|NCBIGENE:6329|NCBIGENE:760|NCBIGENE:761|NCBIGENE:762|NCBIGENE:763|NCBIGENE:766|NCBIGENE:768|NCBIGENE:771|NCBIGENE:773|NCBIGENE:9356
DB00146,1482,C[C@H](CCCC(C)(C)O)[C@@]1([H])CC[C@@]2([H])\C(CCC[C@]12C)=C\C=C1\C[C@@H](O)CCC1=C,P11473,O15528|Q07973,O15528|Q07973,PUBCHEM.COMPOUND:5283731,DOID:0050459|DOID:10573|DOID:10609|DOID:10952|DOID:11335|DOID:12678|DOID:12679|DOID:13068|DOID:13404|DOID:1425|DOID:2485|DOID:2527|DOID:2921|DOID:5160|DOID:557|DOID:580|DOID:585|DOID:626|DOID:9971,NCBIGENE:112744|NCBIGENE:120227|NCBIGENE:1311|NCBIGENE:1591|NCBIGENE:1594|NCBIGENE:25939|NCBIGENE:2638|NCBIGENE:335|NCBIGENE:3565|NCBIGENE:3586|NCBIGENE:3605|NCBIGENE:4036|NCBIGENE:4843|NCBIGENE:5447|NCBIGENE:5741|NCBIGENE:595|NCBIGENE:7059|NCBIGENE:7060|NCBIGENE:7421|NCBIGENE:8029|NCBIGENE:8074|NCBIGENE:860|NCBIGENE:952
DB06795,1483,NCC1=CC=C(C=C1)S(N)(=O)=O,P23280,,,PUBCHEM.COMPOUND:3998,DOID:10952|DOID:1425|DOID:2527|DOID:2747|DOID:2749|DOID:2862|DOID:2921|DOID:3650|DOID:557|DOID:850|DOID:9266|DOID:9870,NCBIGENE:766|NCBIGENE:771
DB01004,1484,NC1=NC2=C(N=CN2COC(CO)CO)C(=O)N1,P04293|Q9QNF7,,,PUBCHEM.COMPOUND:3454,DOID:0050590|DOID:0080160|DOID:10952|DOID:11486|DOID:12030|DOID:1227|DOID:12449|DOID:12987|DOID:13141|DOID:13884|DOID:1425|DOID:1588|DOID:1712|DOID:1754|DOID:1787|DOID:2355|DOID:2361|DOID:240|DOID:2527|DOID:2841|DOID:2921|DOID:3083|DOID:326|DOID:4353|DOID:4692|DOID:5327|DOID:557|DOID:6195|DOID:9360|DOID:9415,NCBIGENE:2353|NCBIGENE:2583|NCBIGENE:2915|NCBIGENE:4131|NCBIGENE:5034|NCBIGENE:5741|NCBIGENE:7124|NCBIGENE:8705
DB00080,1485,CCCCCCCCCC(=O)N[C@@H](CC1=CNC2=C1C=CC=C2)C(=O)N[C@H](CC(N)=O)C(=O)N[C@@H](CC(O)=O)C(=O)N[C@H]1[C@@H](C)OC(=O)[C@H](CC(=O)C2=CC=CC=C2N)NC(=O)[C@@H](NC(=O)[C@@H](CO)NC(=O)CNC(=O)[C@H](CC(O)=O)NC(=O)[C@@H](C)NC(=O)[C@H](CC(O)=O)NC(=O)[C@H](CCCN)NC(=O)CNC1=O)[C@H](C)CC(O)=O,,,,PUBCHEM.COMPOUND:16134395,DOID:1029|DOID:13250|DOID:1389|DOID:423|DOID:574|DOID:5870|DOID:870|DOID:9498|DOID:9503,NCBIGENE:389072
DB08874,1486,[H][C@@]1(O[C@@H]2[C@@H](CC)\C=C(C)\[C@@H](O)C\C=C\C=C(CO[C@@H]3O[C@H](C)[C@@H](OC(=O)C4=C(CC)C(Cl)=C(O)C(Cl)=C4O)[C@H](O)[C@@H]3OC)\C(=O)O[C@@H](C\C=C(/C)\C=C2/C)[C@@H](C)O)OC(C)(C)[C@@H](OC(=O)C(C)C)[C@H](O)[C@@H]1O,Q18BX5,P08684,P08684,PUBCHEM.COMPOUND:70678896,,
DB01592,1487,[Fe],P02786|Q9GZT9|Q9BY41|Q9NZD4|P69905|Q16595|P02794|P39748|Q96FI4|Q969S2|P06746|P00450|P02787,,,PUBCHEM.COMPOUND:23925,DOID:0060180|DOID:0060189|DOID:0060190|DOID:0110892|DOID:11243|DOID:11252|DOID:11759|DOID:12119|DOID:13121|DOID:14026|DOID:2326|DOID:2351|DOID:2352|DOID:583|DOID:750|DOID:8577|DOID:893,NCBIGENE:10101|NCBIGENE:10229|NCBIGENE:10312|NCBIGENE:1036|NCBIGENE:10592|NCBIGENE:10988|NCBIGENE:11001|NCBIGENE:121278|NCBIGENE:127124|NCBIGENE:1277|NCBIGENE:1278|NCBIGENE:1281|NCBIGENE:130013|NCBIGENE:1352|NCBIGENE:1356|NCBIGENE:137872|NCBIGENE:155066|NCBIGENE:1725|NCBIGENE:1728|NCBIGENE:1912|NCBIGENE:192669|NCBIGENE:192670|NCBIGENE:1956|NCBIGENE:1984|NCBIGENE:200424|NCBIGENE:2068|NCBIGENE:2147|NCBIGENE:22|NCBIGENE:221120|NCBIGENE:223|NCBIGENE:2235|NCBIGENE:2281|NCBIGENE:22992|NCBIGENE:23112|NCBIGENE:23127|NCBIGENE:23133|NCBIGENE:23135|NCBIGENE:23173|NCBIGENE:23210|NCBIGENE:23310|NCBIGENE:23466|NCBIGENE:23474|NCBIGENE:23498|NCBIGENE:2353|NCBIGENE:23545|NCBIGENE:239|NCBIGENE:2395|NCBIGENE:240|NCBIGENE:242|NCBIGENE:245972|NCBIGENE:245973|NCBIGENE:247|NCBIGENE:2495|NCBIGENE:2512|NCBIGENE:2539|NCBIGENE:254042|NCBIGENE:254295|NCBIGENE:26061|NCBIGENE:26234|NCBIGENE:26502|NCBIGENE:26523|NCBIGENE:27158|NCBIGENE:27327|NCBIGENE:2805|NCBIGENE:2879|NCBIGENE:2950|NCBIGENE:2954|NCBIGENE:29781|NCBIGENE:2987|NCBIGENE:30061|NCBIGENE:3043|NCBIGENE:3045|NCBIGENE:3077|NCBIGENE:3081|NCBIGENE:3162|NCBIGENE:3242|NCBIGENE:3248|NCBIGENE:348|NCBIGENE:3484|NCBIGENE:351|NCBIGENE:3576|NCBIGENE:3725|NCBIGENE:391059|NCBIGENE:4048|NCBIGENE:4056|NCBIGENE:4057|NCBIGENE:4363|NCBIGENE:4512|NCBIGENE:4513|NCBIGENE:468|NCBIGENE:4682|NCBIGENE:4773|NCBIGENE:4775|NCBIGENE:4780|NCBIGENE:48|NCBIGENE:4891|NCBIGENE:4967|NCBIGENE:5034|NCBIGENE:50484|NCBIGENE:5053|NCBIGENE:5066|NCBIGENE:5092|NCBIGENE:51312|NCBIGENE:51380|NCBIGENE:51382|NCBIGENE:51606|NCBIGENE:51647|NCBIGENE:51727|NCBIGENE:51734|NCBIGENE:51805|NCBIGENE:523|NCBIGENE:525|NCBIGENE:5253|NCBIGENE:526|NCBIGENE:5264|NCBIGENE:527|NCBIGENE:528|NCBIGENE:529|NCBIGENE:535|NCBIGENE:53630|NCBIGENE:5409|NCBIGENE:54205|NCBIGENE:5424|NCBIGENE:54583|NCBIGENE:5471|NCBIGENE:5478|NCBIGENE:5499|NCBIGENE:55214|NCBIGENE:55217|NCBIGENE:55239|NCBIGENE:55240|NCBIGENE:55256|NCBIGENE:5530|NCBIGENE:5532|NCBIGENE:5534|NCBIGENE:5536|NCBIGENE:55586|NCBIGENE:5566|NCBIGENE:55662|NCBIGENE:5567|NCBIGENE:5568|NCBIGENE:55693|NCBIGENE:55869|NCBIGENE:5598|NCBIGENE:5604|NCBIGENE:5605|NCBIGENE:56648|NCBIGENE:57019|NCBIGENE:57192|NCBIGENE:57332|NCBIGENE:57690|NCBIGENE:58157|NCBIGENE:58478|NCBIGENE:5860|NCBIGENE:5925|NCBIGENE:5948|NCBIGENE:6037|NCBIGENE:6045|NCBIGENE:6120|NCBIGENE:6121|NCBIGENE:6240|NCBIGENE:6241|NCBIGENE:6347|NCBIGENE:64146|NCBIGENE:64428|NCBIGENE:645|NCBIGENE:6470|NCBIGENE:6556|NCBIGENE:6622|NCBIGENE:6697|NCBIGENE:6898|NCBIGENE:7018|NCBIGENE:7037|NCBIGENE:7040|NCBIGENE:7054|NCBIGENE:7124|NCBIGENE:7157|NCBIGENE:7166|NCBIGENE:7295|NCBIGENE:7296|NCBIGENE:7389|NCBIGENE:79068|NCBIGENE:79709|NCBIGENE:79901|NCBIGENE:80012|NCBIGENE:80312|NCBIGENE:80853|NCBIGENE:81894|NCBIGENE:83875|NCBIGENE:83990|NCBIGENE:84152|NCBIGENE:8424|NCBIGENE:84274|NCBIGENE:847|NCBIGENE:84733|NCBIGENE:84842|NCBIGENE:8535|NCBIGENE:8846|NCBIGENE:891|NCBIGENE:8942|NCBIGENE:8985|NCBIGENE:9023|NCBIGENE:90423|NCBIGENE:9114|NCBIGENE:9391|NCBIGENE:94033|NCBIGENE:9420|NCBIGENE:9550|NCBIGENE:9682|NCBIGENE:983|NCBIGENE:9843
DB04339,1488,N[C@@H](CSCC(O)=O)C(O)=O,Q63HM9|Q9UNP4,Q16878|P00439|Q9UNP4,Q16878|P00439|Q9UNP4,PUBCHEM.COMPOUND:193653,,NCBIGENE:1476|NCBIGENE:2886|NCBIGENE:2950|NCBIGENE:3383|NCBIGENE:3576|NCBIGENE:9245
DB00429,1489,NC(CO)(CO)CO.CCCCC[C@](C)(O)\C=C\[C@H]1[C@H](O)C[C@H](O)[C@@H]1C\C=C/CCCC(O)=O,P34995,,,PUBCHEM.COMPOUND:45266502,,NCBIGENE:5731
DB09096,1490,O=C(OOC(=O)C1=CC=CC=C1)C1=CC=CC=C1,P04040|Q96A70,P04040,P04040,PUBCHEM.COMPOUND:7187,DOID:0050486|DOID:0060192|DOID:0060281|DOID:0110892|DOID:10493|DOID:10952|DOID:11165|DOID:11168|DOID:1270|DOID:1271|DOID:1272|DOID:13774|DOID:1425|DOID:1837|DOID:2527|DOID:2722|DOID:2723|DOID:2773|DOID:2921|DOID:3159|DOID:3310|DOID:3669|DOID:3777|DOID:4404|DOID:557|DOID:6498|DOID:6543|DOID:8577|DOID:8741|DOID:8778|DOID:8941|DOID:9351,NCBIGENE:4953|NCBIGENE:847
DB09134,1491,OCCN(C(=O)CO)C1=C(I)C(C(=O)NCC(O)CO)=C(I)C(C(=O)NCC(O)CO)=C1I,,,,PUBCHEM.COMPOUND:3741,,NCBIGENE:5340
DB09449,1492,[Na+].OP(O)([O-])=O,,,,PUBCHEM.COMPOUND:23672064,DOID:0050459|DOID:0050589|DOID:0050700|DOID:0060180|DOID:0060189|DOID:0060190|DOID:0060262|DOID:10487|DOID:10488|DOID:10575|DOID:10763|DOID:10772|DOID:10825|DOID:10915|DOID:10952|DOID:11249|DOID:114|DOID:11486|DOID:11963|DOID:11984|DOID:12361|DOID:1247|DOID:12642|DOID:12678|DOID:12679|DOID:1287|DOID:12932|DOID:13186|DOID:13206|DOID:13543|DOID:13948|DOID:13976|DOID:1425|DOID:1686|DOID:182|DOID:1826|DOID:1837|DOID:2089|DOID:2106|DOID:2215|DOID:2216|DOID:2236|DOID:2326|DOID:2355|DOID:2361|DOID:2485|DOID:2527|DOID:2747|DOID:2749|DOID:2862|DOID:2883|DOID:2921|DOID:2983|DOID:326|DOID:3341|DOID:3393|DOID:3827|DOID:3878|DOID:4029|DOID:409|DOID:437|DOID:4500|DOID:5082|DOID:557|DOID:6000|DOID:7997|DOID:7998|DOID:8337|DOID:8442|DOID:8534|DOID:9164|DOID:9266|DOID:9351|DOID:9870,
DB02701,1493,NC(=O)C1=CC=CN=C1,Q10588|P11439|Q9NXA8|P00338|P09874,,,PUBCHEM.COMPOUND:936,DOID:0060262|DOID:10923|DOID:10952|DOID:12176|DOID:1247|DOID:13189|DOID:13195|DOID:13725|DOID:1425|DOID:1837|DOID:2351|DOID:2352|DOID:2527|DOID:2722|DOID:2921|DOID:2977|DOID:326|DOID:409|DOID:50|DOID:557|DOID:6132|DOID:6543|DOID:7188|DOID:7327|DOID:750|DOID:8457|DOID:8505|DOID:893|DOID:9351,NCBIGENE:10038|NCBIGENE:10039|NCBIGENE:10049|NCBIGENE:10135|NCBIGENE:10808|NCBIGENE:128240|NCBIGENE:1413|NCBIGENE:142|NCBIGENE:143|NCBIGENE:162989|NCBIGENE:165631|NCBIGENE:2288|NCBIGENE:22933|NCBIGENE:23378|NCBIGENE:23409|NCBIGENE:23410|NCBIGENE:23411|NCBIGENE:2475|NCBIGENE:27242|NCBIGENE:2765|NCBIGENE:29074|NCBIGENE:3297|NCBIGENE:3303|NCBIGENE:3304|NCBIGENE:3310|NCBIGENE:3315|NCBIGENE:3316|NCBIGENE:3337|NCBIGENE:374887|NCBIGENE:3939|NCBIGENE:4057|NCBIGENE:4087|NCBIGENE:4088|NCBIGENE:4089|NCBIGENE:417|NCBIGENE:419|NCBIGENE:420|NCBIGENE:4860|NCBIGENE:51547|NCBIGENE:51548|NCBIGENE:54625|NCBIGENE:54956|NCBIGENE:56829|NCBIGENE:57097|NCBIGENE:57805|NCBIGENE:5970|NCBIGENE:6013|NCBIGENE:6233|NCBIGENE:64761|NCBIGENE:683|NCBIGENE:7018|NCBIGENE:7311|NCBIGENE:7314|NCBIGENE:79668|NCBIGENE:80153|NCBIGENE:80351|NCBIGENE:81847|NCBIGENE:8312|NCBIGENE:8313|NCBIGENE:83666|NCBIGENE:84875|NCBIGENE:8658|NCBIGENE:9014|NCBIGENE:91582|NCBIGENE:93100|NCBIGENE:952
DB01610,1494,CC(C)[C@H](N)C(=O)OCC(CO)OCN1C=NC2=C1NC(N)=NC2=O,,,,PUBCHEM.COMPOUND:64147,DOID:0050590|DOID:10952|DOID:1227|DOID:12449|DOID:12987|DOID:1425|DOID:1588|DOID:2355|DOID:2361|DOID:2527|DOID:2921|DOID:557,
DB06202,1495,[H][C@@]1(CCC2=CC(O)=CC=C2[C@@]1([H])C1=CC=C(OCCN2CCCC2)C=C1)C1=CC=CC=C1,P03372|Q92731|P34972,,,PUBCHEM.COMPOUND:216416,DOID:11476,NCBIGENE:1401|NCBIGENE:2100
DB09135,1496,CC(=O)N(CC(O)CO)C1=C(I)C(C(=O)NCC(O)CO)=C(I)C(C(=O)NCCO)=C1I,,,,PUBCHEM.COMPOUND:3743,,NCBIGENE:213
DB01764,1497,CCN(CC)CCS(=O)(=O)[C@@H]1CCN2[C@H]1C(=O)O[C@H](C(C)C)[C@H](C)\C=C\C(=O)NC\C=C\C(\C)=C\[C@@H](O)CC(=O)CC1=NC(=CO1)C2=O,P50870,P08684,P08684,PUBCHEM.COMPOUND:6323289,DOID:0060262|DOID:2739|DOID:2741|DOID:409,
DB09069,1498,COC1=C(OC)C(OC)=C(CN2CCNCC2)C=C1,P42765,,,PUBCHEM.COMPOUND:21109,,
DB00879,1499,NC1=NC(=O)N(C=C1F)[C@@H]1CS[C@H](CO)O1,Q72547,,,PUBCHEM.COMPOUND:60877,DOID:0060262|DOID:10573|DOID:10609|DOID:1062|DOID:10952|DOID:12139|DOID:1229|DOID:1425|DOID:1470|DOID:1595|DOID:1596|DOID:1826|DOID:1883|DOID:2043|DOID:2527|DOID:2848|DOID:2921|DOID:3312|DOID:3650|DOID:409|DOID:4964|DOID:526|DOID:557|DOID:635|DOID:778|DOID:9452|DOID:9970,NCBIGENE:1633
DB06800,1500,C[N@+]1(CC2CC2)CC[C@]23[C@H]4OC5=C(O)C=CC(C[C@@H]1[C@]2(O)CCC4=O)=C35,P35372|P41145,,,PUBCHEM.COMPOUND:16089915,,
DB00326,1501,[Ca++].OC[C@@H](O)[C@@H](O)[C@H](O)[C@@H](O)C(O)C([O-])=O.OC[C@@H](O)[C@@H](O)[C@H](O)[C@@H](O)C(O)C([O-])=O,,,,PUBCHEM.COMPOUND:62859,DOID:0060319|DOID:10952|DOID:11335|DOID:114|DOID:12678|DOID:12679|DOID:1287|DOID:13404|DOID:1425|DOID:2485|DOID:2527|DOID:2921|DOID:557|DOID:580|DOID:585|DOID:626|DOID:784,
DB06410,1502,[H][C@@]1(CC[C@@]2([H])\C(CCC[C@]12C)=C\C=C1\C[C@@H](O)C[C@H](O)C1=C)[C@H](C)\C=C\[C@H](C)C(C)C,P11473,Q02318,Q02318,PUBCHEM.COMPOUND:46705423,,
DB01298,1503,CCN1C=CC(NS(=O)(=O)C2=CC=C(N)C=C2)=NC1=O,P0AC13,,,PUBCHEM.COMPOUND:5322,DOID:0060262|DOID:10952|DOID:13268|DOID:14026|DOID:1425|DOID:2527|DOID:2747|DOID:2749|DOID:2862|DOID:2921|DOID:409|DOID:557|DOID:74|DOID:9266|DOID:9870,
DB00709,1504,NC1=NC(=O)N(C=C1)[C@@H]1CS[C@H](CO)O1,Q72547|Q05486,,,PUBCHEM.COMPOUND:60825,DOID:0050590|DOID:0060262|DOID:1029|DOID:10952|DOID:1227|DOID:12449|DOID:12987|DOID:1425|DOID:2043|DOID:2355|DOID:2361|DOID:2527|DOID:2913|DOID:2921|DOID:3650|DOID:409|DOID:423|DOID:4989|DOID:526|DOID:557|DOID:633|DOID:635|DOID:9452|DOID:9970,NCBIGENE:1633|NCBIGENE:1906|NCBIGENE:4846|NCBIGENE:920
DB11126,1505,[Ca++].[H][C@@](O)(CO)[C@@]([H])(O)[C@]([H])(O)[C@@]([H])(O)C([O-])=O.[H][C@@](O)(CO)[C@@]([H])(O)[C@]([H])(O)[C@@]([H])(O)C([O-])=O,,,,PUBCHEM.COMPOUND:9290,DOID:0050459|DOID:0050741|DOID:0060262|DOID:0060573|DOID:0060692|DOID:0111045|DOID:0111052|DOID:0111054|DOID:0111056|DOID:0111057|DOID:10652|DOID:10763|DOID:10772|DOID:10808|DOID:10825|DOID:10933|DOID:10952|DOID:11249|DOID:11335|DOID:114|DOID:11476|DOID:11870|DOID:12531|DOID:12678|DOID:12679|DOID:1287|DOID:13189|DOID:13404|DOID:13543|DOID:1425|DOID:1443|DOID:14525|DOID:1574|DOID:1588|DOID:1826|DOID:2089|DOID:2215|DOID:2216|DOID:2236|DOID:2355|DOID:2361|DOID:2485|DOID:2527|DOID:2921|DOID:3341|DOID:3393|DOID:409|DOID:5160|DOID:557|DOID:580|DOID:585|DOID:593|DOID:594|DOID:626|DOID:750|DOID:784|DOID:8677|DOID:9971,NCBIGENE:3956|NCBIGENE:414328|NCBIGENE:5595
DB06799,1506,C1N2CN3CN1CN(C2)C3,,,,PUBCHEM.COMPOUND:4101,DOID:0050459|DOID:0060262|DOID:1074|DOID:10763|DOID:10772|DOID:10825|DOID:10952|DOID:11249|DOID:114|DOID:11486|DOID:11963|DOID:12361|DOID:1247|DOID:12642|DOID:12678|DOID:12679|DOID:1287|DOID:13186|DOID:13206|DOID:13948|DOID:13976|DOID:1425|DOID:1686|DOID:1837|DOID:2215|DOID:2216|DOID:2236|DOID:2355|DOID:2361|DOID:2485|DOID:2527|DOID:2747|DOID:2749|DOID:2862|DOID:2883|DOID:2921|DOID:3393|DOID:3827|DOID:3878|DOID:4029|DOID:409|DOID:437|DOID:4676|DOID:5082|DOID:557|DOID:6000|DOID:7997|DOID:7998|DOID:8442|DOID:8534|DOID:9164|DOID:9266|DOID:9351|DOID:9870,
DB00698,1507,[O-][N+](=O)C1=CC=C(O1)\C=N\N1CC(=O)NC1=O,P52647|P17117|P0A7R5,P16435,P16435,PUBCHEM.COMPOUND:6604200,DOID:1210|DOID:12123|DOID:13603|DOID:1389|DOID:1837|DOID:2237|DOID:2747|DOID:2749|DOID:2797|DOID:2862|DOID:2983|DOID:3082|DOID:3770|DOID:574|DOID:870|DOID:9266|DOID:9351|DOID:9741|DOID:9870,NCBIGENE:1270|NCBIGENE:1666|NCBIGENE:1728|NCBIGENE:9429
DB01369,1508,[H][C@@]12CCCN1C(=O)[C@@H](CC)NC(=O)[C@@H](NC(=O)C1=NC=CC=C1O)[C@@H](C)OC(=O)[C@@H](NC(=O)[C@]1([H])CC(=O)[C@]([H])(CS[C@@H]3CN4CCC3CC4)CN1C(=O)[C@H](CC1=CC=C(C=C1)N(C)C)N(C)C2=O)C1=CC=CC=C1,P0A7J6|P61177,P08684,P08684,PUBCHEM.COMPOUND:5388937,DOID:0060262|DOID:2739|DOID:2741|DOID:409,
DB01581,1509,CC1=NC(NS(=O)(=O)C2=CC=C(N)C=C2)=NC=C1,P0AC13,,,PUBCHEM.COMPOUND:5325,DOID:0060262|DOID:10952|DOID:13268|DOID:14026|DOID:1425|DOID:2527|DOID:2921|DOID:409|DOID:557|DOID:74,
DB06706,1510,CNC(C)CCC=C(C)C,P35348|Q05940,,,PUBCHEM.COMPOUND:22297,DOID:0050741|DOID:0060262|DOID:10763|DOID:10825|DOID:10933|DOID:1574|DOID:1686|DOID:1826|DOID:3393|DOID:3669|DOID:409|DOID:593|DOID:594|DOID:750|DOID:8677,
DB06213,1511,CNC(=O)C1=CN(N=C1)C1=NC2=C(N=CN2[C@@H]2O[C@H](CO)[C@@H](O)[C@H]2O)C(N)=N1,P29274,,,PUBCHEM.COMPOUND:219024,DOID:10763|DOID:10825|DOID:11482|DOID:11486|DOID:118|DOID:13001|DOID:13003|DOID:13884|DOID:1712|DOID:1754|DOID:1787|DOID:1826|DOID:224|DOID:2841|DOID:3083|DOID:3410|DOID:9360|DOID:9415,
DB11348,1512,[Ca++].[Ca++].[Ca++].[O-]P([O-])([O-])=O.[O-]P([O-])([O-])=O,P41180|P27797|Q99828|O75340|P30626|Q99653|P09486|P27824|P35556|P04271|O14958|Q15493|Q9UBV8|P06703|P13693|O75838|Q99584|P31415|Q02818|P80303|P0DP23|Q75N90|P28676|Q9ULU8|P0DP24|P0DP25|Q96FQ6|P22676|Q13938|Q86UW7|Q96L12|Q9ULB1|P62166,,,PUBCHEM.COMPOUND:24456,DOID:0050459|DOID:0060180|DOID:0060189|DOID:0060190|DOID:0060262|DOID:0110892|DOID:10283|DOID:10286|DOID:1059|DOID:10952|DOID:11335|DOID:11476|DOID:12119|DOID:12139|DOID:12678|DOID:12679|DOID:13404|DOID:13543|DOID:1425|DOID:1470|DOID:1595|DOID:1596|DOID:1837|DOID:2089|DOID:2326|DOID:2351|DOID:2352|DOID:2485|DOID:2527|DOID:2848|DOID:2921|DOID:3341|DOID:409|DOID:417|DOID:4964|DOID:5160|DOID:5419|DOID:557|DOID:580|DOID:583|DOID:585|DOID:626|DOID:6688|DOID:750|DOID:8577|DOID:8927|DOID:893|DOID:9074|DOID:9351|DOID:9971,
DB09210,1513,NC(=O)CN1CCCC1=O,,,,,,
DB00442,1514,NC1=NC(=O)C2=C(N1)N(C=N2)[C@H]1C[C@H](O)[C@@H](CO)C1=C,,,,PUBCHEM.COMPOUND:153941,DOID:2043|DOID:3650|DOID:9452,
DB01438,1515,NC1=NC(N)=C(C=C1)\N=N\C1=CC=CC=C1,P35498,,,PUBCHEM.COMPOUND:4756,DOID:0050590|DOID:0050741|DOID:0050848|DOID:0060262|DOID:0060731|DOID:1074|DOID:10763|DOID:10825|DOID:10952|DOID:11486|DOID:11963|DOID:12139|DOID:1227|DOID:12361|DOID:12550|DOID:12642|DOID:12987|DOID:13186|DOID:13206|DOID:13268|DOID:13413|DOID:13948|DOID:13976|DOID:14026|DOID:1425|DOID:1470|DOID:1574|DOID:1588|DOID:1595|DOID:1596|DOID:1686|DOID:2355|DOID:2361|DOID:2527|DOID:2747|DOID:2749|DOID:2841|DOID:2848|DOID:2862|DOID:2883|DOID:2921|DOID:302|DOID:303|DOID:3083|DOID:3393|DOID:3827|DOID:3878|DOID:409|DOID:437|DOID:4676|DOID:4964|DOID:557|DOID:74|DOID:7997|DOID:7998|DOID:8442|DOID:8534|DOID:9164|DOID:9266|DOID:9267|DOID:9870,NCBIGENE:6323
DB05245,1516,[Ag+].NC1=CC=C(C=C1)S(=O)(=O)[N-]C1=NC=CC=N1,,,,PUBCHEM.COMPOUND:441244,DOID:0060262|DOID:10952|DOID:13268|DOID:1425|DOID:1588|DOID:2355|DOID:2361|DOID:2527|DOID:2747|DOID:2749|DOID:2862|DOID:2921|DOID:409|DOID:557|DOID:615|DOID:8549|DOID:9266|DOID:9870,
DB00562,1517,NS(=O)(=O)C1=CC2=C(C=C1Cl)N=C(CSCC1=CC=CC=C1)NS2(=O)=O,P55017|P00915|P00918|P22748|Q16790|O43570,,,PUBCHEM.COMPOUND:2343,DOID:0110892|DOID:10952|DOID:11151|DOID:11755|DOID:12139|DOID:1425|DOID:1470|DOID:1595|DOID:1596|DOID:1826|DOID:2527|DOID:2848|DOID:2921|DOID:4964|DOID:557|DOID:750|DOID:8577,NCBIGENE:6559|NCBIGENE:760|NCBIGENE:762|NCBIGENE:768|NCBIGENE:771
DB06150,1518,COC1=NC(OC)=NC(NS(=O)(=O)C2=CC=C(N)C=C2)=C1,,P11712,P11712,PUBCHEM.COMPOUND:5323,,
DB04711,1519,OC(=O)C1=C(I)C(NC(=O)CCCCC(=O)NC2=C(I)C=C(I)C(C(O)=O)=C2I)=C(I)C=C1I,,,,PUBCHEM.COMPOUND:3739,,NCBIGENE:213|NCBIGENE:629
DB01301,1520,[H][C@@]12C[C@@]3([H])C(C(=O)C4=C(O)C=CC=C4[C@@]3(C)O)=C(O)[C@]1(O)C(=O)C(C(=O)NCN1CCCC1)=C(O)[C@H]2N(C)C,P0A7X3,,,PUBCHEM.COMPOUND:54682938,,
DB01582,1521,CC1=CC(C)=NC(NS(=O)(=O)C2=CC=C(N)C=C2)=N1,P0AC13,P9WJI5,P9WJI5,PUBCHEM.COMPOUND:5327,DOID:0060262|DOID:10952|DOID:13268|DOID:14026|DOID:1425|DOID:2527|DOID:2921|DOID:409|DOID:557|DOID:74,NCBIGENE:10
DB01362,1522,CC(=O)N(CC(O)CO)C1=C(I)C(C(=O)NCC(O)CO)=C(I)C(C(=O)NCC(O)CO)=C1I,,,,PUBCHEM.COMPOUND:3730,,NCBIGENE:1453|NCBIGENE:213|NCBIGENE:4669
DB00650,1523,[H]C(=O)N1C(CNC2=CC=C(C=C2)C(=O)N[C@@H](CCC(O)=O)C(O)=O)CNC2=C1C(=O)NC(N)=N2,,,,PUBCHEM.COMPOUND:6006,DOID:13381|DOID:13382,NCBIGENE:10588|NCBIGENE:1719|NCBIGENE:2356|NCBIGENE:6573|NCBIGENE:7298
DB00811,1524,NC(=O)C1=NN(C=N1)[C@@H]1O[C@H](CO)[C@@H](O)[C@H]1O,P20839|P26676|P12823|P12268|P16502,P49902|P55263,P49902|P55263,PUBCHEM.COMPOUND:37542,DOID:0060479|DOID:0090118|DOID:10241|DOID:10923|DOID:11335|DOID:11847|DOID:12449|DOID:12450|DOID:1273|DOID:1339|DOID:13404|DOID:1342|DOID:13739|DOID:1883|DOID:1936|DOID:2048|DOID:2348|DOID:2355|DOID:2361|DOID:2841|DOID:2913|DOID:3082|DOID:3083|DOID:3393|DOID:4989|DOID:5082|DOID:583|DOID:5844|DOID:5854|DOID:626|DOID:824|DOID:9360|DOID:9408|DOID:9415,NCBIGENE:132|NCBIGENE:2100|NCBIGENE:2146|NCBIGENE:22978|NCBIGENE:2475|NCBIGENE:282616|NCBIGENE:282617|NCBIGENE:3439|NCBIGENE:3440|NCBIGENE:3447|NCBIGENE:3558|NCBIGENE:3576|NCBIGENE:3586|NCBIGENE:3592|NCBIGENE:3593|NCBIGENE:3614|NCBIGENE:3615|NCBIGENE:3704|NCBIGENE:5167|NCBIGENE:7157|NCBIGENE:80237|NCBIGENE:952|NCBIGENE:975
DB01048,1525,NC1=NC2=C(N=CN2[C@@H]2C[C@H](CO)C=C2)C(NC2CC2)=N1,Q72547|P01889,,,PUBCHEM.COMPOUND:441300,DOID:0050590|DOID:0060262|DOID:1029|DOID:10952|DOID:1227|DOID:12449|DOID:12987|DOID:1425|DOID:2355|DOID:2361|DOID:2527|DOID:2913|DOID:2921|DOID:3650|DOID:409|DOID:423|DOID:4989|DOID:526|DOID:557|DOID:633|DOID:635|DOID:9452|DOID:9970,NCBIGENE:124|NCBIGENE:1576|NCBIGENE:3106|NCBIGENE:567|NCBIGENE:6580|NCBIGENE:6581|NCBIGENE:6582|NCBIGENE:9429
DB00459,1526,COC1=C(C)C(C)=C(\C=C\C(\C)=C\C=C\C(\C)=C\C(O)=O)C(C)=C1,P19793|P10276|P10826|P13631|P28702|P48443|P09455,,,PUBCHEM.COMPOUND:5284513,DOID:0050741|DOID:0050766|DOID:0110870|DOID:11459|DOID:12139|DOID:1386|DOID:1387|DOID:1388|DOID:1391|DOID:1432|DOID:1470|DOID:1574|DOID:1595|DOID:1596|DOID:1837|DOID:205|DOID:2848|DOID:2913|DOID:4964|DOID:4989|DOID:8499|DOID:9351|DOID:9428|DOID:9970,NCBIGENE:1381|NCBIGENE:5914|NCBIGENE:5915|NCBIGENE:5947|NCBIGENE:6256|NCBIGENE:6258|NCBIGENE:6774
DB01249,1527,CC(=O)N(CC(O)CN(C(C)=O)C1=C(I)C(C(=O)NCC(O)CO)=C(I)C(C(=O)NCC(O)CO)=C1I)C1=C(I)C(C(=O)NCC(O)CO)=C(I)C(C(=O)NCC(O)CO)=C1I,,,,PUBCHEM.COMPOUND:3724,,
DB00634,1528,CC(=O)NS(=O)(=O)C1=CC=C(N)C=C1,P0AC13|P0C002|P53848,,,PUBCHEM.COMPOUND:5320,DOID:0050486|DOID:0060262|DOID:0080158|DOID:1067|DOID:10763|DOID:10825|DOID:10952|DOID:11262|DOID:11265|DOID:114|DOID:12030|DOID:12361|DOID:1287|DOID:13141|DOID:13206|DOID:13268|DOID:13550|DOID:1405|DOID:1407|DOID:1425|DOID:14445|DOID:1837|DOID:1936|DOID:2170|DOID:2273|DOID:2348|DOID:2349|DOID:240|DOID:2527|DOID:2722|DOID:2747|DOID:2749|DOID:2862|DOID:2883|DOID:2921|DOID:3385|DOID:3393|DOID:3901|DOID:409|DOID:4353|DOID:5162|DOID:557|DOID:6195|DOID:6498|DOID:6543|DOID:74|DOID:7997|DOID:7998|DOID:8741|DOID:8941|DOID:9181|DOID:9266|DOID:9282|DOID:9351|DOID:9870,NCBIGENE:4351
DB02703,1529,[H][C@@]12C[C@@H](O)[C@@]3([H])[C@@]4(C)CC[C@@H](O)[C@@H](C)[C@]4([H])CC[C@]3(C)[C@@]1(C)C[C@H](OC(C)=O)\C2=C(\CCC=C(C)C)C(O)=O,P13551|P62580|P00484,P10635|P08684|P22309,P10635|P08684|P22309,PUBCHEM.COMPOUND:3000226,DOID:0050127|DOID:0060180|DOID:0060189|DOID:0060190|DOID:0060224|DOID:0060262|DOID:0060643|DOID:0080158|DOID:10113|DOID:10310|DOID:10371|DOID:1067|DOID:10952|DOID:11077|DOID:11100|DOID:11102|DOID:11104|DOID:11204|DOID:11256|DOID:11262|DOID:11265|DOID:11573|DOID:12030|DOID:12678|DOID:12679|DOID:13034|DOID:13087|DOID:13117|DOID:13141|DOID:13371|DOID:13548|DOID:13778|DOID:13819|DOID:13924|DOID:1407|DOID:14095|DOID:1425|DOID:14268|DOID:14269|DOID:14270|DOID:1498|DOID:1686|DOID:1837|DOID:2123|DOID:2275|DOID:2297|DOID:2326|DOID:240|DOID:2457|DOID:2474|DOID:2479|DOID:2485|DOID:2527|DOID:2921|DOID:3087|DOID:381|DOID:384|DOID:409|DOID:4131|DOID:4353|DOID:437|DOID:4409|DOID:4500|DOID:4677|DOID:5295|DOID:552|DOID:557|DOID:6132|DOID:6195|DOID:6543|DOID:7426|DOID:7427|DOID:7551|DOID:77|DOID:813|DOID:8478|DOID:874|DOID:8881|DOID:8941|DOID:9282|DOID:9351|DOID:9368|DOID:9446|DOID:9470|DOID:950|DOID:9938,NCBIGENE:1938|NCBIGENE:213|NCBIGENE:64968|NCBIGENE:79631|NCBIGENE:84340|NCBIGENE:85476|NCBIGENE:8647|NCBIGENE:9343
DB00746,1530,CC(=O)N(O)CCCCCNC(=O)CCC(=O)N(O)CCCCCNC(=O)CCC(=O)N(O)CCCCCN,P05067,P47989,P47989,PUBCHEM.COMPOUND:2973,,NCBIGENE:1017|NCBIGENE:2034|NCBIGENE:2056|NCBIGENE:2235|NCBIGENE:2495|NCBIGENE:2512|NCBIGENE:30061|NCBIGENE:3162|NCBIGENE:3576|NCBIGENE:3939|NCBIGENE:3952|NCBIGENE:4313|NCBIGENE:4353|NCBIGENE:48|NCBIGENE:4891|NCBIGENE:5594|NCBIGENE:5595|NCBIGENE:5743|NCBIGENE:6556|NCBIGENE:7037|NCBIGENE:7124|NCBIGENE:7157|NCBIGENE:836|NCBIGENE:841|NCBIGENE:847
DB00761,1531,[Cl-].[K+],P55011|Q13621|Q9H2X9|Q9UHW9|Q9Y666|Q9UP95,,,PUBCHEM.COMPOUND:4873,DOID:0060173|DOID:0060262|DOID:0060674|DOID:0060675|DOID:0060676|DOID:0060677|DOID:0060678|DOID:0060679|DOID:0110892|DOID:1029|DOID:10493|DOID:10763|DOID:10808|DOID:10825|DOID:10923|DOID:10952|DOID:11335|DOID:114|DOID:11847|DOID:11914|DOID:11963|DOID:12361|DOID:12642|DOID:12678|DOID:12679|DOID:1287|DOID:13186|DOID:13206|DOID:13404|DOID:13550|DOID:13774|DOID:13948|DOID:13976|DOID:1405|DOID:1425|DOID:14250|DOID:14445|DOID:14451|DOID:14452|DOID:1826|DOID:1936|DOID:2074|DOID:2089|DOID:2106|DOID:2348|DOID:2349|DOID:2351|DOID:2352|DOID:2485|DOID:2527|DOID:2883|DOID:2913|DOID:2921|DOID:2977|DOID:2983|DOID:3083|DOID:3393|DOID:3650|DOID:3827|DOID:3878|DOID:409|DOID:437|DOID:4500|DOID:4989|DOID:5162|DOID:5200|DOID:557|DOID:580|DOID:5844|DOID:585|DOID:5854|DOID:6000|DOID:626|DOID:750|DOID:784|DOID:7997|DOID:7998|DOID:8337|DOID:8437|DOID:8440|DOID:8442|DOID:8534|DOID:8577|DOID:893|DOID:9164|DOID:936|DOID:9408,NCBIGENE:102724428|NCBIGENE:10723|NCBIGENE:112802|NCBIGENE:121391|NCBIGENE:150094|NCBIGENE:23435|NCBIGENE:2353|NCBIGENE:2641|NCBIGENE:3741|NCBIGENE:387|NCBIGENE:4691|NCBIGENE:5172|NCBIGENE:54097|NCBIGENE:57468|NCBIGENE:627|NCBIGENE:6558|NCBIGENE:6560|NCBIGENE:6915|NCBIGENE:85027
DB00900,1532,OC[C@@H]1CC[C@@H](O1)N1C=NC2=C1NC=NC2=O,Q72547|P00491,,,PUBCHEM.COMPOUND:50599,DOID:0050741|DOID:0060173|DOID:0060262|DOID:1029|DOID:10493|DOID:10762|DOID:10763|DOID:10825|DOID:10952|DOID:11335|DOID:11396|DOID:1210|DOID:12678|DOID:12679|DOID:13250|DOID:13404|DOID:13543|DOID:13774|DOID:1389|DOID:1425|DOID:14451|DOID:14452|DOID:1574|DOID:1837|DOID:1920|DOID:2089|DOID:2485|DOID:2527|DOID:2913|DOID:2921|DOID:2983|DOID:3341|DOID:3393|DOID:3612|DOID:3650|DOID:409|DOID:4989|DOID:526|DOID:557|DOID:5679|DOID:574|DOID:580|DOID:585|DOID:626|DOID:635|DOID:870|DOID:9351|DOID:9452|DOID:9746|DOID:9970,NCBIGENE:3177|NCBIGENE:4860|NCBIGENE:627|NCBIGENE:7157|NCBIGENE:920
DB00345,1533,NC1=CC=C(C=C1)C(=O)NCC(O)=O,,,,PUBCHEM.COMPOUND:2148,,NCBIGENE:10864|NCBIGENE:200931|NCBIGENE:55867|NCBIGENE:9356|NCBIGENE:9376
DB06767,1534,[NH4+].[Cl-],,,,PUBCHEM.COMPOUND:25517,DOID:0060173|DOID:1029|DOID:10459|DOID:10460|DOID:10493|DOID:10763|DOID:10825|DOID:10933|DOID:11396|DOID:12361|DOID:12678|DOID:12679|DOID:13206|DOID:13550|DOID:13774|DOID:13948|DOID:1405|DOID:14445|DOID:14451|DOID:14452|DOID:1826|DOID:2275|DOID:2485|DOID:2883|DOID:2983|DOID:3393|DOID:593|DOID:594|DOID:750|DOID:7997|DOID:7998|DOID:8677|DOID:9282,
DB09018,1535,CCN(CC)CCNC(=O)C1=CC(Br)=C(N)C=C1OC,P14416,,,PUBCHEM.COMPOUND:2446,,
DB06147,1536,NC1=CC=C(C=C1)S(=O)(=O)NC1=NC=CS1,Q27738,P11511,P11511,PUBCHEM.COMPOUND:5340,DOID:0060262|DOID:10952|DOID:13268|DOID:1425|DOID:2170|DOID:2273|DOID:2527|DOID:2747|DOID:2749|DOID:2862|DOID:2921|DOID:3385|DOID:3901|DOID:409|DOID:557|DOID:74|DOID:9266|DOID:9870,NCBIGENE:6697
DB01160,1537,NC(CO)(CO)CO.CCCCC[C@H](O)\C=C\[C@H]1[C@H](O)C[C@H](O)[C@@H]1C\C=C/CCCC(O)=O,P43088|P43119,,,PUBCHEM.COMPOUND:5282415,,NCBIGENE:5737|NCBIGENE:5739
DB00576,1538,CC1=NN=C(NS(=O)(=O)C2=CC=C(N)C=C2)S1,P0AC13,P11712,P11712,PUBCHEM.COMPOUND:5328,DOID:0060262|DOID:0110741|DOID:0110742|DOID:0110743|DOID:0110744|DOID:0110745|DOID:0110746|DOID:0110747|DOID:0110748|DOID:0110749|DOID:0110750|DOID:0110751|DOID:0110752|DOID:0110753|DOID:0110754|DOID:0110755|DOID:0110756|DOID:0110757|DOID:0110758|DOID:0110759|DOID:0110760|DOID:0110761|DOID:10493|DOID:1074|DOID:10754|DOID:10952|DOID:12385|DOID:13189|DOID:13774|DOID:14219|DOID:1425|DOID:2527|DOID:2747|DOID:2749|DOID:2862|DOID:2921|DOID:3650|DOID:409|DOID:4676|DOID:557|DOID:74|DOID:9266|DOID:9351|DOID:9352|DOID:9744|DOID:9870,
DB00271,1539,CC(=O)NC1=C(I)C(C(O)=O)=C(I)C(NC(C)=O)=C1I,,,,PUBCHEM.COMPOUND:2140,,NCBIGENE:3576|NCBIGENE:4669
DB11691,1540,[H][C@@]12OC3=C4C(C[C@@]5([H])N(CC6CC6)CC[C@@]14[C@@]5(O)CC(C(=O)NC(C)(C)C1=NC(=NO1)C1=CC=CC=C1)=C2O)=CC=C3O,P35372|P41143|P41145,P35503,P35503,PUBCHEM.COMPOUND:54732242,,
DB09153,1541,[Na+].[Cl-],,,,PUBCHEM.COMPOUND:5234,,NCBIGENE:100293534|NCBIGENE:1020|NCBIGENE:11266|NCBIGENE:1520|NCBIGENE:1843|NCBIGENE:1906|NCBIGENE:213|NCBIGENE:25|NCBIGENE:2539|NCBIGENE:27306|NCBIGENE:2752|NCBIGENE:2821|NCBIGENE:3600|NCBIGENE:3783|NCBIGENE:4023|NCBIGENE:4133|NCBIGENE:472|NCBIGENE:4843|NCBIGENE:4846|NCBIGENE:4953|NCBIGENE:5172|NCBIGENE:51738|NCBIGENE:5444|NCBIGENE:5743|NCBIGENE:5972|NCBIGENE:6446|NCBIGENE:6550|NCBIGENE:6722|NCBIGENE:721|NCBIGENE:8128|NCBIGENE:9451
DB00847,1542,NCCS,P49146,,,PUBCHEM.COMPOUND:6058,DOID:0060262|DOID:1064|DOID:11459|DOID:12139|DOID:1470|DOID:1595|DOID:1596|DOID:1826|DOID:2848|DOID:37|DOID:409|DOID:4964|DOID:615|DOID:6498|DOID:8866|DOID:936|DOID:9428,NCBIGENE:1036|NCBIGENE:1497|NCBIGENE:1910|NCBIGENE:25974|NCBIGENE:4887|NCBIGENE:5617|NCBIGENE:6750|NCBIGENE:84890|NCBIGENE:8875|NCBIGENE:8876|NCBIGENE:9407
DB08796,1543,O=C(OCCOCCN1CCCCC1)N1C2=CC=CC=C2SC2=C1N=CC=C2,,,,PUBCHEM.COMPOUND:22425,,
DB00504,1544,[H][C@@]12CCCC[C@@]11CCN(CC=C)[C@@H]2CC2=C1C=C(O)C=C2,P35372,,,PUBCHEM.COMPOUND:5359371,,NCBIGENE:4985|NCBIGENE:4988
DB06401,1545,CC1=C(N(CC2=CC=C(OCCN3CCCCCC3)C=C2)C2=C1C=C(O)C=C2)C1=CC=C(O)C=C1,P03372|Q92731,P22310|Q9HAW9|Q9HAW8,P22310|Q9HAW9|Q9HAW8,PUBCHEM.COMPOUND:154257,DOID:11476,
DB09156,1546,COCC(=O)NC1=C(I)C(C(=O)N(C)CC(O)CO)=C(I)C(C(=O)NCC(O)CO)=C1I,,,,PUBCHEM.COMPOUND:3736,,
DB01579,1547,C[C@H]1[C@@H](OCCN1C)C1=CC=CC=C1,P35348|P23975|P35368,,,PUBCHEM.COMPOUND:30487,DOID:0110741|DOID:0110742|DOID:0110743|DOID:0110744|DOID:0110745|DOID:0110746|DOID:0110747|DOID:0110748|DOID:0110749|DOID:0110750|DOID:0110751|DOID:0110752|DOID:0110753|DOID:0110754|DOID:0110755|DOID:0110756|DOID:0110757|DOID:0110758|DOID:0110759|DOID:0110760|DOID:0110761|DOID:10763|DOID:10825|DOID:11328|DOID:114|DOID:12361|DOID:1287|DOID:14557|DOID:1686|DOID:1936|DOID:2348|DOID:2349|DOID:302|DOID:303|DOID:4079|DOID:5162|DOID:5418|DOID:6432|DOID:7997|DOID:7998|DOID:9744|DOID:9970,NCBIGENE:147
DB08947,1548,C[C@H](O)C(=O)NC1=C(I)C(C(=O)NC(CO)CO)=C(I)C(C(=O)NC(CO)CO)=C1I,,,,PUBCHEM.COMPOUND:65492,,
DB08916,1549,CN(C)C\C=C\C(=O)NC1=C(O[C@H]2CCOC2)C=C2N=CN=C(NC3=CC(Cl)=C(F)C=C3)C2=C1,P00533|P04626|Q15303,,,PUBCHEM.COMPOUND:10184653,,NCBIGENE:1950|NCBIGENE:1956|NCBIGENE:2064|NCBIGENE:2066|NCBIGENE:255738|NCBIGENE:2580|NCBIGENE:57650|NCBIGENE:9429
DB00551,1550,CC(=O)NO,P18314|P39900,,,PUBCHEM.COMPOUND:1990,DOID:0050741|DOID:1574|DOID:1588|DOID:2355|DOID:2361|DOID:583|DOID:615|DOID:864,NCBIGENE:4317|NCBIGENE:4322
DB00704,1551,[H][C@@]12OC3=C(O)C=CC4=C3[C@@]11CCN(CC3CC3)[C@]([H])(C4)[C@]1(O)CCC2=O,P35372|P41145|P41143|Q99720,,,PUBCHEM.COMPOUND:5360515,DOID:0050328|DOID:0050741|DOID:0060262|DOID:10487|DOID:10493|DOID:11459|DOID:11634|DOID:12139|DOID:13206|DOID:13603|DOID:13774|DOID:1459|DOID:1470|DOID:1574|DOID:1595|DOID:1596|DOID:1742|DOID:1826|DOID:2237|DOID:2559|DOID:2560|DOID:2841|DOID:2848|DOID:2883|DOID:2913|DOID:302|DOID:303|DOID:3083|DOID:3878|DOID:409|DOID:4964|DOID:4989|DOID:5870|DOID:8442|DOID:8515|DOID:9428|DOID:9498|DOID:9503|DOID:9741|DOID:9970|DOID:9976,NCBIGENE:10280|NCBIGENE:11054|NCBIGENE:2353|NCBIGENE:4843|NCBIGENE:4985|NCBIGENE:4986|NCBIGENE:4988|NCBIGENE:9407
DB08934,1552,CC(C)OC(=O)[C@H](C)N[P@](=O)(OC[C@H]1O[C@@H](N2C=CC(=O)NC2=O)[C@](C)(F)[C@@H]1O)OC1=CC=CC=C1,O39930,P10619|Q6LAP9|P49773|P30085|P15531,P10619|Q6LAP9|P49773|P30085|P15531,PUBCHEM.COMPOUND:45375808,DOID:1883,
DB09146,1553,O.O.O.[OH-].[O--].[O--].[O--].[O--].[O--].[O--].[O--].[O--].[Na+].[Na+].[Fe+3].[Fe+3].[Fe+3].[Fe+3].[Fe+3].OC[C@H]1O[C@@](CO)(O[C@H]2O[C@H](CO)[C@@H](O)[C@H](O)[C@H]2O)[C@@H](O)[C@@H]1O,,,,PUBCHEM.COMPOUND:91663255,DOID:0050459,
DB06782,1554,OCC(S)CS,P05067,,,PUBCHEM.COMPOUND:3080,DOID:0060262|DOID:10763|DOID:10825|DOID:2747|DOID:2749|DOID:2862|DOID:409|DOID:9266|DOID:9870,NCBIGENE:210
DB09147,1555,[Fe+3].[Fe+3].[Fe+3].[Fe+3].[O-]P([O-])(=O)OP([O-])([O-])=O.[O-]P([O-])(=O)OP([O-])([O-])=O.[O-]P([O-])(=O)OP([O-])([O-])=O,P02792|P69905|P68871,,,PUBCHEM.COMPOUND:24877,,
DB00626,1556,CC[C@H](C)[C@H](N)C1=N[C@@H](CS1)C(=O)N[C@@H](CC(C)C)C(=O)N[C@H](CCC(O)=O)C(=O)N[C@@H]([C@@H](C)CC)C(=O)N[C@H]1CCCCNC(=O)[C@H](CC(N)=O)NC(=O)[C@@H](CC(O)=O)NC(=O)[C@H](CC2=CNC=N2)NC(=O)[C@@H](CC2=CC=CC=C2)NC(=O)[C@@H](NC(=O)[C@@H](CCCN)NC1=O)[C@@H](C)CC,P14735|P01023,,,PUBCHEM.COMPOUND:10909430,DOID:0050820|DOID:0060262|DOID:0080158|DOID:10493|DOID:1067|DOID:10952|DOID:1270|DOID:1271|DOID:1272|DOID:13774|DOID:1425|DOID:1826|DOID:1837|DOID:2527|DOID:2921|DOID:3669|DOID:409|DOID:437|DOID:4677|DOID:557|DOID:6195|DOID:9282|DOID:9351|DOID:9368,NCBIGENE:3416|NCBIGENE:5034
DB09162,1557,C(C(=O)[O-])C(CC(=O)[O-])(C(=O)[O-])O.[Fe+3],,,,,,
DB09282,1558,CCOC(=O)[N-]C1=C[N+](=NO1)N1CCOCC1,P33402,P33402|O76074,P33402|O76074,PUBCHEM.COMPOUND:5353788,,
DB09209,1559,[H][C@@]12OC3=C(OCCN4CCOCC4)C=CC4=C3[C@@]11CCN(C)[C@]([H])(C4)[C@]1([H])C=C[C@@H]2O,P35372|P41145|P41143,,,PUBCHEM.COMPOUND:5311356,,
DB12364,1560,COC1=CC=C(NC(=O)C2=CC=C(C=C2)C(=N)N(C)C)C(=C1)C(=O)NC1=CC=C(Cl)C=N1,P00742,,,PUBCHEM.COMPOUND:10275777,,NCBIGENE:2159
DB06824,1561,NCCNCCNCCN,,P21673,P21673,PUBCHEM.COMPOUND:5565,DOID:0050328|DOID:0060655|DOID:0060656|DOID:0060699|DOID:0060700|DOID:0060701|DOID:0060702|DOID:10493|DOID:10575|DOID:10763|DOID:10825|DOID:11252|DOID:11634|DOID:11759|DOID:11847|DOID:12678|DOID:12679|DOID:1270|DOID:1271|DOID:1272|DOID:13121|DOID:13250|DOID:13774|DOID:1459|DOID:182|DOID:2351|DOID:2352|DOID:2485|DOID:2734|DOID:2738|DOID:2739|DOID:2741|DOID:2913|DOID:3669|DOID:4450|DOID:4451|DOID:4464|DOID:4465|DOID:4467|DOID:4471|DOID:4473|DOID:4500|DOID:4702|DOID:4989|DOID:576|DOID:5844|DOID:5854|DOID:8503|DOID:8893|DOID:893|DOID:9088|DOID:9408|DOID:9971,NCBIGENE:6647|NCBIGENE:7157
DB00859,1562,[H][C@](N)(C(O)=O)C(C)(C)S,,,,PUBCHEM.COMPOUND:5852,DOID:0050590|DOID:10952|DOID:11252|DOID:11759|DOID:12132|DOID:1227|DOID:12449|DOID:12987|DOID:13121|DOID:1425|DOID:1588|DOID:2351|DOID:2352|DOID:2508|DOID:2527|DOID:2747|DOID:2749|DOID:2862|DOID:2921|DOID:2942|DOID:437|DOID:557|DOID:576|DOID:615|DOID:7148|DOID:893|DOID:9182|DOID:9266|DOID:9663|DOID:9808|DOID:9809|DOID:9810|DOID:9870,NCBIGENE:112802|NCBIGENE:121391|NCBIGENE:4017|NCBIGENE:4353
DB09561,1563,[Na+].[Na+].OCC(O)COP([O-])([O-])=O,,,,PUBCHEM.COMPOUND:22251426,,
DB09414,1564,[K+].[K+].OP([O-])([O-])=O,,,,PUBCHEM.COMPOUND:24450,DOID:0050459|DOID:10952|DOID:11335|DOID:114|DOID:12678|DOID:12679|DOID:1287|DOID:13404|DOID:1425|DOID:2106|DOID:2485|DOID:2527|DOID:2921|DOID:2983|DOID:557|DOID:580|DOID:585|DOID:626|DOID:784,
DB09265,1565,CC[C@H](C)[C@@H](C(=O)N[C@@H](CCC(=O)O)C(=O)N[C@@H](CC1=CNC2=CC=CC=C21)C(=O)N[C@@H],P43220,,,PUBCHEM.COMPOUND:131704317,,
DB02659,1566,[H][C@@](C)(CCC(O)=O)[C@@]1([H])CC[C@@]2([H])[C@]3([H])[C@]([H])(O)C[C@]4([H])C[C@]([H])(O)CC[C@]4(C)[C@@]3([H])C[C@]([H])(O)[C@]12C,P00326|P62508|P51161|P13073|P00395|P00403|P00414|P20674|P10606|P09669|P24311|P15954|P10176|Q02221|P14854|P24310|P04054|P23141|P54965|Q96RI1|Q8TDU6|P22830,,,PUBCHEM.COMPOUND:221493,DOID:0060262|DOID:0060643|DOID:11151|DOID:11755|DOID:12236|DOID:13250|DOID:13580|DOID:13603|DOID:14268|DOID:14269|DOID:14270|DOID:2089|DOID:409|DOID:4810|DOID:8337|DOID:9446|DOID:9741,NCBIGENE:10005|NCBIGENE:104909134|NCBIGENE:10599|NCBIGENE:1066|NCBIGENE:107|NCBIGENE:108|NCBIGENE:109|NCBIGENE:10998|NCBIGENE:11001|NCBIGENE:111|NCBIGENE:11168|NCBIGENE:112|NCBIGENE:113091|NCBIGENE:114|NCBIGENE:115|NCBIGENE:1208|NCBIGENE:122042|NCBIGENE:124|NCBIGENE:125|NCBIGENE:130|NCBIGENE:131|NCBIGENE:1329|NCBIGENE:1339|NCBIGENE:1340|NCBIGENE:1346|NCBIGENE:134864|NCBIGENE:1349|NCBIGENE:1351|NCBIGENE:136|NCBIGENE:1392|NCBIGENE:1394|NCBIGENE:1395|NCBIGENE:153|NCBIGENE:154|NCBIGENE:155|NCBIGENE:1581|NCBIGENE:1582|NCBIGENE:1816|NCBIGENE:196883|NCBIGENE:213|NCBIGENE:2172|NCBIGENE:2235|NCBIGENE:2492|NCBIGENE:2641|NCBIGENE:2642|NCBIGENE:2692|NCBIGENE:2695|NCBIGENE:2696|NCBIGENE:2740|NCBIGENE:2778|NCBIGENE:28234|NCBIGENE:3274|NCBIGENE:3360|NCBIGENE:3362|NCBIGENE:3363|NCBIGENE:3375|NCBIGENE:3973|NCBIGENE:4157|NCBIGENE:4158|NCBIGENE:4159|NCBIGENE:4160|NCBIGENE:4161|NCBIGENE:4297|NCBIGENE:4512|NCBIGENE:4513|NCBIGENE:4514|NCBIGENE:5319|NCBIGENE:5406|NCBIGENE:54331|NCBIGENE:551|NCBIGENE:570|NCBIGENE:5729|NCBIGENE:5732|NCBIGENE:5734|NCBIGENE:5739|NCBIGENE:5741|NCBIGENE:5745|NCBIGENE:5746|NCBIGENE:594857|NCBIGENE:6343|NCBIGENE:6344|NCBIGENE:6554|NCBIGENE:6555|NCBIGENE:6579|NCBIGENE:6822|NCBIGENE:7421|NCBIGENE:7432|NCBIGENE:7433|NCBIGENE:7434|NCBIGENE:760|NCBIGENE:796|NCBIGENE:799|NCBIGENE:8431|NCBIGENE:84701|NCBIGENE:8647|NCBIGENE:8714|NCBIGENE:9340|NCBIGENE:9377|NCBIGENE:9971
DB00658,1567,NCC=C.ClCC1CO1,,,,PUBCHEM.COMPOUND:3085017,DOID:10573|DOID:10609|DOID:11914,
DB01586,1568,[H][C@@]1(CC[C@@]2([H])[C@]3([H])[C@@H](O)C[C@]4([H])C[C@H](O)CC[C@]4(C)[C@@]3([H])CC[C@]12C)[C@H](C)CCC(O)=O,P52895|Q96RI1,,,PUBCHEM.COMPOUND:31401,DOID:11151|DOID:11755|DOID:12236,NCBIGENE:10599|NCBIGENE:1576|NCBIGENE:1581|NCBIGENE:1646|NCBIGENE:2566|NCBIGENE:2641|NCBIGENE:2876|NCBIGENE:3309|NCBIGENE:3553|NCBIGENE:4780|NCBIGENE:4843|NCBIGENE:5244|NCBIGENE:5579|NCBIGENE:5743|NCBIGENE:6822|NCBIGENE:7076|NCBIGENE:7157|NCBIGENE:79444|NCBIGENE:836|NCBIGENE:8644|NCBIGENE:8647|NCBIGENE:8795|NCBIGENE:9971
DB01575,1569,O.O.[Al+3].[Al+3].[O-][Si]([O-])([O-])O[Si]([O-])([O-])[O-],,,,PUBCHEM.COMPOUND:92024769,,
DB00330,1570,CC[C@@H](CO)NCCN[C@@H](CC)CO,P9WNL5|P9WNL7|P9WNL9,P05177|P05181|P33261|P10635|P11509|P11712|P08684,P05177|P05181|P33261|P10635|P11509|P11712|P08684,PUBCHEM.COMPOUND:14052,DOID:10952|DOID:1210|DOID:13189|DOID:13328|DOID:1425|DOID:2527|DOID:2921|DOID:2957|DOID:557|DOID:8947|DOID:9534,
DB00256,1571,[H][C@@]12C[C@@]3([H])C(C(=O)C4=C(O)C=CC=C4[C@@]3(C)O)=C(O)[C@]1(O)C(=O)C(C(=O)NCNCCCC[C@H](N)C(O)=O)=C(O)[C@H]2N(C)C,P0A7V8,,,PUBCHEM.COMPOUND:54707177,,
DB09268,1572,OS(=O)(=O)OC1=CC=C(C=C1)C(C1=CC=C(OS(O)(=O)=O)C=C1)C1=CC=CC=N1,,A0A0H2Z368,A0A0H2Z368,PUBCHEM.COMPOUND:5243,,
DB08964,1573,CCCCC(C)(C)[C@H](O)\C=C\[C@H]1[C@H](O)CC(=O)[C@@H]1CCCC\C=C\C(=O)OC,P43115|P43116,,,PUBCHEM.COMPOUND:5282237,,
DB06698,1574,CNCCC1=CC=CC=N1,P35367|Q9Y5N1,,,PUBCHEM.COMPOUND:2366,DOID:9848|DOID:9849,NCBIGENE:11255|NCBIGENE:3269|NCBIGENE:3274
DB11660,1575,O[C@H](CC[C@H]1[C@H](O)C[C@H](O)[C@@H]1C\C=C/CCCC(=O)OCCCCO[N+]([O-])=O)CCC1=CC=CC=C1,P43088,,,PUBCHEM.COMPOUND:11156438,DOID:1067|DOID:9282,
DB01046,1576,[H][C@@]12CC(=O)[C@H](CCCCCCC(O)=O)[C@@]1([H])CC[C@@](O)(O2)C(F)(F)CCCC,P51788,P16152,P16152,PUBCHEM.COMPOUND:157920,,NCBIGENE:1080|NCBIGENE:1180|NCBIGENE:1181
DB09097,1577,[H][C@]12C[C@@H](CN(CCC)[C@]1([H])CC1=CC=CC(O)=C1C2)NS(=O)(=O)N(CC)CC,P14416,,,PUBCHEM.COMPOUND:3086401,,
DB08819,1578,CC(C)OC(=O)CCC\C=C/C[C@H]1[C@@H](O)C[C@@H](O)[C@@H]1\C=C\C(F)(F)COC1=CC=CC=C1,P43088,P35354,P35354,PUBCHEM.COMPOUND:9868491,DOID:1067|DOID:9282,NCBIGENE:112802|NCBIGENE:121391|NCBIGENE:5737
DB09020,1579,CC(=O)OC1=CC=C(C=C1)C(C1=CC=C(OC(C)=O)C=C1)C1=CC=CC=N1,Q92482,,,PUBCHEM.COMPOUND:2391,DOID:0060173|DOID:1029|DOID:10952|DOID:12678|DOID:12679|DOID:1425|DOID:14451|DOID:14452|DOID:1826|DOID:2089|DOID:2106|DOID:2485|DOID:2527|DOID:2921|DOID:2983|DOID:4500|DOID:557|DOID:6000|DOID:8337|DOID:8437|DOID:8440,NCBIGENE:7035
DB11636,1580,CC(=O)[C@@]1(O)CC[C@H]2[C@@H]3C=C(C)C4=CC(=O)CC[C@@H]4[C@H]3CC[C@]12C,,P08684,P08684,,,
DB09067,1581,CC[C@H](C)[C@@H](C(=O)N[C@@H](CO)C(=O)N[C@@H],P34998,,,PUBCHEM.COMPOUND:16132344,,NCBIGENE:104909134|NCBIGENE:1394|NCBIGENE:1395
DB13925,1582,[68Ga+3].C[C@@H](O)[C@H](NC(=O)[C@@H]1CSSC[C@H](NC(=O)[C@@H](CC2=CC=CC=C2)NC(=O)CN2CCN(CC([O-])=O)CCN(CC([O-])=O)CCN(CC([O-])=O)CC2)C(=O)N[C@@H](CC2=CC=C(O)C=C2)C(=O)N[C@H](CC2=CNC3=C2C=CC=C3)C(=O)N[C@@H](CCCCN)C(=O)N[C@@H]([C@@H](C)O)C(=O)N1)C(O)=O,P30874,,,,,
DB05316,1583,CC(C)COC1=CC=C(CNC(=O)N(CC2=CC=C(F)C=C2)C2CCN(C)CC2)C=C1,P28223|P28335|Q99720,P08684|P20815|P51589|P10635,P08684|P20815|P51589|P10635,PUBCHEM.COMPOUND:10071196,DOID:0060891|DOID:0060895|DOID:0060896|DOID:14330,NCBIGENE:1813
DB09343,1584,ClC1=C(CN2CCCC2=N)NC(=O)NC1=O,P19971,,,PUBCHEM.COMPOUND:6323266,DOID:219|DOID:235|DOID:5672,
DB01413,1585,CO\N=C(/C(=O)N[C@@H]1C(=O)N2[C@]1([H])SCC(C[N+]1(C)CCCC1)=C2C([O-])=O)C1=CSC(N)=N1,P02918|P02919|P0AD65|P0AD68|Q9X6W0|Q51504|Q9X6V3,,,PUBCHEM.COMPOUND:5479537,DOID:0050841|DOID:0060180|DOID:0060189|DOID:0060190|DOID:1247|DOID:1826|DOID:2215|DOID:2216|DOID:2236|DOID:2326|DOID:308|DOID:3535|DOID:529|DOID:874|DOID:936,NCBIGENE:1719|NCBIGENE:9407
DB11619,1586,[H][C@@]12CC[C@@](O)(C#C)[C@@]1(CC)C=CC1=C3CCC(=O)C=C3CC[C@@]21[H],P04278|P06401|P04150|P10275|P30968|P03372,P08684,P08684,PUBCHEM.COMPOUND:27812,,NCBIGENE:5241
DB00378,1587,[H][C@@]12CC[C@H](C(C)=O)[C@@]1(C)CC[C@]1([H])[C@@]2([H])C=CC2=CC(=O)CC[C@@]12C,P06401,P08684,P08684,PUBCHEM.COMPOUND:9051,,NCBIGENE:1645|NCBIGENE:1646|NCBIGENE:5241|NCBIGENE:6863|NCBIGENE:8644
DB06794,1588,OC(=O)C(=O)NC1=CC(=CC(NC(=O)C(O)=O)=C1Cl)C#N,,,,PUBCHEM.COMPOUND:44564,DOID:11204|DOID:2457|DOID:2474,
DB11235,1589,COC1=CC=C(CN(CCN(C)C)C2=NC=CC=N2)C=C1,P35367|P11229|P08172|P20309|P08173|P08912,,,PUBCHEM.COMPOUND:5457,,
DB00718,1590,CC(C)(C)C(=O)OCOP(=O)(COCCN1C=NC2=C(N)N=CN=C12)OCOC(=O)C(C)(C)C,P24024,,,PUBCHEM.COMPOUND:60871,DOID:10952|DOID:1425|DOID:2043|DOID:2527|DOID:2921|DOID:3650|DOID:557|DOID:9452|DOID:9970,
DB01121,1591,NC(=O)NC(=O)CC1=CC=CC=C1,P35498,,,PUBCHEM.COMPOUND:4753,DOID:1826,NCBIGENE:6323
DB00355,1592,C[C@H]1[C@H](NC(=O)C(=N/OC(C)(C)C(=O)O)\C2=CSC([NH3+])=N2)C(=O)N1S([O-])(=O)=O,P42971|P05193|Q47066,,,PUBCHEM.COMPOUND:9568617,,
DB12924,1593,CNC1=NC=C(C=C1C)C1=CC=C2C(=O)C(=CN(C3CC3)C2=C1C)C(O)=O,P43700|P0AFI2,,,PUBCHEM.COMPOUND:9863827,DOID:6543,
DB09223,1594,CCN1CCN(CC1)C1=NC2=C(CCCCCC2)C(=C1)C1=CC=C(F)C=C1,P14416|P35462|P28223,P08684,P08684,PUBCHEM.COMPOUND:125564,DOID:5419,NCBIGENE:1813
DB00931,1595,[H][C@@]12[C@@H](O)[C@]3([H])C(=C)C4=C(C(O)=CC=C4)C(=O)C3=C(O)[C@]1(O)C(=O)C(C(N)=O)=C(O)[C@H]2N(C)C,,,,PUBCHEM.COMPOUND:54675785,DOID:0060262|DOID:10952|DOID:1425|DOID:2527|DOID:2921|DOID:409|DOID:557,
DB06804,1596,CCCCCCCCCC1=CC=C(OCCOCCOCCOCCOCCOCCOCCOCCOCCO)C=C1,,P35354,P35354,PUBCHEM.COMPOUND:72385,,NCBIGENE:6899
DB06827,1597,[H][C@@]1(C[C@H](O)NC(=N)N1)[C@]1([H])NC(=O)\C(NC(=O)[C@H](CO)NC(=O)[C@H](CO)NC(=O)[C@H](CNC1=O)NC(=O)C[C@@H](N)CCCN)=C\NC(N)=O,P9WJ63,,,PUBCHEM.COMPOUND:3037981,,
DB00453,1598,[H][C@@]12C[C@@]3([H])C(=C(O)[C@]1(O)C(=O)C(C(=O)NCO)=C(O)[C@H]2N(C)C)C(=O)C1=C(C(Cl)=CC=C1O)[C@@]3(C)O,P0A7V8|P0A7X3,,,PUBCHEM.COMPOUND:54680675,,
DB00766,1599,[H][C@@]12CC(=O)N1[C@@H](C(O)=O)\C(O2)=C\CO,,,,PUBCHEM.COMPOUND:5280980,DOID:0060262|DOID:10952|DOID:13580|DOID:1425|DOID:2527|DOID:2921|DOID:409|DOID:557|DOID:8568|DOID:874,NCBIGENE:10422|NCBIGENE:23551
DB13747,1600,OCCN(CCO)CCO,,,,PUBCHEM.COMPOUND:7618,,NCBIGENE:58|NCBIGENE:70
DB09277,1601,[Cl-].C[N+](C)([11CH3])CCO,,,,PUBCHEM.COMPOUND:14989482,,
DB09021,1602,CNCC12CCC(C3=CC=CC=C13)C1=CC=CC=C21,,,,PUBCHEM.COMPOUND:28425,,NCBIGENE:7054
DB08965,1603,[H]C1(OC(=O)[C@]([H])(C(C)C)N(C)C(=O)C([H])(OC(=O)[C@]([H])(C(C)C)N(C)C(=O)C([H])(OC(=O)[C@]([H])(C(C)C)N(C)C1=O)C(C)C)C(C)C)C(C)C,,,,PUBCHEM.COMPOUND:3084092,,
DB06766,1604,CN1CCC(CC1)=C1C2=NC=C(C=O)N2CCC2=CC=CC=C12,P35367,,,PUBCHEM.COMPOUND:19371515,DOID:11204|DOID:2457|DOID:2474,NCBIGENE:3269
DB00954,1605,CC[C@H]1OC(=O)[C@H](C)[C@@H](O[C@H]2C[C@@](C)(OC)[C@@H](O)[C@H](C)O2)[C@H](C)[C@@H](O[C@@H]2O[C@H](C)C[C@@H]([C@H]2O)N(C)C)[C@](C)(O)C[C@@H](C)[C@@H]2N[C@@H](COCCOC)O[C@H]([C@H]2C)[C@]1(C)O,,P08684,P08684,PUBCHEM.COMPOUND:6473883,DOID:0060262|DOID:10456|DOID:2275|DOID:409|DOID:552|DOID:6132,
DB09293,1606,[131I-],,,,PUBCHEM.COMPOUND:167195,,NCBIGENE:7038
DB11610,1607,[H][C@@](C)(NC)[C@]([H])(O)C1=CC=C(O)C=C1,,,,PUBCHEM.COMPOUND:688009,,
DB04911,1608,CN[C@H](CC(C)C)C(=O)N[C@@H]1[C@H](O)C2=CC=C(OC3=C(O[C@@H]4O[C@H](CO)[C@@H](O)[C@H](O)[C@H]4O[C@H]4C[C@](C)(NCC5=CC=C(C=C5)C5=CC=C(Cl)C=C5)[C@@H](O)[C@H](C)O4)C4=CC(=C3)[C@@H](NC(=O)[C@H](CC(N)=O)NC1=O)C(=O)N[C@@H]1C3=CC(=C(O)C=C3)C3=C(O)C=C(O)C=C3[C@H](NC(=O)[C@@H](NC1=O)[C@H](O[C@H]1C[C@](C)(N)[C@@H](O)[C@H](C)O1)C1=CC(Cl)=C(O4)C=C1)C(O)=O)C(Cl)=C2,,P08684|P10635|P11712|P33261,P08684|P10635|P11712|P33261,PUBCHEM.COMPOUND:16136912,,
DB01051,1609,CO[C@@H]1[C@@H](OC(N)=O)[C@@H](O)[C@H](OC2=C(C)C3=C(C=C2)C(O)=C(NC(=O)C2=CC=C(O)C(CC=C(C)C)=C2)C(=O)O3)OC1(C)C,P0A0K8|Q06AK7,,,PUBCHEM.COMPOUND:54675769,,
DB00832,1610,CN1C(=O)CC(C1=O)C1=CC=CC=C1,,,,PUBCHEM.COMPOUND:6839,DOID:1825|DOID:1826,
DB00303,1611,[H][C@]12[C@@H](C)C(S[C@]3([H])CN[C@@]([H])(C3)C(=O)NC3=CC=CC(=C3)C(O)=O)=C(N1C(=O)[C@]2([H])[C@@H](C)O)C(O)=O,P02918|P02919|P44469|P0AD65|P45059|P0AD68|P24228|P08506,P16444,P16444,PUBCHEM.COMPOUND:150610,DOID:10952|DOID:1425|DOID:1826|DOID:2527|DOID:2921|DOID:557|DOID:874,NCBIGENE:10422
DB00027,1612,CC(C)C[C@@H](NC(=O)CNC(=O)[C@@H](NC=O)C(C)C)C(=O)N[C@@H](C)C(=O)N[C@H](C(C)C)C(=O)N[C@@H](C(C)C)C(=O)N[C@H](C(C)C)C(=O)N[C@@H](CC1=CNC2=C1C=CC=C2)C(=O)N[C@H](CC(C)C)C(=O)N[C@@H](CC1=CNC2=C1C=CC=C2)C(=O)N[C@H](CC(C)C)C(=O)N[C@@H](CC1=CNC2=C1C=CC=C2)C(=O)N[C@H](CC(C)C)C(=O)N[C@@H](CC1=CNC2=C1C=CC=C2)C(=O)NCCO,,,,PUBCHEM.COMPOUND:45267103,,
DB06219,1613,CC(C)CCCCCCCCC(=O)N[C@@H]1[C@H]([C@@H]([C@H](O[C@H]1OC2=C3C=C4C=C2OC5=C(C=C(C=C5)[C@H],,,,PUBCHEM.COMPOUND:23724878,,NCBIGENE:5406
DB01415,1614,[H][C@]12SCC=C(N1C(=O)[C@H]2NC(=O)C(=C/CC(O)=O)\C1=CSC(N)=N1)C(O)=O,P0AD68|P02918|P02919|P0AD65,,,PUBCHEM.COMPOUND:5282242,DOID:0060180|DOID:0060189|DOID:0060190|DOID:10456|DOID:10754|DOID:2326,
DB09488,1615,[H]\C(CN1CCCC1)=C(\C1=CC=C(C)C=C1)C1=CC=CC(=N1)C(\[H])=C(/[H])C(O)=O,P35367,,,PUBCHEM.COMPOUND:5284514,DOID:10459|DOID:10460|DOID:10763|DOID:10825|DOID:11204|DOID:12361|DOID:13206|DOID:13550|DOID:13739|DOID:1405|DOID:14445|DOID:1837|DOID:1936|DOID:2275|DOID:2348|DOID:2457|DOID:2474|DOID:2883|DOID:3393|DOID:4481|DOID:4730|DOID:7997|DOID:7998|DOID:9351,NCBIGENE:3269
DB00115,1616,C[C@H](CNC(=O)CC[C@]1(C)[C@@H](CC(N)=O)[C@H]2N=C1\C(C)=C1/N=C(/C=C3\N=C(\C(\C)=C4\[C@@H](CCC(N)=O)[C@](C)(CC(N)=O)[C@@]2(C)N4[Co+]C#N)[C@@](C)(CC(N)=O)[C@@H]3CCC(N)=O)C(C)(C)[C@@H]1CCC(N)=O)OP([O-])(=O)O[C@@H]1[C@@H](CO)O[C@@H]([C@@H]1O)N1C=NC2=C1C=C(C)C(C)=C2,Q99707|P22033|Q9UBK8|Q8IVH4|Q9Y4U1|P42898,Q96EY8|Q05599,Q96EY8|Q05599,PUBCHEM.COMPOUND:70678590,,
DB08967,1617,CC(CN1C2=CC=CC=C2SC2=C1C=C(C=C2)S(=O)(=O)N(C)C)N(C)C,,,,PUBCHEM.COMPOUND:3089,,NCBIGENE:3269
DB00803,1618,CCC(C)CCCC(=O)N[C@@H](CCN)C(=O)N[C@@H]([C@@H](C)O)C(=O)N[C@@H](CCN)C(=O)N[C@H]1CCNC(=O)C(NC(=O)[C@@H](CCN)NC(=O)[C@H](CCN)NC(=O)[C@@H](CC(C)C)NC(=O)[C@@H](CC(C)C)NC(=O)[C@H](CCN)NC1=O)[C@@H](C)O,,,,PUBCHEM.COMPOUND:131704173,,
DB09499,1619,OS(O)(=O)=S,,Q16762|Q8NFU3|P20813,Q16762|Q8NFU3|P20813,PUBCHEM.COMPOUND:24478,,
DB01411,1620,O=C(NC1=C2OC(=CC(=O)C2=CC=C1)C1=NNN=N1)C1=CC=C(OCCCCC2=CC=CC=C2)C=C1,Q9Y271|P01375|P05113|P12724|P19838|Q02817,P11712|P08684,P11712|P08684,PUBCHEM.COMPOUND:4887,DOID:2841|DOID:4481|DOID:4730|DOID:9360|DOID:9415,NCBIGENE:3567|NCBIGENE:3586|NCBIGENE:57105|NCBIGENE:6036
DB00354,1621,CC(C)(C)C1=CC=C(CN2CCN(CC2)C(C2=CC=CC=C2)C2=CC=C(Cl)C=C2)C=C1,P35367|P11229,,,PUBCHEM.COMPOUND:6729,DOID:2951,NCBIGENE:1128|NCBIGENE:3269
DB00410,1622,C[C@H](O)[C@H](C)[C@@H]1O[C@H]1C[C@H]1CO[C@@H](C\C(C)=C\C(=O)OCCCCCCCCC(O)=O)[C@H](O)[C@@H]1O,P41972,,,PUBCHEM.COMPOUND:446596,DOID:8504,NCBIGENE:3376
DB00760,1623,[H][C@]1([C@@H](C)O)C(=O)N2C(C(O)=O)=C(S[C@@H]3CN[C@@H](C3)C(=O)N(C)C)[C@H](C)[C@]12[H],P24228,P14489|P16444,P14489|P16444,PUBCHEM.COMPOUND:441130,DOID:0080176|DOID:10310|DOID:10952|DOID:11574|DOID:1425|DOID:1588|DOID:1826|DOID:2527|DOID:2921|DOID:557|DOID:9470,
DB00430,1624,[H][C@]12SCC(CSC3=NN=NN3C)=C(N1C(=O)[C@@]2([H])NC(=O)[C@H](NC(=O)C1=C(O)C=C(C)N=C1)C1=CC=C(O)C=C1)C(O)=O,P0AD68|P02919|Q07806|Q9X6W0|P08506|P02918|C1KC03,,,PUBCHEM.COMPOUND:636405,,
DB01150,1625,[H][C@]12SCC(C=CC)=C(N1C(=O)[C@@]2([H])NC(=O)[C@H](N)C1=CC=C(O)C=C1)C(O)=O,Q04707|P14677|P0A3M5,,,PUBCHEM.COMPOUND:5281006,DOID:10456|DOID:10459|DOID:10754|DOID:2215|DOID:2216|DOID:2236|DOID:6132,
DB08802,1626,CC(CN1C2=CC=CC=C2SC2=C1N=CC=C2)N(C)C,P35367,,,PUBCHEM.COMPOUND:3781,,NCBIGENE:3269
DB00134,1627,CSCC[C@H](N)C(O)=O,Q9UBK8|Q99707|P50579|Q93088|Q9H2M3,,,PUBCHEM.COMPOUND:6137,,NCBIGENE:10197|NCBIGENE:10213|NCBIGENE:10952|NCBIGENE:10988|NCBIGENE:11019|NCBIGENE:122706|NCBIGENE:123263|NCBIGENE:1312|NCBIGENE:1371|NCBIGENE:143471|NCBIGENE:1491|NCBIGENE:1520|NCBIGENE:1615|NCBIGENE:191|NCBIGENE:1965|NCBIGENE:2058|NCBIGENE:2091|NCBIGENE:23173|NCBIGENE:23198|NCBIGENE:23428|NCBIGENE:2346|NCBIGENE:23743|NCBIGENE:262|NCBIGENE:27430|NCBIGENE:2779|NCBIGENE:2805|NCBIGENE:2923|NCBIGENE:29927|NCBIGENE:3106|NCBIGENE:3107|NCBIGENE:3376|NCBIGENE:340024|NCBIGENE:348932|NCBIGENE:3735|NCBIGENE:4012|NCBIGENE:4141|NCBIGENE:4144|NCBIGENE:4338|NCBIGENE:4482|NCBIGENE:4548|NCBIGENE:4552|NCBIGENE:51520|NCBIGENE:51752|NCBIGENE:54407|NCBIGENE:55117|NCBIGENE:55176|NCBIGENE:55253|NCBIGENE:55256|NCBIGENE:55748|NCBIGENE:5649|NCBIGENE:567|NCBIGENE:5682|NCBIGENE:5684|NCBIGENE:5685|NCBIGENE:5686|NCBIGENE:5687|NCBIGENE:5688|NCBIGENE:5689|NCBIGENE:5690|NCBIGENE:5692|NCBIGENE:5693|NCBIGENE:5694|NCBIGENE:5695|NCBIGENE:5699|NCBIGENE:5700|NCBIGENE:5704|NCBIGENE:5705|NCBIGENE:5706|NCBIGENE:5707|NCBIGENE:5708|NCBIGENE:5709|NCBIGENE:5710|NCBIGENE:5711|NCBIGENE:5713|NCBIGENE:5714|NCBIGENE:5715|NCBIGENE:5716|NCBIGENE:5717|NCBIGENE:5718|NCBIGENE:5720|NCBIGENE:5721|NCBIGENE:5817|NCBIGENE:5859|NCBIGENE:5917|NCBIGENE:6233|NCBIGENE:635|NCBIGENE:64167|NCBIGENE:642|NCBIGENE:6520|NCBIGENE:6647|NCBIGENE:6898|NCBIGENE:7172|NCBIGENE:7174|NCBIGENE:7311|NCBIGENE:7314|NCBIGENE:79017|NCBIGENE:7965|NCBIGENE:811|NCBIGENE:8140|NCBIGENE:8501|NCBIGENE:9255|NCBIGENE:92935|NCBIGENE:9520|NCBIGENE:9521
DB08993,1628,[H][C@@]1(CCN=C(N)N1)[C@]1([H])NC(=O)\C(NC(=O)[C@H](CO)NC(=O)[C@H](CO)NC(=O)[C@H](CNC1=O)NC(=O)C[C@@H](N)[C@H](O)CCN)=C\NC(N)=O,,,,PUBCHEM.COMPOUND:20055267,DOID:2957|DOID:9534,
DB00190,1629,C[C@@](CC1=CC(O)=C(O)C=C1)(NN)C(O)=O,P20711,,,PUBCHEM.COMPOUND:34359,DOID:0060262|DOID:0060891|DOID:0060895|DOID:0060896|DOID:1067|DOID:10808|DOID:10952|DOID:11328|DOID:11847|DOID:12139|DOID:13250|DOID:13548|DOID:13550|DOID:13580|DOID:1405|DOID:1425|DOID:14330|DOID:14445|DOID:1470|DOID:1595|DOID:1596|DOID:1724|DOID:1742|DOID:1826|DOID:1837|DOID:1909|DOID:2527|DOID:2848|DOID:2921|DOID:409|DOID:4964|DOID:5418|DOID:543|DOID:557|DOID:5844|DOID:5854|DOID:750|DOID:850|DOID:8923|DOID:9351|DOID:9408,NCBIGENE:1312|NCBIGENE:3067
DB00666,1630,CC(C)C[C@H](NC(=O)[C@@H](CC1=CC2=C(C=CC=C2)C=C1)NC(=O)[C@H](CC1=CC=C(O)C=C1)NC(=O)[C@H](CO)NC(=O)[C@H](CC1=CNC2=CC=CC=C12)NC(=O)[C@H](CC1=CNC=N1)NC(=O)[C@@H]1CCC(=O)N1)C(=O)N[C@@H](CCCNC(N)=N)C(=O)N1CCC[C@H]1C(=O)NCC(N)=O,P30968|Q96P88,,,PUBCHEM.COMPOUND:25077405,DOID:0050741|DOID:0090122|DOID:10763|DOID:10825|DOID:11476|DOID:1574|DOID:1837|DOID:288|DOID:289|DOID:4195|DOID:9351|DOID:9970,
DB00595,1631,[H][C@@]12[C@@H](O)[C@@]3([H])C(C(=O)C4=C(C=CC=C4O)[C@@]3(C)O)=C(O)[C@]1(O)C(=O)C(C(N)=O)=C(O)[C@H]2N(C)C,P0A7X3|P0A7V8,,,PUBCHEM.COMPOUND:54675779,DOID:0050127|DOID:0060224|DOID:0060262|DOID:10113|DOID:10371|DOID:1074|DOID:10952|DOID:11077|DOID:11100|DOID:11104|DOID:11256|DOID:11262|DOID:11265|DOID:13034|DOID:13087|DOID:13778|DOID:13819|DOID:13924|DOID:1425|DOID:2275|DOID:2297|DOID:2527|DOID:2747|DOID:2749|DOID:2862|DOID:2921|DOID:3087|DOID:384|DOID:409|DOID:4131|DOID:4500|DOID:4676|DOID:552|DOID:557|DOID:6132|DOID:7427|DOID:8478|DOID:9266|DOID:9870,NCBIGENE:9407
DB04570,1632,[H][C@]12OCC(CSC3=NN=NN3C)=C(N1C(=O)[C@]2(NC(=O)C(C(O)=O)C1=CC=C(O)C=C1)OC)C(O)=O,P42971|P02918|P02919|P24228,,,PUBCHEM.COMPOUND:47499,,
DB00122,1633,C[N+](C)(C)CCO,P36544|Q9Y5K3|P22303|P49585|O14939|P06276|Q13393|Q8TCT1,,,PUBCHEM.COMPOUND:305,,NCBIGENE:100137049|NCBIGENE:1103|NCBIGENE:1119|NCBIGENE:1120|NCBIGENE:1139|NCBIGENE:122618|NCBIGENE:123745|NCBIGENE:124|NCBIGENE:125|NCBIGENE:126969|NCBIGENE:127|NCBIGENE:128|NCBIGENE:130|NCBIGENE:131|NCBIGENE:162466|NCBIGENE:196051|NCBIGENE:201164|NCBIGENE:204962|NCBIGENE:23446|NCBIGENE:2641|NCBIGENE:283748|NCBIGENE:4069|NCBIGENE:43|NCBIGENE:5130|NCBIGENE:5337|NCBIGENE:5338|NCBIGENE:55349|NCBIGENE:55500|NCBIGENE:5581|NCBIGENE:56261|NCBIGENE:57153|NCBIGENE:5864|NCBIGENE:590|NCBIGENE:5972|NCBIGENE:60482|NCBIGENE:627|NCBIGENE:635|NCBIGENE:64600|NCBIGENE:6572|NCBIGENE:6580|NCBIGENE:6582|NCBIGENE:6844|NCBIGENE:6857|NCBIGENE:7124|NCBIGENE:79887|NCBIGENE:8681|NCBIGENE:89832|NCBIGENE:9468|NCBIGENE:9791|NCBIGENE:9976
DB00130,1634,N[C@@H](CCC(N)=O)C(O)=O,P17812|Q06203|P15104,,,PUBCHEM.COMPOUND:5961,DOID:10605,NCBIGENE:10197|NCBIGENE:10213|NCBIGENE:10952|NCBIGENE:116285|NCBIGENE:122706|NCBIGENE:1373|NCBIGENE:143471|NCBIGENE:1520|NCBIGENE:1615|NCBIGENE:2058|NCBIGENE:222545|NCBIGENE:23057|NCBIGENE:23198|NCBIGENE:23428|NCBIGENE:2641|NCBIGENE:27165|NCBIGENE:2744|NCBIGENE:2752|NCBIGENE:2923|NCBIGENE:29927|NCBIGENE:3064|NCBIGENE:3106|NCBIGENE:3107|NCBIGENE:3376|NCBIGENE:340024|NCBIGENE:348158|NCBIGENE:349565|NCBIGENE:367|NCBIGENE:3735|NCBIGENE:4012|NCBIGENE:4141|NCBIGENE:440|NCBIGENE:4846|NCBIGENE:5009|NCBIGENE:51520|NCBIGENE:51557|NCBIGENE:51752|NCBIGENE:5188|NCBIGENE:5198|NCBIGENE:54407|NCBIGENE:5471|NCBIGENE:55081|NCBIGENE:55117|NCBIGENE:55176|NCBIGENE:55191|NCBIGENE:55278|NCBIGENE:55748|NCBIGENE:56267|NCBIGENE:567|NCBIGENE:5682|NCBIGENE:5684|NCBIGENE:5685|NCBIGENE:5686|NCBIGENE:5687|NCBIGENE:5688|NCBIGENE:5689|NCBIGENE:5690|NCBIGENE:5692|NCBIGENE:5693|NCBIGENE:5694|NCBIGENE:5695|NCBIGENE:5699|NCBIGENE:5700|NCBIGENE:57030|NCBIGENE:5704|NCBIGENE:5705|NCBIGENE:5706|NCBIGENE:5707|NCBIGENE:5708|NCBIGENE:5709|NCBIGENE:5710|NCBIGENE:5711|NCBIGENE:5713|NCBIGENE:5714|NCBIGENE:5715|NCBIGENE:5716|NCBIGENE:5717|NCBIGENE:5718|NCBIGENE:5720|NCBIGENE:5721|NCBIGENE:5817|NCBIGENE:5859|NCBIGENE:5864|NCBIGENE:5917|NCBIGENE:6233|NCBIGENE:6310|NCBIGENE:6311|NCBIGENE:64167|NCBIGENE:642|NCBIGENE:64802|NCBIGENE:64841|NCBIGENE:6510|NCBIGENE:6520|NCBIGENE:6844|NCBIGENE:6857|NCBIGENE:7174|NCBIGENE:7311|NCBIGENE:7314|NCBIGENE:790|NCBIGENE:79017|NCBIGENE:7965|NCBIGENE:811|NCBIGENE:8833|NCBIGENE:9255|NCBIGENE:9520|NCBIGENE:9521|NCBIGENE:9945
DB00581,1635,OC[C@H]1O[C@](O)(CO)[C@@H](O)[C@@H]1O[C@@H]1O[C@H](CO)[C@H](O)[C@H](O)[C@H]1O,P06864,,,PUBCHEM.COMPOUND:11333,DOID:12550|DOID:13413|DOID:14695|DOID:1837|DOID:2089|DOID:2747|DOID:2749|DOID:2862|DOID:8337|DOID:9266|DOID:9267|DOID:9351|DOID:9870,
DB06691,1636,COC1=CC=C(CN(CCN(C)C)C2=NC=CC=C2)C=C1,P35367,,,PUBCHEM.COMPOUND:4992,DOID:0050328|DOID:0050589|DOID:0050741|DOID:0060262|DOID:0060674|DOID:0060675|DOID:0060676|DOID:0060677|DOID:0060678|DOID:0060679|DOID:0110892|DOID:10459|DOID:10460|DOID:10493|DOID:10763|DOID:10825|DOID:10933|DOID:10952|DOID:11204|DOID:114|DOID:11459|DOID:11634|DOID:11847|DOID:11981|DOID:12361|DOID:1287|DOID:1319|DOID:13206|DOID:13550|DOID:13739|DOID:13774|DOID:13948|DOID:1405|DOID:1425|DOID:14445|DOID:1459|DOID:1558|DOID:1574|DOID:1742|DOID:1826|DOID:1837|DOID:1936|DOID:2089|DOID:2275|DOID:2348|DOID:2349|DOID:2457|DOID:2474|DOID:2527|DOID:2841|DOID:2883|DOID:2913|DOID:2921|DOID:302|DOID:303|DOID:3083|DOID:3393|DOID:3650|DOID:409|DOID:4481|DOID:4730|DOID:4989|DOID:5162|DOID:557|DOID:5844|DOID:5854|DOID:593|DOID:594|DOID:7327|DOID:743|DOID:750|DOID:7997|DOID:7998|DOID:8515|DOID:8577|DOID:8677|DOID:9282|DOID:9351|DOID:9408|DOID:9428,NCBIGENE:240|NCBIGENE:3269|NCBIGENE:3827|NCBIGENE:57413|NCBIGENE:59340
DB01620,1637,CN(C)CCC(C1=CC=CC=C1)C1=CC=CC=N1,Q9H3N8|P35367|Q14994,,,PUBCHEM.COMPOUND:4761,DOID:0050328|DOID:0050589|DOID:0050741|DOID:0060262|DOID:0060573|DOID:0060674|DOID:0060675|DOID:0060676|DOID:0060677|DOID:0060678|DOID:0060679|DOID:0060692|DOID:0110892|DOID:0111045|DOID:0111052|DOID:0111054|DOID:0111056|DOID:0111057|DOID:10459|DOID:10460|DOID:10493|DOID:10652|DOID:10763|DOID:10772|DOID:10808|DOID:10825|DOID:10933|DOID:10952|DOID:11204|DOID:11249|DOID:11328|DOID:114|DOID:11459|DOID:11486|DOID:11634|DOID:11847|DOID:11870|DOID:11963|DOID:11981|DOID:12176|DOID:12361|DOID:1247|DOID:12531|DOID:12642|DOID:1287|DOID:13186|DOID:13189|DOID:1319|DOID:13195|DOID:13206|DOID:13550|DOID:13739|DOID:13774|DOID:13948|DOID:13976|DOID:1405|DOID:1425|DOID:14250|DOID:1443|DOID:14445|DOID:14525|DOID:1459|DOID:1558|DOID:1574|DOID:1588|DOID:1686|DOID:1742|DOID:1826|DOID:1837|DOID:1936|DOID:2089|DOID:2215|DOID:2216|DOID:2236|DOID:2275|DOID:2348|DOID:2349|DOID:2355|DOID:2361|DOID:2457|DOID:2474|DOID:2527|DOID:2722|DOID:2841|DOID:2883|DOID:2913|DOID:2921|DOID:302|DOID:303|DOID:3083|DOID:326|DOID:3393|DOID:3650|DOID:3827|DOID:3878|DOID:4029|DOID:409|DOID:4195|DOID:437|DOID:4481|DOID:4730|DOID:4989|DOID:50|DOID:5162|DOID:5200|DOID:5418|DOID:557|DOID:5844|DOID:5854|DOID:593|DOID:594|DOID:6132|DOID:6195|DOID:7188|DOID:743|DOID:750|DOID:7997|DOID:7998|DOID:8442|DOID:8505|DOID:8515|DOID:8534|DOID:8577|DOID:8677|DOID:9164|DOID:9282|DOID:9351|DOID:936|DOID:9408|DOID:9428,NCBIGENE:3269
DB01066,1638,[H][C@]12SCC(\C=C/C3=C(C)N=CS3)=C(N1C(=O)[C@H]2NC(=O)C(=N/OC)\C1=CSC(N)=N1)C(O)=O,P0A3M6|Q8XJ01,,,PUBCHEM.COMPOUND:9870843,,
DB00792,1639,CN(C)CCN(CC1=CC=CC=C1)C1=CC=CC=N1,P35367,,,PUBCHEM.COMPOUND:5587,DOID:10459|DOID:10763|DOID:10825|DOID:11204|DOID:12361|DOID:13206|DOID:13550|DOID:13948|DOID:1405|DOID:14445|DOID:1558|DOID:2275|DOID:2457|DOID:2474|DOID:2883|DOID:4481|DOID:4730|DOID:743|DOID:750|DOID:7997|DOID:7998|DOID:9282,NCBIGENE:1565|NCBIGENE:200558|NCBIGENE:2936|NCBIGENE:3269|NCBIGENE:55743|NCBIGENE:6319
DB00920,1640,CN1CCC(CC1)=C1C2=C(SC=C2)C(=O)CC2=CC=CC=C12,P35367|P52209,,,PUBCHEM.COMPOUND:3827,DOID:11204|DOID:2457|DOID:2474,NCBIGENE:1128|NCBIGENE:1131|NCBIGENE:1132|NCBIGENE:1133|NCBIGENE:27115|NCBIGENE:3073|NCBIGENE:3074|NCBIGENE:3269|NCBIGENE:4318|NCBIGENE:4843|NCBIGENE:5142|NCBIGENE:5143|NCBIGENE:5144|NCBIGENE:5150|NCBIGENE:5151|NCBIGENE:5226|NCBIGENE:8622
DB08800,1641,CN(C)CCN(CC1=CC=C(Cl)C=C1)C1=CC=CC=N1,P35367,,,PUBCHEM.COMPOUND:25295,,
DB00885,1642,CC1=CC=CN2C(=O)C(=CN=C12)C1=NNN=N1,,,,PUBCHEM.COMPOUND:57697,DOID:11204|DOID:2457|DOID:2474|DOID:2841|DOID:4481|DOID:4730|DOID:9360|DOID:9415,NCBIGENE:3269|NCBIGENE:57057|NCBIGENE:6909|NCBIGENE:6910|NCBIGENE:6913|NCBIGENE:6926|NCBIGENE:9496
DB09014,1643,CCCCSC1=CC=C(C=C1)C(SCCN(C)C)C1=CC=CC=C1,P28335|Q99720|P35462,,,PUBCHEM.COMPOUND:10240,DOID:2030|DOID:591,NCBIGENE:627
DB01553,1644,ClC1=CC2=C(NC(=O)CN3CCOC23C2=CC=CC=C2Cl)C=C1,,,,PUBCHEM.COMPOUND:2816,,NCBIGENE:1646
DB00560,1645,[H][C@@]12CC3=C(C(O)=C(NC(=O)CNC(C)(C)C)C=C3N(C)C)C(=O)C1=C(O)[C@]1(O)C(=O)C(C(N)=O)=C(O)[C@@H](N(C)C)[C@]1([H])C2,P0A7X3|P0A7S3|P0A7S9|P0AG59|P0A7U3,,,PUBCHEM.COMPOUND:54686904,DOID:2739|DOID:2741|DOID:2913|DOID:4989,
DB00535,1646,[H][C@]12SCC(C=C)=C(N1C(=O)[C@H]2NC(=O)C(=N/O)\C1=CSC(N)=N1)C(O)=O,P08149|Q60FT7|P05164,,,PUBCHEM.COMPOUND:6915944,,NCBIGENE:4353|NCBIGENE:9356|NCBIGENE:9376
DB00828,1647,C[C@@H]1O[C@@H]1P(O)(O)=O,P0A749,,,PUBCHEM.COMPOUND:446987,DOID:10952|DOID:1425|DOID:2527|DOID:2921|DOID:557,
DB08799,1648,C(N(CC1=CC=CC=C1)C1=CC=CC=C1)C1=NCCN1,P35367,,,PUBCHEM.COMPOUND:2200,DOID:10459|DOID:10763|DOID:10825|DOID:11204|DOID:114|DOID:12361|DOID:1287|DOID:13206|DOID:13550|DOID:13948|DOID:1405|DOID:14445|DOID:1558|DOID:1837|DOID:2275|DOID:2457|DOID:2474|DOID:2883|DOID:4195|DOID:4481|DOID:4730|DOID:6195|DOID:743|DOID:750|DOID:7997|DOID:7998|DOID:9282|DOID:9351,NCBIGENE:3269
DB01084,1649,CCOCCN1C(=NC2=CC=CC=C12)N1CCCN(C)CC1,P35367,,,PUBCHEM.COMPOUND:3219,DOID:11204|DOID:1558|DOID:2457|DOID:2474,NCBIGENE:3269|NCBIGENE:3383
DB08801,1650,CC(C1=C(CCN(C)C)CC2=CC=CC=C12)C1=CC=CC=N1,P35367|P08172,,,PUBCHEM.COMPOUND:21855,,NCBIGENE:3269
DB01619,1651,CN1CCC2=C(C1)C(C1=CC=CC=C21)C1=CC=CC=C1,P35367,,,PUBCHEM.COMPOUND:11291,DOID:10459|DOID:11204|DOID:1558|DOID:2275|DOID:2457|DOID:2474|DOID:4481|DOID:4730|DOID:743,
DB09047,1652,[H][C@]12CN(C[C@]1([H])OCCN2)C1=C(F)C=C2C(=O)C(=CN(C3CC3)C2=C1C#N)C(O)=O,P43700|P43702|P11388,,,PUBCHEM.COMPOUND:11567473,,
DB00719,1653,CN1CCC(CC1)=C1C2=CC=CC=C2CCC2=C1N=CC=C2,P35367,,,PUBCHEM.COMPOUND:19861,DOID:10459|DOID:10460|DOID:10763|DOID:10825|DOID:11204|DOID:12361|DOID:13206|DOID:13550|DOID:13739|DOID:1405|DOID:14445|DOID:1558|DOID:1837|DOID:1936|DOID:2275|DOID:2348|DOID:2457|DOID:2474|DOID:2883|DOID:3393|DOID:4481|DOID:4730|DOID:743|DOID:7997|DOID:7998|DOID:9351,NCBIGENE:3269
DB09060,1654,NC(=O)[C@@H]1CC[C@@H]2CN1C(=O)N2OS(O)(=O)=O,P62593|P05364|P0AD63|P0A9Z7|P0AD64|A0A023W3H0|Q9F663|Q9EXV5|P37321,,,PUBCHEM.COMPOUND:9835049,DOID:1063|DOID:11400|DOID:2744,
DB00561,1655,CCN1CC(CCN2CCOCC2)C(C1=O)(C1=CC=CC=C1)C1=CC=CC=C1,O14649|Q9NPC2,,,PUBCHEM.COMPOUND:3156,DOID:0050771|DOID:0060262|DOID:10021|DOID:10154|DOID:10952|DOID:117|DOID:12123|DOID:12361|DOID:13739|DOID:1425|DOID:1826|DOID:1936|DOID:2348|DOID:2527|DOID:2797|DOID:2841|DOID:2921|DOID:3083|DOID:3393|DOID:3526|DOID:3770|DOID:3953|DOID:409|DOID:4724|DOID:557|DOID:615|DOID:6713|DOID:7997|DOID:7998|DOID:9360|DOID:9415|DOID:9477,NCBIGENE:3777|NCBIGENE:9407
DB00369,1656,NC1=NC(=O)N(C[C@@H](CO)OCP(O)(O)=O)C=C1,P08546,P19971,P19971,PUBCHEM.COMPOUND:60613,DOID:10952|DOID:1425|DOID:2527|DOID:2921|DOID:3650|DOID:557,NCBIGENE:7157
DB09257,1657,OC1=CC(=O)NC=C1Cl,Q12882,,,PUBCHEM.COMPOUND:54679224,DOID:10534|DOID:5517,
DB13878,1658,CO[C@H](C)[C@H](NC(=O)OC)C(=O)N1CCC[C@H]1C1=NC2=C(N1)C=C(F)C(=C2)[C@H]1CC[C@@H](N1C1=CC(F)=C(N2CCC(CC2)C2=CC=C(F)C=C2)C(F)=C1)C1=CC2=C(NC(=N2)[C@@H]2CCCN2C(=O)[C@@H](NC(=O)OC)[C@@H](C)OC)C=C1F,Q5L478,P22309,P22309,PUBCHEM.COMPOUND:58031952,DOID:1883,
DB09027,1659,COC(=O)N[C@@H](C(C)C)C(=O)N1CC2(CC2)C[C@H]1C1=NC(=CN1)C1=CC=C2C3=CC=C(C=C3C(F)(F)C2=C1)C1=CC=C2NC(=NC2=C1)[C@@H]1[C@H]2CC[C@H](C2)N1C(=O)[C@@H](NC(=O)OC)C(C)C,Q5L478,,,PUBCHEM.COMPOUND:67505836,DOID:1883,
DB06480,1660,COCCCN1CCC(CC1)NC(=O)C1=C2OCCC2=C(N)C(Cl)=C1,Q13639,P08684,P08684,PUBCHEM.COMPOUND:3052762,DOID:2089,NCBIGENE:108|NCBIGENE:3360|NCBIGENE:3757
DB13879,1661,[H][C@@]12CN(C(=O)[C@@]([H])(NC(=O)O[C@]3([H])CCC[C@@]3([H])OC\C=C\C(F)(F)C3=NC4=C(C=CC=C4)N=C3O1)C(C)(C)C)[C@@]([H])(C2)C(=O)N[C@@]1(C[C@H]1C(F)F)C(=O)NS(=O)(=O)C1(C)CC1,Q91RS4|B0B3C9,P22309|P08684,P22309|P08684,PUBCHEM.COMPOUND:66828839,DOID:1883,
DB03796,1662,CCCCCCCCCCCCCCCC(O)=O,P00709|Q07869|P08100|P50897|P02689|P09466|Q14541|P83812|P10632|O43617|Q9X1H9,,,PUBCHEM.COMPOUND:985,,NCBIGENE:10005|NCBIGENE:100128327|NCBIGENE:10025|NCBIGENE:100463486|NCBIGENE:10082|NCBIGENE:1024|NCBIGENE:10316|NCBIGENE:10434|NCBIGENE:10498|NCBIGENE:10499|NCBIGENE:1066|NCBIGENE:10874|NCBIGENE:10886|NCBIGENE:10887|NCBIGENE:10891|NCBIGENE:10965|NCBIGENE:11001|NCBIGENE:11010|NCBIGENE:1128|NCBIGENE:112950|NCBIGENE:1131|NCBIGENE:1133|NCBIGENE:11332|NCBIGENE:115557|NCBIGENE:1208|NCBIGENE:122553|NCBIGENE:122970|NCBIGENE:123|NCBIGENE:128674|NCBIGENE:129521|NCBIGENE:1311|NCBIGENE:133522|NCBIGENE:1374|NCBIGENE:1376|NCBIGENE:1385|NCBIGENE:1387|NCBIGENE:146|NCBIGENE:147|NCBIGENE:148|NCBIGENE:1490|NCBIGENE:1499|NCBIGENE:151056|NCBIGENE:1543|NCBIGENE:1555|NCBIGENE:1558|NCBIGENE:156|NCBIGENE:1579|NCBIGENE:1581|NCBIGENE:183|NCBIGENE:19|NCBIGENE:1906|NCBIGENE:1907|NCBIGENE:1908|NCBIGENE:1909|NCBIGENE:1910|NCBIGENE:1958|NCBIGENE:2033|NCBIGENE:213|NCBIGENE:2149|NCBIGENE:2150|NCBIGENE:2151|NCBIGENE:2167|NCBIGENE:2168|NCBIGENE:2169|NCBIGENE:2170|NCBIGENE:2171|NCBIGENE:2181|NCBIGENE:2182|NCBIGENE:2194|NCBIGENE:219541|NCBIGENE:221223|NCBIGENE:221914|NCBIGENE:222545|NCBIGENE:2239|NCBIGENE:2262|NCBIGENE:22796|NCBIGENE:22926|NCBIGENE:23097|NCBIGENE:23179|NCBIGENE:23205|NCBIGENE:23236|NCBIGENE:23389|NCBIGENE:23411|NCBIGENE:23446|NCBIGENE:23620|NCBIGENE:2475|NCBIGENE:2520|NCBIGENE:257202|NCBIGENE:257313|NCBIGENE:26253|NCBIGENE:2641|NCBIGENE:2642|NCBIGENE:2693|NCBIGENE:2695|NCBIGENE:27063|NCBIGENE:2719|NCBIGENE:27242|NCBIGENE:27334|NCBIGENE:2740|NCBIGENE:2767|NCBIGENE:2769|NCBIGENE:2776|NCBIGENE:2796|NCBIGENE:2797|NCBIGENE:2798|NCBIGENE:2817|NCBIGENE:2828|NCBIGENE:2829|NCBIGENE:2837|NCBIGENE:283848|NCBIGENE:2847|NCBIGENE:2862|NCBIGENE:2864|NCBIGENE:2865|NCBIGENE:2869|NCBIGENE:2876|NCBIGENE:2877|NCBIGENE:2878|NCBIGENE:2879|NCBIGENE:2880|NCBIGENE:2882|NCBIGENE:29079|NCBIGENE:2915|NCBIGENE:2922|NCBIGENE:2925|NCBIGENE:29841|NCBIGENE:29933|NCBIGENE:3060|NCBIGENE:3156|NCBIGENE:3157|NCBIGENE:3158|NCBIGENE:3174|NCBIGENE:32|NCBIGENE:3269|NCBIGENE:3339|NCBIGENE:335|NCBIGENE:3357|NCBIGENE:3358|NCBIGENE:336|NCBIGENE:338|NCBIGENE:338557|NCBIGENE:345|NCBIGENE:3479|NCBIGENE:348|NCBIGENE:351|NCBIGENE:3553|NCBIGENE:3576|NCBIGENE:3636|NCBIGENE:3651|NCBIGENE:3667|NCBIGENE:375790|NCBIGENE:376497|NCBIGENE:3814|NCBIGENE:3827|NCBIGENE:3906|NCBIGENE:3949|NCBIGENE:3992|NCBIGENE:400569|NCBIGENE:4035|NCBIGENE:4036|NCBIGENE:4056|NCBIGENE:414149|NCBIGENE:4199|NCBIGENE:4295|NCBIGENE:4647|NCBIGENE:468|NCBIGENE:47|NCBIGENE:4800|NCBIGENE:4801|NCBIGENE:4802|NCBIGENE:4828|NCBIGENE:4829|NCBIGENE:4843|NCBIGENE:4846|NCBIGENE:4862|NCBIGENE:4922|NCBIGENE:4923|NCBIGENE:5020|NCBIGENE:5021|NCBIGENE:5028|NCBIGENE:5029|NCBIGENE:50486|NCBIGENE:50507|NCBIGENE:51003|NCBIGENE:51125|NCBIGENE:51129|NCBIGENE:5122|NCBIGENE:51303|NCBIGENE:51399|NCBIGENE:51586|NCBIGENE:5160|NCBIGENE:51703|NCBIGENE:5244|NCBIGENE:5290|NCBIGENE:5319|NCBIGENE:5330|NCBIGENE:5367|NCBIGENE:5375|NCBIGENE:5406|NCBIGENE:54205|NCBIGENE:54331|NCBIGENE:54600|NCBIGENE:5468|NCBIGENE:5469|NCBIGENE:54797|NCBIGENE:55090|NCBIGENE:551|NCBIGENE:552|NCBIGENE:5538|NCBIGENE:55588|NCBIGENE:5594|NCBIGENE:5595|NCBIGENE:5610|NCBIGENE:567|NCBIGENE:56923|NCBIGENE:570|NCBIGENE:57105|NCBIGENE:57121|NCBIGENE:5728|NCBIGENE:5730|NCBIGENE:5731|NCBIGENE:5737|NCBIGENE:5743|NCBIGENE:5770|NCBIGENE:57761|NCBIGENE:58485|NCBIGENE:5861|NCBIGENE:5947|NCBIGENE:5948|NCBIGENE:594857|NCBIGENE:5972|NCBIGENE:5997|NCBIGENE:6010|NCBIGENE:6017|NCBIGENE:60675|NCBIGENE:6095|NCBIGENE:6121|NCBIGENE:6198|NCBIGENE:623|NCBIGENE:6256|NCBIGENE:6319|NCBIGENE:6347|NCBIGENE:6375|NCBIGENE:6383|NCBIGENE:6385|NCBIGENE:6399|NCBIGENE:64106|NCBIGENE:641371|NCBIGENE:64407|NCBIGENE:6514|NCBIGENE:652|NCBIGENE:6604|NCBIGENE:6667|NCBIGENE:6720|NCBIGENE:6721|NCBIGENE:6822|NCBIGENE:6846|NCBIGENE:6863|NCBIGENE:6865|NCBIGENE:6869|NCBIGENE:6870|NCBIGENE:6907|NCBIGENE:6915|NCBIGENE:7004|NCBIGENE:7005|NCBIGENE:7059|NCBIGENE:7060|NCBIGENE:7097|NCBIGENE:7099|NCBIGENE:7124|NCBIGENE:7157|NCBIGENE:7200|NCBIGENE:7204|NCBIGENE:7296|NCBIGENE:7351|NCBIGENE:7357|NCBIGENE:7494|NCBIGENE:7804|NCBIGENE:79090|NCBIGENE:79718|NCBIGENE:8111|NCBIGENE:81857|NCBIGENE:81876|NCBIGENE:8202|NCBIGENE:839|NCBIGENE:84109|NCBIGENE:84188|NCBIGENE:84246|NCBIGENE:8443|NCBIGENE:84432|NCBIGENE:84539|NCBIGENE:846|NCBIGENE:84634|NCBIGENE:8477|NCBIGENE:8540|NCBIGENE:85441|NCBIGENE:8560|NCBIGENE:8573|NCBIGENE:8620|NCBIGENE:8739|NCBIGENE:8795|NCBIGENE:8800|NCBIGENE:8824|NCBIGENE:8841|NCBIGENE:886|NCBIGENE:887|NCBIGENE:892|NCBIGENE:8997|NCBIGENE:9002|NCBIGENE:90390|NCBIGENE:912|NCBIGENE:9227|NCBIGENE:9282|NCBIGENE:9374|NCBIGENE:9412|NCBIGENE:94233|NCBIGENE:9439|NCBIGENE:9440|NCBIGENE:9441|NCBIGENE:9442|NCBIGENE:9443|NCBIGENE:9477|NCBIGENE:949|NCBIGENE:950|NCBIGENE:9536|NCBIGENE:9575|NCBIGENE:9611|NCBIGENE:9612|NCBIGENE:9630|NCBIGENE:9672|NCBIGENE:96764|NCBIGENE:9862|NCBIGENE:9968|NCBIGENE:9969
DB04398,1663,CC(O)C(O)=O,P09546|Q9RW27,,,PUBCHEM.COMPOUND:612,,NCBIGENE:1448|NCBIGENE:2353|NCBIGENE:23539|NCBIGENE:23643|NCBIGENE:2739|NCBIGENE:3029|NCBIGENE:3552|NCBIGENE:3586|NCBIGENE:361|NCBIGENE:3939|NCBIGENE:4318|NCBIGENE:5315|NCBIGENE:6402|NCBIGENE:7057|NCBIGENE:7096|NCBIGENE:7097|NCBIGENE:7099|NCBIGENE:81793|NCBIGENE:9194|NCBIGENE:9311
DB09462,1664,OCC(O)CO,Q03181|Q9NZK7|Q9NPH2|P00325|Q14643|P09466|P17050|P84077|O43252|P23367|P69924|P17802|O14717|O43708,P00352|P05181,P00352|P05181,PUBCHEM.COMPOUND:753,DOID:2089,NCBIGENE:100|NCBIGENE:10003|NCBIGENE:10009|NCBIGENE:1001|NCBIGENE:100128327|NCBIGENE:10015|NCBIGENE:10020|NCBIGENE:10021|NCBIGENE:10023|NCBIGENE:10038|NCBIGENE:100423062|NCBIGENE:100526739|NCBIGENE:100529261|NCBIGENE:10087|NCBIGENE:10105|NCBIGENE:10120|NCBIGENE:10121|NCBIGENE:10125|NCBIGENE:10134|NCBIGENE:10157|NCBIGENE:1017|NCBIGENE:10171|NCBIGENE:1019|NCBIGENE:10193|NCBIGENE:1024|NCBIGENE:10243|NCBIGENE:10247|NCBIGENE:1025|NCBIGENE:10283|NCBIGENE:10365|NCBIGENE:10383|NCBIGENE:10399|NCBIGENE:10403|NCBIGENE:10419|NCBIGENE:10455|NCBIGENE:10459|NCBIGENE:10461|NCBIGENE:10468|NCBIGENE:1048|NCBIGENE:10490|NCBIGENE:10497|NCBIGENE:10498|NCBIGENE:10531|NCBIGENE:10542|NCBIGENE:10553|NCBIGENE:10577|NCBIGENE:1058|NCBIGENE:10592|NCBIGENE:10598|NCBIGENE:10606|NCBIGENE:10642|NCBIGENE:10681|NCBIGENE:10747|NCBIGENE:1075|NCBIGENE:10768|NCBIGENE:10787|NCBIGENE:107984056|NCBIGENE:10841|NCBIGENE:10846|NCBIGENE:10858|NCBIGENE:10901|NCBIGENE:10905|NCBIGENE:10914|NCBIGENE:10927|NCBIGENE:10960|NCBIGENE:10978|NCBIGENE:10979|NCBIGENE:11010|NCBIGENE:1103|NCBIGENE:11051|NCBIGENE:11069|NCBIGENE:11073|NCBIGENE:11091|NCBIGENE:1111|NCBIGENE:11119|NCBIGENE:11129|NCBIGENE:11131|NCBIGENE:1116|NCBIGENE:11162|NCBIGENE:11168|NCBIGENE:11176|NCBIGENE:1118|NCBIGENE:11188|NCBIGENE:1119|NCBIGENE:11198|NCBIGENE:11201|NCBIGENE:11232|NCBIGENE:11253|NCBIGENE:11269|NCBIGENE:11284|NCBIGENE:112849|NCBIGENE:112869|NCBIGENE:11335|NCBIGENE:11340|NCBIGENE:11343|NCBIGENE:114609|NCBIGENE:114770|NCBIGENE:115004|NCBIGENE:115426|NCBIGENE:116150|NCBIGENE:116443|NCBIGENE:116444|NCBIGENE:119391|NCBIGENE:1208|NCBIGENE:1215|NCBIGENE:122553|NCBIGENE:122618|NCBIGENE:124|NCBIGENE:125|NCBIGENE:125950|NCBIGENE:1267|NCBIGENE:126917|NCBIGENE:127|NCBIGENE:128|NCBIGENE:1281|NCBIGENE:1282|NCBIGENE:1284|NCBIGENE:1287|NCBIGENE:129531|NCBIGENE:129607|NCBIGENE:130|NCBIGENE:130013|NCBIGENE:130589|NCBIGENE:131|NCBIGENE:131450|NCBIGENE:131669|NCBIGENE:1356|NCBIGENE:1357|NCBIGENE:1359|NCBIGENE:1361|NCBIGENE:1371|NCBIGENE:137872|NCBIGENE:137964|NCBIGENE:1395|NCBIGENE:1398|NCBIGENE:1399|NCBIGENE:1413|NCBIGENE:142|NCBIGENE:1428|NCBIGENE:143384|NCBIGENE:1455|NCBIGENE:1456|NCBIGENE:1457|NCBIGENE:148362|NCBIGENE:148479|NCBIGENE:1487|NCBIGENE:1488|NCBIGENE:1491|NCBIGENE:1493|NCBIGENE:1499|NCBIGENE:150209|NCBIGENE:1504|NCBIGENE:150465|NCBIGENE:150572|NCBIGENE:1506|NCBIGENE:1509|NCBIGENE:150962|NCBIGENE:1513|NCBIGENE:1514|NCBIGENE:151636|NCBIGENE:1520|NCBIGENE:1537|NCBIGENE:1548|NCBIGENE:1553|NCBIGENE:1555|NCBIGENE:1557|NCBIGENE:1559|NCBIGENE:156|NCBIGENE:1565|NCBIGENE:158747|NCBIGENE:158880|NCBIGENE:1610|NCBIGENE:1615|NCBIGENE:161742|NCBIGENE:1618|NCBIGENE:162417|NCBIGENE:1630|NCBIGENE:1636|NCBIGENE:163702|NCBIGENE:163786|NCBIGENE:1654|NCBIGENE:165631|NCBIGENE:1659|NCBIGENE:1660|NCBIGENE:1666|NCBIGENE:1668|NCBIGENE:1670|NCBIGENE:1671|NCBIGENE:1672|NCBIGENE:1675|NCBIGENE:170394|NCBIGENE:1719|NCBIGENE:1723|NCBIGENE:1727|NCBIGENE:173|NCBIGENE:1736|NCBIGENE:1737|NCBIGENE:1739|NCBIGENE:174|NCBIGENE:1741|NCBIGENE:1786|NCBIGENE:1787|NCBIGENE:1796|NCBIGENE:1803|NCBIGENE:1806|NCBIGENE:1841|NCBIGENE:1854|NCBIGENE:189|NCBIGENE:191|NCBIGENE:192111|NCBIGENE:1956|NCBIGENE:1962|NCBIGENE:196463|NCBIGENE:197257|NCBIGENE:197259|NCBIGENE:1990|NCBIGENE:1994|NCBIGENE:201161|NCBIGENE:201164|NCBIGENE:2019|NCBIGENE:202|NCBIGENE:2020|NCBIGENE:2027|NCBIGENE:204|NCBIGENE:2042|NCBIGENE:2043|NCBIGENE:2046|NCBIGENE:2058|NCBIGENE:2114|NCBIGENE:213|NCBIGENE:2147|NCBIGENE:2149|NCBIGENE:2155|NCBIGENE:2157|NCBIGENE:2159|NCBIGENE:2160|NCBIGENE:2162|NCBIGENE:2166|NCBIGENE:2167|NCBIGENE:2171|NCBIGENE:2186|NCBIGENE:2194|NCBIGENE:2208|NCBIGENE:2212|NCBIGENE:221656|NCBIGENE:221692|NCBIGENE:221955|NCBIGENE:2224|NCBIGENE:2230|NCBIGENE:2235|NCBIGENE:2260|NCBIGENE:2271|NCBIGENE:22803|NCBIGENE:22841|NCBIGENE:22859|NCBIGENE:2288|NCBIGENE:22895|NCBIGENE:22916|NCBIGENE:22933|NCBIGENE:22943|NCBIGENE:22977|NCBIGENE:22978|NCBIGENE:23016|NCBIGENE:23019|NCBIGENE:23025|NCBIGENE:23028|NCBIGENE:231|NCBIGENE:2316|NCBIGENE:23168|NCBIGENE:23171|NCBIGENE:23173|NCBIGENE:2318|NCBIGENE:2321|NCBIGENE:23210|NCBIGENE:23266|NCBIGENE:23268|NCBIGENE:23284|NCBIGENE:23293|NCBIGENE:23326|NCBIGENE:23327|NCBIGENE:23331|NCBIGENE:23332|NCBIGENE:23348|NCBIGENE:23363|NCBIGENE:23369|NCBIGENE:23371|NCBIGENE:23382|NCBIGENE:2339|NCBIGENE:23390|NCBIGENE:23398|NCBIGENE:23404|NCBIGENE:23410|NCBIGENE:23411|NCBIGENE:2342|NCBIGENE:23476|NCBIGENE:23530|NCBIGENE:23549|NCBIGENE:2356|NCBIGENE:23604|NCBIGENE:23621|NCBIGENE:23623|NCBIGENE:23632|NCBIGENE:238|NCBIGENE:246243|NCBIGENE:247|NCBIGENE:2494|NCBIGENE:2495|NCBIGENE:25|NCBIGENE:250|NCBIGENE:2517|NCBIGENE:2519|NCBIGENE:2532|NCBIGENE:2534|NCBIGENE:2539|NCBIGENE:255967|NCBIGENE:256356|NCBIGENE:2571|NCBIGENE:25793|NCBIGENE:2580|NCBIGENE:25824|NCBIGENE:25825|NCBIGENE:25830|NCBIGENE:25842|NCBIGENE:2585|NCBIGENE:2588|NCBIGENE:259|NCBIGENE:25930|NCBIGENE:25939|NCBIGENE:2597|NCBIGENE:25974|NCBIGENE:26013|NCBIGENE:26027|NCBIGENE:26086|NCBIGENE:26090|NCBIGENE:26108|NCBIGENE:26157|NCBIGENE:2617|NCBIGENE:26284|NCBIGENE:2629|NCBIGENE:2632|NCBIGENE:26330|NCBIGENE:2638|NCBIGENE:2645|NCBIGENE:2646|NCBIGENE:2648|NCBIGENE:2653|NCBIGENE:2683|NCBIGENE:26986|NCBIGENE:27034|NCBIGENE:2712|NCBIGENE:27161|NCBIGENE:2717|NCBIGENE:27233|NCBIGENE:27250|NCBIGENE:27284|NCBIGENE:27294|NCBIGENE:273|NCBIGENE:27304|NCBIGENE:27306|NCBIGENE:2733|NCBIGENE:2744|NCBIGENE:2752|NCBIGENE:2770|NCBIGENE:2805|NCBIGENE:2806|NCBIGENE:2810|NCBIGENE:2819|NCBIGENE:2821|NCBIGENE:28227|NCBIGENE:282618|NCBIGENE:283|NCBIGENE:283871|NCBIGENE:284273|NCBIGENE:285148|NCBIGENE:286|NCBIGENE:2888|NCBIGENE:2893|NCBIGENE:2897|NCBIGENE:2898|NCBIGENE:28985|NCBIGENE:2901|NCBIGENE:2902|NCBIGENE:29028|NCBIGENE:2908|NCBIGENE:29087|NCBIGENE:29089|NCBIGENE:29110|NCBIGENE:29126|NCBIGENE:2932|NCBIGENE:2934|NCBIGENE:2936|NCBIGENE:2938|NCBIGENE:2950|NCBIGENE:2954|NCBIGENE:29796|NCBIGENE:2982|NCBIGENE:2983|NCBIGENE:29843|NCBIGENE:29883|NCBIGENE:2990|NCBIGENE:2992|NCBIGENE:29968|NCBIGENE:2997|NCBIGENE:2998|NCBIGENE:29994|NCBIGENE:3028|NCBIGENE:3029|NCBIGENE:3030|NCBIGENE:3035|NCBIGENE:3043|NCBIGENE:3067|NCBIGENE:3074|NCBIGENE:3075|NCBIGENE:3077|NCBIGENE:3078|NCBIGENE:30814|NCBIGENE:30833|NCBIGENE:3093|NCBIGENE:3106|NCBIGENE:3111|NCBIGENE:3112|NCBIGENE:3123|NCBIGENE:3127|NCBIGENE:3156|NCBIGENE:3157|NCBIGENE:3158|NCBIGENE:316|NCBIGENE:3162|NCBIGENE:3175|NCBIGENE:3191|NCBIGENE:32|NCBIGENE:325|NCBIGENE:3251|NCBIGENE:3267|NCBIGENE:3273|NCBIGENE:3276|NCBIGENE:3292|NCBIGENE:330|NCBIGENE:3305|NCBIGENE:3308|NCBIGENE:3320|NCBIGENE:3373|NCBIGENE:338323|NCBIGENE:3418|NCBIGENE:3419|NCBIGENE:3425|NCBIGENE:3454|NCBIGENE:3479|NCBIGENE:3480|NCBIGENE:3482|NCBIGENE:351|NCBIGENE:3549|NCBIGENE:3558|NCBIGENE:356|NCBIGENE:3563|NCBIGENE:3575|NCBIGENE:3588|NCBIGENE:3596|NCBIGENE:360|NCBIGENE:3600|NCBIGENE:360203|NCBIGENE:3606|NCBIGENE:361|NCBIGENE:3612|NCBIGENE:3613|NCBIGENE:3615|NCBIGENE:3624|NCBIGENE:3633|NCBIGENE:364|NCBIGENE:3643|NCBIGENE:366|NCBIGENE:367|NCBIGENE:3672|NCBIGENE:3674|NCBIGENE:3676|NCBIGENE:3683|NCBIGENE:3684|NCBIGENE:3685|NCBIGENE:3695|NCBIGENE:3702|NCBIGENE:3706|NCBIGENE:3708|NCBIGENE:3709|NCBIGENE:3710|NCBIGENE:3717|NCBIGENE:3718|NCBIGENE:3725|NCBIGENE:3727|NCBIGENE:377677|NCBIGENE:378708|NCBIGENE:38|NCBIGENE:382|NCBIGENE:384|NCBIGENE:3845|NCBIGENE:387332|NCBIGENE:389421|NCBIGENE:389434|NCBIGENE:39|NCBIGENE:390245|NCBIGENE:3932|NCBIGENE:3939|NCBIGENE:3956|NCBIGENE:3958|NCBIGENE:3960|NCBIGENE:3965|NCBIGENE:3991|NCBIGENE:3998|NCBIGENE:4000|NCBIGENE:4023|NCBIGENE:4025|NCBIGENE:4040|NCBIGENE:4048|NCBIGENE:4056|NCBIGENE:4064|NCBIGENE:4069|NCBIGENE:4074|NCBIGENE:4087|NCBIGENE:4090|NCBIGENE:4093|NCBIGENE:4116|NCBIGENE:4121|NCBIGENE:4128|NCBIGENE:4199|NCBIGENE:4215|NCBIGENE:4217|NCBIGENE:4221|NCBIGENE:4225|NCBIGENE:4233|NCBIGENE:4234|NCBIGENE:4255|NCBIGENE:4282|NCBIGENE:4292|NCBIGENE:4297|NCBIGENE:43|NCBIGENE:4314|NCBIGENE:4318|NCBIGENE:4322|NCBIGENE:4338|NCBIGENE:4351|NCBIGENE:4353|NCBIGENE:4361|NCBIGENE:438|NCBIGENE:440275|NCBIGENE:440279|NCBIGENE:440387|NCBIGENE:442038|NCBIGENE:4486|NCBIGENE:4507|NCBIGENE:4519|NCBIGENE:4548|NCBIGENE:4595|NCBIGENE:4597|NCBIGENE:462|NCBIGENE:4644|NCBIGENE:4645|NCBIGENE:4646|NCBIGENE:4647|NCBIGENE:4651|NCBIGENE:4668|NCBIGENE:4671|NCBIGENE:4677|NCBIGENE:4685|NCBIGENE:4686|NCBIGENE:4689|NCBIGENE:47|NCBIGENE:471|NCBIGENE:4715|NCBIGENE:4738|NCBIGENE:4751|NCBIGENE:4771|NCBIGENE:48|NCBIGENE:4803|NCBIGENE:4817|NCBIGENE:4843|NCBIGENE:4846|NCBIGENE:4848|NCBIGENE:4853|NCBIGENE:4860|NCBIGENE:4864|NCBIGENE:4907|NCBIGENE:4913|NCBIGENE:4914|NCBIGENE:4915|NCBIGENE:4926|NCBIGENE:4928|NCBIGENE:493869|NCBIGENE:4942|NCBIGENE:4952|NCBIGENE:4968|NCBIGENE:5009|NCBIGENE:5019|NCBIGENE:5034|NCBIGENE:5036|NCBIGENE:506|NCBIGENE:5066|NCBIGENE:5071|NCBIGENE:5081|NCBIGENE:509|NCBIGENE:5092|NCBIGENE:5095|NCBIGENE:51010|NCBIGENE:51013|NCBIGENE:51020|NCBIGENE:51024|NCBIGENE:5104|NCBIGENE:51056|NCBIGENE:51071|NCBIGENE:51072|NCBIGENE:51078|NCBIGENE:51084|NCBIGENE:51095|NCBIGENE:51102|NCBIGENE:51111|NCBIGENE:51119|NCBIGENE:51163|NCBIGENE:51170|NCBIGENE:51200|NCBIGENE:51206|NCBIGENE:51228|NCBIGENE:51297|NCBIGENE:513|NCBIGENE:5130|NCBIGENE:5133|NCBIGENE:51360|NCBIGENE:51375|NCBIGENE:51377|NCBIGENE:514|NCBIGENE:5142|NCBIGENE:5145|NCBIGENE:51451|NCBIGENE:51455|NCBIGENE:5146|NCBIGENE:51477|NCBIGENE:51510|NCBIGENE:51540|NCBIGENE:51542|NCBIGENE:51548|NCBIGENE:51555|NCBIGENE:51567|NCBIGENE:5158|NCBIGENE:51596|NCBIGENE:5160|NCBIGENE:5162|NCBIGENE:5165|NCBIGENE:5166|NCBIGENE:517|NCBIGENE:5170|NCBIGENE:51706|NCBIGENE:51719|NCBIGENE:51765|NCBIGENE:51780|NCBIGENE:518|NCBIGENE:5198|NCBIGENE:5207|NCBIGENE:5210|NCBIGENE:5213|NCBIGENE:5216|NCBIGENE:5217|NCBIGENE:5230|NCBIGENE:5241|NCBIGENE:5253|NCBIGENE:5261|NCBIGENE:5270|NCBIGENE:5274|NCBIGENE:5284|NCBIGENE:5286|NCBIGENE:5289|NCBIGENE:5290|NCBIGENE:5292|NCBIGENE:5293|NCBIGENE:5296|NCBIGENE:5300|NCBIGENE:5315|NCBIGENE:5328|NCBIGENE:5337|NCBIGENE:5338|NCBIGENE:5339|NCBIGENE:5347|NCBIGENE:5362|NCBIGENE:5375|NCBIGENE:5378|NCBIGENE:53918|NCBIGENE:5393|NCBIGENE:5394|NCBIGENE:53944|NCBIGENE:5395|NCBIGENE:5406|NCBIGENE:5409|NCBIGENE:54097|NCBIGENE:54165|NCBIGENE:54205|NCBIGENE:5423|NCBIGENE:5424|NCBIGENE:5429|NCBIGENE:54331|NCBIGENE:54431|NCBIGENE:54464|NCBIGENE:54471|NCBIGENE:54512|NCBIGENE:54514|NCBIGENE:54625|NCBIGENE:5467|NCBIGENE:54675|NCBIGENE:5468|NCBIGENE:54681|NCBIGENE:54738|NCBIGENE:5476|NCBIGENE:5478|NCBIGENE:5481|NCBIGENE:54810|NCBIGENE:54857|NCBIGENE:54890|NCBIGENE:54904|NCBIGENE:5499|NCBIGENE:5511|NCBIGENE:55110|NCBIGENE:55120|NCBIGENE:55147|NCBIGENE:55164|NCBIGENE:55170|NCBIGENE:55191|NCBIGENE:55193|NCBIGENE:55208|NCBIGENE:55239|NCBIGENE:55278|NCBIGENE:55293|NCBIGENE:55294|NCBIGENE:5530|NCBIGENE:5534|NCBIGENE:55349|NCBIGENE:55355|NCBIGENE:55432|NCBIGENE:5550|NCBIGENE:5553|NCBIGENE:55558|NCBIGENE:5557|NCBIGENE:55607|NCBIGENE:55612|NCBIGENE:5564|NCBIGENE:55643|NCBIGENE:5565|NCBIGENE:5566|NCBIGENE:55662|NCBIGENE:5567|NCBIGENE:55693|NCBIGENE:55698|NCBIGENE:55723|NCBIGENE:55737|NCBIGENE:55742|NCBIGENE:55746|NCBIGENE:5576|NCBIGENE:55768|NCBIGENE:5577|NCBIGENE:55775|NCBIGENE:55811|NCBIGENE:55829|NCBIGENE:55835|NCBIGENE:55845|NCBIGENE:55869|NCBIGENE:5594|NCBIGENE:5602|NCBIGENE:5604|NCBIGENE:5608|NCBIGENE:56165|NCBIGENE:5621|NCBIGENE:56267|NCBIGENE:56341|NCBIGENE:5646|NCBIGENE:5648|NCBIGENE:5652|NCBIGENE:5654|NCBIGENE:5660|NCBIGENE:56623|NCBIGENE:567|NCBIGENE:56903|NCBIGENE:56915|NCBIGENE:56922|NCBIGENE:56950|NCBIGENE:56953|NCBIGENE:56970|NCBIGENE:56979|NCBIGENE:57016|NCBIGENE:57026|NCBIGENE:57082|NCBIGENE:57094|NCBIGENE:57096|NCBIGENE:57103|NCBIGENE:57104|NCBIGENE:57111|NCBIGENE:57120|NCBIGENE:57134|NCBIGENE:5714|NCBIGENE:5717|NCBIGENE:5728|NCBIGENE:5730|NCBIGENE:57403|NCBIGENE:5742|NCBIGENE:5743|NCBIGENE:57496|NCBIGENE:57591|NCBIGENE:57678|NCBIGENE:57697|NCBIGENE:577|NCBIGENE:5770|NCBIGENE:57703|NCBIGENE:57727|NCBIGENE:5775|NCBIGENE:5778|NCBIGENE:5781|NCBIGENE:5798|NCBIGENE:58|NCBIGENE:580|NCBIGENE:5805|NCBIGENE:5833|NCBIGENE:5834|NCBIGENE:5836|NCBIGENE:5837|NCBIGENE:58478|NCBIGENE:58497|NCBIGENE:5859|NCBIGENE:5861|NCBIGENE:5867|NCBIGENE:5868|NCBIGENE:587|NCBIGENE:5881|NCBIGENE:590|NCBIGENE:5903|NCBIGENE:5908|NCBIGENE:5914|NCBIGENE:5917|NCBIGENE:5921|NCBIGENE:5923|NCBIGENE:5924|NCBIGENE:5928|NCBIGENE:593|NCBIGENE:594|NCBIGENE:595|NCBIGENE:5972|NCBIGENE:598|NCBIGENE:5980|NCBIGENE:6009|NCBIGENE:6011|NCBIGENE:6036|NCBIGENE:6045|NCBIGENE:60490|NCBIGENE:60496|NCBIGENE:607|NCBIGENE:6103|NCBIGENE:6120|NCBIGENE:6198|NCBIGENE:6233|NCBIGENE:6240|NCBIGENE:6261|NCBIGENE:6263|NCBIGENE:6272|NCBIGENE:6280|NCBIGENE:634|NCBIGENE:6347|NCBIGENE:6389|NCBIGENE:6390|NCBIGENE:6392|NCBIGENE:6403|NCBIGENE:64072|NCBIGENE:64077|NCBIGENE:64145|NCBIGENE:6419|NCBIGENE:642|NCBIGENE:64388|NCBIGENE:6443|NCBIGENE:6470|NCBIGENE:6472|NCBIGENE:64768|NCBIGENE:6477|NCBIGENE:64780|NCBIGENE:64895|NCBIGENE:64968|NCBIGENE:65266|NCBIGENE:65267|NCBIGENE:65268|NCBIGENE:653509|NCBIGENE:653808|NCBIGENE:65977|NCBIGENE:6611|NCBIGENE:6613|NCBIGENE:6624|NCBIGENE:6626|NCBIGENE:6628|NCBIGENE:6634|NCBIGENE:6647|NCBIGENE:6675|NCBIGENE:6692|NCBIGENE:6697|NCBIGENE:670|NCBIGENE:6709|NCBIGENE:6718|NCBIGENE:672|NCBIGENE:6723|NCBIGENE:6749|NCBIGENE:6767|NCBIGENE:6768|NCBIGENE:6790|NCBIGENE:6815|NCBIGENE:683|NCBIGENE:684|NCBIGENE:6857|NCBIGENE:6888|NCBIGENE:6900|NCBIGENE:6906|NCBIGENE:6923|NCBIGENE:70|NCBIGENE:7004|NCBIGENE:7005|NCBIGENE:7018|NCBIGENE:7035|NCBIGENE:7037|NCBIGENE:7048|NCBIGENE:7052|NCBIGENE:7072|NCBIGENE:7073|NCBIGENE:7083|NCBIGENE:7087|NCBIGENE:7088|NCBIGENE:7094|NCBIGENE:7098|NCBIGENE:710|NCBIGENE:7134|NCBIGENE:7153|NCBIGENE:7157|NCBIGENE:7161|NCBIGENE:7162|NCBIGENE:7167|NCBIGENE:718|NCBIGENE:7272|NCBIGENE:7276|NCBIGENE:7280|NCBIGENE:7284|NCBIGENE:729238|NCBIGENE:7295|NCBIGENE:7296|NCBIGENE:7298|NCBIGENE:7311|NCBIGENE:7314|NCBIGENE:7317|NCBIGENE:7322|NCBIGENE:7324|NCBIGENE:7358|NCBIGENE:7360|NCBIGENE:7372|NCBIGENE:7374|NCBIGENE:7384|NCBIGENE:7385|NCBIGENE:7386|NCBIGENE:7388|NCBIGENE:7389|NCBIGENE:7414|NCBIGENE:7415|NCBIGENE:7423|NCBIGENE:7428|NCBIGENE:7443|NCBIGENE:7450|NCBIGENE:7453|NCBIGENE:7465|NCBIGENE:747|NCBIGENE:7479|NCBIGENE:7498|NCBIGENE:7514|NCBIGENE:760|NCBIGENE:766|NCBIGENE:767|NCBIGENE:768|NCBIGENE:7704|NCBIGENE:78990|NCBIGENE:790|NCBIGENE:79019|NCBIGENE:79033|NCBIGENE:79068|NCBIGENE:7915|NCBIGENE:79178|NCBIGENE:79624|NCBIGENE:79633|NCBIGENE:79646|NCBIGENE:79648|NCBIGENE:79650|NCBIGENE:79657|NCBIGENE:79716|NCBIGENE:79717|NCBIGENE:79728|NCBIGENE:79753|NCBIGENE:79813|NCBIGENE:79814|NCBIGENE:79823|NCBIGENE:79869|NCBIGENE:79887|NCBIGENE:79897|NCBIGENE:80115|NCBIGENE:80153|NCBIGENE:8021|NCBIGENE:80339|NCBIGENE:80351|NCBIGENE:80380|NCBIGENE:8050|NCBIGENE:8065|NCBIGENE:80781|NCBIGENE:80854|NCBIGENE:8087|NCBIGENE:81|NCBIGENE:8125|NCBIGENE:81551|NCBIGENE:81562|NCBIGENE:81567|NCBIGENE:8174|NCBIGENE:8192|NCBIGENE:81932|NCBIGENE:8226|NCBIGENE:8312|NCBIGENE:83442|NCBIGENE:83540|NCBIGENE:836|NCBIGENE:83903|NCBIGENE:83940|NCBIGENE:84231|NCBIGENE:84295|NCBIGENE:84309|NCBIGENE:84444|NCBIGENE:8446|NCBIGENE:8454|NCBIGENE:8459|NCBIGENE:84630|NCBIGENE:84649|NCBIGENE:84656|NCBIGENE:8467|NCBIGENE:84676|NCBIGENE:84693|NCBIGENE:847|NCBIGENE:84727|NCBIGENE:84816|NCBIGENE:84867|NCBIGENE:84893|NCBIGENE:84897|NCBIGENE:84929|NCBIGENE:8495|NCBIGENE:8496|NCBIGENE:8498|NCBIGENE:8505|NCBIGENE:8565|NCBIGENE:8574|NCBIGENE:8634|NCBIGENE:8639|NCBIGENE:8654|NCBIGENE:8658|NCBIGENE:8724|NCBIGENE:873|NCBIGENE:8732|NCBIGENE:8736|NCBIGENE:874|NCBIGENE:8740|NCBIGENE:8766|NCBIGENE:8786|NCBIGENE:8787|NCBIGENE:8789|NCBIGENE:8792|NCBIGENE:8801|NCBIGENE:8803|NCBIGENE:8828|NCBIGENE:8829|NCBIGENE:8833|NCBIGENE:8836|NCBIGENE:8841|NCBIGENE:8850|NCBIGENE:8856|NCBIGENE:8874|NCBIGENE:8879|NCBIGENE:8893|NCBIGENE:890|NCBIGENE:8908|NCBIGENE:892|NCBIGENE:8972|NCBIGENE:89872|NCBIGENE:90|NCBIGENE:9025|NCBIGENE:90268|NCBIGENE:904|NCBIGENE:9040|NCBIGENE:9043|NCBIGENE:9054|NCBIGENE:9060|NCBIGENE:9061|NCBIGENE:90780|NCBIGENE:9099|NCBIGENE:910|NCBIGENE:9112|NCBIGENE:912|NCBIGENE:9125|NCBIGENE:913|NCBIGENE:91373|NCBIGENE:91734|NCBIGENE:9179|NCBIGENE:920|NCBIGENE:92291|NCBIGENE:9265|NCBIGENE:9267|NCBIGENE:92935|NCBIGENE:9314|NCBIGENE:9353|NCBIGENE:9364|NCBIGENE:9373|NCBIGENE:9378|NCBIGENE:9379|NCBIGENE:9380|NCBIGENE:9397|NCBIGENE:93973|NCBIGENE:93974|NCBIGENE:9416|NCBIGENE:9425|NCBIGENE:9446|NCBIGENE:9451|NCBIGENE:9459|NCBIGENE:9468|NCBIGENE:9493|NCBIGENE:9512|NCBIGENE:9519|NCBIGENE:9521|NCBIGENE:954|NCBIGENE:9562|NCBIGENE:9584|NCBIGENE:9588|NCBIGENE:960|NCBIGENE:9612|NCBIGENE:9636|NCBIGENE:9656|NCBIGENE:9669|NCBIGENE:9682|NCBIGENE:9685|NCBIGENE:9686|NCBIGENE:969|NCBIGENE:9698|NCBIGENE:97|NCBIGENE:9730|NCBIGENE:9775|NCBIGENE:9784|NCBIGENE:9859|NCBIGENE:9868|NCBIGENE:9924|NCBIGENE:9942|NCBIGENE:996|NCBIGENE:9965|NCBIGENE:9966|NCBIGENE:999
DB13146,1665,N[C@]1(C[C@H]([18F])C1)C(O)=O,Q15758|Q9UM01|Q8WY07|P42261|P42262|P42263|P48058,,,PUBCHEM.COMPOUND:450601,,
DB13153,1666,[H][C@@]1(CCC(C)=CC1)[C@@](C)(O)CCC=C(C)C,,,,PUBCHEM.COMPOUND:442343,,
DB01096,1667,CC(C)NCC1CCC2=CC(CO)=C(C=C2N1)[N+]([O-])=O,,P10635,P10635,PUBCHEM.COMPOUND:4612,DOID:7457|DOID:9784,
DB01436,1668,CC(C)CCC[C@@H](C)[C@@]1([H])CC[C@@]2([H])\C(CCC[C@]12C)=C\C=C1\C[C@@H](O)C[C@H](O)C1=C,P11473|O15528|P19793,,,PUBCHEM.COMPOUND:5282181,DOID:11199|DOID:13068|DOID:13543|DOID:3341|DOID:4184,NCBIGENE:1576|NCBIGENE:1594|NCBIGENE:5741|NCBIGENE:7421
DB09161,1669,[Tc+].COC(C)(C)C[N+]#[C-].COC(C)(C)C[N+]#[C-].COC(C)(C)C[N+]#[C-].COC(C)(C)C[N+]#[C-].COC(C)(C)C[N+]#[C-].COC(C)(C)C[N+]#[C-],,,,PUBCHEM.COMPOUND:22617237,,
DB08930,1670,[H][C@]12CN3C=C(C(=O)NCC4=CC=C(F)C=C4F)C(=O)C(O)=C3C(=O)N1[C@H](C)CCO2,Q7ZJM1,P22309|P35503|O60656,P22309|P35503|O60656,PUBCHEM.COMPOUND:54726191,DOID:526|DOID:635,
DB00787,1671,NC1=NC(=O)C2=C(N1)N(COCCO)C=N2,P04293|P09252,Q9QNF7|Q16774,Q9QNF7|Q16774,PUBCHEM.COMPOUND:2022,DOID:10493|DOID:10763|DOID:10772|DOID:10825|DOID:10952|DOID:11847|DOID:12554|DOID:1270|DOID:1271|DOID:1272|DOID:13774|DOID:1425|DOID:1837|DOID:2527|DOID:2921|DOID:3526|DOID:3669|DOID:4195|DOID:5200|DOID:557|DOID:5844|DOID:5854|DOID:6713|DOID:8536|DOID:8566|DOID:8704|DOID:9351|DOID:9408|DOID:9970,NCBIGENE:10864|NCBIGENE:1716|NCBIGENE:4860|NCBIGENE:6999|NCBIGENE:9356|NCBIGENE:9376|NCBIGENE:9407
DB09137,1672,[Tc].CC1=CC(C)=C(Br)C(C)=C1NC(=O)CN(CC(O)=O)CC(O)=O,,,,PUBCHEM.COMPOUND:11431716,,
DB11994,1673,CC(=O)OC1=CC=CC2=C1C(=O)C1=C(OC(C)=O)C=C(C=C1C2=O)C(O)=O,Q13133|P55055|P09917|P05177|P05181|P11712|P10635,,,PUBCHEM.COMPOUND:26248,,NCBIGENE:3553|NCBIGENE:4322
DB04854,1674,CC(C)COC1=C(C=C(C=C1)C1=NC(C)=C(S1)C(O)=O)C#N,P47989,P22309|P35503|O60656|P16662|P05177|P10632|P11712,P22309|P35503|O60656|P16662|P05177|P10632|P11712,PUBCHEM.COMPOUND:134018,DOID:11847|DOID:1920|DOID:3526|DOID:5844|DOID:5854|DOID:6713|DOID:9408,NCBIGENE:1843|NCBIGENE:316|NCBIGENE:7498
DB08884,1675,[Gd+3].[H][C@@](CN(CCN(CC([O-])=O)CC([O-])=O)CC([O-])=O)(CC1=CC=C(OCC)C=C1)N(CC(O)=O)CC(O)=O,,,,PUBCHEM.COMPOUND:131704314,,
DB11943,1676,NC1=NC(N2C=C(C(O)=O)C(=O)C3=CC(F)=C(N4CC(O)C4)C(Cl)=C23)=C(F)C=C1F,P0AFI2|P0AES4,P22309|P35503|P54855|P05181|P11712|P08684,P22309|P35503|P54855|P05181|P11712|P08684,PUBCHEM.COMPOUND:487101,,
DB05990,1677,[H][C@@]1(CC[C@@]2([H])[C@]3([H])[C@H](O)[C@H](CC)[C@]4([H])C[C@H](O)CC[C@]4(C)[C@@]3([H])CC[C@]12C)[C@H](C)CCC(O)=O,Q96RI1,P05177,P05177,PUBCHEM.COMPOUND:447715,,NCBIGENE:3276|NCBIGENE:8431|NCBIGENE:9971
DB06211,1678,[H][C@]12[C@@H](C)C(S[C@@H]3CN[C@H](CNS(N)(=O)=O)C3)=C(N1C(=O)[C@]2([H])[C@@H](C)O)C(O)=O,P02918|P02919|P0AD65|Q51504|P72355,P16444,P16444,PUBCHEM.COMPOUND:73303,DOID:1063|DOID:11400|DOID:1949|DOID:2744,
DB08826,1679,CN1C=CC(=O)C(O)=C1C,,P19224,P19224,PUBCHEM.COMPOUND:2972,DOID:12119|DOID:12241,NCBIGENE:2512|NCBIGENE:7018
DB05630,1680,O.O.O.O.O.O.O.O.O.[Na+].[Na+].[Na+].[H][C@@]1(O[Sb]2(O)(O[Sb]34([O-])O[C@@H](C([O-])=O)[C@@]([H])(O3)[C@]([H])(O4)[C@H](O)CO)O[C@@H](C([O-])=O)[C@@]1([H])O2)[C@H](O)CO,P11387,,,PUBCHEM.COMPOUND:56927674,,NCBIGENE:7150
DB04967,1681,CCN(CC)CCNC1=C2C(=O)C3=CC=CC=C3SC2=C(C)C=C1,P11388|P27695|P11387,,,PUBCHEM.COMPOUND:10180,,NCBIGENE:1509|NCBIGENE:328|NCBIGENE:7150|NCBIGENE:7153
DB08974,1682,COC(=O)NC1=NC2=C(N1)C=CC(=C2)C(=O)C1=CC=C(F)C=C1,,,,PUBCHEM.COMPOUND:35802,,
DB06792,1683,[La+3].[La+3].[O-]C([O-])=O.[O-]C([O-])=O.[O-]C([O-])=O,,,,PUBCHEM.COMPOUND:168924,DOID:2089|DOID:8437|DOID:8440,
DB09267,1684,[Sr++].[Sr++].[O-]C(=O)CN(CC([O-])=O)C1=C(C#N)C(CC([O-])=O)=C(S1)C([O-])=O,,,,PUBCHEM.COMPOUND:6918182,DOID:11476,NCBIGENE:632
DB09221,1685,NCCC(=O)N1[Zn]OC(=O)[C@@H]1CC1=CN=CN1,P01375|P05231|P08700|P17948|P01138|P09619|P07900|P08238,P00441|P09601|P04179|P30711|P07203|Q06830|P30044,P00441|P09601|P04179|P30711|P07203|Q06830|P30044,PUBCHEM.COMPOUND:6918055,,
DB01378,1686,[Mg++],P05023,,,PUBCHEM.COMPOUND:888,,NCBIGENE:10020|NCBIGENE:100463486|NCBIGENE:100526693|NCBIGENE:100529261|NCBIGENE:10053|NCBIGENE:10054|NCBIGENE:10055|NCBIGENE:10058|NCBIGENE:10072|NCBIGENE:10093|NCBIGENE:10094|NCBIGENE:10096|NCBIGENE:10097|NCBIGENE:100996758|NCBIGENE:10106|NCBIGENE:10109|NCBIGENE:10131|NCBIGENE:10135|NCBIGENE:10142|NCBIGENE:10154|NCBIGENE:10157|NCBIGENE:1017|NCBIGENE:10188|NCBIGENE:10204|NCBIGENE:10209|NCBIGENE:10243|NCBIGENE:10247|NCBIGENE:1025|NCBIGENE:10289|NCBIGENE:10316|NCBIGENE:10325|NCBIGENE:1033|NCBIGENE:10399|NCBIGENE:1040|NCBIGENE:10403|NCBIGENE:10423|NCBIGENE:10458|NCBIGENE:10461|NCBIGENE:10476|NCBIGENE:10484|NCBIGENE:10486|NCBIGENE:104909134|NCBIGENE:10531|NCBIGENE:10533|NCBIGENE:10535|NCBIGENE:105379861|NCBIGENE:10544|NCBIGENE:10552|NCBIGENE:10560|NCBIGENE:10563|NCBIGENE:10564|NCBIGENE:10565|NCBIGENE:10574|NCBIGENE:10575|NCBIGENE:10576|NCBIGENE:10588|NCBIGENE:10606|NCBIGENE:1062|NCBIGENE:10670|NCBIGENE:10672|NCBIGENE:10673|NCBIGENE:10686|NCBIGENE:10693|NCBIGENE:10694|NCBIGENE:107|NCBIGENE:10749|NCBIGENE:107984056|NCBIGENE:107984923|NCBIGENE:108|NCBIGENE:1080|NCBIGENE:10803|NCBIGENE:10808|NCBIGENE:10814|NCBIGENE:10815|NCBIGENE:10846|NCBIGENE:10850|NCBIGENE:10874|NCBIGENE:10892|NCBIGENE:109|NCBIGENE:10910|NCBIGENE:10914|NCBIGENE:10926|NCBIGENE:10927|NCBIGENE:10928|NCBIGENE:10978|NCBIGENE:10981|NCBIGENE:10994|NCBIGENE:11004|NCBIGENE:11020|NCBIGENE:11021|NCBIGENE:1103|NCBIGENE:11035|NCBIGENE:11083|NCBIGENE:111|NCBIGENE:11119|NCBIGENE:11128|NCBIGENE:11153|NCBIGENE:11163|NCBIGENE:11164|NCBIGENE:11168|NCBIGENE:11176|NCBIGENE:1119|NCBIGENE:112|NCBIGENE:1120|NCBIGENE:11200|NCBIGENE:11201|NCBIGENE:11202|NCBIGENE:1121|NCBIGENE:1122|NCBIGENE:11222|NCBIGENE:11224|NCBIGENE:11251|NCBIGENE:11255|NCBIGENE:11260|NCBIGENE:11269|NCBIGENE:112755|NCBIGENE:11284|NCBIGENE:112858|NCBIGENE:113091|NCBIGENE:1132|NCBIGENE:11340|NCBIGENE:113802|NCBIGENE:114|NCBIGENE:114757|NCBIGENE:114987|NCBIGENE:115|NCBIGENE:115004|NCBIGENE:1152|NCBIGENE:115557|NCBIGENE:1158|NCBIGENE:116832|NCBIGENE:118429|NCBIGENE:119391|NCBIGENE:120892|NCBIGENE:121268|NCBIGENE:122042|NCBIGENE:122622|NCBIGENE:1230|NCBIGENE:1232|NCBIGENE:1233|NCBIGENE:1234|NCBIGENE:1236|NCBIGENE:1237|NCBIGENE:124401|NCBIGENE:1269|NCBIGENE:127829|NCBIGENE:127833|NCBIGENE:128387|NCBIGENE:128637|NCBIGENE:129450|NCBIGENE:129521|NCBIGENE:129563|NCBIGENE:130340|NCBIGENE:1312|NCBIGENE:131870|NCBIGENE:132|NCBIGENE:1329|NCBIGENE:1339|NCBIGENE:1340|NCBIGENE:134510|NCBIGENE:1346|NCBIGENE:134864|NCBIGENE:1349|NCBIGENE:136|NCBIGENE:1373|NCBIGENE:1385|NCBIGENE:1387|NCBIGENE:1392|NCBIGENE:1394|NCBIGENE:1395|NCBIGENE:140609|NCBIGENE:140733|NCBIGENE:140801|NCBIGENE:140803|NCBIGENE:140809|NCBIGENE:140838|NCBIGENE:142679|NCBIGENE:1434|NCBIGENE:143471|NCBIGENE:1445|NCBIGENE:1455|NCBIGENE:145553|NCBIGENE:1456|NCBIGENE:1457|NCBIGENE:1459|NCBIGENE:146956|NCBIGENE:1478|NCBIGENE:1482|NCBIGENE:148252|NCBIGENE:149461|NCBIGENE:150|NCBIGENE:150160|NCBIGENE:150465|NCBIGENE:152|NCBIGENE:153|NCBIGENE:1537|NCBIGENE:154|NCBIGENE:1543|NCBIGENE:1544|NCBIGENE:155|NCBIGENE:1557|NCBIGENE:1558|NCBIGENE:1559|NCBIGENE:156|NCBIGENE:157|NCBIGENE:1573|NCBIGENE:158747|NCBIGENE:159|NCBIGENE:160518|NCBIGENE:161253|NCBIGENE:162|NCBIGENE:162417|NCBIGENE:162466|NCBIGENE:1633|NCBIGENE:1635|NCBIGENE:163786|NCBIGENE:164|NCBIGENE:165140|NCBIGENE:1654|NCBIGENE:1662|NCBIGENE:167227|NCBIGENE:1675|NCBIGENE:168537|NCBIGENE:170575|NCBIGENE:1719|NCBIGENE:1729|NCBIGENE:1730|NCBIGENE:1737|NCBIGENE:1738|NCBIGENE:1756|NCBIGENE:1759|NCBIGENE:1791|NCBIGENE:1808|NCBIGENE:1809|NCBIGENE:1813|NCBIGENE:1814|NCBIGENE:1815|NCBIGENE:1816|NCBIGENE:1826|NCBIGENE:183|NCBIGENE:1841|NCBIGENE:1854|NCBIGENE:1856|NCBIGENE:186|NCBIGENE:189|NCBIGENE:1891|NCBIGENE:1892|NCBIGENE:1901|NCBIGENE:1917|NCBIGENE:1938|NCBIGENE:1956|NCBIGENE:1964|NCBIGENE:1965|NCBIGENE:196883|NCBIGENE:197259|NCBIGENE:200894|NCBIGENE:200916|NCBIGENE:201475|NCBIGENE:2023|NCBIGENE:2027|NCBIGENE:203286|NCBIGENE:204|NCBIGENE:2042|NCBIGENE:2047|NCBIGENE:2048|NCBIGENE:2049|NCBIGENE:2050|NCBIGENE:2053|NCBIGENE:2058|NCBIGENE:2065|NCBIGENE:2074|NCBIGENE:2081|NCBIGENE:2098|NCBIGENE:210|NCBIGENE:2107|NCBIGENE:2139|NCBIGENE:2152|NCBIGENE:2155|NCBIGENE:2159|NCBIGENE:2169|NCBIGENE:217|NCBIGENE:2193|NCBIGENE:2194|NCBIGENE:221264|NCBIGENE:221692|NCBIGENE:221830|NCBIGENE:2224|NCBIGENE:2230|NCBIGENE:2235|NCBIGENE:2237|NCBIGENE:2243|NCBIGENE:2244|NCBIGENE:2260|NCBIGENE:2261|NCBIGENE:2263|NCBIGENE:2266|NCBIGENE:22794|NCBIGENE:22800|NCBIGENE:22801|NCBIGENE:22803|NCBIGENE:22808|NCBIGENE:22820|NCBIGENE:22824|NCBIGENE:22841|NCBIGENE:22843|NCBIGENE:22854|NCBIGENE:22876|NCBIGENE:22894|NCBIGENE:22895|NCBIGENE:22916|NCBIGENE:22929|NCBIGENE:22934|NCBIGENE:22948|NCBIGENE:22974|NCBIGENE:22978|NCBIGENE:23011|NCBIGENE:23016|NCBIGENE:23019|NCBIGENE:23020|NCBIGENE:2305|NCBIGENE:23057|NCBIGENE:23095|NCBIGENE:23258|NCBIGENE:23268|NCBIGENE:2327|NCBIGENE:23275|NCBIGENE:23283|NCBIGENE:23303|NCBIGENE:2332|NCBIGENE:23348|NCBIGENE:2339|NCBIGENE:23404|NCBIGENE:23417|NCBIGENE:2342|NCBIGENE:23433|NCBIGENE:23456|NCBIGENE:23475|NCBIGENE:23492|NCBIGENE:23521|NCBIGENE:23534|NCBIGENE:23549|NCBIGENE:23568|NCBIGENE:23586|NCBIGENE:2359|NCBIGENE:23590|NCBIGENE:23643|NCBIGENE:2395|NCBIGENE:24137|NCBIGENE:24138|NCBIGENE:246243|NCBIGENE:2475|NCBIGENE:2492|NCBIGENE:2495|NCBIGENE:25|NCBIGENE:250|NCBIGENE:251|NCBIGENE:254428|NCBIGENE:256933|NCBIGENE:25771|NCBIGENE:2580|NCBIGENE:25837|NCBIGENE:2585|NCBIGENE:2587|NCBIGENE:25885|NCBIGENE:259285|NCBIGENE:259286|NCBIGENE:259287|NCBIGENE:259289|NCBIGENE:259290|NCBIGENE:259292|NCBIGENE:259293|NCBIGENE:259294|NCBIGENE:259295|NCBIGENE:259296|NCBIGENE:25939|NCBIGENE:25956|NCBIGENE:2597|NCBIGENE:26043|NCBIGENE:26061|NCBIGENE:26088|NCBIGENE:26157|NCBIGENE:26284|NCBIGENE:2632|NCBIGENE:2633|NCBIGENE:26330|NCBIGENE:2638|NCBIGENE:2641|NCBIGENE:2642|NCBIGENE:2645|NCBIGENE:26548|NCBIGENE:26589|NCBIGENE:2669|NCBIGENE:2683|NCBIGENE:2692|NCBIGENE:2695|NCBIGENE:26953|NCBIGENE:2696|NCBIGENE:26973|NCBIGENE:27010|NCBIGENE:27034|NCBIGENE:27068|NCBIGENE:27109|NCBIGENE:27115|NCBIGENE:27183|NCBIGENE:27199|NCBIGENE:27235|NCBIGENE:27247|NCBIGENE:27289|NCBIGENE:2729|NCBIGENE:27294|NCBIGENE:2730|NCBIGENE:27306|NCBIGENE:2733|NCBIGENE:2740|NCBIGENE:27430|NCBIGENE:27440|NCBIGENE:2752|NCBIGENE:2767|NCBIGENE:2768|NCBIGENE:2770|NCBIGENE:2771|NCBIGENE:2773|NCBIGENE:2774|NCBIGENE:2776|NCBIGENE:2778|NCBIGENE:2779|NCBIGENE:2780|NCBIGENE:2783|NCBIGENE:2784|NCBIGENE:2785|NCBIGENE:2787|NCBIGENE:2788|NCBIGENE:2790|NCBIGENE:2791|NCBIGENE:2803|NCBIGENE:2810|NCBIGENE:2812|NCBIGENE:2826|NCBIGENE:2831|NCBIGENE:2832|NCBIGENE:2833|NCBIGENE:283869|NCBIGENE:2841|NCBIGENE:284131|NCBIGENE:284217|NCBIGENE:2847|NCBIGENE:285643|NCBIGENE:2870|NCBIGENE:2888|NCBIGENE:28954|NCBIGENE:28998|NCBIGENE:2902|NCBIGENE:2905|NCBIGENE:2906|NCBIGENE:29083|NCBIGENE:29088|NCBIGENE:2909|NCBIGENE:29093|NCBIGENE:2912|NCBIGENE:2913|NCBIGENE:2915|NCBIGENE:2916|NCBIGENE:2917|NCBIGENE:2918|NCBIGENE:2919|NCBIGENE:2920|NCBIGENE:2921|NCBIGENE:2932|NCBIGENE:2934|NCBIGENE:2937|NCBIGENE:2956|NCBIGENE:2959|NCBIGENE:29796|NCBIGENE:2982|NCBIGENE:2983|NCBIGENE:2987|NCBIGENE:29883|NCBIGENE:2990|NCBIGENE:2992|NCBIGENE:29968|NCBIGENE:2997|NCBIGENE:2998|NCBIGENE:29984|NCBIGENE:30833|NCBIGENE:30835|NCBIGENE:30846|NCBIGENE:3155|NCBIGENE:317|NCBIGENE:3171|NCBIGENE:32|NCBIGENE:3251|NCBIGENE:326625|NCBIGENE:3274|NCBIGENE:3276|NCBIGENE:328|NCBIGENE:3308|NCBIGENE:3309|NCBIGENE:3310|NCBIGENE:3320|NCBIGENE:3350|NCBIGENE:3351|NCBIGENE:3354|NCBIGENE:3355|NCBIGENE:3360|NCBIGENE:3361|NCBIGENE:3362|NCBIGENE:3363|NCBIGENE:3375|NCBIGENE:3383|NCBIGENE:338398|NCBIGENE:338442|NCBIGENE:3385|NCBIGENE:339122|NCBIGENE:339403|NCBIGENE:340061|NCBIGENE:3422|NCBIGENE:346562|NCBIGENE:3480|NCBIGENE:349565|NCBIGENE:351|NCBIGENE:353|NCBIGENE:356|NCBIGENE:3565|NCBIGENE:3576|NCBIGENE:3577|NCBIGENE:3579|NCBIGENE:3606|NCBIGENE:3607|NCBIGENE:3608|NCBIGENE:3609|NCBIGENE:3612|NCBIGENE:3627|NCBIGENE:3631|NCBIGENE:3632|NCBIGENE:3633|NCBIGENE:3636|NCBIGENE:3643|NCBIGENE:3672|NCBIGENE:3673|NCBIGENE:3674|NCBIGENE:3676|NCBIGENE:3678|NCBIGENE:3681|NCBIGENE:3683|NCBIGENE:3684|NCBIGENE:3695|NCBIGENE:3704|NCBIGENE:3705|NCBIGENE:3706|NCBIGENE:3717|NCBIGENE:3735|NCBIGENE:374654|NCBIGENE:3776|NCBIGENE:378|NCBIGENE:378884|NCBIGENE:3796|NCBIGENE:3797|NCBIGENE:3799|NCBIGENE:3801|NCBIGENE:3815|NCBIGENE:3816|NCBIGENE:382|NCBIGENE:3827|NCBIGENE:3832|NCBIGENE:3835|NCBIGENE:3837|NCBIGENE:3842|NCBIGENE:3843|NCBIGENE:3845|NCBIGENE:387|NCBIGENE:389|NCBIGENE:3908|NCBIGENE:392|NCBIGENE:3921|NCBIGENE:396|NCBIGENE:397|NCBIGENE:3973|NCBIGENE:3980|NCBIGENE:400|NCBIGENE:402|NCBIGENE:403|NCBIGENE:407|NCBIGENE:408|NCBIGENE:4085|NCBIGENE:4099|NCBIGENE:410|NCBIGENE:4116|NCBIGENE:4144|NCBIGENE:4157|NCBIGENE:4158|NCBIGENE:4159|NCBIGENE:4160|NCBIGENE:4161|NCBIGENE:4194|NCBIGENE:4200|NCBIGENE:4215|NCBIGENE:4218|NCBIGENE:4233|NCBIGENE:4283|NCBIGENE:4292|NCBIGENE:4303|NCBIGENE:4313|NCBIGENE:4338|NCBIGENE:4361|NCBIGENE:4363|NCBIGENE:438|NCBIGENE:440275|NCBIGENE:4436|NCBIGENE:4486|NCBIGENE:4512|NCBIGENE:4513|NCBIGENE:4514|NCBIGENE:4519|NCBIGENE:4543|NCBIGENE:4544|NCBIGENE:4597|NCBIGENE:4615|NCBIGENE:4627|NCBIGENE:4629|NCBIGENE:4632|NCBIGENE:4641|NCBIGENE:4644|NCBIGENE:4645|NCBIGENE:4646|NCBIGENE:4686|NCBIGENE:4688|NCBIGENE:47|NCBIGENE:4728|NCBIGENE:4736|NCBIGENE:4738|NCBIGENE:4751|NCBIGENE:4763|NCBIGENE:4773|NCBIGENE:479|NCBIGENE:4803|NCBIGENE:4804|NCBIGENE:4843|NCBIGENE:4846|NCBIGENE:4851|NCBIGENE:486|NCBIGENE:4860|NCBIGENE:487|NCBIGENE:488|NCBIGENE:4886|NCBIGENE:4887|NCBIGENE:489|NCBIGENE:4893|NCBIGENE:4907|NCBIGENE:4938|NCBIGENE:495|NCBIGENE:4952|NCBIGENE:4974|NCBIGENE:4985|NCBIGENE:4986|NCBIGENE:4987|NCBIGENE:4988|NCBIGENE:50|NCBIGENE:5030|NCBIGENE:50489|NCBIGENE:5052|NCBIGENE:5058|NCBIGENE:506|NCBIGENE:5063|NCBIGENE:50831|NCBIGENE:50832|NCBIGENE:50833|NCBIGENE:50834|NCBIGENE:50835|NCBIGENE:50836|NCBIGENE:50837|NCBIGENE:50838|NCBIGENE:50839|NCBIGENE:50840|NCBIGENE:50846|NCBIGENE:50852|NCBIGENE:50865|NCBIGENE:509|NCBIGENE:50940|NCBIGENE:50943|NCBIGENE:51010|NCBIGENE:51013|NCBIGENE:51020|NCBIGENE:51056|NCBIGENE:51062|NCBIGENE:51065|NCBIGENE:51067|NCBIGENE:51069|NCBIGENE:51073|NCBIGENE:51074|NCBIGENE:51081|NCBIGENE:51082|NCBIGENE:51083|NCBIGENE:51095|NCBIGENE:51128|NCBIGENE:51160|NCBIGENE:51209|NCBIGENE:51264|NCBIGENE:51285|NCBIGENE:51289|NCBIGENE:513|NCBIGENE:51377|NCBIGENE:5138|NCBIGENE:5139|NCBIGENE:514|NCBIGENE:5140|NCBIGENE:5142|NCBIGENE:51422|NCBIGENE:51426|NCBIGENE:5143|NCBIGENE:5144|NCBIGENE:51455|NCBIGENE:5147|NCBIGENE:51477|NCBIGENE:5148|NCBIGENE:5149|NCBIGENE:515|NCBIGENE:5150|NCBIGENE:51506|NCBIGENE:5151|NCBIGENE:5152|NCBIGENE:5153|NCBIGENE:51542|NCBIGENE:51552|NCBIGENE:51555|NCBIGENE:51557|NCBIGENE:51560|NCBIGENE:51567|NCBIGENE:5160|NCBIGENE:51608|NCBIGENE:5162|NCBIGENE:5164|NCBIGENE:5165|NCBIGENE:5166|NCBIGENE:517|NCBIGENE:5170|NCBIGENE:51755|NCBIGENE:51763|NCBIGENE:51764|NCBIGENE:5179|NCBIGENE:518|NCBIGENE:5188|NCBIGENE:5191|NCBIGENE:5198|NCBIGENE:5210|NCBIGENE:5213|NCBIGENE:522|NCBIGENE:5230|NCBIGENE:5236|NCBIGENE:5238|NCBIGENE:5239|NCBIGENE:5253|NCBIGENE:5264|NCBIGENE:5284|NCBIGENE:5286|NCBIGENE:5287|NCBIGENE:5290|NCBIGENE:5291|NCBIGENE:5292|NCBIGENE:5315|NCBIGENE:5330|NCBIGENE:53343|NCBIGENE:5335|NCBIGENE:5339|NCBIGENE:5347|NCBIGENE:5361|NCBIGENE:5362|NCBIGENE:53637|NCBIGENE:5367|NCBIGENE:5368|NCBIGENE:5372|NCBIGENE:5378|NCBIGENE:53829|NCBIGENE:539|NCBIGENE:53916|NCBIGENE:53918|NCBIGENE:5393|NCBIGENE:5394|NCBIGENE:5395|NCBIGENE:540|NCBIGENE:5409|NCBIGENE:54187|NCBIGENE:54205|NCBIGENE:5423|NCBIGENE:5426|NCBIGENE:5429|NCBIGENE:5432|NCBIGENE:5433|NCBIGENE:54331|NCBIGENE:5435|NCBIGENE:5436|NCBIGENE:5438|NCBIGENE:5439|NCBIGENE:5440|NCBIGENE:5441|NCBIGENE:54429|NCBIGENE:54464|NCBIGENE:54492|NCBIGENE:54512|NCBIGENE:54514|NCBIGENE:54518|NCBIGENE:5464|NCBIGENE:54704|NCBIGENE:5473|NCBIGENE:5475|NCBIGENE:54769|NCBIGENE:5478|NCBIGENE:54802|NCBIGENE:54805|NCBIGENE:54822|NCBIGENE:54936|NCBIGENE:54948|NCBIGENE:5495|NCBIGENE:54974|NCBIGENE:54981|NCBIGENE:55034|NCBIGENE:5507|NCBIGENE:551|NCBIGENE:55170|NCBIGENE:55191|NCBIGENE:55207|NCBIGENE:55229|NCBIGENE:55256|NCBIGENE:55276|NCBIGENE:55288|NCBIGENE:55293|NCBIGENE:55294|NCBIGENE:55300|NCBIGENE:55303|NCBIGENE:55312|NCBIGENE:5536|NCBIGENE:55361|NCBIGENE:5540|NCBIGENE:55500|NCBIGENE:55512|NCBIGENE:55556|NCBIGENE:5557|NCBIGENE:55616|NCBIGENE:5562|NCBIGENE:55627|NCBIGENE:55633|NCBIGENE:5564|NCBIGENE:5565|NCBIGENE:5566|NCBIGENE:5567|NCBIGENE:5568|NCBIGENE:5571|NCBIGENE:55742|NCBIGENE:55748|NCBIGENE:5576|NCBIGENE:5577|NCBIGENE:55770|NCBIGENE:55811|NCBIGENE:5586|NCBIGENE:55869|NCBIGENE:55907|NCBIGENE:55930|NCBIGENE:5594|NCBIGENE:5595|NCBIGENE:55964|NCBIGENE:55970|NCBIGENE:5600|NCBIGENE:5602|NCBIGENE:5603|NCBIGENE:5604|NCBIGENE:5605|NCBIGENE:5608|NCBIGENE:5610|NCBIGENE:5613|NCBIGENE:5631|NCBIGENE:56341|NCBIGENE:5644|NCBIGENE:5646|NCBIGENE:56477|NCBIGENE:5649|NCBIGENE:5660|NCBIGENE:56670|NCBIGENE:567|NCBIGENE:5682|NCBIGENE:5683|NCBIGENE:5684|NCBIGENE:5685|NCBIGENE:5686|NCBIGENE:5687|NCBIGENE:5688|NCBIGENE:5689|NCBIGENE:5690|NCBIGENE:56903|NCBIGENE:56915|NCBIGENE:5692|NCBIGENE:56923|NCBIGENE:5694|NCBIGENE:5695|NCBIGENE:56953|NCBIGENE:5697|NCBIGENE:5699|NCBIGENE:56992|NCBIGENE:56994|NCBIGENE:57007|NCBIGENE:57026|NCBIGENE:57096|NCBIGENE:57103|NCBIGENE:57107|NCBIGENE:57111|NCBIGENE:57113|NCBIGENE:57121|NCBIGENE:57129|NCBIGENE:57142|NCBIGENE:57180|NCBIGENE:5726|NCBIGENE:5728|NCBIGENE:5729|NCBIGENE:5732|NCBIGENE:5733|NCBIGENE:5734|NCBIGENE:5739|NCBIGENE:57403|NCBIGENE:5741|NCBIGENE:57413|NCBIGENE:5745|NCBIGENE:5746|NCBIGENE:57469|NCBIGENE:57496|NCBIGENE:57510|NCBIGENE:57546|NCBIGENE:57551|NCBIGENE:57569|NCBIGENE:57584|NCBIGENE:57591|NCBIGENE:5770|NCBIGENE:5787|NCBIGENE:58|NCBIGENE:5805|NCBIGENE:5819|NCBIGENE:58190|NCBIGENE:58191|NCBIGENE:5832|NCBIGENE:58477|NCBIGENE:58478|NCBIGENE:58480|NCBIGENE:58497|NCBIGENE:58528|NCBIGENE:586|NCBIGENE:5861|NCBIGENE:5862|NCBIGENE:5867|NCBIGENE:5868|NCBIGENE:5870|NCBIGENE:5874|NCBIGENE:5879|NCBIGENE:5880|NCBIGENE:5881|NCBIGENE:5885|NCBIGENE:5894|NCBIGENE:5898|NCBIGENE:5899|NCBIGENE:590|NCBIGENE:5903|NCBIGENE:5908|NCBIGENE:5911|NCBIGENE:5921|NCBIGENE:593|NCBIGENE:59340|NCBIGENE:59345|NCBIGENE:594|NCBIGENE:594857|NCBIGENE:5972|NCBIGENE:5982|NCBIGENE:5983|NCBIGENE:5985|NCBIGENE:5996|NCBIGENE:5997|NCBIGENE:5999|NCBIGENE:60|NCBIGENE:6001|NCBIGENE:6004|NCBIGENE:6009|NCBIGENE:6010|NCBIGENE:6011|NCBIGENE:6041|NCBIGENE:60489|NCBIGENE:60496|NCBIGENE:60558|NCBIGENE:6059|NCBIGENE:60678|NCBIGENE:6093|NCBIGENE:6102|NCBIGENE:6103|NCBIGENE:6120|NCBIGENE:6122|NCBIGENE:6123|NCBIGENE:6124|NCBIGENE:6125|NCBIGENE:6129|NCBIGENE:6130|NCBIGENE:6132|NCBIGENE:6135|NCBIGENE:6136|NCBIGENE:6137|NCBIGENE:6138|NCBIGENE:6141|NCBIGENE:6142|NCBIGENE:6143|NCBIGENE:6144|NCBIGENE:6146|NCBIGENE:6147|NCBIGENE:6152|NCBIGENE:6157|NCBIGENE:6160|NCBIGENE:6167|NCBIGENE:6168|NCBIGENE:6169|NCBIGENE:6170|NCBIGENE:6173|NCBIGENE:6182|NCBIGENE:6187|NCBIGENE:6189|NCBIGENE:6194|NCBIGENE:6195|NCBIGENE:6197|NCBIGENE:6201|NCBIGENE:6202|NCBIGENE:6205|NCBIGENE:6206|NCBIGENE:6207|NCBIGENE:6210|NCBIGENE:6217|NCBIGENE:6224|NCBIGENE:6227|NCBIGENE:6228|NCBIGENE:6229|NCBIGENE:623|NCBIGENE:6230|NCBIGENE:6232|NCBIGENE:6233|NCBIGENE:6234|NCBIGENE:6235|NCBIGENE:6236|NCBIGENE:6237|NCBIGENE:6240|NCBIGENE:6241|NCBIGENE:6256|NCBIGENE:6295|NCBIGENE:6300|NCBIGENE:6301|NCBIGENE:6343|NCBIGENE:6344|NCBIGENE:6363|NCBIGENE:6364|NCBIGENE:6366|NCBIGENE:6370|NCBIGENE:6372|NCBIGENE:6373|NCBIGENE:6374|NCBIGENE:63826|NCBIGENE:6387|NCBIGENE:63875|NCBIGENE:64077|NCBIGENE:64080|NCBIGENE:64121|NCBIGENE:64145|NCBIGENE:6419|NCBIGENE:643|NCBIGENE:64425|NCBIGENE:6446|NCBIGENE:6448|NCBIGENE:64768|NCBIGENE:64781|NCBIGENE:64805|NCBIGENE:64858|NCBIGENE:64895|NCBIGENE:64975|NCBIGENE:64976|NCBIGENE:64981|NCBIGENE:64983|NCBIGENE:65009|NCBIGENE:65059|NCBIGENE:65109|NCBIGENE:653857|NCBIGENE:659|NCBIGENE:6610|NCBIGENE:6616|NCBIGENE:6622|NCBIGENE:6626|NCBIGENE:6652|NCBIGENE:670|NCBIGENE:6711|NCBIGENE:6713|NCBIGENE:6720|NCBIGENE:6723|NCBIGENE:6728|NCBIGENE:673|NCBIGENE:6734|NCBIGENE:675|NCBIGENE:6750|NCBIGENE:6751|NCBIGENE:6752|NCBIGENE:6754|NCBIGENE:6755|NCBIGENE:6790|NCBIGENE:6804|NCBIGENE:684|NCBIGENE:6843|NCBIGENE:6844|NCBIGENE:6868|NCBIGENE:6888|NCBIGENE:6890|NCBIGENE:6909|NCBIGENE:6910|NCBIGENE:6950|NCBIGENE:699|NCBIGENE:6996|NCBIGENE:70|NCBIGENE:7014|NCBIGENE:7015|NCBIGENE:7053|NCBIGENE:7083|NCBIGENE:7087|NCBIGENE:7099|NCBIGENE:7125|NCBIGENE:7132|NCBIGENE:7137|NCBIGENE:7138|NCBIGENE:7140|NCBIGENE:7153|NCBIGENE:7155|NCBIGENE:7167|NCBIGENE:717|NCBIGENE:718|NCBIGENE:7184|NCBIGENE:719|NCBIGENE:7203|NCBIGENE:7222|NCBIGENE:7225|NCBIGENE:7251|NCBIGENE:7257|NCBIGENE:727|NCBIGENE:7272|NCBIGENE:728|NCBIGENE:7283|NCBIGENE:7284|NCBIGENE:729230|NCBIGENE:7298|NCBIGENE:729920|NCBIGENE:7311|NCBIGENE:7314|NCBIGENE:7319|NCBIGENE:7322|NCBIGENE:7347|NCBIGENE:7360|NCBIGENE:7371|NCBIGENE:7372|NCBIGENE:7378|NCBIGENE:7384|NCBIGENE:7385|NCBIGENE:7386|NCBIGENE:7388|NCBIGENE:7389|NCBIGENE:740|NCBIGENE:7402|NCBIGENE:7415|NCBIGENE:7421|NCBIGENE:7432|NCBIGENE:7433|NCBIGENE:7434|NCBIGENE:7453|NCBIGENE:7465|NCBIGENE:7486|NCBIGENE:7514|NCBIGENE:7515|NCBIGENE:7532|NCBIGENE:7535|NCBIGENE:7572|NCBIGENE:7704|NCBIGENE:7852|NCBIGENE:7879|NCBIGENE:790|NCBIGENE:79033|NCBIGENE:79083|NCBIGENE:79178|NCBIGENE:7919|NCBIGENE:795|NCBIGENE:7957|NCBIGENE:796|NCBIGENE:79624|NCBIGENE:7965|NCBIGENE:79693|NCBIGENE:79716|NCBIGENE:79753|NCBIGENE:799|NCBIGENE:80010|NCBIGENE:80036|NCBIGENE:80198|NCBIGENE:80271|NCBIGENE:80308|NCBIGENE:8050|NCBIGENE:80704|NCBIGENE:80777|NCBIGENE:80854|NCBIGENE:815|NCBIGENE:81551|NCBIGENE:816|NCBIGENE:81605|NCBIGENE:81624|NCBIGENE:817|NCBIGENE:818|NCBIGENE:81876|NCBIGENE:81889|NCBIGENE:81930|NCBIGENE:8225|NCBIGENE:83452|NCBIGENE:83540|NCBIGENE:83547|NCBIGENE:83732|NCBIGENE:83860|NCBIGENE:839|NCBIGENE:83903|NCBIGENE:8394|NCBIGENE:83940|NCBIGENE:8395|NCBIGENE:84061|NCBIGENE:84064|NCBIGENE:84079|NCBIGENE:84100|NCBIGENE:84102|NCBIGENE:8411|NCBIGENE:84168|NCBIGENE:84231|NCBIGENE:84284|NCBIGENE:84433|NCBIGENE:8446|NCBIGENE:84514|NCBIGENE:84539|NCBIGENE:84545|NCBIGENE:84552|NCBIGENE:846|NCBIGENE:84612|NCBIGENE:84618|NCBIGENE:84701|NCBIGENE:8484|NCBIGENE:84893|NCBIGENE:84894|NCBIGENE:84932|NCBIGENE:84959|NCBIGENE:85004|NCBIGENE:85397|NCBIGENE:8560|NCBIGENE:8565|NCBIGENE:8566|NCBIGENE:8570|NCBIGENE:8572|NCBIGENE:8622|NCBIGENE:8654|NCBIGENE:867|NCBIGENE:8685|NCBIGENE:8698|NCBIGENE:8704|NCBIGENE:8729|NCBIGENE:8732|NCBIGENE:8737|NCBIGENE:8740|NCBIGENE:8766|NCBIGENE:8786|NCBIGENE:8787|NCBIGENE:8789|NCBIGENE:8801|NCBIGENE:8803|NCBIGENE:8811|NCBIGENE:8812|NCBIGENE:8833|NCBIGENE:8843|NCBIGENE:8856|NCBIGENE:8867|NCBIGENE:8871|NCBIGENE:8877|NCBIGENE:8886|NCBIGENE:8899|NCBIGENE:890|NCBIGENE:8906|NCBIGENE:8907|NCBIGENE:8908|NCBIGENE:8925|NCBIGENE:8972|NCBIGENE:89941|NCBIGENE:9039|NCBIGENE:904|NCBIGENE:9040|NCBIGENE:9043|NCBIGENE:9061|NCBIGENE:908|NCBIGENE:90853|NCBIGENE:9094|NCBIGENE:912|NCBIGENE:9138|NCBIGENE:9148|NCBIGENE:91734|NCBIGENE:9184|NCBIGENE:9230|NCBIGENE:9261|NCBIGENE:9265|NCBIGENE:9266|NCBIGENE:92675|NCBIGENE:92935|NCBIGENE:9294|NCBIGENE:93380|NCBIGENE:9340|NCBIGENE:9343|NCBIGENE:9344|NCBIGENE:9360|NCBIGENE:9363|NCBIGENE:9364|NCBIGENE:9367|NCBIGENE:9371|NCBIGENE:9373|NCBIGENE:9377|NCBIGENE:9380|NCBIGENE:9381|NCBIGENE:9397|NCBIGENE:93973|NCBIGENE:93974|NCBIGENE:93986|NCBIGENE:94033|NCBIGENE:9407|NCBIGENE:9415|NCBIGENE:94235|NCBIGENE:9446|NCBIGENE:9453|NCBIGENE:9493|NCBIGENE:9510|NCBIGENE:9512|NCBIGENE:9525|NCBIGENE:953|NCBIGENE:9533|NCBIGENE:954|NCBIGENE:9545|NCBIGENE:9553|NCBIGENE:9564|NCBIGENE:9578|NCBIGENE:961|NCBIGENE:9630|NCBIGENE:9647|NCBIGENE:9648|NCBIGENE:9669|NCBIGENE:9670|NCBIGENE:9727|NCBIGENE:974|NCBIGENE:9749|NCBIGENE:9775|NCBIGENE:9793|NCBIGENE:9797|NCBIGENE:9801|NCBIGENE:9826|NCBIGENE:9868|NCBIGENE:9924|NCBIGENE:9934|NCBIGENE:9941|NCBIGENE:9943|NCBIGENE:9966
DB06816,1687,CN(C)C1=CC2=C(C=C1)[N+](C)=C(\C=C\C1=C(C)N(C(C)=C1)C1=CC=CC=C1)C=C2,,,,PUBCHEM.COMPOUND:5281035,,NCBIGENE:1452|NCBIGENE:5289|NCBIGENE:90780
DB01294,1688,O[Bi]1OC(=O)C2=CC=CC=C2O1,,,,PUBCHEM.COMPOUND:16682734,DOID:0050590|DOID:0050741|DOID:0060262|DOID:10952|DOID:1227|DOID:1247|DOID:12987|DOID:13189|DOID:13250|DOID:1389|DOID:1425|DOID:1574|DOID:1826|DOID:1837|DOID:2321|DOID:2527|DOID:2921|DOID:409|DOID:557|DOID:574|DOID:870|DOID:9351|DOID:936,
DB11254,1689,CCCCCCC1=C(O)C=C(O)C=C1,P11387|P21980|P14679,,,PUBCHEM.COMPOUND:3610,DOID:10783|DOID:12451|DOID:2747|DOID:2749|DOID:2862|DOID:9266|DOID:9269|DOID:9870,NCBIGENE:7052
DB09130,1690,[Cu],P05067|P23526|P62807|P04406|P15531|P10412|Q06830|P05109|P08865|P63261|P06733|P68104|P05787|P07237|P30101|P10809|P48723|P11021|P14625|P02787|Q08288|P15880|Q07955|P22626|P31943|P31942|P61987|P14866|P23246|Q15428|P63244|P12814|Q03154|P09525|P08758|P27797|P14618|P14550|P00387|P00390|P29401|P32119|P30041|P62937|P11142|P07900|Q15185|P31948|P56537|P60842|P06744|P00338|P00558|Q13748|P07437|P23528|P31946|P17174|P48637|P51858|P50213|O00299|Q06323|P30086|P18669|P43487|O60701|P61769|O75880|F7VJQ1|P23415|P42858|Q96FI4|Q969S2|Q6MZM0|P05121|P29034|P26447|P37840|P23560|Q99497|P10997|Q9UHF0|P04217|P43652|P01019|P02765|P02743|P02647|P02652|P06727|Q0VD83|P02655|P02656|P05090|P02649|P02749|P25311|P02747|P09871|P01024|P0C0L5|P04003|P01031|P07358|P02748|P08603|P05156|P05452|P10909|P00734|Q07021|P06396|P69905|P68871|P45973|P00739|P35858|P01857|P01861|P01619|P15814|P19823|P01042|P04264|P13645|P35908|P35527|P02750|P51884|Q96PD5|P00747|P27169|P02775|P01009|P29622|P08185|P05543|P01008|P05546|P36955|P08697|P05155|P02766|P04004|P51693,P00441|P19801|P28300|P00395|P14679|P09172|P19021|P03950|P04156,P00441|P19801|P28300|P00395|P14679|P09172|P19021|P03950|P04156,PUBCHEM.COMPOUND:23978,,
DB11121,1691,CC1=CC(O)=CC(C)=C1Cl,,,,PUBCHEM.COMPOUND:2723,,
DB09321,1692,O=[Zn],,,,PUBCHEM.COMPOUND:14806,DOID:0050486|DOID:0080161|DOID:10763|DOID:10825|DOID:10923|DOID:12179|DOID:12361|DOID:13206|DOID:14320|DOID:2030|DOID:2351|DOID:2352|DOID:2883|DOID:2977|DOID:3127|DOID:3393|DOID:7997|DOID:7998|DOID:893|DOID:9060|DOID:9746,NCBIGENE:213|NCBIGENE:3479|NCBIGENE:836
DB00769,1693,[H][C@@]12CC[C@](O)(C(=O)COC(=O)CN(CC)CC)[C@@]1(C)C[C@H](O)[C@@]1([H])[C@@]2([H])CCC2=CC(=O)CC[C@]12C,P04150,P08684,P08684,PUBCHEM.COMPOUND:84088,,
DB09087,1694,[Al+3].[K+].[O-]S([O-])(=O)=O.[O-]S([O-])(=O)=O,,,,PUBCHEM.COMPOUND:24856,DOID:11963|DOID:13976|DOID:2321|DOID:750|DOID:8534,
DB00152,1695,CC1=C(CCO)SC=[N+]1CC1=CN=C(C)N=C1N,Q9H3S4,,,PUBCHEM.COMPOUND:1130,DOID:0050741|DOID:0060262|DOID:10763|DOID:10825|DOID:10915|DOID:10933|DOID:10952|DOID:11847|DOID:1247|DOID:13381|DOID:13725|DOID:1425|DOID:1574|DOID:1826|DOID:2527|DOID:2921|DOID:3393|DOID:409|DOID:4500|DOID:557|DOID:5844|DOID:5854|DOID:593|DOID:594|DOID:705|DOID:750|DOID:8457|DOID:8677|DOID:8929|DOID:9408,NCBIGENE:10560|NCBIGENE:27010|NCBIGENE:594|NCBIGENE:80704
DB00856,1696,OCC(O)COC1=CC=C(Cl)C=C1,,P11511|P08684|P47989|P35354|P06276,P11511|P08684|P47989|P35354|P06276,PUBCHEM.COMPOUND:7697,,
DB00711,1697,CCN(CC)C(=O)N1CCN(C)CC1,P09917|P23219,P06276,P06276,PUBCHEM.COMPOUND:3052,DOID:11678|DOID:12211|DOID:4976|DOID:4977|DOID:5870|DOID:9498|DOID:9503,NCBIGENE:240|NCBIGENE:5742
DB00142,1698,N[C@@H](CCC(O)=O)C(O)=O,Q13255|Q14833|Q16099|Q16478|Q14831|O00222|O00341|O14841|O15067|O15382|O15399|O94925|P00505|P07814|P08243|P15104|P17174|P17735|P24298|P38435|P43003|P43004|P43005|P48506|P48664|P49448|P49915|P54687|P80404|Q05586|Q05932|Q07075|Q12879|Q13224|Q14957|Q5JPH6|Q6IA69|Q8N159|Q8N5Z0|Q8TCU5|Q8TD30|Q9UDR5|Q9UI32|Q9ULA0|Q9UPY5|Q9Y646|Q9Y617|P00367|P39086|P42261|P48507|Q04609|Q05329|Q99259|O95954|P42262|P42263|P48058|P54886|Q13002|Q13003,,,PUBCHEM.COMPOUND:33032,DOID:10952|DOID:11335|DOID:114|DOID:12678|DOID:12679|DOID:1287|DOID:13404|DOID:13543|DOID:1425|DOID:2485|DOID:2527|DOID:2921|DOID:3341|DOID:557|DOID:580|DOID:585|DOID:626|DOID:784|DOID:9281,NCBIGENE:10003|NCBIGENE:10004|NCBIGENE:100463486|NCBIGENE:100996758|NCBIGENE:10142|NCBIGENE:10157|NCBIGENE:10165|NCBIGENE:10197|NCBIGENE:10213|NCBIGENE:10316|NCBIGENE:10404|NCBIGENE:10497|NCBIGENE:105379861|NCBIGENE:10563|NCBIGENE:10636|NCBIGENE:107|NCBIGENE:108|NCBIGENE:10803|NCBIGENE:10815|NCBIGENE:10841|NCBIGENE:10850|NCBIGENE:10874|NCBIGENE:10886|NCBIGENE:10887|NCBIGENE:109|NCBIGENE:10952|NCBIGENE:111|NCBIGENE:112|NCBIGENE:11251|NCBIGENE:11255|NCBIGENE:1128|NCBIGENE:1131|NCBIGENE:1132|NCBIGENE:1133|NCBIGENE:114|NCBIGENE:115|NCBIGENE:115557|NCBIGENE:116443|NCBIGENE:116444|NCBIGENE:122706|NCBIGENE:1230|NCBIGENE:1232|NCBIGENE:1233|NCBIGENE:1234|NCBIGENE:1236|NCBIGENE:1237|NCBIGENE:1269|NCBIGENE:126917|NCBIGENE:128674|NCBIGENE:129521|NCBIGENE:1358|NCBIGENE:1373|NCBIGENE:137362|NCBIGENE:143471|NCBIGENE:144193|NCBIGENE:146|NCBIGENE:147|NCBIGENE:148|NCBIGENE:150|NCBIGENE:152|NCBIGENE:1520|NCBIGENE:156|NCBIGENE:1615|NCBIGENE:162417|NCBIGENE:1629|NCBIGENE:165140|NCBIGENE:1719|NCBIGENE:1738|NCBIGENE:1813|NCBIGENE:1814|NCBIGENE:1815|NCBIGENE:183|NCBIGENE:186|NCBIGENE:189|NCBIGENE:1901|NCBIGENE:1906|NCBIGENE:1907|NCBIGENE:1908|NCBIGENE:1909|NCBIGENE:1910|NCBIGENE:196883|NCBIGENE:2028|NCBIGENE:2058|NCBIGENE:2149|NCBIGENE:2150|NCBIGENE:2151|NCBIGENE:222545|NCBIGENE:22999|NCBIGENE:23057|NCBIGENE:23198|NCBIGENE:23236|NCBIGENE:2346|NCBIGENE:23549|NCBIGENE:2356|NCBIGENE:2359|NCBIGENE:23620|NCBIGENE:23657|NCBIGENE:240|NCBIGENE:246213|NCBIGENE:2520|NCBIGENE:256933|NCBIGENE:2571|NCBIGENE:257313|NCBIGENE:2587|NCBIGENE:259285|NCBIGENE:259286|NCBIGENE:259287|NCBIGENE:259289|NCBIGENE:259290|NCBIGENE:259292|NCBIGENE:259293|NCBIGENE:259294|NCBIGENE:259295|NCBIGENE:259296|NCBIGENE:26227|NCBIGENE:2641|NCBIGENE:2642|NCBIGENE:2677|NCBIGENE:2686|NCBIGENE:2687|NCBIGENE:2693|NCBIGENE:27165|NCBIGENE:27199|NCBIGENE:27232|NCBIGENE:2729|NCBIGENE:2730|NCBIGENE:27334|NCBIGENE:2744|NCBIGENE:2746|NCBIGENE:2747|NCBIGENE:2752|NCBIGENE:2767|NCBIGENE:2769|NCBIGENE:2770|NCBIGENE:2771|NCBIGENE:2773|NCBIGENE:2776|NCBIGENE:2796|NCBIGENE:2797|NCBIGENE:2798|NCBIGENE:2805|NCBIGENE:2806|NCBIGENE:2826|NCBIGENE:2828|NCBIGENE:2829|NCBIGENE:2831|NCBIGENE:2832|NCBIGENE:2833|NCBIGENE:2837|NCBIGENE:283869|NCBIGENE:2841|NCBIGENE:2847|NCBIGENE:284716|NCBIGENE:2862|NCBIGENE:2864|NCBIGENE:2865|NCBIGENE:2869|NCBIGENE:2875|NCBIGENE:2893|NCBIGENE:2894|NCBIGENE:2895|NCBIGENE:2897|NCBIGENE:2898|NCBIGENE:2899|NCBIGENE:2901|NCBIGENE:2902|NCBIGENE:2905|NCBIGENE:2906|NCBIGENE:2912|NCBIGENE:2913|NCBIGENE:2915|NCBIGENE:2916|NCBIGENE:2917|NCBIGENE:2918|NCBIGENE:2919|NCBIGENE:2920|NCBIGENE:2921|NCBIGENE:2922|NCBIGENE:2923|NCBIGENE:2925|NCBIGENE:2937|NCBIGENE:29927|NCBIGENE:29933|NCBIGENE:29968|NCBIGENE:3060|NCBIGENE:3106|NCBIGENE:3107|NCBIGENE:3242|NCBIGENE:3269|NCBIGENE:3350|NCBIGENE:3351|NCBIGENE:3354|NCBIGENE:3355|NCBIGENE:3357|NCBIGENE:3358|NCBIGENE:3361|NCBIGENE:3376|NCBIGENE:338398|NCBIGENE:338442|NCBIGENE:339403|NCBIGENE:346562|NCBIGENE:349565|NCBIGENE:351|NCBIGENE:3576|NCBIGENE:3577|NCBIGENE:3579|NCBIGENE:3586|NCBIGENE:3627|NCBIGENE:3735|NCBIGENE:374569|NCBIGENE:3814|NCBIGENE:3827|NCBIGENE:387|NCBIGENE:4012|NCBIGENE:4023|NCBIGENE:4056|NCBIGENE:4141|NCBIGENE:4283|NCBIGENE:4295|NCBIGENE:4363|NCBIGENE:440|NCBIGENE:4543|NCBIGENE:4544|NCBIGENE:4828|NCBIGENE:4829|NCBIGENE:4886|NCBIGENE:4887|NCBIGENE:4922|NCBIGENE:4923|NCBIGENE:4942|NCBIGENE:4985|NCBIGENE:4986|NCBIGENE:4987|NCBIGENE:4988|NCBIGENE:501|NCBIGENE:5020|NCBIGENE:5021|NCBIGENE:5028|NCBIGENE:5029|NCBIGENE:5030|NCBIGENE:5053|NCBIGENE:50831|NCBIGENE:50832|NCBIGENE:50833|NCBIGENE:50834|NCBIGENE:50835|NCBIGENE:50836|NCBIGENE:50837|NCBIGENE:50838|NCBIGENE:50839|NCBIGENE:50840|NCBIGENE:50865|NCBIGENE:5105|NCBIGENE:51083|NCBIGENE:51097|NCBIGENE:51289|NCBIGENE:51520|NCBIGENE:51557|NCBIGENE:51752|NCBIGENE:5179|NCBIGENE:5188|NCBIGENE:5198|NCBIGENE:5290|NCBIGENE:5330|NCBIGENE:53637|NCBIGENE:5367|NCBIGENE:5368|NCBIGENE:53829|NCBIGENE:54331|NCBIGENE:54429|NCBIGENE:5471|NCBIGENE:5473|NCBIGENE:551|NCBIGENE:55176|NCBIGENE:55191|NCBIGENE:552|NCBIGENE:55278|NCBIGENE:5540|NCBIGENE:55748|NCBIGENE:56267|NCBIGENE:56477|NCBIGENE:56670|NCBIGENE:567|NCBIGENE:5682|NCBIGENE:5684|NCBIGENE:5685|NCBIGENE:5686|NCBIGENE:5687|NCBIGENE:5688|NCBIGENE:5689|NCBIGENE:5690|NCBIGENE:5692|NCBIGENE:56923|NCBIGENE:5693|NCBIGENE:5694|NCBIGENE:5695|NCBIGENE:5697|NCBIGENE:5699|NCBIGENE:5700|NCBIGENE:57007|NCBIGENE:57030|NCBIGENE:5704|NCBIGENE:5705|NCBIGENE:5706|NCBIGENE:5707|NCBIGENE:5708|NCBIGENE:57084|NCBIGENE:5709|NCBIGENE:5710|NCBIGENE:57105|NCBIGENE:5711|NCBIGENE:57121|NCBIGENE:5713|NCBIGENE:5714|NCBIGENE:5715|NCBIGENE:5716|NCBIGENE:5717|NCBIGENE:5718|NCBIGENE:5720|NCBIGENE:5721|NCBIGENE:5726|NCBIGENE:5731|NCBIGENE:5733|NCBIGENE:5737|NCBIGENE:57413|NCBIGENE:57494|NCBIGENE:5817|NCBIGENE:58191|NCBIGENE:5832|NCBIGENE:5859|NCBIGENE:586|NCBIGENE:5864|NCBIGENE:587|NCBIGENE:5917|NCBIGENE:5923|NCBIGENE:5924|NCBIGENE:593|NCBIGENE:59340|NCBIGENE:594|NCBIGENE:594857|NCBIGENE:5996|NCBIGENE:5997|NCBIGENE:5999|NCBIGENE:6000|NCBIGENE:6001|NCBIGENE:60675|NCBIGENE:623|NCBIGENE:6233|NCBIGENE:6363|NCBIGENE:6364|NCBIGENE:6366|NCBIGENE:6370|NCBIGENE:6372|NCBIGENE:6373|NCBIGENE:6374|NCBIGENE:6375|NCBIGENE:6387|NCBIGENE:64106|NCBIGENE:64167|NCBIGENE:642|NCBIGENE:643|NCBIGENE:64407|NCBIGENE:6470|NCBIGENE:64802|NCBIGENE:64805|NCBIGENE:64841|NCBIGENE:64902|NCBIGENE:6505|NCBIGENE:6506|NCBIGENE:6507|NCBIGENE:6511|NCBIGENE:6520|NCBIGENE:6573|NCBIGENE:6616|NCBIGENE:6750|NCBIGENE:6751|NCBIGENE:6752|NCBIGENE:6754|NCBIGENE:6755|NCBIGENE:6844|NCBIGENE:6846|NCBIGENE:6857|NCBIGENE:6863|NCBIGENE:6865|NCBIGENE:6869|NCBIGENE:6870|NCBIGENE:6898|NCBIGENE:6915|NCBIGENE:6923|NCBIGENE:7174|NCBIGENE:718|NCBIGENE:719|NCBIGENE:7200|NCBIGENE:7204|NCBIGENE:727|NCBIGENE:728|NCBIGENE:729230|NCBIGENE:7311|NCBIGENE:7314|NCBIGENE:7428|NCBIGENE:7852|NCBIGENE:790|NCBIGENE:79017|NCBIGENE:7965|NCBIGENE:79751|NCBIGENE:80835|NCBIGENE:81034|NCBIGENE:811|NCBIGENE:8111|NCBIGENE:815|NCBIGENE:816|NCBIGENE:817|NCBIGENE:818|NCBIGENE:836|NCBIGENE:83733|NCBIGENE:83756|NCBIGENE:84109|NCBIGENE:84432|NCBIGENE:84539|NCBIGENE:846|NCBIGENE:84634|NCBIGENE:84706|NCBIGENE:8477|NCBIGENE:8484|NCBIGENE:8601|NCBIGENE:8604|NCBIGENE:8620|NCBIGENE:8698|NCBIGENE:8811|NCBIGENE:8833|NCBIGENE:8836|NCBIGENE:8843|NCBIGENE:886|NCBIGENE:887|NCBIGENE:89874|NCBIGENE:8997|NCBIGENE:9002|NCBIGENE:9255|NCBIGENE:9294|NCBIGENE:94233|NCBIGENE:9520|NCBIGENE:9521|NCBIGENE:9628|NCBIGENE:9630|NCBIGENE:9934|NCBIGENE:9945
DB11135,1699,[Se],,Q96I15|P00390|Q16881,Q96I15|P00390|Q16881,PUBCHEM.COMPOUND:6326970,,NCBIGENE:10587|NCBIGENE:1401|NCBIGENE:2100|NCBIGENE:212|NCBIGENE:22929|NCBIGENE:257202|NCBIGENE:27232|NCBIGENE:2876|NCBIGENE:2877|NCBIGENE:2878|NCBIGENE:2879|NCBIGENE:2932|NCBIGENE:2936|NCBIGENE:2938|NCBIGENE:2939|NCBIGENE:2940|NCBIGENE:367|NCBIGENE:3952|NCBIGENE:472|NCBIGENE:4843|NCBIGENE:5187|NCBIGENE:55829|NCBIGENE:5595|NCBIGENE:5650|NCBIGENE:6414|NCBIGENE:6774|NCBIGENE:7015|NCBIGENE:7038|NCBIGENE:7157|NCBIGENE:7296|NCBIGENE:841|NCBIGENE:847|NCBIGENE:9314|NCBIGENE:9403
DB09061,1700,CCCCCC1=CC(O)=C([C@@H]2C=C(C)CC[C@H]2C(C)=C)C(O)=C1,P21554|P34972|P47775|P23415|O75311|Q14330|Q9Y2T6|P08908|P28223|P36544|P41143|P35372|P37231|Q8NER1|O43497|O95180|Q9P0X4|O75762|Q7Z2W7|Q9Y5S1|Q8NET8|Q9HBA0|P21796|P46098|P30542|P23219|P35354|P24752|P05093|P04035|P00390|P07203|P14902|Q16678|P15559|P04040|P20815|P10635|P00441|P05177|P24462|Q16613|Q02083,P08684|P33261|P05177|P20813|P11712|O60656|P16662|P04798|Q16678|P10632|P10635|P05181|P23141|P20815|P11509|O75795|P24462|P51589|Q9HAW7|Q16613|O00519|P09917|P16050|Q08257,P08684|P33261|P05177|P20813|P11712|O60656|P16662|P04798|Q16678|P10632|P10635|P05181|P23141|P20815|P11509|O75795|P24462|P51589|Q9HAW7|Q16613|O00519|P09917|P16050|Q08257,PUBCHEM.COMPOUND:644019,,NCBIGENE:1269
DB09322,1701,[Zn++].[O-]S([O-])(=O)=O,,,,PUBCHEM.COMPOUND:24424,DOID:0060262|DOID:10763|DOID:10825|DOID:10952|DOID:11335|DOID:114|DOID:12139|DOID:12361|DOID:12678|DOID:12679|DOID:1287|DOID:13250|DOID:13404|DOID:13543|DOID:13550|DOID:1405|DOID:1425|DOID:14445|DOID:1470|DOID:1595|DOID:1596|DOID:1837|DOID:2485|DOID:2527|DOID:2848|DOID:2921|DOID:3341|DOID:409|DOID:4195|DOID:4964|DOID:557|DOID:580|DOID:585|DOID:6195|DOID:626|DOID:7997|DOID:7998|DOID:9351,NCBIGENE:1385|NCBIGENE:2308|NCBIGENE:3310|NCBIGENE:4303|NCBIGENE:4520|NCBIGENE:5594|NCBIGENE:5595|NCBIGENE:6625|NCBIGENE:860
DB11239,1702,[Al+3].[Al+3].[O-]S([O-])(=O)=O.[O-]S([O-])(=O)=O.[O-]S([O-])(=O)=O,,,,PUBCHEM.COMPOUND:24850,,
DB11342,1703,[O--].[O--].[O--].[Al+3].[Al+3],,,,PUBCHEM.COMPOUND:9989226,,
DB11136,1704,[Cr],P00167,,,PUBCHEM.COMPOUND:23976,,
DB00198,1705,CCOC(=O)C1=C[C@@H](OC(CC)CC)[C@H](NC(C)=O)[C@@H](N)C1,P11485|Q99519|Q9Y3R4,P23141,P23141,PUBCHEM.COMPOUND:65028,DOID:8469|DOID:8645,NCBIGENE:1066|NCBIGENE:4758|NCBIGENE:4759
DB01284,1706,CSCC[C@H](NC(=O)[C@H](CO)NC(=O)[C@H](CC1=CC=C(O)C=C1)NC(=O)[C@@H](N)CO)C(=O)N[C@@H](CCC(O)=O)C(=O)N[C@@H](CC1=CN=CN1)C(=O)N[C@@H](CC1=CC=CC=C1)C(=O)N[C@@H](CCCNC(N)=N)C(=O)N[C@@H](CC1=CNC2=C1C=CC=C2)C(=O)NCC(=O)N[C@@H](CCCCN)C(=O)N1CCC[C@H]1C(=O)N[C@@H](C(C)C)C(=O)NCC(=O)N[C@@H](CCCCN)C(=O)N[C@@H](CCCCN)C(=O)N[C@@H](CCCNC(N)=N)C(=O)N[C@@H](CCCNC(N)=N)C(=O)N1CCC[C@H]1C(=O)N[C@@H](C(C)C)C(=O)N[C@@H](CCCCN)C(=O)N[C@@H](C(C)C)C(=O)N[C@@H](CC1=CC=C(O)C=C1)C(=O)N1CCC[C@H]1C(O)=O,Q01718,,,PUBCHEM.COMPOUND:16133751,,
DB05528,1707,CC1=CN(C(=O)NC1=O)[C@H]2C[C@@H]([C@H](O2)COP(=O)([O-])S[C@H]3C[C@@H](O[C@@H]3COP(=O),,,,PUBCHEM.COMPOUND:131704297,,
DB00302,1708,NC[C@H]1CC[C@@H](CC1)C(O)=O,P00747,,,PUBCHEM.COMPOUND:5526,DOID:0060262|DOID:10763|DOID:10825|DOID:1168|DOID:11847|DOID:12139|DOID:13268|DOID:13603|DOID:1380|DOID:1470|DOID:1595|DOID:1596|DOID:1727|DOID:1837|DOID:2450|DOID:2451|DOID:2452|DOID:2848|DOID:2871|DOID:288|DOID:289|DOID:2893|DOID:3393|DOID:3526|DOID:3571|DOID:3755|DOID:3756|DOID:3875|DOID:4079|DOID:409|DOID:4195|DOID:4362|DOID:4724|DOID:4964|DOID:5844|DOID:5854|DOID:6364|DOID:6713|DOID:684|DOID:9351|DOID:9408|DOID:9460|DOID:9477|DOID:9741|DOID:9970,NCBIGENE:2022|NCBIGENE:5327|NCBIGENE:5340
DB00513,1709,NCCCCCC(O)=O,P00747|P00750|P08519,,,PUBCHEM.COMPOUND:564,DOID:0060262|DOID:0060538|DOID:10952|DOID:11247|DOID:1425|DOID:2527|DOID:2921|DOID:409|DOID:557,NCBIGENE:10907|NCBIGENE:143471|NCBIGENE:146802|NCBIGENE:302|NCBIGENE:3586|NCBIGENE:4057|NCBIGENE:5054|NCBIGENE:5327|NCBIGENE:5340|NCBIGENE:55244|NCBIGENE:5682|NCBIGENE:5683|NCBIGENE:5684|NCBIGENE:5685|NCBIGENE:5686|NCBIGENE:5687|NCBIGENE:5688|NCBIGENE:5689|NCBIGENE:5690|NCBIGENE:5692|NCBIGENE:5695|NCBIGENE:5699|NCBIGENE:57094|NCBIGENE:7018|NCBIGENE:9407
