id,cid,index,target,enzyme,Pubchem_id,disease,gene,smiles
DB00415,CID000002173,0,Q8DNB6|Q7CRA4|Q75Y35|Q8DR59|P0A3M6|P46059|Q16348|Q02763,,PUBCHEM.COMPOUND:2173,,,[H][C@]12SC(C)(C)[C@@H](N1C(=O)[C@H]2NC(=O)[C@H](N)C1=CC=CC=C1)C(O)=O
DB00813,CID000003345,1,P35372|P41143|P41145|P08183,P08684|P24462,PUBCHEM.COMPOUND:3345,DOID:0050589|DOID:0050741|DOID:0050771|DOID:0050841|DOID:0060262|DOID:10021|DOID:10154|DOID:10763|DOID:10825|DOID:10952|DOID:114|DOID:11459|DOID:117|DOID:12139|DOID:1287|DOID:13206|DOID:13603|DOID:1425|DOID:14464|DOID:1470|DOID:1574|DOID:1595|DOID:1596|DOID:2527|DOID:2841|DOID:2848|DOID:2883|DOID:2913|DOID:2921|DOID:302|DOID:303|DOID:3083|DOID:3878|DOID:3953|DOID:409|DOID:437|DOID:4500|DOID:4964|DOID:4989|DOID:529|DOID:557|DOID:6364|DOID:679|DOID:8442|DOID:8515|DOID:9360|DOID:9415|DOID:9428|DOID:9741,NCBIGENE:1576|NCBIGENE:1577|NCBIGENE:3576|NCBIGENE:4760|NCBIGENE:4985|NCBIGENE:4986|NCBIGENE:4988|NCBIGENE:7099|NCBIGENE:9407,CCC(=O)N(C1CCN(CCC2=CC=CC=C2)CC1)C1=CC=CC=C1
DB01236,CID000005206,2,P23415|P42261|P03886|Q96ER9,P20813|P05181|P11509|P08684,PUBCHEM.COMPOUND:5206,DOID:0060262|DOID:10952|DOID:11459|DOID:11723|DOID:1425|DOID:1826|DOID:2527|DOID:2921|DOID:409|DOID:557|DOID:576|DOID:8545|DOID:9428|DOID:9884,NCBIGENE:1555|NCBIGENE:2741|NCBIGENE:3162|NCBIGENE:3736|NCBIGENE:4535|NCBIGENE:4694|NCBIGENE:513|NCBIGENE:5468|NCBIGENE:6261|NCBIGENE:6403|NCBIGENE:6517|NCBIGENE:7082|NCBIGENE:7097|NCBIGENE:7099|NCBIGENE:7138|NCBIGENE:836|NCBIGENE:840|NCBIGENE:8864|NCBIGENE:949|NCBIGENE:950|NCBIGENE:9575,FCOC(C(F)(F)F)C(F)(F)F
DB01223,CID000009433,3,Q14432|P30542|P0DMS8|Q92769,P05181|P08684|P05177,PUBCHEM.COMPOUND:9433,,NCBIGENE:112802|NCBIGENE:121391|NCBIGENE:3066|NCBIGENE:3558|NCBIGENE:5139|NCBIGENE:5648|NCBIGENE:836,NCCN.CN1C2=C(NC=N2)C(=O)N(C)C1=O.CN1C2=C(NC=N2)C(=O)N(C)C1=O
DB00788,CID000001302,4,P23219|P35354|Q51911,P10632|P16662|P35503|P19224|Q9HAW7|Q9HAW9|O60656|Q9HAW8|P11712|P05177,PUBCHEM.COMPOUND:1302,,,COC1=CC2=C(C=C1)C=C(C=C2)[C@H](C)C(O)=O
DB00811,CID000005064,5,P20839|P26676|P12823|P12268|P16502,P49902|P55263,PUBCHEM.COMPOUND:5064,,,NC(=O)C1=NN(C=N1)[C@@H]1O[C@H](CO)[C@@H](O)[C@H]1O
DB00421,CID000005267,6,P08235|P04150|P10275|P06401|O75469,P15538|P10632|P19099,PUBCHEM.COMPOUND:5267,,,[H][C@@]12CC[C@@]3(CCC(=O)O3)[C@@]1(C)CC[C@@]1([H])[C@@]2([H])[C@@]([H])(CC2=CC(=O)CC[C@]12C)SC(C)=O
DB00603,CID000010631,7,P06401|P03372|P08183,P08684|P10632|P26439|P11712|P04800,PUBCHEM.COMPOUND:10631,DOID:0050328|DOID:0050741|DOID:0060262|DOID:0060810|DOID:10763|DOID:10825|DOID:10952|DOID:11476|DOID:11634|DOID:1168|DOID:11847|DOID:12139|DOID:12678|DOID:12679|DOID:127|DOID:12859|DOID:13223|DOID:1380|DOID:1425|DOID:1459|DOID:1470|DOID:1574|DOID:1595|DOID:1596|DOID:1727|DOID:1826|DOID:1837|DOID:2394|DOID:2450|DOID:2451|DOID:2452|DOID:2485|DOID:2527|DOID:2841|DOID:2848|DOID:2871|DOID:288|DOID:289|DOID:2921|DOID:3133|DOID:3393|DOID:3526|DOID:3755|DOID:3756|DOID:3875|DOID:409|DOID:4386|DOID:4964|DOID:557|DOID:5844|DOID:5854|DOID:6364|DOID:6713|DOID:8689|DOID:9074|DOID:9351|DOID:9360|DOID:9408|DOID:9415|DOID:9460|DOID:9477|DOID:9970,NCBIGENE:5241,[H][C@@]12CC[C@](OC(C)=O)(C(C)=O)[C@@]1(C)CC[C@@]1([H])[C@@]2([H])C[C@H](C)C2=CC(=O)CC[C@]12C
DB01173,CID000004601,8,O15399|Q05586|O60391|Q8TCU5|P35367|P23975|Q9Y5Y9,P20813|P08684|P05181|P05177|P10635,PUBCHEM.COMPOUND:4601,DOID:0050741|DOID:0060262|DOID:0060573|DOID:0060692|DOID:0111045|DOID:0111052|DOID:0111054|DOID:0111056|DOID:0111057|DOID:10652|DOID:10763|DOID:10772|DOID:10808|DOID:10825|DOID:10933|DOID:10952|DOID:11249|DOID:11870|DOID:12531|DOID:13186|DOID:13189|DOID:13206|DOID:13548|DOID:13948|DOID:1425|DOID:1443|DOID:14525|DOID:1574|DOID:1588|DOID:1686|DOID:1826|DOID:2215|DOID:2216|DOID:2236|DOID:2355|DOID:2361|DOID:2527|DOID:2883|DOID:2921|DOID:3393|DOID:409|DOID:437|DOID:557|DOID:593|DOID:594|DOID:750|DOID:8677|DOID:9164,NCBIGENE:1128|NCBIGENE:1131|NCBIGENE:1132|NCBIGENE:1133|NCBIGENE:116443|NCBIGENE:116444|NCBIGENE:1553|NCBIGENE:1555|NCBIGENE:1576|NCBIGENE:2902|NCBIGENE:2906|NCBIGENE:3269|NCBIGENE:6336|NCBIGENE:6530,CN(C)CCOC(C1=CC=CC=C1)C1=CC=CC=C1C
DB00675,CID000005376,9,P03372|Q92731|P04278|Q15125|P10275|Q12809|O75469|P62508|P45983,P10635|P08684|P20815|P24462|P11712|P33261|P20813|P04798|Q16678|Q01740|P31513|P10632|P23141|P11511|P11509|P05181|Q9HAW8|P50225|Q06520|P05177|P16662|O75795|P49888,PUBCHEM.COMPOUND:5376,,NCBIGENE:10076|NCBIGENE:1020|NCBIGENE:1103|NCBIGENE:1111|NCBIGENE:1312|NCBIGENE:142|NCBIGENE:1555|NCBIGENE:1559|NCBIGENE:1843|NCBIGENE:1846|NCBIGENE:2064|NCBIGENE:2065|NCBIGENE:2100|NCBIGENE:2167|NCBIGENE:2353|NCBIGENE:2697|NCBIGENE:283|NCBIGENE:2950|NCBIGENE:3206|NCBIGENE:3309|NCBIGENE:3479|NCBIGENE:3486|NCBIGENE:3553|NCBIGENE:356|NCBIGENE:3785|NCBIGENE:399665|NCBIGENE:4057|NCBIGENE:4137|NCBIGENE:4313|NCBIGENE:4318|NCBIGENE:4436|NCBIGENE:4625|NCBIGENE:5058|NCBIGENE:50964|NCBIGENE:5216|NCBIGENE:5241|NCBIGENE:55503|NCBIGENE:5578|NCBIGENE:5582|NCBIGENE:5617|NCBIGENE:57650|NCBIGENE:5800|NCBIGENE:595|NCBIGENE:6347|NCBIGENE:6462|NCBIGENE:6469|NCBIGENE:6751|NCBIGENE:7018|NCBIGENE:7039|NCBIGENE:7040|NCBIGENE:718|NCBIGENE:7398|NCBIGENE:7490|NCBIGENE:801|NCBIGENE:805|NCBIGENE:80781|NCBIGENE:808|NCBIGENE:8202|NCBIGENE:8328|NCBIGENE:841|NCBIGENE:843|NCBIGENE:9048|NCBIGENE:9407|NCBIGENE:999,CC\C(=C(/C1=CC=CC=C1)C1=CC=C(OCCN(C)C)C=C1)C1=CC=CC=C1
DB00533,CID000005090,10,P35354|P15502,P23219|P10632|P11712|P08684|P05177,PUBCHEM.COMPOUND:5090,DOID:381|DOID:6364|DOID:676|DOID:7148|DOID:848,NCBIGENE:4313|NCBIGENE:5732|NCBIGENE:5733|NCBIGENE:5742|NCBIGENE:5743,CS(=O)(=O)C1=CC=C(C=C1)C1=C(C(=O)OC1)C1=CC=CC=C1
DB00897,CID000005556,11,,P24462|P08684|P10632|P20815,PUBCHEM.COMPOUND:5556,DOID:0050848|DOID:0060262|DOID:0060731|DOID:10952|DOID:11328|DOID:12139|DOID:1425|DOID:1470|DOID:1595|DOID:1596|DOID:2527|DOID:2848|DOID:2921|DOID:302|DOID:303|DOID:409|DOID:437|DOID:4964|DOID:5418|DOID:557,NCBIGENE:1576|NCBIGENE:1577|NCBIGENE:2557|NCBIGENE:2558|NCBIGENE:2559|NCBIGENE:2560|NCBIGENE:2561|NCBIGENE:2563|NCBIGENE:2564|NCBIGENE:2565|NCBIGENE:2566|NCBIGENE:2569|NCBIGENE:2570,CC1=NN=C2CN=C(C3=CC=CC=C3Cl)C3=C(C=CC(Cl)=C3)N12
DB00571,CID000004946,12,P08588|P07550|P13945|P08908|P28222,P04798|P21397|P05177|P10635|P33261|P20815|P08684|P24462,PUBCHEM.COMPOUND:4946,DOID:0050700|DOID:0060224|DOID:0060262|DOID:0110307|DOID:1029|DOID:10300|DOID:10763|DOID:10825|DOID:10952|DOID:11984|DOID:12139|DOID:12550|DOID:12678|DOID:12679|DOID:12932|DOID:13087|DOID:13189|DOID:13413|DOID:13543|DOID:13884|DOID:1425|DOID:1470|DOID:1475|DOID:1595|DOID:1596|DOID:1837|DOID:1920|DOID:2383|DOID:2431|DOID:2485|DOID:2527|DOID:255|DOID:277|DOID:2848|DOID:2913|DOID:2921|DOID:2983|DOID:3341|DOID:384|DOID:409|DOID:423|DOID:437|DOID:4500|DOID:468|DOID:474|DOID:483|DOID:4964|DOID:4989|DOID:557|DOID:6132|DOID:9074|DOID:9351|DOID:9993,NCBIGENE:1448|NCBIGENE:1509|NCBIGENE:153|NCBIGENE:154|NCBIGENE:1544|NCBIGENE:155|NCBIGENE:1557|NCBIGENE:1559|NCBIGENE:1565|NCBIGENE:1576|NCBIGENE:1577|NCBIGENE:1621|NCBIGENE:1956|NCBIGENE:1958|NCBIGENE:2022|NCBIGENE:3350|NCBIGENE:3351|NCBIGENE:3354|NCBIGENE:3355|NCBIGENE:3361|NCBIGENE:3553|NCBIGENE:3757|NCBIGENE:3931|NCBIGENE:3953|NCBIGENE:4313|NCBIGENE:4318|NCBIGENE:4953|NCBIGENE:501|NCBIGENE:551|NCBIGENE:595|NCBIGENE:5972|NCBIGENE:598|NCBIGENE:7056|NCBIGENE:7852|NCBIGENE:8292|NCBIGENE:8613|NCBIGENE:9407,CC(C)NCC(O)COC1=CC=CC2=C1C=CC=C2
DB00275,CID000130881,13,P30556,,PUBCHEM.COMPOUND:130881,DOID:10763|DOID:10825|DOID:10952|DOID:12550|DOID:12678|DOID:12679|DOID:13189|DOID:13413|DOID:13543|DOID:1425|DOID:14735|DOID:1558|DOID:1837|DOID:1920|DOID:2383|DOID:2485|DOID:2527|DOID:2913|DOID:2921|DOID:2972|DOID:2983|DOID:3341|DOID:4500|DOID:4989|DOID:557|DOID:9074|DOID:9351|DOID:9352,NCBIGENE:134147,CCCC1=NC(=C(N1CC1=CC=C(C=C1)C1=C(C=CC=C1)C1=NN=NN1)C(O)=O)C(C)(C)O
DB00231,CID000005391,14,,P08684|P20813|P11712,PUBCHEM.COMPOUND:5391,DOID:0050848|DOID:0060262|DOID:0060731|DOID:10914|DOID:10952|DOID:12139|DOID:1425|DOID:1470|DOID:1595|DOID:1596|DOID:2527|DOID:2848|DOID:2921|DOID:302|DOID:303|DOID:409|DOID:4543|DOID:4964|DOID:557,NCBIGENE:2557|NCBIGENE:2558|NCBIGENE:2559|NCBIGENE:2560|NCBIGENE:2561|NCBIGENE:2563|NCBIGENE:2564|NCBIGENE:2565|NCBIGENE:2566|NCBIGENE:2569|NCBIGENE:2570,CN1C2=C(C=C(Cl)C=C2)C(=NC(O)C1=O)C1=CC=CC=C1
DB00726,CID000005584,15,P31645|P23975|Q01959|P28223|P08908|P35348|P35368|P14416|P18089|P35367|P28335|P46098|P28221|P08913|P08909,P11712|P10635|P33261,PUBCHEM.COMPOUND:5584,DOID:0050590|DOID:0050741|DOID:0060262|DOID:10952|DOID:114|DOID:12139|DOID:1227|DOID:12361|DOID:1287|DOID:12987|DOID:13206|DOID:13550|DOID:1405|DOID:1425|DOID:14445|DOID:1470|DOID:1574|DOID:1588|DOID:1595|DOID:1596|DOID:1826|DOID:2527|DOID:2848|DOID:2883|DOID:2921|DOID:3312|DOID:3393|DOID:3526|DOID:409|DOID:4964|DOID:5419|DOID:557|DOID:6713|DOID:7997|DOID:7998|DOID:9282,NCBIGENE:1128|NCBIGENE:147|NCBIGENE:148|NCBIGENE:150|NCBIGENE:153|NCBIGENE:1565|NCBIGENE:1813|NCBIGENE:3269|NCBIGENE:3350|NCBIGENE:3358|NCBIGENE:3359|NCBIGENE:5621|NCBIGENE:6530|NCBIGENE:6531|NCBIGENE:6532,CC(CN(C)C)CN1C2=CC=CC=C2CCC2=CC=CC=C12
DB01204,CID000004212,16,P11388,Q16678|P08684|P05181,PUBCHEM.COMPOUND:4212,DOID:0050590|DOID:0060262|DOID:104|DOID:1227|DOID:12449|DOID:12987|DOID:1564|DOID:1588|DOID:1826|DOID:2355|DOID:2361|DOID:2378|DOID:409|DOID:6000|DOID:615|DOID:8913|DOID:9119|DOID:934,NCBIGENE:2064|NCBIGENE:355|NCBIGENE:4363|NCBIGENE:472|NCBIGENE:5292|NCBIGENE:5771|NCBIGENE:7153|NCBIGENE:7155|NCBIGENE:835|NCBIGENE:836|NCBIGENE:841|NCBIGENE:842|NCBIGENE:890|NCBIGENE:9429,OCCNCCNC1=CC=C(NCCNCCO)C2=C1C(=O)C1=C(C(O)=CC=C1O)C2=O
DB01101,CID000060953,17,P04818,P19971|P23141|P32320|P11712|Q16831|O95045,PUBCHEM.COMPOUND:60953,DOID:0050590|DOID:0060262|DOID:10534|DOID:11875|DOID:1227|DOID:12987|DOID:14218|DOID:1588|DOID:2355|DOID:2361|DOID:2739|DOID:2741|DOID:3393|DOID:409|DOID:5517|DOID:8677|DOID:9637|DOID:9673,NCBIGENE:1066|NCBIGENE:1555|NCBIGENE:1806|NCBIGENE:2065|NCBIGENE:2067|NCBIGENE:221223|NCBIGENE:7298|NCBIGENE:836|NCBIGENE:8824,CCCCCOC(=O)NC1=NC(=O)N(C=C1F)[C@@H]1O[C@H](C)[C@@H](O)[C@H]1O
DB00996,CID000003446,18,P54289|Q9NY47|P30542|O43525|Q9NR82,P54687,PUBCHEM.COMPOUND:3446,DOID:0050425|DOID:10952|DOID:12139|DOID:1425|DOID:1470|DOID:1595|DOID:1596|DOID:2527|DOID:2848|DOID:2921|DOID:4964|DOID:557,NCBIGENE:150|NCBIGENE:2353|NCBIGENE:2902|NCBIGENE:3586|NCBIGENE:55799|NCBIGENE:586|NCBIGENE:587|NCBIGENE:64332|NCBIGENE:781|NCBIGENE:9254|NCBIGENE:93589|NCBIGENE:9568,NCC1(CC(O)=O)CCCCC1
DB00929,CID004183806,19,P43115|P43116|P34995|P35408,,PUBCHEM.COMPOUND:4183806,,,CCCCC(C)(O)C\C=C\[C@H]1[C@H](O)CC(=O)[C@@H]1CCCCCCC(=O)OC
DB00423,CID000004107,20,P00915,,PUBCHEM.COMPOUND:4107,DOID:0050741|DOID:0060262|DOID:0060573|DOID:0060692|DOID:0111045|DOID:0111052|DOID:0111054|DOID:0111056|DOID:0111057|DOID:10652|DOID:10772|DOID:10808|DOID:10952|DOID:11249|DOID:11870|DOID:12531|DOID:13189|DOID:1425|DOID:1443|DOID:14525|DOID:1574|DOID:1588|DOID:1826|DOID:2215|DOID:2216|DOID:2236|DOID:2355|DOID:2361|DOID:2527|DOID:2921|DOID:409|DOID:557|DOID:750,NCBIGENE:6476,COC1=C(OCC(O)COC(N)=O)C=CC=C1
DB00433,CID000004917,21,P14416|P35367,P10635,PUBCHEM.COMPOUND:4917,DOID:0050590|DOID:0050741|DOID:0050841|DOID:0060262|DOID:0110892|DOID:10763|DOID:10808|DOID:10825|DOID:10952|DOID:11847|DOID:11963|DOID:1227|DOID:12361|DOID:12642|DOID:12700|DOID:12987|DOID:13186|DOID:13206|DOID:13548|DOID:13550|DOID:13948|DOID:13976|DOID:1405|DOID:14221|DOID:1425|DOID:14250|DOID:1432|DOID:14445|DOID:14464|DOID:1574|DOID:1588|DOID:1686|DOID:1826|DOID:2355|DOID:2361|DOID:2527|DOID:2883|DOID:2921|DOID:3393|DOID:3827|DOID:3878|DOID:409|DOID:4195|DOID:437|DOID:5200|DOID:529|DOID:5419|DOID:557|DOID:5844|DOID:5854|DOID:615|DOID:679|DOID:7997|DOID:7998|DOID:8442|DOID:8534|DOID:8577|DOID:9164|DOID:936|DOID:9408|DOID:9854|DOID:9970,NCBIGENE:146|NCBIGENE:147|NCBIGENE:148|NCBIGENE:152|NCBIGENE:1813|NCBIGENE:1814|NCBIGENE:1815|NCBIGENE:3269|NCBIGENE:3358,CN1CCN(CCCN2C3=CC=CC=C3SC3=C2C=C(Cl)C=C3)CC1
DB01026,CID000003823,22,P50859|P05093|P10275|P08686|Q12809|O75469|Q14994,P08684|P20815|P33261|P04798|P05177|P11509|Q16678|P20813|P10632|P11712|P10635|P15538|P22309|Q9HAW7|P16662|Q9HCS2|P11511|P78329,PUBCHEM.COMPOUND:3823,,NCBIGENE:1576|NCBIGENE:1589|NCBIGENE:367,CC(=O)N1CCN(CC1)C1=CC=C(OCC2COC(CN3C=CN=C3)(O2)C2=CC=C(Cl)C=C2Cl)C=C1
DB00007,CID000003911,23,P30968,,PUBCHEM.COMPOUND:3911,,NCBIGENE:2798|NCBIGENE:3973,CCNC(=O)[C@@H]1CCCN1C(=O)[C@H](CCCNC(N)=N)NC(=O)[C@H](CC(C)C)NC(=O)[C@@H](CC(C)C)NC(=O)[C@H](CC1=CC=C(O)C=C1)NC(=O)[C@H](CO)NC(=O)[C@H](CC1=CNC2=C1C=CC=C2)NC(=O)[C@H](CC1=CNC=N1)NC(=O)[C@@H]1CCC(=O)N1
DB00641,CID000054454,24,P04035|P20701|Q92769,P08684|P20815|P10632|P11712|P10635|P20813|P22309|P35503|P16662|P33261|O00748|P23141,PUBCHEM.COMPOUND:54454,DOID:0050741|DOID:0050766|DOID:0060262|DOID:1029|DOID:11847|DOID:1247|DOID:13189|DOID:13809|DOID:1386|DOID:1387|DOID:1388|DOID:1391|DOID:1574|DOID:1588|DOID:1837|DOID:1936|DOID:2348|DOID:2349|DOID:2913|DOID:3145|DOID:326|DOID:3393|DOID:3526|DOID:409|DOID:4195|DOID:423|DOID:4989|DOID:5162|DOID:5844|DOID:5854|DOID:6713|DOID:7327|DOID:750|DOID:9351|DOID:9408,NCBIGENE:100506658|NCBIGENE:1027|NCBIGENE:10365|NCBIGENE:10599|NCBIGENE:1071|NCBIGENE:10891|NCBIGENE:11309|NCBIGENE:1244|NCBIGENE:1316|NCBIGENE:1401|NCBIGENE:1558|NCBIGENE:1576|NCBIGENE:1577|NCBIGENE:1666|NCBIGENE:19|NCBIGENE:1906|NCBIGENE:2064|NCBIGENE:2147|NCBIGENE:2152|NCBIGENE:22796|NCBIGENE:23576|NCBIGENE:2475|NCBIGENE:252995|NCBIGENE:2625|NCBIGENE:3156|NCBIGENE:3162|NCBIGENE:3315|NCBIGENE:335|NCBIGENE:338|NCBIGENE:3458|NCBIGENE:348|NCBIGENE:3480|NCBIGENE:3491|NCBIGENE:351|NCBIGENE:3553|NCBIGENE:3565|NCBIGENE:3576|NCBIGENE:359|NCBIGENE:3593|NCBIGENE:3605|NCBIGENE:3662|NCBIGENE:367|NCBIGENE:3725|NCBIGENE:3845|NCBIGENE:387|NCBIGENE:388|NCBIGENE:3949|NCBIGENE:3952|NCBIGENE:3956|NCBIGENE:3990|NCBIGENE:4023|NCBIGENE:427|NCBIGENE:4312|NCBIGENE:4313|NCBIGENE:4314|NCBIGENE:4318|NCBIGENE:4353|NCBIGENE:4843|NCBIGENE:4846|NCBIGENE:5054|NCBIGENE:5155|NCBIGENE:5244|NCBIGENE:5327|NCBIGENE:5444|NCBIGENE:54514|NCBIGENE:5468|NCBIGENE:5595|NCBIGENE:5621|NCBIGENE:5879|NCBIGENE:5881|NCBIGENE:6009|NCBIGENE:627|NCBIGENE:632|NCBIGENE:6347|NCBIGENE:6364|NCBIGENE:650|NCBIGENE:659|NCBIGENE:6720|NCBIGENE:673|NCBIGENE:6772|NCBIGENE:6774|NCBIGENE:7040|NCBIGENE:7124|NCBIGENE:7157|NCBIGENE:7293|NCBIGENE:7412|NCBIGENE:7941|NCBIGENE:81631|NCBIGENE:836|NCBIGENE:837|NCBIGENE:8399|NCBIGENE:840|NCBIGENE:841|NCBIGENE:842|NCBIGENE:847|NCBIGENE:857|NCBIGENE:860|NCBIGENE:8651|NCBIGENE:8714|NCBIGENE:8856|NCBIGENE:8988|NCBIGENE:920|NCBIGENE:9407|NCBIGENE:958|NCBIGENE:959,[H][C@]12[C@H](C[C@@H](C)C=C1C=C[C@H](C)[C@@H]2CC[C@@H]1C[C@@H](O)CC(=O)O1)OC(=O)C(C)(C)CC
DB01118,CID000002156,25,Q9P0X4|P37231|Q07869|Q86YN6,P08684|P10632|P10635|P11712|P05177|P33261|P04798|P11509|P51589,PUBCHEM.COMPOUND:2156,,NCBIGENE:10280|NCBIGENE:134864|NCBIGENE:148|NCBIGENE:153|NCBIGENE:1544|NCBIGENE:1558|NCBIGENE:1559|NCBIGENE:1565|NCBIGENE:1576|NCBIGENE:1577|NCBIGENE:1735|NCBIGENE:183|NCBIGENE:3757|NCBIGENE:54205|NCBIGENE:7133|NCBIGENE:8912|NCBIGENE:9254|NCBIGENE:9429,CCCCC1=C(C(=O)C2=CC(I)=C(OCCN(CC)CC)C(I)=C2)C2=C(O1)C=CC=C2
DB01203,CID000004411,26,P08588|P07550,,PUBCHEM.COMPOUND:4411,,,CC(C)(C)NCC(O)COC1=CC=CC2=C1C[C@H](O)[C@H](O)C2
DB00531,CID000002907,27,O75469,P11712|P08684|P20813|P33261|P11509|P33260|P20815|P10632,PUBCHEM.COMPOUND:2907,DOID:0060058|DOID:1612|DOID:3234|DOID:3459|DOID:4648|DOID:768|DOID:769|DOID:8675|DOID:8691|DOID:9538,NCBIGENE:142|NCBIGENE:1440|NCBIGENE:1555|NCBIGENE:1557|NCBIGENE:1558|NCBIGENE:1559|NCBIGENE:1562|NCBIGENE:1565|NCBIGENE:1576|NCBIGENE:1666|NCBIGENE:216|NCBIGENE:2353|NCBIGENE:25824|NCBIGENE:3363|NCBIGENE:3953|NCBIGENE:4255|NCBIGENE:4363|NCBIGENE:551|NCBIGENE:836|NCBIGENE:841|NCBIGENE:842|NCBIGENE:9407,ClCCN(CCCl)P1(=O)NCCCO1
DB00950,CID000003348,28,P35367,,PUBCHEM.COMPOUND:3348,DOID:10763|DOID:10825|DOID:10952|DOID:11204|DOID:12361|DOID:13206|DOID:13550|DOID:13739|DOID:1405|DOID:1425|DOID:14445|DOID:1837|DOID:1936|DOID:2348|DOID:2457|DOID:2474|DOID:2527|DOID:2883|DOID:2921|DOID:3393|DOID:4481|DOID:4730|DOID:557|DOID:7997|DOID:7998|DOID:9351,NCBIGENE:10599|NCBIGENE:28234|NCBIGENE:3269|NCBIGENE:3383|NCBIGENE:3757|NCBIGENE:6579|NCBIGENE:9429,CC(C)(C(O)=O)C1=CC=C(C=C1)C(O)CCCN1CCC(CC1)C(O)(C1=CC=CC=C1)C1=CC=CC=C1
DB11124,CID000000838,29,P35348|P35368|P08913|P18089|P18825|P08588|P07550|P25100|P13945,,PUBCHEM.COMPOUND:838,DOID:10763|DOID:10825|DOID:12361|DOID:12720|DOID:13097|DOID:13206|DOID:13550|DOID:1405|DOID:14445|DOID:1837|DOID:2883|DOID:3393|DOID:3669|DOID:7997|DOID:7998|DOID:9351,NCBIGENE:1312|NCBIGENE:150|NCBIGENE:152|NCBIGENE:153|NCBIGENE:154|NCBIGENE:155|NCBIGENE:220074|NCBIGENE:4128|NCBIGENE:4129|NCBIGENE:5409,CNCC(C1=CC(=C(C=C1)O)O)O
DB01327,CID000002617,30,P02918|P02919|P76577|P0AD65|P0AD68|P27169|P40933|P60568,P51580,PUBCHEM.COMPOUND:2617,,,[H][C@]12SCC(CSC3=NN=C(C)S3)=C(N1C(=O)[C@H]2NC(=O)CN1C=NN=N1)C(O)=O
DB00722,CID000003937,31,P12821|P00797,,PUBCHEM.COMPOUND:3937,,NCBIGENE:1636,NCCCC[C@H](N[C@@H](CCC1=CC=CC=C1)C(O)=O)C(=O)N1CCC[C@H]1C(O)=O
CID005311048,CID005311048,32,,,PUBCHEM.COMPOUND:5311048,,,C(N)(N)(Cl)Cl
DB00422,CID000004158,33,Q01959|P08908|P23975,Q6LAP9,PUBCHEM.COMPOUND:4158,DOID:0050700|DOID:0050741|DOID:0060215|DOID:10376|DOID:10588|DOID:10600|DOID:10605|DOID:10763|DOID:10825|DOID:1094|DOID:11119|DOID:11328|DOID:11847|DOID:11984|DOID:12361|DOID:12932|DOID:1432|DOID:1574|DOID:1588|DOID:1686|DOID:1826|DOID:2355|DOID:2361|DOID:2768|DOID:2769|DOID:302|DOID:303|DOID:331|DOID:3312|DOID:3393|DOID:3526|DOID:5418|DOID:5844|DOID:5854|DOID:615|DOID:6713|DOID:7997|DOID:7998|DOID:8689|DOID:8986|DOID:9408,NCBIGENE:1066|NCBIGENE:152|NCBIGENE:1815|NCBIGENE:2353|NCBIGENE:6530|NCBIGENE:6531|NCBIGENE:6532|NCBIGENE:6571|NCBIGENE:9407|NCBIGENE:9456,COC(=O)C(C1CCCCN1)C1=CC=CC=C1
DB00193,CID000005523,34,P35372|P23975|P31645|Q99250|P30542|P28335|P41145|P41143|P36544|P20309|P11229|P25103|Q8NER1,P20813|P22309|P10635|P08684,PUBCHEM.COMPOUND:5523,,,COC1=CC=CC(=C1)C1(O)CCCCC1CN(C)C
DB00458,CID000003696,35,P23975|P31645|P28223|P35367|P35348|P25100|P11229|P08172|P20309|P08173|P08912|Q9NZV8|Q9UK17|P28335|P35368|P34969|P14416|Q12809|Q01959|P08908|P50406|O95259|P19652,P33261|P10635|P05177|P08684|P24462|P20813|P33260|P05181,PUBCHEM.COMPOUND:3696,DOID:0050590|DOID:0050741|DOID:0060262|DOID:10952|DOID:114|DOID:12139|DOID:1227|DOID:12361|DOID:1287|DOID:12987|DOID:13206|DOID:13550|DOID:1405|DOID:1425|DOID:14445|DOID:1470|DOID:1574|DOID:1588|DOID:1595|DOID:1596|DOID:1826|DOID:2527|DOID:2848|DOID:2883|DOID:2921|DOID:3312|DOID:3393|DOID:3526|DOID:3878|DOID:409|DOID:4964|DOID:5419|DOID:557|DOID:6713|DOID:7997|DOID:7998|DOID:8437|DOID:8440|DOID:8442|DOID:9282,NCBIGENE:1128|NCBIGENE:1131|NCBIGENE:1132|NCBIGENE:1133|NCBIGENE:1385|NCBIGENE:146|NCBIGENE:147|NCBIGENE:148|NCBIGENE:1544|NCBIGENE:1557|NCBIGENE:1565|NCBIGENE:1576|NCBIGENE:1813|NCBIGENE:1814|NCBIGENE:1958|NCBIGENE:23236|NCBIGENE:2597|NCBIGENE:3269|NCBIGENE:3350|NCBIGENE:3358|NCBIGENE:3362|NCBIGENE:3363|NCBIGENE:3751|NCBIGENE:3752|NCBIGENE:3756|NCBIGENE:3757|NCBIGENE:4129|NCBIGENE:43|NCBIGENE:54657|NCBIGENE:55244|NCBIGENE:57413|NCBIGENE:627|NCBIGENE:6530|NCBIGENE:6531|NCBIGENE:6532|NCBIGENE:6581|NCBIGENE:836|NCBIGENE:9407,CN(C)CCCN1C2=CC=CC=C2CCC2=CC=CC=C12
DB00563,CID000004112,36,P04818|P31939|P00374,P00374|Q06278|P42898|P52209|Q05932|P04818|P31939|Q92820|P08684|P06621,PUBCHEM.COMPOUND:4112,,,CN(CC1=CN=C2N=C(N)N=C(N)C2=N1)C1=CC=C(C=C1)C(=O)N[C@@H](CCC(O)=O)C(O)=O
DB00451,CID000000853,37,P06756|P05106|P10827|P10828,P22309|P08183|P10632,PUBCHEM.COMPOUND:853,,NCBIGENE:7276,N[C@@H](CC1=CC(I)=C(OC2=CC(I)=C(O)C(I)=C2)C(I)=C1)C(O)=O
DB01088,CID005311181,38,P43119|P34995|P27815|Q07343|Q08493|Q08499|P00750|Q9Y5Y4,,PUBCHEM.COMPOUND:5311181,DOID:11396|DOID:3083,NCBIGENE:10468|NCBIGENE:1448|NCBIGENE:1906|NCBIGENE:2778|NCBIGENE:3558|NCBIGENE:3586|NCBIGENE:5196|NCBIGENE:5473|NCBIGENE:55811|NCBIGENE:5731|NCBIGENE:5739|NCBIGENE:5879|NCBIGENE:5881|NCBIGENE:6717|NCBIGENE:7040|NCBIGENE:7124|NCBIGENE:9536,[H][C@]12C[C@@H](O)[C@H](\C=C\[C@@H](O)C(C)CC#CC)[C@@]1([H])C\C(C2)=C\CCCC(O)=O
CID000032797,CID000032797,39,,,PUBCHEM.COMPOUND:32797,,,CC1CC2C3CCC4=CC(=O)C=CC4([C@]3(C(CC2([C@]1(C(=O)CCl)O)C)O)F)C
DB01248,CID000003143,40,Q9H4B7|P11137|P27816|P10636|P10415|O75469,P08684|P20815|P24462|Q16678,PUBCHEM.COMPOUND:3143,,,[H][C@@]1(C[C@@]2(O)[C@@H](OC(=O)C3=CC=CC=C3)[C@]3([H])[C@@]4(CO[C@@H]4C[C@H](O)[C@@]3(C)C(=O)[C@H](O)C(=C1C)C2(C)C)OC(C)=O)OC(=O)[C@H](O)[C@@H](NC(=O)OC(C)(C)C)C1=CC=CC=C1
DB00652,CID000004736,41,Q99720|P35372|P41145,,PUBCHEM.COMPOUND:4736,,NCBIGENE:4985|NCBIGENE:4986|NCBIGENE:4988,CC1C2CC3=C(C=C(O)C=C3)C1(C)CCN2CC=C(C)C
DB00178,CID000005038,42,P12821|P46663,P06276,PUBCHEM.COMPOUND:5038,,,[H][C@@]12CCC[C@]1([H])N([C@@H](C2)C(O)=O)C(=O)[C@H](C)N[C@@H](CCC1=CC=CC=C1)C(=O)OCC
DB01215,CID000003261,43,,P08684,PUBCHEM.COMPOUND:3261,DOID:0050848|DOID:0060262|DOID:0060731|DOID:10952|DOID:11328|DOID:12139|DOID:1425|DOID:1470|DOID:1595|DOID:1596|DOID:2527|DOID:2848|DOID:2921|DOID:302|DOID:303|DOID:409|DOID:437|DOID:4964|DOID:5418|DOID:557,NCBIGENE:1576|NCBIGENE:2558|NCBIGENE:2560|NCBIGENE:2561|NCBIGENE:2563|NCBIGENE:2564|NCBIGENE:2565|NCBIGENE:2566|NCBIGENE:2569|NCBIGENE:2570,ClC1=CC2=C(C=C1)N1C=NN=C1CN=C2C1=CC=CC=C1
DB00332,CID000003746,44,P20309|P11229|P08172,,PUBCHEM.COMPOUND:3746,,NCBIGENE:1128|NCBIGENE:1131|NCBIGENE:1132|NCBIGENE:1133,[H][C@]12CC[C@]([H])(C[C@@H](C1)OC(=O)C(CO)C1=CC=CC=C1)[N+]2(C)C(C)C
CID000028112,CID000028112,45,,,PUBCHEM.COMPOUND:28112,,,[Li+].[AlH4-]
DB00381,CID000002162,46,Q13936|Q9P0X4|Q00975|Q02641|Q8IZS8|P00915|P17405,P08684|P04798|P20813|P20815|P10632|P10635|P33261|P11712,PUBCHEM.COMPOUND:2162,DOID:0050328|DOID:0050590|DOID:0050741|DOID:0060262|DOID:0080001|DOID:1029|DOID:10763|DOID:10825|DOID:10952|DOID:11634|DOID:1222|DOID:1227|DOID:12449|DOID:12550|DOID:12678|DOID:12679|DOID:12987|DOID:13189|DOID:13413|DOID:13543|DOID:13580|DOID:1425|DOID:1459|DOID:14735|DOID:1558|DOID:1574|DOID:1837|DOID:1920|DOID:2383|DOID:2485|DOID:2527|DOID:2913|DOID:2921|DOID:2972|DOID:2983|DOID:3341|DOID:3526|DOID:409|DOID:423|DOID:4500|DOID:4989|DOID:557|DOID:65|DOID:6713|DOID:7327|DOID:854|DOID:9074|DOID:9351|DOID:9352,NCBIGENE:1401|NCBIGENE:1576|NCBIGENE:1577|NCBIGENE:3156|NCBIGENE:3717|NCBIGENE:5444|NCBIGENE:55799|NCBIGENE:5972|NCBIGENE:6403|NCBIGENE:6609|NCBIGENE:7040|NCBIGENE:775|NCBIGENE:776|NCBIGENE:779|NCBIGENE:781|NCBIGENE:782|NCBIGENE:783,CCOC(=O)C1=C(COCCN)NC(C)=C(C1C1=CC=CC=C1Cl)C(=O)OC
DB00472,CID000003386,47,P31645|P28335|Q15822|P32297|P30926|P61024|Q12809,P20813|P20815|P11712|P10635|Q14097|P05177|P08684|P33261,PUBCHEM.COMPOUND:3386,DOID:0050590|DOID:0060262|DOID:10933|DOID:1168|DOID:11847|DOID:12129|DOID:12139|DOID:1227|DOID:1247|DOID:12700|DOID:12987|DOID:13003|DOID:13206|DOID:13550|DOID:1405|DOID:14221|DOID:14445|DOID:14464|DOID:1470|DOID:1595|DOID:1596|DOID:1826|DOID:1837|DOID:1876|DOID:224|DOID:2848|DOID:2883|DOID:3312|DOID:3393|DOID:3401|DOID:3526|DOID:3878|DOID:409|DOID:4195|DOID:4964|DOID:5082|DOID:5844|DOID:5854|DOID:594|DOID:6000|DOID:615|DOID:6713|DOID:8442|DOID:8689|DOID:9351|DOID:9408|DOID:9854|DOID:9970,NCBIGENE:1128|NCBIGENE:1131|NCBIGENE:1325|NCBIGENE:1385|NCBIGENE:1392|NCBIGENE:1557|NCBIGENE:1558|NCBIGENE:1559|NCBIGENE:1565|NCBIGENE:1576|NCBIGENE:1906|NCBIGENE:284695|NCBIGENE:2898|NCBIGENE:2908|NCBIGENE:3350|NCBIGENE:3351|NCBIGENE:3357|NCBIGENE:3358|NCBIGENE:3363|NCBIGENE:3481|NCBIGENE:3576|NCBIGENE:3746|NCBIGENE:3752|NCBIGENE:3757|NCBIGENE:3760|NCBIGENE:4129|NCBIGENE:4318|NCBIGENE:5322|NCBIGENE:57030|NCBIGENE:590|NCBIGENE:598|NCBIGENE:627|NCBIGENE:6285|NCBIGENE:6500|NCBIGENE:6530|NCBIGENE:6531|NCBIGENE:6532|NCBIGENE:6657|NCBIGENE:6855|NCBIGENE:7054|NCBIGENE:7124|NCBIGENE:7157|NCBIGENE:7473|NCBIGENE:836|NCBIGENE:8399|NCBIGENE:89780|NCBIGENE:9407,CNCCC(OC1=CC=C(C=C1)C(F)(F)F)C1=CC=CC=C1
DB00218,CID000004259,48,P43700|P43702|P11388|P27169,P05177,PUBCHEM.COMPOUND:4259,,,[H][C@]12CN(C[C@@]1([H])NCCC2)C1=C(F)C=C2C(=O)C(=CN(C3CC3)C2=C1OC)C(O)=O
DB00580,CID000119607,49,P35354|P00918|P07451,O60656|P11712|P08684,PUBCHEM.COMPOUND:119607,,NCBIGENE:1576|NCBIGENE:5742|NCBIGENE:5743|NCBIGENE:760|NCBIGENE:771,CC1=C(C(=NO1)C1=CC=CC=C1)C1=CC=C(C=C1)S(N)(=O)=O
DB00683,CID000004192,50,P29274,P08684|P22310|P20815|P24462|P16662|P06133,PUBCHEM.COMPOUND:4192,DOID:13550|DOID:1405|DOID:14320|DOID:14445|DOID:2030|DOID:3083|DOID:5082|DOID:784,NCBIGENE:1553|NCBIGENE:1576|NCBIGENE:1577|NCBIGENE:2353|NCBIGENE:2557|NCBIGENE:2558|NCBIGENE:2559|NCBIGENE:2560|NCBIGENE:2561|NCBIGENE:2563|NCBIGENE:2564|NCBIGENE:2565|NCBIGENE:2566|NCBIGENE:2569|NCBIGENE:2570|NCBIGENE:4843|NCBIGENE:6403|NCBIGENE:8856,CC1=NC=C2CN=C(C3=CC=CC=C3F)C3=C(C=CC(Cl)=C3)N12
DB03323,CID000087177,51,P30920|P19961|P36924|P19531|P00490|P0AEX9|O33830|Q9RHZ6|Q9RX51,,PUBCHEM.COMPOUND:87177,,,OC[C@H]1O[C@H](O[C@H]2[C@H](O)[C@@H](O)C(O)O[C@@H]2CO)[C@H](O)[C@@H](O)[C@@H]1O
DB00455,CID000003957,52,P35367|Q12809,P08684|P10635|P04798|P33261|P10632|P05177|P20813|P11712|P20815|P36537|P22309|P35503|P54855,PUBCHEM.COMPOUND:3957,DOID:0060262|DOID:10459|DOID:10460|DOID:10763|DOID:10825|DOID:10952|DOID:11204|DOID:12361|DOID:13206|DOID:13550|DOID:13739|DOID:1405|DOID:1425|DOID:14445|DOID:1837|DOID:1936|DOID:2275|DOID:2348|DOID:2457|DOID:2474|DOID:2527|DOID:2883|DOID:2921|DOID:3393|DOID:409|DOID:4481|DOID:4730|DOID:557|DOID:7997|DOID:7998|DOID:9351,NCBIGENE:1111|NCBIGENE:1557|NCBIGENE:1576|NCBIGENE:2796|NCBIGENE:3269|NCBIGENE:3383|NCBIGENE:338567|NCBIGENE:3741|NCBIGENE:3757|NCBIGENE:627|NCBIGENE:85569,CCOC(=O)N1CCC(CC1)=C1C2=C(CCC3=C1N=CC=C3)C=C(Cl)C=C2
DB00698,CID000004509,53,P52647|P17117|P0A7R5,P16435,PUBCHEM.COMPOUND:4509,,,[O-][N+](=O)C1=CC=C(O1)\C=N\N1CC(=O)NC1=O
DB00904,CID000004595,54,P46098|Q13639|P35372|P08908|P28222,P08684|P05177|P10635|P20815|P24462|P11712|P05181,PUBCHEM.COMPOUND:4595,DOID:0050841|DOID:1826|DOID:529|DOID:679,NCBIGENE:1544|NCBIGENE:1565|NCBIGENE:1576|NCBIGENE:1577|NCBIGENE:170572|NCBIGENE:200909|NCBIGENE:2353|NCBIGENE:3350|NCBIGENE:3351|NCBIGENE:3359|NCBIGENE:3360|NCBIGENE:4988|NCBIGENE:6505|NCBIGENE:6751|NCBIGENE:9177,CN1C2=C(C3=CC=CC=C13)C(=O)C(CN1C=CN=C1C)CC2
DB00559,CID000104865,55,P24530|P25101,P08684|P11712,PUBCHEM.COMPOUND:104865,DOID:0060262|DOID:11396|DOID:14557|DOID:1588|DOID:2355|DOID:2361|DOID:2739|DOID:2741|DOID:409|DOID:418|DOID:419|DOID:5453|DOID:6000|DOID:6432|DOID:8472,NCBIGENE:1559|NCBIGENE:1906|NCBIGENE:1909|NCBIGENE:1910|NCBIGENE:2697|NCBIGENE:3004|NCBIGENE:3683|NCBIGENE:6554|NCBIGENE:8647,COC1=CC=CC=C1OC1=C(NS(=O)(=O)C2=CC=C(C=C2)C(C)(C)C)N=C(N=C1OCCO)C1=NC=CC=N1
DB00182,CID000003007,56,Q05940|Q01959|Q16568|Q96RJ0|P23975|P14416|P27338|P31645,P11509|P10635,PUBCHEM.COMPOUND:3007,DOID:0050590|DOID:0050700|DOID:0050741|DOID:0050848|DOID:0060215|DOID:0060262|DOID:0060731|DOID:10588|DOID:10600|DOID:1067|DOID:10763|DOID:10825|DOID:1094|DOID:10952|DOID:11119|DOID:11328|DOID:114|DOID:11847|DOID:11984|DOID:12139|DOID:1227|DOID:12361|DOID:12550|DOID:1287|DOID:12932|DOID:12987|DOID:13268|DOID:13413|DOID:13550|DOID:1405|DOID:1425|DOID:1432|DOID:14445|DOID:1470|DOID:1574|DOID:1588|DOID:1595|DOID:1596|DOID:1686|DOID:1826|DOID:1837|DOID:1936|DOID:2348|DOID:2349|DOID:2355|DOID:2361|DOID:2527|DOID:2768|DOID:2769|DOID:2841|DOID:2848|DOID:2921|DOID:302|DOID:303|DOID:3083|DOID:331|DOID:3312|DOID:3393|DOID:3526|DOID:409|DOID:4964|DOID:5162|DOID:5418|DOID:557|DOID:5844|DOID:5854|DOID:6713|DOID:7997|DOID:7998|DOID:8689|DOID:8986|DOID:9267|DOID:9282|DOID:9351|DOID:9408|DOID:9970,NCBIGENE:134864|NCBIGENE:148|NCBIGENE:150|NCBIGENE:153|NCBIGENE:1565|NCBIGENE:1813|NCBIGENE:2247|NCBIGENE:2353|NCBIGENE:2697|NCBIGENE:2902|NCBIGENE:2915|NCBIGENE:3020|NCBIGENE:3021|NCBIGENE:4128|NCBIGENE:4129|NCBIGENE:468|NCBIGENE:4803|NCBIGENE:51655|NCBIGENE:5595|NCBIGENE:5999|NCBIGENE:6530|NCBIGENE:6531|NCBIGENE:6532|NCBIGENE:6571|NCBIGENE:6622|NCBIGENE:7054|NCBIGENE:7473|NCBIGENE:847|NCBIGENE:9607,CC(N)CC1=CC=CC=C1
DB00502,CID000003559,57,P28335|P14416|P28223|P35462|Q99705|Q05940|Q99720|P35367|P20309|P35348|P08913|P18089|P18825|P08908|P50406|P34969|Q13224|P21728,P16152|O60656|P33261|P11712|P04798|P05177|P10635|P20815|P08684|P24462,PUBCHEM.COMPOUND:3559,DOID:0050328|DOID:0050590|DOID:0050841|DOID:0060262|DOID:0090044|DOID:0090045|DOID:0090047|DOID:0090049|DOID:0090051|DOID:0090052|DOID:0090053|DOID:0090054|DOID:0090123|DOID:11119|DOID:11328|DOID:11634|DOID:1227|DOID:12837|DOID:12987|DOID:13548|DOID:14464|DOID:1459|DOID:1826|DOID:409|DOID:4500|DOID:529|DOID:5418|DOID:5419|DOID:615|DOID:679|DOID:9854,NCBIGENE:100526739|NCBIGENE:10280|NCBIGENE:1133|NCBIGENE:1363|NCBIGENE:146|NCBIGENE:147|NCBIGENE:148|NCBIGENE:150|NCBIGENE:152|NCBIGENE:1544|NCBIGENE:1565|NCBIGENE:1576|NCBIGENE:1577|NCBIGENE:1645|NCBIGENE:1813|NCBIGENE:1814|NCBIGENE:1815|NCBIGENE:1816|NCBIGENE:1848|NCBIGENE:1958|NCBIGENE:2353|NCBIGENE:2354|NCBIGENE:2571|NCBIGENE:2641|NCBIGENE:2902|NCBIGENE:3269|NCBIGENE:3320|NCBIGENE:3350|NCBIGENE:3351|NCBIGENE:3357|NCBIGENE:3358|NCBIGENE:3359|NCBIGENE:3363|NCBIGENE:3553|NCBIGENE:3752|NCBIGENE:3757|NCBIGENE:4803|NCBIGENE:4878|NCBIGENE:5108|NCBIGENE:51181|NCBIGENE:5153|NCBIGENE:5179|NCBIGENE:55607|NCBIGENE:55811|NCBIGENE:5617|NCBIGENE:57142|NCBIGENE:6285|NCBIGENE:6506|NCBIGENE:6863|NCBIGENE:7054|NCBIGENE:801|NCBIGENE:805|NCBIGENE:808|NCBIGENE:84062|NCBIGENE:9256|NCBIGENE:9429|NCBIGENE:9456,OC1(CCN(CCCC(=O)C2=CC=C(F)C=C2)CC1)C1=CC=C(Cl)C=C1
DB01238,CID000060795,58,P14416|P28223|P08908|P35348|P35368|P35462|P28221|P34969|P08913|P18825|P35367|P28222|P28335|P46098|P50406|P21728|P21917|P18089|P28566|P21918|P41595|P47898|P08588|P07550|P25021|Q9Y5N1|Q9H3N8|P11229|P08172|P20309|P08173|P08912|P41145|P35372|P41143|Q01959|P31645,P08684|P24462|P20815|P10635,PUBCHEM.COMPOUND:60795,DOID:0050590|DOID:0110035|DOID:0110037|DOID:0110038|DOID:0110039|DOID:0110041|DOID:0110043|DOID:0110044|DOID:0110045|DOID:0110046|DOID:0110047|DOID:0110048|DOID:10652|DOID:1168|DOID:11847|DOID:11870|DOID:1227|DOID:12849|DOID:12987|DOID:14221|DOID:1443|DOID:14464|DOID:14525|DOID:1826|DOID:1837|DOID:3312|DOID:3393|DOID:4195|DOID:5419|DOID:5844|DOID:5854|DOID:615|DOID:6713|DOID:9351|DOID:9408|DOID:9854|DOID:9970,NCBIGENE:1128|NCBIGENE:1131|NCBIGENE:1132|NCBIGENE:1133|NCBIGENE:147|NCBIGENE:148|NCBIGENE:150|NCBIGENE:152|NCBIGENE:1565|NCBIGENE:1576|NCBIGENE:1577|NCBIGENE:1813|NCBIGENE:1814|NCBIGENE:1815|NCBIGENE:1816|NCBIGENE:2353|NCBIGENE:3269|NCBIGENE:3320|NCBIGENE:3350|NCBIGENE:3351|NCBIGENE:3354|NCBIGENE:3357|NCBIGENE:3358|NCBIGENE:3359|NCBIGENE:3362|NCBIGENE:3363,ClC1=CC=CC(N2CCN(CCCCOC3=CC4=C(CCC(=O)N4)C=C3)CC2)=C1Cl
DB00794,CID000004909,59,P47869|P34903|P48169|P31644|Q16445|P14867|P43681|P36544|P42262|Q13002,P11712|P33261|P05181|P08684|P05177,PUBCHEM.COMPOUND:4909,DOID:0050590|DOID:0050741|DOID:0050848|DOID:0060262|DOID:0060479|DOID:0060731|DOID:0090118|DOID:10952|DOID:11832|DOID:12139|DOID:1227|DOID:12449|DOID:12450|DOID:12987|DOID:13268|DOID:13382|DOID:1339|DOID:1342|DOID:1425|DOID:1470|DOID:1574|DOID:1588|DOID:1595|DOID:1596|DOID:1826|DOID:2234|DOID:2355|DOID:2361|DOID:2527|DOID:2848|DOID:2921|DOID:3327|DOID:409|DOID:4964|DOID:557|DOID:615|DOID:7725,NCBIGENE:1137|NCBIGENE:1557|NCBIGENE:2557|NCBIGENE:2558|NCBIGENE:2559|NCBIGENE:2898|NCBIGENE:6822|NCBIGENE:89832,CCC1(C(=O)NCNC1=O)C1=CC=CC=C1
CID000060831,CID000060831,60,,,PUBCHEM.COMPOUND:60831,,,C[N+]1(C2CC(CC1C3C2O3)OC(=O)C(C4=CC=CS4)(C5=CC=CS5)O)C
DB00661,CID000002520,61,Q13936|Q00975|O00555|Q14654|O43497|O95180|Q12809|P31645|P35348|P35368|P25100|P08183,P08684|P05177|P10632|P11712|P33260|P20815|P20813|P33261|P10635|P05181,PUBCHEM.COMPOUND:2520,DOID:0050590|DOID:0050700|DOID:0060224|DOID:0060262|DOID:0060674|DOID:0060675|DOID:0060676|DOID:0060677|DOID:0060678|DOID:0060679|DOID:0080001|DOID:10763|DOID:10825|DOID:10952|DOID:11723|DOID:11984|DOID:1222|DOID:1227|DOID:12449|DOID:12932|DOID:12987|DOID:13087|DOID:13884|DOID:1425|DOID:14735|DOID:1558|DOID:1712|DOID:2527|DOID:2921|DOID:2972|DOID:326|DOID:384|DOID:409|DOID:437|DOID:557|DOID:6000|DOID:65|DOID:854|DOID:9884,NCBIGENE:11196|NCBIGENE:112802|NCBIGENE:121391|NCBIGENE:1544|NCBIGENE:1558|NCBIGENE:1576|NCBIGENE:1577|NCBIGENE:1813|NCBIGENE:19|NCBIGENE:1906|NCBIGENE:2487|NCBIGENE:283871|NCBIGENE:340273|NCBIGENE:343450|NCBIGENE:368|NCBIGENE:3738|NCBIGENE:3757|NCBIGENE:3767|NCBIGENE:4363|NCBIGENE:4846|NCBIGENE:5154|NCBIGENE:5244|NCBIGENE:551|NCBIGENE:55811|NCBIGENE:5617|NCBIGENE:5741|NCBIGENE:5972|NCBIGENE:6262|NCBIGENE:6337|NCBIGENE:6340|NCBIGENE:6403|NCBIGENE:6532|NCBIGENE:6584|NCBIGENE:6662|NCBIGENE:6863|NCBIGENE:773|NCBIGENE:775|NCBIGENE:776|NCBIGENE:778|NCBIGENE:779|NCBIGENE:782|NCBIGENE:783|NCBIGENE:784|NCBIGENE:785|NCBIGENE:8313|NCBIGENE:8856|NCBIGENE:8911|NCBIGENE:8913|NCBIGENE:9429,COC1=C(OC)C=C(CCN(C)CCCC(C#N)(C(C)C)C2=CC(OC)=C(OC)C=C2)C=C1
DB00710,CID000060852,62,O95749|P14324,,PUBCHEM.COMPOUND:60852,DOID:10573|DOID:10609|DOID:1091|DOID:11476|DOID:11963|DOID:12678|DOID:12679|DOID:13186|DOID:13976|DOID:162|DOID:2485|DOID:4029|DOID:4766|DOID:631|DOID:633|DOID:8534|DOID:8643|DOID:9164,NCBIGENE:1786|NCBIGENE:2224|NCBIGENE:5743,CCCCCN(C)CCC(O)(P(O)(O)=O)P(O)(O)=O
DB00175,CID000004889,63,P04035|Q92769,,PUBCHEM.COMPOUND:4889,,,[H][C@]12[C@H](C[C@H](O)C=C1C=C[C@H](C)[C@@H]2CC[C@@H](O)C[C@@H](O)CC(O)=O)OC(=O)[C@@H](C)CC
DB01124,CID000005505,64,Q09428|P48048,P11712|P10632|P33261|P33260,PUBCHEM.COMPOUND:5505,DOID:0050741|DOID:0060262|DOID:0060870|DOID:0060872|DOID:0060873|DOID:0060874|DOID:0060875|DOID:0090070|DOID:0090071|DOID:0090072|DOID:0090073|DOID:0090074|DOID:0090076|DOID:0090077|DOID:0090078|DOID:0090079|DOID:0090080|DOID:0090081|DOID:0090082|DOID:0090083|DOID:0090084|DOID:0090085|DOID:0090086|DOID:0090087|DOID:0090089|DOID:0090090|DOID:0090092|DOID:0090093|DOID:0090094|DOID:10493|DOID:10952|DOID:13774|DOID:1425|DOID:1574|DOID:2527|DOID:2921|DOID:3133|DOID:3614|DOID:409|DOID:533|DOID:557|DOID:9351|DOID:9352|DOID:9406|DOID:9410|DOID:9476|DOID:9993,NCBIGENE:1080|NCBIGENE:1557|NCBIGENE:1558|NCBIGENE:1559|NCBIGENE:1562|NCBIGENE:2520|NCBIGENE:2641|NCBIGENE:3758|NCBIGENE:3767|NCBIGENE:3953|NCBIGENE:5617|NCBIGENE:7052,CCCCNC(=O)NS(=O)(=O)C1=CC=C(C)C=C1
DB01115,CID000004485,65,Q13936|Q01668|Q08289|O75469|P0DP23|Q13698|Q9UK17,P08684|P10635|P05177|P11509|P10632|P04798|P20813|P05181|P11712|P20815,PUBCHEM.COMPOUND:4485,DOID:0060262|DOID:10763|DOID:10825|DOID:10952|DOID:11847|DOID:13268|DOID:1425|DOID:2527|DOID:2921|DOID:326|DOID:409|DOID:5082|DOID:557|DOID:5844|DOID:5854|DOID:6000|DOID:8437|DOID:9408,NCBIGENE:1544|NCBIGENE:1559|NCBIGENE:1576|NCBIGENE:1577|NCBIGENE:1585|NCBIGENE:1906|NCBIGENE:3736|NCBIGENE:5972|NCBIGENE:775|NCBIGENE:776|NCBIGENE:779|NCBIGENE:781|NCBIGENE:783|NCBIGENE:801|NCBIGENE:805|NCBIGENE:808|NCBIGENE:8912|NCBIGENE:9429,COC(=O)C1=C(C)NC(C)=C(C1C1=CC=CC=C1[N+]([O-])=O)C(=O)OC
DB01059,CID000004539,66,P43700|P43702|P11388|P20831|P0C1U9,P05177|P04798|P08684|P24462,PUBCHEM.COMPOUND:4539,DOID:0050590|DOID:0060262|DOID:100|DOID:10371|DOID:1063|DOID:10952|DOID:11328|DOID:11400|DOID:12139|DOID:1227|DOID:12384|DOID:12385|DOID:12450|DOID:12987|DOID:13250|DOID:13258|DOID:13507|DOID:13778|DOID:13819|DOID:1389|DOID:13924|DOID:1425|DOID:14654|DOID:1470|DOID:1588|DOID:1595|DOID:1596|DOID:1679|DOID:1826|DOID:1837|DOID:203|DOID:204|DOID:2297|DOID:2355|DOID:2361|DOID:2527|DOID:2744|DOID:2848|DOID:2921|DOID:2964|DOID:3055|DOID:3393|DOID:379|DOID:381|DOID:409|DOID:437|DOID:4500|DOID:4964|DOID:5082|DOID:5418|DOID:552|DOID:557|DOID:574|DOID:6132|DOID:615|DOID:7327|DOID:7427|DOID:7551|DOID:813|DOID:870|DOID:874|DOID:9351|DOID:9463|DOID:971,NCBIGENE:1576|NCBIGENE:1577|NCBIGENE:7153|NCBIGENE:7155,CCN1C=C(C(O)=O)C(=O)C2=CC(F)=C(C=C12)N1CCNCC1
DB00884,CID000005245,67,P14324,P35354,PUBCHEM.COMPOUND:5245,DOID:10952|DOID:11335|DOID:11476|DOID:12678|DOID:12679|DOID:13186|DOID:13404|DOID:13543|DOID:1425|DOID:2089|DOID:2485|DOID:2527|DOID:2921|DOID:3341|DOID:4029|DOID:5408|DOID:557|DOID:580|DOID:585|DOID:626|DOID:631|DOID:633|DOID:8643|DOID:9164,NCBIGENE:2224|NCBIGENE:2697|NCBIGENE:4313|NCBIGENE:632|NCBIGENE:860|NCBIGENE:975,OC(CC1=CN=CC=C1)(P(O)(O)=O)P(O)(O)=O
DB00530,CID000176870,68,O75469|P00533,P08684|P20815|P05177|P04798|P10635|P10632|Q16678|P22309|P00533,PUBCHEM.COMPOUND:176870,DOID:0060262|DOID:10772|DOID:10952|DOID:11394|DOID:11823|DOID:11847|DOID:12123|DOID:1247|DOID:12716|DOID:1324|DOID:1425|DOID:1588|DOID:2527|DOID:2739|DOID:2741|DOID:2797|DOID:2921|DOID:3082|DOID:3393|DOID:3526|DOID:3571|DOID:3770|DOID:3908|DOID:4074|DOID:409|DOID:4500|DOID:557|DOID:583|DOID:5844|DOID:5854|DOID:6713|DOID:684|DOID:8463|DOID:9408,NCBIGENE:1017|NCBIGENE:1369|NCBIGENE:1576|NCBIGENE:1848|NCBIGENE:1950|NCBIGENE:1956|NCBIGENE:2064|NCBIGENE:2066|NCBIGENE:2353|NCBIGENE:2475|NCBIGENE:25|NCBIGENE:2580|NCBIGENE:29126|NCBIGENE:3082|NCBIGENE:3315|NCBIGENE:3320|NCBIGENE:3717|NCBIGENE:3791|NCBIGENE:3845|NCBIGENE:4233|NCBIGENE:50507|NCBIGENE:558|NCBIGENE:5594|NCBIGENE:5595|NCBIGENE:57650|NCBIGENE:595|NCBIGENE:6198|NCBIGENE:6774|NCBIGENE:6793|NCBIGENE:80122|NCBIGENE:8856|NCBIGENE:8988|NCBIGENE:9748|NCBIGENE:999,COCCOC1=CC2=C(C=C1OCCOC)C(NC1=CC(=CC=C1)C#C)=NC=N2
DB00987,CID000000596,69,P06746,P08684|P27707|P21589|P32321|P32320,PUBCHEM.COMPOUND:596,,NCBIGENE:1633,NC1=NC(=O)N(C=C1)[C@@H]1O[C@H](CO)[C@@H](O)[C@@H]1O
DB01033,CID000667490,70,P00492|Q06203,Q06278|P51580|P47989,PUBCHEM.COMPOUND:667490,DOID:0050590|DOID:0060262|DOID:0060318|DOID:10952|DOID:1227|DOID:12449|DOID:12987|DOID:13580|DOID:1425|DOID:1588|DOID:2355|DOID:2361|DOID:2527|DOID:2739|DOID:2741|DOID:2913|DOID:2921|DOID:409|DOID:4989|DOID:557|DOID:615|DOID:9952,NCBIGENE:10057|NCBIGENE:11213|NCBIGENE:1544|NCBIGENE:191|NCBIGENE:316|NCBIGENE:3251|NCBIGENE:3315|NCBIGENE:3383|NCBIGENE:3614|NCBIGENE:3704|NCBIGENE:5471|NCBIGENE:7172|NCBIGENE:7498|NCBIGENE:83886|NCBIGENE:860|NCBIGENE:8988,S=C1N=CNC2=C1NC=N2
DB00497,CID000004635,71,P35372|P41145|P41143,P10635|P08684|P20815,PUBCHEM.COMPOUND:4635,,,COC1=C2O[C@H]3C(=O)CC[C@@]4(O)[C@H]5CC(C=C1)=C2[C@@]34CCN5C
DB00966,CID000065999,72,P37231|P30556,P33261|P35503,PUBCHEM.COMPOUND:65999,DOID:0060262|DOID:10763|DOID:10825|DOID:10952|DOID:12550|DOID:12678|DOID:12679|DOID:13189|DOID:13413|DOID:13543|DOID:13580|DOID:1425|DOID:1837|DOID:1920|DOID:2383|DOID:2485|DOID:2527|DOID:2913|DOID:2921|DOID:2972|DOID:2983|DOID:3341|DOID:3526|DOID:409|DOID:4500|DOID:4989|DOID:557|DOID:6713|DOID:9074|DOID:9351,NCBIGENE:100506658|NCBIGENE:183|NCBIGENE:186|NCBIGENE:19|NCBIGENE:23411|NCBIGENE:3276|NCBIGENE:4023|NCBIGENE:4036|NCBIGENE:4313|NCBIGENE:4868|NCBIGENE:5468|NCBIGENE:6347|NCBIGENE:6387|NCBIGENE:7412|NCBIGENE:9407,CCCC1=NC2=C(C=C(C=C2C)C2=NC3=CC=CC=C3N2C)N1CC1=CC=C(C=C1)C1=CC=CC=C1C(O)=O
DB00285,CID000005656,73,P31645|P23975|Q01959,P10635|P08684|P11712|P33261,PUBCHEM.COMPOUND:5656,DOID:0060262|DOID:10763|DOID:10825|DOID:11257|DOID:114|DOID:12361|DOID:1247|DOID:1287|DOID:13550|DOID:1405|DOID:14320|DOID:14445|DOID:14464|DOID:1470|DOID:1595|DOID:1596|DOID:1826|DOID:2848|DOID:302|DOID:303|DOID:3082|DOID:3312|DOID:3401|DOID:409|DOID:5082|DOID:591|DOID:594|DOID:6713|DOID:7997|DOID:7998|DOID:9282,NCBIGENE:1557|NCBIGENE:1565|NCBIGENE:2023|NCBIGENE:5034|NCBIGENE:6530|NCBIGENE:6531|NCBIGENE:6532,COC1=CC=C(C=C1)C(CN(C)C)C1(O)CCCCC1
DB00177,CID000005650,74,P30556,P11712,PUBCHEM.COMPOUND:5650,,,CCCCC(=O)N(CC1=CC=C(C=C1)C1=CC=CC=C1C1=NNN=N1)[C@@H](C(C)C)C(O)=O
DB00727,CID000004510,75,P16066,P05091,PUBCHEM.COMPOUND:4510,DOID:0050700|DOID:10783|DOID:11481|DOID:115|DOID:11984|DOID:12451|DOID:12932|DOID:2355|DOID:2361|DOID:397,NCBIGENE:1956|NCBIGENE:216|NCBIGENE:217|NCBIGENE:2984|NCBIGENE:2986|NCBIGENE:3000|NCBIGENE:3709|NCBIGENE:4799|NCBIGENE:4843|NCBIGENE:4846|NCBIGENE:4881|NCBIGENE:4882|NCBIGENE:5327|NCBIGENE:5972|NCBIGENE:7408|NCBIGENE:836,[O-][N+](=O)OCC(CO[N+]([O-])=O)O[N+]([O-])=O
DB00438,CID000002650,76,P0AD68|P02918|P02919|P0AD65|Q47066,,PUBCHEM.COMPOUND:2650,,,[O-]C(=O)C1=C(CS[C@]2([H])[C@H](NC(=O)C(=N/OC(C)(C)C(O)=O)\C3=CSC(N)=N3)C(=O)N12)C[N+]1=CC=CC=C1
DB00584,CID000003222,77,P12821,,PUBCHEM.COMPOUND:3222,,,CCOC(=O)[C@H](CCC1=CC=CC=C1)N[C@@H](C)C(=O)N1CCC[C@H]1C(O)=O
DB01029,CID000003749,78,P30556|P05412,P35503|P23219|P08684|P11712|P10632,PUBCHEM.COMPOUND:3749,DOID:1029|DOID:10763|DOID:10825|DOID:12550|DOID:12678|DOID:12679|DOID:13189|DOID:13413|DOID:13543|DOID:14735|DOID:1558|DOID:1837|DOID:1920|DOID:2383|DOID:2485|DOID:2913|DOID:2972|DOID:2983|DOID:3341|DOID:423|DOID:4500|DOID:4989|DOID:7327|DOID:9074|DOID:9351,NCBIGENE:1401|NCBIGENE:1535|NCBIGENE:1559|NCBIGENE:1585|NCBIGENE:183|NCBIGENE:3725|NCBIGENE:3752|NCBIGENE:5972|NCBIGENE:6347|NCBIGENE:9360,CCCCC1=NC2(CCCC2)C(=O)N1CC1=CC=C(C=C1)C1=CC=CC=C1C1=NNN=N1
DB00350,CID000004201,79,P48048|P00797|P23219,P22309,PUBCHEM.COMPOUND:4201,DOID:0050771|DOID:10021|DOID:10154|DOID:10763|DOID:10825|DOID:10952|DOID:114|DOID:11482|DOID:115|DOID:117|DOID:118|DOID:11847|DOID:1287|DOID:1425|DOID:1787|DOID:2527|DOID:2921|DOID:3526|DOID:3953|DOID:557|DOID:5844|DOID:5854|DOID:6713|DOID:9408|DOID:987,NCBIGENE:1950|NCBIGENE:367|NCBIGENE:3758|NCBIGENE:3766|NCBIGENE:51176|NCBIGENE:5742|NCBIGENE:5972|NCBIGENE:8313,NC1=CC(=NC(N)=[N+]1[O-])N1CCCCC1
DB00695,CID000003440,80,Q13621|P00918|Q9HC97,P52209|P22309,PUBCHEM.COMPOUND:3440,DOID:10763|DOID:10825|DOID:11847|DOID:12678|DOID:12679|DOID:13189|DOID:13206|DOID:13948|DOID:1837|DOID:1920|DOID:2485|DOID:2883|DOID:2913|DOID:2983|DOID:4500|DOID:4989|DOID:5844|DOID:5854|DOID:6000|DOID:9074|DOID:9351|DOID:9408,NCBIGENE:1188|NCBIGENE:213|NCBIGENE:3586|NCBIGENE:3818|NCBIGENE:5054|NCBIGENE:54575|NCBIGENE:54576|NCBIGENE:54577|NCBIGENE:54659|NCBIGENE:551|NCBIGENE:5742|NCBIGENE:57468|NCBIGENE:5747|NCBIGENE:5972|NCBIGENE:6558|NCBIGENE:6560|NCBIGENE:6906|NCBIGENE:7123|NCBIGENE:7124|NCBIGENE:760|NCBIGENE:7809|NCBIGENE:9377|NCBIGENE:9622|NCBIGENE:9976,NS(=O)(=O)C1=C(Cl)C=C(NCC2=CC=CO2)C(=C1)C(O)=O
DB00300,CID005481350,81,Q72547|P24024,P54819|P27144,PUBCHEM.COMPOUND:5481350,DOID:0060262|DOID:10573|DOID:10609|DOID:1062|DOID:10952|DOID:12139|DOID:1229|DOID:1425|DOID:1470|DOID:1595|DOID:1596|DOID:1826|DOID:1883|DOID:2043|DOID:2527|DOID:2848|DOID:2921|DOID:3312|DOID:3650|DOID:409|DOID:4964|DOID:526|DOID:557|DOID:635|DOID:778|DOID:9452|DOID:9970,NCBIGENE:5741,[H][C@@](C)(CN1C=NC2=C(N)N=CN=C12)OCP(=O)(OCOC(=O)OC(C)C)OCOC(=O)OC(C)C
DB00091,CID000002909,82,P49069|Q96LZ3|P62937|P30405,P33261|P10635|P20815|P08684,PUBCHEM.COMPOUND:2909,,,CC[C@@H]1NC(=O)[C@H]([C@H](O)[C@H](C)C\C=C\C)N(C)C(=O)[C@H](C(C)C)N(C)C(=O)[C@H](CC(C)C)N(C)C(=O)[C@H](CC(C)C)N(C)C(=O)[C@@H](C)NC(=O)[C@H](C)NC(=O)[C@H](CC(C)C)N(C)C(=O)[C@@H](NC(=O)[C@H](CC(C)C)N(C)C(=O)CN(C)C1=O)C(C)C
DB00724,CID000057469,83,Q9NYK1|Q9NR97,P08684,PUBCHEM.COMPOUND:57469,DOID:0060281|DOID:11165|DOID:11168|DOID:11684|DOID:3149|DOID:3159|DOID:37|DOID:417|DOID:6498|DOID:6688|DOID:6945|DOID:8866,NCBIGENE:3443|NCBIGENE:3445|NCBIGENE:3565|NCBIGENE:3576|NCBIGENE:51284|NCBIGENE:54106|NCBIGENE:6401|NCBIGENE:7124|NCBIGENE:836|NCBIGENE:942,CC(C)CN1C=NC2=C1C1=C(C=CC=C1)N=C2N
DB00343,CID000003075,84,Q13936|Q06432,P08684|P20815|P24462|P33261|P10635|P10632,PUBCHEM.COMPOUND:3075,,,COC1=CC=C(C=C1)[C@@H]1SC2=C(C=CC=C2)N(CCN(C)C)C(=O)[C@@H]1OC(C)=O
DB01020,CID000027661,85,P33402,P09488|P47989|P11766,PUBCHEM.COMPOUND:27661,DOID:0050700|DOID:11847|DOID:11984|DOID:12361|DOID:12932|DOID:2355|DOID:2361|DOID:5844|DOID:5854|DOID:7997|DOID:7998|DOID:9408,NCBIGENE:4881|NCBIGENE:796,[H][C@]12OC[C@@H](O[N+]([O-])=O)[C@@]1([H])OC[C@@H]2O
DB14577,CID000000271,86,,,PUBCHEM.COMPOUND:271,,NCBIGENE:100|NCBIGENE:1000|NCBIGENE:10003|NCBIGENE:1001|NCBIGENE:10013|NCBIGENE:100137049|NCBIGENE:10014|NCBIGENE:10016|NCBIGENE:10020|NCBIGENE:1003|NCBIGENE:1004|NCBIGENE:100463486|NCBIGENE:100526693|NCBIGENE:1006|NCBIGENE:1007|NCBIGENE:1008|NCBIGENE:10085|NCBIGENE:1009|NCBIGENE:10093|NCBIGENE:10094|NCBIGENE:10096|NCBIGENE:10097|NCBIGENE:100996758|NCBIGENE:101|NCBIGENE:1010|NCBIGENE:10109|NCBIGENE:10125|NCBIGENE:1013|NCBIGENE:10136|NCBIGENE:10142|NCBIGENE:1015|NCBIGENE:10154|NCBIGENE:10157|NCBIGENE:10162|NCBIGENE:10174|NCBIGENE:102|NCBIGENE:1021|NCBIGENE:10219|NCBIGENE:10235|NCBIGENE:10266|NCBIGENE:10316|NCBIGENE:10332|NCBIGENE:10367|NCBIGENE:10368|NCBIGENE:10369|NCBIGENE:10371|NCBIGENE:10398|NCBIGENE:10423|NCBIGENE:10461|NCBIGENE:10497|NCBIGENE:105379861|NCBIGENE:10542|NCBIGENE:10544|NCBIGENE:10552|NCBIGENE:10555|NCBIGENE:10563|NCBIGENE:10565|NCBIGENE:10591|NCBIGENE:10636|NCBIGENE:10645|NCBIGENE:10675|NCBIGENE:1069|NCBIGENE:107|NCBIGENE:10747|NCBIGENE:10753|NCBIGENE:108|NCBIGENE:1080|NCBIGENE:10803|NCBIGENE:10850|NCBIGENE:10874|NCBIGENE:10886|NCBIGENE:10887|NCBIGENE:10891|NCBIGENE:10892|NCBIGENE:10894|NCBIGENE:109|NCBIGENE:10905|NCBIGENE:10960|NCBIGENE:11020|NCBIGENE:11021|NCBIGENE:11069|NCBIGENE:11096|NCBIGENE:111|NCBIGENE:1119|NCBIGENE:11197|NCBIGENE:112|NCBIGENE:1120|NCBIGENE:11201|NCBIGENE:11202|NCBIGENE:11251|NCBIGENE:11252|NCBIGENE:11253|NCBIGENE:11255|NCBIGENE:11260|NCBIGENE:11261|NCBIGENE:112744|NCBIGENE:112755|NCBIGENE:1128|NCBIGENE:11284|NCBIGENE:1131|NCBIGENE:1132|NCBIGENE:11326|NCBIGENE:1133|NCBIGENE:11330|NCBIGENE:11344|NCBIGENE:114|NCBIGENE:114805|NCBIGENE:114836|NCBIGENE:115|NCBIGENE:1152|NCBIGENE:115557|NCBIGENE:1158|NCBIGENE:117144|NCBIGENE:1179|NCBIGENE:118429|NCBIGENE:1193|NCBIGENE:1200|NCBIGENE:1208|NCBIGENE:122042|NCBIGENE:122618|NCBIGENE:1230|NCBIGENE:123041|NCBIGENE:1232|NCBIGENE:1233|NCBIGENE:1234|NCBIGENE:1236|NCBIGENE:1237|NCBIGENE:123745|NCBIGENE:124583|NCBIGENE:1258|NCBIGENE:1259|NCBIGENE:1260|NCBIGENE:1262|NCBIGENE:1269|NCBIGENE:1281|NCBIGENE:1282|NCBIGENE:1284|NCBIGENE:128674|NCBIGENE:1287|NCBIGENE:129521|NCBIGENE:1311|NCBIGENE:1312|NCBIGENE:1329|NCBIGENE:132949|NCBIGENE:1339|NCBIGENE:1340|NCBIGENE:1346|NCBIGENE:134637|NCBIGENE:1349|NCBIGENE:1356|NCBIGENE:1357|NCBIGENE:1361|NCBIGENE:1363|NCBIGENE:137964|NCBIGENE:1385|NCBIGENE:1386|NCBIGENE:139760|NCBIGENE:1398|NCBIGENE:1401|NCBIGENE:140738|NCBIGENE:140803|NCBIGENE:140838|NCBIGENE:1435|NCBIGENE:1445|NCBIGENE:1453|NCBIGENE:146|NCBIGENE:1462|NCBIGENE:1463|NCBIGENE:1464|NCBIGENE:146802|NCBIGENE:147|NCBIGENE:148|NCBIGENE:1495|NCBIGENE:150|NCBIGENE:1504|NCBIGENE:150465|NCBIGENE:1506|NCBIGENE:1511|NCBIGENE:1513|NCBIGENE:152|NCBIGENE:1525|NCBIGENE:153642|NCBIGENE:1537|NCBIGENE:154141|NCBIGENE:156|NCBIGENE:157855|NCBIGENE:158158|NCBIGENE:1630|NCBIGENE:1633|NCBIGENE:1634|NCBIGENE:163688|NCBIGENE:1642|NCBIGENE:164633|NCBIGENE:165140|NCBIGENE:1674|NCBIGENE:170572|NCBIGENE:170591|NCBIGENE:1719|NCBIGENE:173|NCBIGENE:174|NCBIGENE:1756|NCBIGENE:1808|NCBIGENE:1813|NCBIGENE:1814|NCBIGENE:1815|NCBIGENE:182|NCBIGENE:183|NCBIGENE:186|NCBIGENE:1901|NCBIGENE:1906|NCBIGENE:1907|NCBIGENE:1908|NCBIGENE:1909|NCBIGENE:1910|NCBIGENE:1946|NCBIGENE:1950|NCBIGENE:1956|NCBIGENE:196883|NCBIGENE:1990|NCBIGENE:1992|NCBIGENE:200909|NCBIGENE:2010|NCBIGENE:201475|NCBIGENE:2028|NCBIGENE:2042|NCBIGENE:2059|NCBIGENE:2060|NCBIGENE:2073|NCBIGENE:2091|NCBIGENE:2098|NCBIGENE:2113|NCBIGENE:2114|NCBIGENE:2119|NCBIGENE:213|NCBIGENE:2147|NCBIGENE:2149|NCBIGENE:2150|NCBIGENE:2151|NCBIGENE:2152|NCBIGENE:2153|NCBIGENE:2155|NCBIGENE:2157|NCBIGENE:2158|NCBIGENE:2159|NCBIGENE:2160|NCBIGENE:2161|NCBIGENE:2162|NCBIGENE:2165|NCBIGENE:219931|NCBIGENE:2200|NCBIGENE:2208|NCBIGENE:2210|NCBIGENE:2212|NCBIGENE:2214|NCBIGENE:221692|NCBIGENE:2219|NCBIGENE:2220|NCBIGENE:2224|NCBIGENE:222545|NCBIGENE:2243|NCBIGENE:2244|NCBIGENE:2257|NCBIGENE:2266|NCBIGENE:22802|NCBIGENE:2281|NCBIGENE:22854|NCBIGENE:22895|NCBIGENE:22901|NCBIGENE:22977|NCBIGENE:23019|NCBIGENE:23025|NCBIGENE:2308|NCBIGENE:23173|NCBIGENE:23208|NCBIGENE:23236|NCBIGENE:23265|NCBIGENE:23385|NCBIGENE:23413|NCBIGENE:23436|NCBIGENE:2346|NCBIGENE:23569|NCBIGENE:2359|NCBIGENE:23604|NCBIGENE:23620|NCBIGENE:23623|NCBIGENE:23624|NCBIGENE:23765|NCBIGENE:240|NCBIGENE:246243|NCBIGENE:247|NCBIGENE:2495|NCBIGENE:250|NCBIGENE:2512|NCBIGENE:2520|NCBIGENE:253558|NCBIGENE:254531|NCBIGENE:255231|NCBIGENE:255738|NCBIGENE:256933|NCBIGENE:257062|NCBIGENE:257313|NCBIGENE:25769|NCBIGENE:25780|NCBIGENE:2580|NCBIGENE:25801|NCBIGENE:25802|NCBIGENE:2581|NCBIGENE:25828|NCBIGENE:2587|NCBIGENE:25870|NCBIGENE:2588|NCBIGENE:2589|NCBIGENE:259197|NCBIGENE:259285|NCBIGENE:259286|NCBIGENE:259287|NCBIGENE:259289|NCBIGENE:259290|NCBIGENE:259292|NCBIGENE:259293|NCBIGENE:259294|NCBIGENE:259295|NCBIGENE:259296|NCBIGENE:26121|NCBIGENE:26133|NCBIGENE:2621|NCBIGENE:26253|NCBIGENE:2638|NCBIGENE:2641|NCBIGENE:2642|NCBIGENE:2646|NCBIGENE:2683|NCBIGENE:2688|NCBIGENE:2693|NCBIGENE:2694|NCBIGENE:2695|NCBIGENE:27010|NCBIGENE:27092|NCBIGENE:27199|NCBIGENE:27232|NCBIGENE:27289|NCBIGENE:27306|NCBIGENE:27334|NCBIGENE:27430|NCBIGENE:2764|NCBIGENE:2767|NCBIGENE:2769|NCBIGENE:2770|NCBIGENE:2771|NCBIGENE:2773|NCBIGENE:2774|NCBIGENE:2776|NCBIGENE:2778|NCBIGENE:2779|NCBIGENE:2780|NCBIGENE:2784|NCBIGENE:2796|NCBIGENE:2797|NCBIGENE:2798|NCBIGENE:2810|NCBIGENE:2811|NCBIGENE:2812|NCBIGENE:2815|NCBIGENE:2817|NCBIGENE:2820|NCBIGENE:28227|NCBIGENE:2826|NCBIGENE:2828|NCBIGENE:2829|NCBIGENE:2831|NCBIGENE:2832|NCBIGENE:2833|NCBIGENE:283420|NCBIGENE:283652|NCBIGENE:2837|NCBIGENE:283748|NCBIGENE:283869|NCBIGENE:284|NCBIGENE:2841|NCBIGENE:2847|NCBIGENE:285|NCBIGENE:285362|NCBIGENE:2862|NCBIGENE:2864|NCBIGENE:2865|NCBIGENE:2869|NCBIGENE:2879|NCBIGENE:2888|NCBIGENE:2897|NCBIGENE:2898|NCBIGENE:2902|NCBIGENE:2905|NCBIGENE:2906|NCBIGENE:2912|NCBIGENE:2913|NCBIGENE:2915|NCBIGENE:2916|NCBIGENE:2917|NCBIGENE:2918|NCBIGENE:2919|NCBIGENE:2920|NCBIGENE:2921|NCBIGENE:2922|NCBIGENE:2925|NCBIGENE:2926|NCBIGENE:2934|NCBIGENE:2950|NCBIGENE:2979|NCBIGENE:29796|NCBIGENE:29850|NCBIGENE:2986|NCBIGENE:29883|NCBIGENE:2992|NCBIGENE:29933|NCBIGENE:29957|NCBIGENE:3000|NCBIGENE:302|NCBIGENE:3053|NCBIGENE:306|NCBIGENE:3060|NCBIGENE:3065|NCBIGENE:3066|NCBIGENE:307|NCBIGENE:3075|NCBIGENE:3077|NCBIGENE:308|NCBIGENE:30818|NCBIGENE:30819|NCBIGENE:30827|NCBIGENE:30835|NCBIGENE:30846|NCBIGENE:309|NCBIGENE:3093|NCBIGENE:316|NCBIGENE:3161|NCBIGENE:3204|NCBIGENE:3208|NCBIGENE:3248|NCBIGENE:325|NCBIGENE:3269|NCBIGENE:3309|NCBIGENE:3320|NCBIGENE:3339|NCBIGENE:334|NCBIGENE:335|NCBIGENE:3350|NCBIGENE:3351|NCBIGENE:3354|NCBIGENE:3355|NCBIGENE:3357|NCBIGENE:3358|NCBIGENE:3359|NCBIGENE:3361|NCBIGENE:3375|NCBIGENE:338339|NCBIGENE:338398|NCBIGENE:338442|NCBIGENE:338557|NCBIGENE:339403|NCBIGENE:340061|NCBIGENE:340075|NCBIGENE:3418|NCBIGENE:3423|NCBIGENE:3425|NCBIGENE:3426|NCBIGENE:346562|NCBIGENE:347527|NCBIGENE:347732|NCBIGENE:3479|NCBIGENE:3480|NCBIGENE:3481|NCBIGENE:3483|NCBIGENE:3486|NCBIGENE:351|NCBIGENE:353|NCBIGENE:3549|NCBIGENE:3576|NCBIGENE:3577|NCBIGENE:3579|NCBIGENE:3596|NCBIGENE:3612|NCBIGENE:3613|NCBIGENE:3627|NCBIGENE:3631|NCBIGENE:3633|NCBIGENE:3643|NCBIGENE:3672|NCBIGENE:3674|NCBIGENE:3676|NCBIGENE:3678|NCBIGENE:3684|NCBIGENE:3685|NCBIGENE:3693|NCBIGENE:3695|NCBIGENE:3706|NCBIGENE:3708|NCBIGENE:3709|NCBIGENE:3710|NCBIGENE:3735|NCBIGENE:3751|NCBIGENE:3752|NCBIGENE:375790|NCBIGENE:3767|NCBIGENE:3785|NCBIGENE:3786|NCBIGENE:378807|NCBIGENE:3791|NCBIGENE:3799|NCBIGENE:3814|NCBIGENE:3816|NCBIGENE:3827|NCBIGENE:3832|NCBIGENE:3845|NCBIGENE:387332|NCBIGENE:388743|NCBIGENE:3906|NCBIGENE:3915|NCBIGENE:3925|NCBIGENE:3932|NCBIGENE:3949|NCBIGENE:3952|NCBIGENE:3998|NCBIGENE:4025|NCBIGENE:4035|NCBIGENE:4036|NCBIGENE:4038|NCBIGENE:4040|NCBIGENE:4043|NCBIGENE:4048|NCBIGENE:4056|NCBIGENE:4057|NCBIGENE:4069|NCBIGENE:408|NCBIGENE:410|NCBIGENE:411|NCBIGENE:4116|NCBIGENE:412|NCBIGENE:4121|NCBIGENE:4137|NCBIGENE:414|NCBIGENE:4153|NCBIGENE:4179|NCBIGENE:4205|NCBIGENE:4208|NCBIGENE:4209|NCBIGENE:4215|NCBIGENE:4240|NCBIGENE:4254|NCBIGENE:4283|NCBIGENE:4295|NCBIGENE:4312|NCBIGENE:4313|NCBIGENE:4314|NCBIGENE:4316|NCBIGENE:4317|NCBIGENE:4318|NCBIGENE:4319|NCBIGENE:432|NCBIGENE:4320|NCBIGENE:4322|NCBIGENE:4323|NCBIGENE:4325|NCBIGENE:4353|NCBIGENE:4363|NCBIGENE:440279|NCBIGENE:440387|NCBIGENE:4512|NCBIGENE:4513|NCBIGENE:4514|NCBIGENE:4519|NCBIGENE:4543|NCBIGENE:4544|NCBIGENE:4606|NCBIGENE:4607|NCBIGENE:462|NCBIGENE:4626|NCBIGENE:4627|NCBIGENE:4629|NCBIGENE:4632|NCBIGENE:4633|NCBIGENE:4635|NCBIGENE:4638|NCBIGENE:4644|NCBIGENE:4646|NCBIGENE:4669|NCBIGENE:4685|NCBIGENE:4773|NCBIGENE:4775|NCBIGENE:4803|NCBIGENE:4828|NCBIGENE:4829|NCBIGENE:4846|NCBIGENE:4848|NCBIGENE:4851|NCBIGENE:4853|NCBIGENE:486|NCBIGENE:4860|NCBIGENE:487|NCBIGENE:4878|NCBIGENE:488|NCBIGENE:4886|NCBIGENE:4887|NCBIGENE:489|NCBIGENE:4907|NCBIGENE:4922|NCBIGENE:4923|NCBIGENE:493|NCBIGENE:4951|NCBIGENE:4968|NCBIGENE:4985|NCBIGENE:4986|NCBIGENE:4987|NCBIGENE:4988|NCBIGENE:5020|NCBIGENE:5021|NCBIGENE:5023|NCBIGENE:5028|NCBIGENE:5029|NCBIGENE:5030|NCBIGENE:5037|NCBIGENE:50489|NCBIGENE:5049|NCBIGENE:5066|NCBIGENE:50831|NCBIGENE:50832|NCBIGENE:50833|NCBIGENE:50834|NCBIGENE:50835|NCBIGENE:50836|NCBIGENE:50837|NCBIGENE:50838|NCBIGENE:50839|NCBIGENE:50840|NCBIGENE:50846|NCBIGENE:50856|NCBIGENE:50865|NCBIGENE:51032|NCBIGENE:51083|NCBIGENE:51156|NCBIGENE:5122|NCBIGENE:5125|NCBIGENE:5126|NCBIGENE:51289|NCBIGENE:51377|NCBIGENE:51393|NCBIGENE:51412|NCBIGENE:5142|NCBIGENE:51426|NCBIGENE:5144|NCBIGENE:51552|NCBIGENE:51592|NCBIGENE:51668|NCBIGENE:5167|NCBIGENE:5168|NCBIGENE:51764|NCBIGENE:5179|NCBIGENE:51806|NCBIGENE:5196|NCBIGENE:5197|NCBIGENE:5216|NCBIGENE:523|NCBIGENE:5255|NCBIGENE:5256|NCBIGENE:5257|NCBIGENE:5261|NCBIGENE:5270|NCBIGENE:5286|NCBIGENE:5287|NCBIGENE:5290|NCBIGENE:5292|NCBIGENE:5311|NCBIGENE:5319|NCBIGENE:5321|NCBIGENE:5327|NCBIGENE:5330|NCBIGENE:5333|NCBIGENE:5335|NCBIGENE:5337|NCBIGENE:53371|NCBIGENE:5338|NCBIGENE:5339|NCBIGENE:53616|NCBIGENE:5362|NCBIGENE:53637|NCBIGENE:5367|NCBIGENE:5368|NCBIGENE:53829|NCBIGENE:5406|NCBIGENE:54205|NCBIGENE:5423|NCBIGENE:5426|NCBIGENE:5429|NCBIGENE:54331|NCBIGENE:54413|NCBIGENE:54429|NCBIGENE:5447|NCBIGENE:54518|NCBIGENE:54536|NCBIGENE:5467|NCBIGENE:5473|NCBIGENE:5478|NCBIGENE:5480|NCBIGENE:54822|NCBIGENE:54928|NCBIGENE:54959|NCBIGENE:55033|NCBIGENE:551|NCBIGENE:55110|NCBIGENE:5515|NCBIGENE:55170|NCBIGENE:5518|NCBIGENE:552|NCBIGENE:5523|NCBIGENE:55244|NCBIGENE:55288|NCBIGENE:5530|NCBIGENE:55300|NCBIGENE:5532|NCBIGENE:55326|NCBIGENE:5534|NCBIGENE:5535|NCBIGENE:55361|NCBIGENE:5540|NCBIGENE:55503|NCBIGENE:55576|NCBIGENE:55616|NCBIGENE:5566|NCBIGENE:5567|NCBIGENE:55676|NCBIGENE:5568|NCBIGENE:5576|NCBIGENE:5577|NCBIGENE:55770|NCBIGENE:5578|NCBIGENE:5579|NCBIGENE:55799|NCBIGENE:558|NCBIGENE:5581|NCBIGENE:55811|NCBIGENE:5582|NCBIGENE:5583|NCBIGENE:55845|NCBIGENE:55869|NCBIGENE:5588|NCBIGENE:55907|NCBIGENE:5592|NCBIGENE:5593|NCBIGENE:5594|NCBIGENE:5595|NCBIGENE:5604|NCBIGENE:5617|NCBIGENE:5624|NCBIGENE:5627|NCBIGENE:56302|NCBIGENE:5644|NCBIGENE:5646|NCBIGENE:56477|NCBIGENE:56479|NCBIGENE:5648|NCBIGENE:5649|NCBIGENE:5650|NCBIGENE:5652|NCBIGENE:5660|NCBIGENE:5663|NCBIGENE:56670|NCBIGENE:567|NCBIGENE:56895|NCBIGENE:56907|NCBIGENE:56923|NCBIGENE:56952|NCBIGENE:5697|NCBIGENE:57007|NCBIGENE:57010|NCBIGENE:57026|NCBIGENE:57105|NCBIGENE:57113|NCBIGENE:57121|NCBIGENE:57134|NCBIGENE:57172|NCBIGENE:57180|NCBIGENE:57192|NCBIGENE:5726|NCBIGENE:5731|NCBIGENE:5733|NCBIGENE:5737|NCBIGENE:5741|NCBIGENE:57413|NCBIGENE:57419|NCBIGENE:5747|NCBIGENE:57488|NCBIGENE:57496|NCBIGENE:57551|NCBIGENE:5756|NCBIGENE:57591|NCBIGENE:57620|NCBIGENE:57689|NCBIGENE:57697|NCBIGENE:5770|NCBIGENE:57828|NCBIGENE:5798|NCBIGENE:58|NCBIGENE:5816|NCBIGENE:58191|NCBIGENE:5832|NCBIGENE:5834|NCBIGENE:5836|NCBIGENE:5837|NCBIGENE:586|NCBIGENE:587|NCBIGENE:5874|NCBIGENE:5876|NCBIGENE:5879|NCBIGENE:5881|NCBIGENE:5894|NCBIGENE:590|NCBIGENE:5908|NCBIGENE:5923|NCBIGENE:5924|NCBIGENE:5928|NCBIGENE:59283|NCBIGENE:59285|NCBIGENE:59340|NCBIGENE:594857|NCBIGENE:5957|NCBIGENE:5996|NCBIGENE:5997|NCBIGENE:5999|NCBIGENE:6000|NCBIGENE:6001|NCBIGENE:6010|NCBIGENE:6011|NCBIGENE:60412|NCBIGENE:60675|NCBIGENE:619373|NCBIGENE:623|NCBIGENE:6233|NCBIGENE:6236|NCBIGENE:6261|NCBIGENE:6262|NCBIGENE:6263|NCBIGENE:6271|NCBIGENE:6273|NCBIGENE:6280|NCBIGENE:6282|NCBIGENE:6283|NCBIGENE:6285|NCBIGENE:6286|NCBIGENE:6295|NCBIGENE:6303|NCBIGENE:63036|NCBIGENE:632|NCBIGENE:633|NCBIGENE:6347|NCBIGENE:6363|NCBIGENE:6364|NCBIGENE:6366|NCBIGENE:6370|NCBIGENE:6372|NCBIGENE:6373|NCBIGENE:6374|NCBIGENE:6375|NCBIGENE:63827|NCBIGENE:6387|NCBIGENE:6401|NCBIGENE:6402|NCBIGENE:6403|NCBIGENE:6406|NCBIGENE:64072|NCBIGENE:641|NCBIGENE:64101|NCBIGENE:64106|NCBIGENE:64172|NCBIGENE:6419|NCBIGENE:643|NCBIGENE:64399|NCBIGENE:64407|NCBIGENE:6441|NCBIGENE:6448|NCBIGENE:6453|NCBIGENE:6456|NCBIGENE:6462|NCBIGENE:6469|NCBIGENE:64805|NCBIGENE:64854|NCBIGENE:64895|NCBIGENE:64924|NCBIGENE:6519|NCBIGENE:653509|NCBIGENE:6543|NCBIGENE:6547|NCBIGENE:6548|NCBIGENE:6590|NCBIGENE:6616|NCBIGENE:6622|NCBIGENE:6626|NCBIGENE:6647|NCBIGENE:6678|NCBIGENE:6690|NCBIGENE:6709|NCBIGENE:6711|NCBIGENE:6750|NCBIGENE:6751|NCBIGENE:6752|NCBIGENE:6754|NCBIGENE:6755|NCBIGENE:6790|NCBIGENE:6793|NCBIGENE:6804|NCBIGENE:6812|NCBIGENE:684|NCBIGENE:6843|NCBIGENE:6844|NCBIGENE:6846|NCBIGENE:6853|NCBIGENE:6857|NCBIGENE:6860|NCBIGENE:6861|NCBIGENE:6863|NCBIGENE:6865|NCBIGENE:6868|NCBIGENE:6869|NCBIGENE:6870|NCBIGENE:6877|NCBIGENE:6885|NCBIGENE:6906|NCBIGENE:6915|NCBIGENE:6947|NCBIGENE:70|NCBIGENE:7010|NCBIGENE:7018|NCBIGENE:7035|NCBIGENE:7037|NCBIGENE:7039|NCBIGENE:7040|NCBIGENE:7045|NCBIGENE:7053|NCBIGENE:7056|NCBIGENE:7058|NCBIGENE:7074|NCBIGENE:7076|NCBIGENE:7077|NCBIGENE:7088|NCBIGENE:7094|NCBIGENE:7111|NCBIGENE:712|NCBIGENE:7123|NCBIGENE:7125|NCBIGENE:713|NCBIGENE:7130|NCBIGENE:7134|NCBIGENE:7137|NCBIGENE:7138|NCBIGENE:7140|NCBIGENE:7157|NCBIGENE:7167|NCBIGENE:7170|NCBIGENE:718|NCBIGENE:719|NCBIGENE:7200|NCBIGENE:7204|NCBIGENE:7222|NCBIGENE:7224|NCBIGENE:7225|NCBIGENE:727|NCBIGENE:7276|NCBIGENE:728|NCBIGENE:729|NCBIGENE:729230|NCBIGENE:729238|NCBIGENE:7295|NCBIGENE:7296|NCBIGENE:731|NCBIGENE:7311|NCBIGENE:732|NCBIGENE:7322|NCBIGENE:733|NCBIGENE:7372|NCBIGENE:7376|NCBIGENE:7384|NCBIGENE:7385|NCBIGENE:7386|NCBIGENE:7388|NCBIGENE:7414|NCBIGENE:7436|NCBIGENE:744|NCBIGENE:7450|NCBIGENE:7498|NCBIGENE:7511|NCBIGENE:758|NCBIGENE:773|NCBIGENE:775|NCBIGENE:776|NCBIGENE:777|NCBIGENE:778|NCBIGENE:779|NCBIGENE:7804|NCBIGENE:781|NCBIGENE:782|NCBIGENE:783|NCBIGENE:784|NCBIGENE:785|NCBIGENE:7852|NCBIGENE:786|NCBIGENE:7874|NCBIGENE:7884|NCBIGENE:790|NCBIGENE:79054|NCBIGENE:795|NCBIGENE:796|NCBIGENE:79642|NCBIGENE:7980|NCBIGENE:79802|NCBIGENE:79820|NCBIGENE:79888|NCBIGENE:800|NCBIGENE:80010|NCBIGENE:80036|NCBIGENE:801|NCBIGENE:80271|NCBIGENE:8029|NCBIGENE:80332|NCBIGENE:80333|NCBIGENE:805|NCBIGENE:808|NCBIGENE:810|NCBIGENE:81035|NCBIGENE:811|NCBIGENE:8111|NCBIGENE:814|NCBIGENE:815|NCBIGENE:81551|NCBIGENE:81562|NCBIGENE:816|NCBIGENE:817|NCBIGENE:818|NCBIGENE:81889|NCBIGENE:821|NCBIGENE:8226|NCBIGENE:824|NCBIGENE:825|NCBIGENE:826|NCBIGENE:831|NCBIGENE:8398|NCBIGENE:8399|NCBIGENE:84109|NCBIGENE:84152|NCBIGENE:84223|NCBIGENE:84254|NCBIGENE:84305|NCBIGENE:844|NCBIGENE:84432|NCBIGENE:84433|NCBIGENE:84439|NCBIGENE:84501|NCBIGENE:84539|NCBIGENE:846|NCBIGENE:84628|NCBIGENE:84634|NCBIGENE:84693|NCBIGENE:84701|NCBIGENE:8473|NCBIGENE:8477|NCBIGENE:84812|NCBIGENE:8484|NCBIGENE:84868|NCBIGENE:84929|NCBIGENE:8520|NCBIGENE:8547|NCBIGENE:85477|NCBIGENE:8557|NCBIGENE:857|NCBIGENE:86|NCBIGENE:8601|NCBIGENE:8620|NCBIGENE:8639|NCBIGENE:867|NCBIGENE:868|NCBIGENE:8681|NCBIGENE:8698|NCBIGENE:8704|NCBIGENE:8751|NCBIGENE:8795|NCBIGENE:8811|NCBIGENE:8828|NCBIGENE:8829|NCBIGENE:8833|NCBIGENE:8841|NCBIGENE:8843|NCBIGENE:886|NCBIGENE:8867|NCBIGENE:887|NCBIGENE:8871|NCBIGENE:8908|NCBIGENE:891|NCBIGENE:8911|NCBIGENE:8912|NCBIGENE:8913|NCBIGENE:8972|NCBIGENE:8976|NCBIGENE:8989|NCBIGENE:89941|NCBIGENE:8997|NCBIGENE:9002|NCBIGENE:90268|NCBIGENE:9112|NCBIGENE:9124|NCBIGENE:9132|NCBIGENE:914|NCBIGENE:91442|NCBIGENE:91734|NCBIGENE:9177|NCBIGENE:9184|NCBIGENE:9187|NCBIGENE:919|NCBIGENE:92291|NCBIGENE:9254|NCBIGENE:9294|NCBIGENE:9344|NCBIGENE:93589|NCBIGENE:9373|NCBIGENE:9377|NCBIGENE:9378|NCBIGENE:9379|NCBIGENE:9391|NCBIGENE:94233|NCBIGENE:9444|NCBIGENE:9445|NCBIGENE:9478|NCBIGENE:9507|NCBIGENE:9512|NCBIGENE:952|NCBIGENE:9535|NCBIGENE:954|NCBIGENE:9564|NCBIGENE:9572|NCBIGENE:960|NCBIGENE:9611|NCBIGENE:9626|NCBIGENE:9628|NCBIGENE:9630|NCBIGENE:9635|NCBIGENE:9734|NCBIGENE:9749|NCBIGENE:9814|NCBIGENE:983|NCBIGENE:9934|NCBIGENE:999,[Ca++]
DB00612,CID000002405,87,P08588|P07550,P08684,PUBCHEM.COMPOUND:2405,DOID:0050771|DOID:0060262|DOID:10021|DOID:10154|DOID:10300|DOID:10763|DOID:10825|DOID:10952|DOID:117|DOID:12139|DOID:12550|DOID:12678|DOID:12679|DOID:13189|DOID:13413|DOID:13543|DOID:13884|DOID:1425|DOID:1470|DOID:1595|DOID:1596|DOID:1837|DOID:1920|DOID:2383|DOID:2485|DOID:2527|DOID:2841|DOID:2848|DOID:2913|DOID:2921|DOID:2983|DOID:3341|DOID:3669|DOID:3953|DOID:409|DOID:437|DOID:4398|DOID:4500|DOID:4964|DOID:4989|DOID:557|DOID:8893|DOID:9074|DOID:9088|DOID:9351|DOID:9360|DOID:9415,NCBIGENE:153|NCBIGENE:154|NCBIGENE:1565|NCBIGENE:1576|NCBIGENE:5972,CC(C)NCC(O)COC1=CC=C(COCCOC(C)C)C=C1
DB00829,CID000003016,88,,P11712|P24462|P08684|P33261|P20815|P20813|P23219|P33260|P10632,PUBCHEM.COMPOUND:3016,DOID:0050848|DOID:0060262|DOID:0060731|DOID:1067|DOID:10915|DOID:12139|DOID:13550|DOID:1405|DOID:14320|DOID:14445|DOID:1470|DOID:1595|DOID:1596|DOID:1824|DOID:1826|DOID:2030|DOID:2848|DOID:302|DOID:303|DOID:409|DOID:437|DOID:4964|DOID:850,NCBIGENE:1325|NCBIGENE:1557|NCBIGENE:1576|NCBIGENE:1577|NCBIGENE:213|NCBIGENE:2247|NCBIGENE:2353|NCBIGENE:2557|NCBIGENE:2558|NCBIGENE:2559|NCBIGENE:2560|NCBIGENE:2561|NCBIGENE:2563|NCBIGENE:2564|NCBIGENE:2565|NCBIGENE:2566|NCBIGENE:2569|NCBIGENE:2570|NCBIGENE:3600|NCBIGENE:43|NCBIGENE:5617|NCBIGENE:590|NCBIGENE:801|NCBIGENE:805|NCBIGENE:808|NCBIGENE:9360|NCBIGENE:9407,CN1C2=C(C=C(Cl)C=C2)C(=NCC1=O)C1=CC=CC=C1
DB01110,CID000004189,89,P10613|P29474|P35228|O75469,P11712|P33261|P11509|P05181|P08684|P20813|P10635|P10632|P15538|Q16850|P11511,PUBCHEM.COMPOUND:4189,DOID:0060262|DOID:0080161|DOID:12179|DOID:2272|DOID:409|DOID:9060,NCBIGENE:1038|NCBIGENE:1557|NCBIGENE:1559|NCBIGENE:1576|NCBIGENE:1595|NCBIGENE:27094|NCBIGENE:27345|NCBIGENE:3757|NCBIGENE:3779|NCBIGENE:3783|NCBIGENE:4843|NCBIGENE:4846|NCBIGENE:81033|NCBIGENE:90134,ClC1=CC(Cl)=C(COC(CN2C=CN=C2)C2=C(Cl)C=C(Cl)C=C2)C=C1
DB00762,CID000003750,90,Q969P6|P11387,P08684|P20815|P20813|P24462|P22309|O60656|P23141|O00748|P06276,PUBCHEM.COMPOUND:3750,,,CCC1=C2CN3C(=CC4=C(COC(=O)[C@]4(O)CC)C3=O)C2=NC2=CC=C(OC(=O)N3CCC(CC3)N3CCCCC3)C=C12
DB01229,CID000004666,91,Q9H4B7|P10415|P27816|P11137|P10636|O75469,P08684|P20815|P24462|P11511|Q16678|P10632,PUBCHEM.COMPOUND:4666,,NCBIGENE:10383|NCBIGENE:11004|NCBIGENE:1437|NCBIGENE:1500|NCBIGENE:1576|NCBIGENE:22924|NCBIGENE:3553|NCBIGENE:3586|NCBIGENE:4137|NCBIGENE:4313|NCBIGENE:4843|NCBIGENE:5328|NCBIGENE:54205|NCBIGENE:5743|NCBIGENE:5770|NCBIGENE:7124|NCBIGENE:7474|NCBIGENE:762|NCBIGENE:79823|NCBIGENE:8837|NCBIGENE:983|NCBIGENE:999,[H][C@]12[C@H](OC(=O)C3=CC=CC=C3)[C@]3(O)C[C@H](OC(=O)[C@H](O)[C@@H](NC(=O)C4=CC=CC=C4)C4=CC=CC=C4)C(C)=C([C@@H](OC(C)=O)C(=O)[C@]1(C)[C@@H](O)C[C@H]1OC[C@@]21OC(C)=O)C3(C)C
DB00916,CID000004173,92,O25608,P10632|P22309|P11509|P20815|P24462|P11712|P08684,PUBCHEM.COMPOUND:4173,DOID:0050590|DOID:0050741|DOID:0060262|DOID:1002|DOID:10095|DOID:10718|DOID:10952|DOID:1227|DOID:1247|DOID:12987|DOID:13189|DOID:1389|DOID:1393|DOID:1425|DOID:14555|DOID:1574|DOID:1826|DOID:1837|DOID:1891|DOID:1947|DOID:2170|DOID:2273|DOID:2527|DOID:2921|DOID:3385|DOID:381|DOID:3901|DOID:409|DOID:4562|DOID:557|DOID:574|DOID:6000|DOID:615|DOID:74|DOID:813|DOID:870|DOID:8881|DOID:9351|DOID:936,NCBIGENE:1595|NCBIGENE:9407|NCBIGENE:965,CC1=NC=C(N1CCO)[N+]([O-])=O
DB00523,CID000005538,93,P10276|P19793|P10826|P28702|P13631|P48443|P17936|Q15238|Q6V0L0,,PUBCHEM.COMPOUND:5538,,NCBIGENE:1019|NCBIGENE:1044|NCBIGENE:1045|NCBIGENE:10481|NCBIGENE:1050|NCBIGENE:1051|NCBIGENE:1053|NCBIGENE:10550|NCBIGENE:10562|NCBIGENE:10743|NCBIGENE:10803|NCBIGENE:10863|NCBIGENE:1103|NCBIGENE:11061|NCBIGENE:11096|NCBIGENE:1230|NCBIGENE:1293|NCBIGENE:1381|NCBIGENE:1385|NCBIGENE:139324|NCBIGENE:140628|NCBIGENE:1440|NCBIGENE:1482|NCBIGENE:1490|NCBIGENE:1499|NCBIGENE:1509|NCBIGENE:1536|NCBIGENE:1544|NCBIGENE:1581|NCBIGENE:1592|NCBIGENE:1839|NCBIGENE:1843|NCBIGENE:19|NCBIGENE:190|NCBIGENE:1956|NCBIGENE:1958|NCBIGENE:1999|NCBIGENE:2056|NCBIGENE:2122|NCBIGENE:2146|NCBIGENE:216|NCBIGENE:2171|NCBIGENE:2192|NCBIGENE:2290|NCBIGENE:22933|NCBIGENE:2308|NCBIGENE:2312|NCBIGENE:2353|NCBIGENE:23586|NCBIGENE:238|NCBIGENE:24138|NCBIGENE:250|NCBIGENE:251|NCBIGENE:2526|NCBIGENE:25818|NCBIGENE:26257|NCBIGENE:2627|NCBIGENE:2668|NCBIGENE:2697|NCBIGENE:27043|NCBIGENE:27250|NCBIGENE:286|NCBIGENE:290|NCBIGENE:29078|NCBIGENE:29785|NCBIGENE:30009|NCBIGENE:3082|NCBIGENE:3110|NCBIGENE:3169|NCBIGENE:330|NCBIGENE:3309|NCBIGENE:338|NCBIGENE:3383|NCBIGENE:3416|NCBIGENE:3458|NCBIGENE:3479|NCBIGENE:348|NCBIGENE:3486|NCBIGENE:3487|NCBIGENE:3488|NCBIGENE:3489|NCBIGENE:3558|NCBIGENE:3565|NCBIGENE:3567|NCBIGENE:3570|NCBIGENE:3576|NCBIGENE:3586|NCBIGENE:3596|NCBIGENE:360|NCBIGENE:3600|NCBIGENE:3605|NCBIGENE:362|NCBIGENE:3627|NCBIGENE:3659|NCBIGENE:366|NCBIGENE:3667|NCBIGENE:367|NCBIGENE:3684|NCBIGENE:3713|NCBIGENE:3725|NCBIGENE:3815|NCBIGENE:3875|NCBIGENE:3921|NCBIGENE:3937|NCBIGENE:3953|NCBIGENE:4000|NCBIGENE:4052|NCBIGENE:4067|NCBIGENE:4208|NCBIGENE:4211|NCBIGENE:4254|NCBIGENE:4288|NCBIGENE:4313|NCBIGENE:4316|NCBIGENE:4318|NCBIGENE:4320|NCBIGENE:4485|NCBIGENE:4487|NCBIGENE:4613|NCBIGENE:4656|NCBIGENE:472|NCBIGENE:4739|NCBIGENE:4741|NCBIGENE:4807|NCBIGENE:4868|NCBIGENE:4902|NCBIGENE:4908|NCBIGENE:4915|NCBIGENE:4953|NCBIGENE:5015|NCBIGENE:5028|NCBIGENE:5029|NCBIGENE:5054|NCBIGENE:5075|NCBIGENE:50943|NCBIGENE:50964|NCBIGENE:5327|NCBIGENE:5328|NCBIGENE:5340|NCBIGENE:538|NCBIGENE:5420|NCBIGENE:5447|NCBIGENE:5460|NCBIGENE:55512|NCBIGENE:5594|NCBIGENE:5621|NCBIGENE:566|NCBIGENE:56603|NCBIGENE:56925|NCBIGENE:57105|NCBIGENE:5728|NCBIGENE:5730|NCBIGENE:5741|NCBIGENE:5742|NCBIGENE:5743|NCBIGENE:5894|NCBIGENE:590|NCBIGENE:5914|NCBIGENE:5915|NCBIGENE:5917|NCBIGENE:5918|NCBIGENE:5920|NCBIGENE:5925|NCBIGENE:5947|NCBIGENE:5948|NCBIGENE:595|NCBIGENE:6256|NCBIGENE:6258|NCBIGENE:6286|NCBIGENE:632|NCBIGENE:6347|NCBIGENE:6469|NCBIGENE:64781|NCBIGENE:650|NCBIGENE:652|NCBIGENE:653361|NCBIGENE:655|NCBIGENE:6657|NCBIGENE:6662|NCBIGENE:6688|NCBIGENE:6693|NCBIGENE:6887|NCBIGENE:7020|NCBIGENE:7026|NCBIGENE:7037|NCBIGENE:7040|NCBIGENE:7042|NCBIGENE:7043|NCBIGENE:7047|NCBIGENE:7056|NCBIGENE:7057|NCBIGENE:7097|NCBIGENE:7098|NCBIGENE:7124|NCBIGENE:7157|NCBIGENE:7222|NCBIGENE:7350|NCBIGENE:7351|NCBIGENE:7412|NCBIGENE:7474|NCBIGENE:7799|NCBIGENE:8029|NCBIGENE:836|NCBIGENE:8431|NCBIGENE:8660|NCBIGENE:874|NCBIGENE:8751|NCBIGENE:8854|NCBIGENE:894|NCBIGENE:9052|NCBIGENE:9314|NCBIGENE:9407|NCBIGENE:949|NCBIGENE:950|NCBIGENE:952|NCBIGENE:9536|NCBIGENE:958|NCBIGENE:9636|NCBIGENE:973|NCBIGENE:983|NCBIGENE:9927|NCBIGENE:999,C\C(\C=C\C1=C(C)CCCC1(C)C)=C\C=C\C(\C)=C\C(O)=O
DB00959,CID000004159,94,P04150|P04083,P08684|P11509|Q16678|P20813|P10632|P33261|P11712,PUBCHEM.COMPOUND:4159,,,[H][C@@]12CC[C@](O)(C(=O)CO)[C@@]1(C)C[C@H](O)[C@@]1([H])[C@@]2([H])C[C@H](C)C2=CC(=O)C=C[C@]12C
CID005311297,CID005311297,95,,,PUBCHEM.COMPOUND:5311297,,,CC(C)(C1=CC=CC=C1CC[C@H](C2=CC=CC(=C2)/C=C/C3=NC4=C(C=CC(=C4)Cl)C=C3)S)O
DB00908,CID000001065,96,Q14524|O00180|Q9Y257|Q12809|P35348|P35368|P25100,P08684|P24462|P10635|P05177|P05181|P04798|P20813|P11712|P10632,PUBCHEM.COMPOUND:1065,,,[H][C@@]12CCN(C[C@@H]1C=C)[C@]([H])(C2)[C@@H](O)C1=C2C=C(OC)C=CC2=NC=C1
DB13919,CID000002541,97,P30556,P10632|P11712|P35503|P23219,PUBCHEM.COMPOUND:2541,,NCBIGENE:1490|NCBIGENE:1585|NCBIGENE:183|NCBIGENE:186|NCBIGENE:2281|NCBIGENE:4846|NCBIGENE:5054|NCBIGENE:5972|NCBIGENE:7040|NCBIGENE:7099|NCBIGENE:7124|NCBIGENE:7423,CCOC1=NC2=CC=CC(C(O)=O)=C2N1CC1=CC=C(C=C1)C1=CC=CC=C1C1=NN=NN1
DB01136,CID000002585,98,P08588|P35348|O95298|P07550|P15692|P16860|P17302|Q12809|P19320|P25100|P35368|P18825|P18089|P08913|P16581|Q16665|P48050|P63252,P05177|P08684|P04798|P05181|P22309|P06133|P16662|P11712|P10635|P47989,PUBCHEM.COMPOUND:2585,DOID:10763|DOID:10825|DOID:13884|DOID:1837|DOID:2841|DOID:3669|DOID:6132|DOID:9351|DOID:9360|DOID:9415,NCBIGENE:1277|NCBIGENE:1281|NCBIGENE:1401|NCBIGENE:146|NCBIGENE:147|NCBIGENE:148|NCBIGENE:150|NCBIGENE:152|NCBIGENE:153|NCBIGENE:154|NCBIGENE:155|NCBIGENE:1565|NCBIGENE:183|NCBIGENE:2697|NCBIGENE:3350|NCBIGENE:3357|NCBIGENE:3458|NCBIGENE:3757|NCBIGENE:4313|NCBIGENE:4718|NCBIGENE:4879|NCBIGENE:5972|NCBIGENE:6262|NCBIGENE:6401|NCBIGENE:6696|NCBIGENE:7363|NCBIGENE:7364|NCBIGENE:7412,COC1=CC=CC=C1OCCNCC(O)COC1=CC=CC2=C1C1=CC=CC=C1N2
DB00540,CID000004543,99,P23975|P31645|P28223|P08908|P35367|P35348|P25100|P28335|P35368|P14416|P08909,P10635|P08684|P05177|P33261|P20815|P05181,PUBCHEM.COMPOUND:4543,DOID:0050741|DOID:1067|DOID:1074|DOID:11847|DOID:12139|DOID:12361|DOID:13206|DOID:1470|DOID:1574|DOID:1595|DOID:1596|DOID:1686|DOID:1826|DOID:2848|DOID:2883|DOID:3526|DOID:4676|DOID:4964|DOID:5844|DOID:5854|DOID:6713|DOID:7997|DOID:7998|DOID:9408,NCBIGENE:10857|NCBIGENE:1128|NCBIGENE:1131|NCBIGENE:1132|NCBIGENE:1133|NCBIGENE:146|NCBIGENE:147|NCBIGENE:148|NCBIGENE:150|NCBIGENE:153|NCBIGENE:1544|NCBIGENE:1557|NCBIGENE:1558|NCBIGENE:1565|NCBIGENE:1576|NCBIGENE:1577|NCBIGENE:1813|NCBIGENE:2784|NCBIGENE:3269|NCBIGENE:3350|NCBIGENE:3358|NCBIGENE:3362|NCBIGENE:627|NCBIGENE:6530|NCBIGENE:6531|NCBIGENE:6532,CNCCC=C1C2=CC=CC=C2CCC2=CC=CC=C12
DB01083,CID000004599,100,P16233|P07098|P49327,P08684|P47712|P49327,PUBCHEM.COMPOUND:4599,,,CCCCCCCCCCC[C@@H](C[C@@H]1OC(=O)[C@H]1CCCCCC)OC(=O)[C@H](CC(C)C)NC=O
DB19378,CID000019090,101,,,PUBCHEM.COMPOUND:19090,,NCBIGENE:5241,CC1=C[C@@H]2[C@H](CC[C@]3([C@H]2CC[C@@]3(C(=O)C)O)C)[C@@]4(C1=CC(=O)CC4)C
DB00741,CID000003640,102,P04150|P04083,P08684|P20815|P24462|P15538|P19099|P10632|P51857|P31213|P80365|P28845|P11509|Q16678|P20813|P11712|P33261,PUBCHEM.COMPOUND:3640,,NCBIGENE:1584,[H][C@@]12CC[C@](O)(C(=O)CO)[C@@]1(C)C[C@H](O)[C@@]1([H])[C@@]2([H])CCC2=CC(=O)CC[C@]12C
DB01036,CID000005512,103,P20309|P08172|P08912|P11229|P08173,P11712|P33261|P10635|P08684,PUBCHEM.COMPOUND:5512,,NCBIGENE:1128,CC(C)N(CC[C@H](C1=CC=CC=C1)C1=C(O)C=CC(C)=C1)C(C)C
DB00395,CID000002576,104,P14867|P47870|P18507|P31644|P34903,P33261,PUBCHEM.COMPOUND:2576,DOID:0050328|DOID:0050589|DOID:0050741|DOID:0060262|DOID:0060573|DOID:0060692|DOID:0111045|DOID:0111052|DOID:0111054|DOID:0111056|DOID:0111057|DOID:10493|DOID:10652|DOID:10772|DOID:10808|DOID:10952|DOID:11249|DOID:11459|DOID:11634|DOID:11870|DOID:12531|DOID:13189|DOID:13206|DOID:13774|DOID:1425|DOID:1443|DOID:14525|DOID:1459|DOID:1574|DOID:1588|DOID:1826|DOID:2215|DOID:2216|DOID:2236|DOID:2355|DOID:2361|DOID:2527|DOID:2841|DOID:2883|DOID:2921|DOID:302|DOID:303|DOID:3890|DOID:409|DOID:557|DOID:750|DOID:9428,NCBIGENE:1557,CCCC(C)(COC(N)=O)COC(=O)NC(C)C
DB00656,CID000005533,105,P28223|P28335|P31645|P08908|P35367|P35348|P08913|P08909,P08684|P20815|P24462|P10635,PUBCHEM.COMPOUND:5533,DOID:114|DOID:1247|DOID:1287|DOID:13206|DOID:1470|DOID:1595|DOID:1596|DOID:2848|DOID:2883|DOID:3401|DOID:4500|DOID:9286,NCBIGENE:146|NCBIGENE:147|NCBIGENE:148|NCBIGENE:150|NCBIGENE:152|NCBIGENE:1565|NCBIGENE:1576|NCBIGENE:1577|NCBIGENE:3269|NCBIGENE:3350|NCBIGENE:3357|NCBIGENE:3358|NCBIGENE:3757|NCBIGENE:6532,ClC1=CC=CC(=C1)N1CCN(CCCN2N=C3C=CC=CN3C2=O)CC1
DB00412,CID000077999,106,P37231|O60488|Q07869|Q03181|P19793|P28702|P48443,P23219|P05177|P10635|P08684|P20813|P05181|P10632|P11712,PUBCHEM.COMPOUND:77999,DOID:0050741|DOID:0060262|DOID:0060870|DOID:0060872|DOID:0060873|DOID:0060874|DOID:0060875|DOID:0090070|DOID:0090071|DOID:0090072|DOID:0090073|DOID:0090074|DOID:0090076|DOID:0090077|DOID:0090078|DOID:0090079|DOID:0090080|DOID:0090081|DOID:0090082|DOID:0090083|DOID:0090084|DOID:0090085|DOID:0090086|DOID:0090087|DOID:0090089|DOID:0090090|DOID:0090092|DOID:0090093|DOID:0090094|DOID:10493|DOID:10952|DOID:11396|DOID:11476|DOID:11847|DOID:13774|DOID:1425|DOID:1574|DOID:2527|DOID:2921|DOID:3133|DOID:3393|DOID:3526|DOID:3614|DOID:3650|DOID:409|DOID:4447|DOID:4449|DOID:533|DOID:557|DOID:583|DOID:5844|DOID:5854|DOID:6713|DOID:9406|DOID:9408|DOID:9410|DOID:9476|DOID:9993,,CN(CCOC1=CC=C(CC2SC(=O)NC2=O)C=C1)C1=CC=CC=N1
DB11735,CID000000206,107,,,PUBCHEM.COMPOUND:206,,NCBIGENE:2641|NCBIGENE:3099|NCBIGENE:3101|NCBIGENE:5617|NCBIGENE:595|NCBIGENE:80201,[H]C(=O)[C@H](O)[C@@H](O)[C@@H](O)[C@H](O)CO
DB00783,CID000000450,108,P03372|Q92731|O75469|P43681|Q99527|P00846|Q14457,P08684|P05177|P20815|P24462|P22309|P04798|Q16678|P33261|P10632|P11712|P54855|P21964|P11511,PUBCHEM.COMPOUND:450,,,[H][C@@]12CC[C@H](O)[C@@]1(C)CC[C@]1([H])C3=C(CC[C@@]21[H])C=C(O)C=C3
DB00341,CID000002678,109,P35367,,PUBCHEM.COMPOUND:2678,DOID:0060262|DOID:10459|DOID:10460|DOID:10763|DOID:10825|DOID:10952|DOID:11204|DOID:12361|DOID:13206|DOID:13550|DOID:13739|DOID:1405|DOID:1425|DOID:14445|DOID:1686|DOID:1837|DOID:1936|DOID:2275|DOID:2348|DOID:2457|DOID:2474|DOID:2527|DOID:2883|DOID:2921|DOID:3393|DOID:409|DOID:4481|DOID:4730|DOID:557|DOID:784|DOID:7997|DOID:7998|DOID:9351,NCBIGENE:3269|NCBIGENE:3565|NCBIGENE:3567|NCBIGENE:3576,OC(=O)COCCN1CCN(CC1)C(C1=CC=CC=C1)C1=CC=C(Cl)C=C1
DB00501,CID000002756,110,P25021,P15538|P10632|P11712|P05181|P31513|Q01740|P05177|P10635|P33261|P08684|P20815,PUBCHEM.COMPOUND:2756,DOID:0050782|DOID:0060262|DOID:10017|DOID:10534|DOID:10808|DOID:11963|DOID:13656|DOID:13976|DOID:1724|DOID:2018|DOID:2321|DOID:349|DOID:409|DOID:4660|DOID:4798|DOID:5517|DOID:8534,NCBIGENE:10752|NCBIGENE:10864|NCBIGENE:146802|NCBIGENE:1543|NCBIGENE:1544|NCBIGENE:1555|NCBIGENE:1557|NCBIGENE:1559|NCBIGENE:1565|NCBIGENE:1576|NCBIGENE:1577|NCBIGENE:212|NCBIGENE:3067|NCBIGENE:3196|NCBIGENE:3274|NCBIGENE:51109|NCBIGENE:55244|NCBIGENE:55811|NCBIGENE:5617|NCBIGENE:6401|NCBIGENE:6581|NCBIGENE:6582|NCBIGENE:6750|NCBIGENE:8549|NCBIGENE:9356|NCBIGENE:9376|NCBIGENE:9407|NCBIGENE:9429|NCBIGENE:9518,CN\C(NCCSCC1=C(C)NC=N1)=N\C#N
DB01068,CID000002802,111,O75469,P05181|P11245|P08684,PUBCHEM.COMPOUND:2802,DOID:0050848|DOID:0060262|DOID:0060731|DOID:1067|DOID:10952|DOID:11832|DOID:12139|DOID:13268|DOID:13550|DOID:1405|DOID:1425|DOID:14445|DOID:1470|DOID:1595|DOID:1596|DOID:1825|DOID:2527|DOID:2848|DOID:2921|DOID:302|DOID:303|DOID:308|DOID:409|DOID:4964|DOID:557|DOID:594,NCBIGENE:2741|NCBIGENE:9407,[O-][N+](=O)C1=CC2=C(NC(=O)CN=C2C2=CC=CC=C2Cl)C=C1
DB00575,CID000002803,112,P18089|P18825|P08913|P35348|P35368|P25100,P05177|P08684|P04798|P20815|P10635,PUBCHEM.COMPOUND:2803,DOID:0050820|DOID:0110741|DOID:0110742|DOID:0110743|DOID:0110744|DOID:0110745|DOID:0110746|DOID:0110747|DOID:0110748|DOID:0110749|DOID:0110750|DOID:0110751|DOID:0110752|DOID:0110753|DOID:0110754|DOID:0110755|DOID:0110756|DOID:0110757|DOID:0110758|DOID:0110759|DOID:0110760|DOID:0110761|DOID:10138|DOID:10140|DOID:10300|DOID:1067|DOID:10763|DOID:10825|DOID:1094|DOID:11847|DOID:12139|DOID:1247|DOID:12678|DOID:12679|DOID:13189|DOID:1470|DOID:1595|DOID:1596|DOID:1920|DOID:2485|DOID:2723|DOID:2848|DOID:2913|DOID:2983|DOID:3393|DOID:4500|DOID:4964|DOID:4989|DOID:5844|DOID:5854|DOID:6713|DOID:784|DOID:9074|DOID:9351|DOID:9352|DOID:9408|DOID:9744,NCBIGENE:11188|NCBIGENE:146|NCBIGENE:147|NCBIGENE:148|NCBIGENE:150|NCBIGENE:152|NCBIGENE:1621|NCBIGENE:2353|NCBIGENE:2688|NCBIGENE:314|NCBIGENE:3274|NCBIGENE:3725|NCBIGENE:4057|NCBIGENE:5409|NCBIGENE:55811|NCBIGENE:5972|NCBIGENE:7054|NCBIGENE:836|NCBIGENE:8639|NCBIGENE:9407,ClC1=CC=CC(Cl)=C1NC1=NCCN1
DB00361,CID000005672,113,P07437,P10635|P08684,PUBCHEM.COMPOUND:5672,,,[H][C@@]12N(C)C3=CC(OC)=C(C=C3[C@@]11CCN3CC=C[C@](CC)([C@@]13[H])[C@@]([H])(OC(C)=O)[C@]2(O)C(=O)OC)[C@]1(C[C@@]2([H])CN(CC(CC)=C2)CC2=C1NC1=CC=CC=C21)C(=O)OC
DB00476,CID000060835,114,P31645|P23975|Q01959,P10635|P11712|P08684|P05177|P20813|P33261,PUBCHEM.COMPOUND:60835,DOID:0050741|DOID:0060262|DOID:10763|DOID:10825|DOID:1247|DOID:13550|DOID:1405|DOID:14320|DOID:14445|DOID:14464|DOID:1470|DOID:1574|DOID:1595|DOID:1596|DOID:1826|DOID:2237|DOID:2848|DOID:3312|DOID:3401|DOID:409|DOID:4195|DOID:5082|DOID:631,,CNCC[C@H](OC1=CC=CC2=CC=CC=C12)C1=CC=CS1
CID000003890,CID000003890,115,,,PUBCHEM.COMPOUND:3890,,,CC(C)OC(=O)CCCC=CCC1C(CC(C1CCC(CCC2=CC=CC=C2)O)O)O
CID004475485,CID004475485,116,,,PUBCHEM.COMPOUND:4475485,,,CC(C)C1=NC(=NC(=C1CCC(CC(CC(=O)O)O)O)C2=CC=C(C=C2)F)N(C)S(=O)(=O)C
DB00630,CID000002088,117,P14324|P29074|Q13332|P23469|P38606,,PUBCHEM.COMPOUND:2088,DOID:0050459|DOID:0060224|DOID:10573|DOID:10609|DOID:10952|DOID:11335|DOID:11476|DOID:11963|DOID:12678|DOID:12679|DOID:13186|DOID:13404|DOID:13976|DOID:1425|DOID:2485|DOID:2527|DOID:2921|DOID:4029|DOID:5160|DOID:5408|DOID:557|DOID:580|DOID:585|DOID:626|DOID:8534|DOID:8643|DOID:9164|DOID:9971,NCBIGENE:1956|NCBIGENE:2047|NCBIGENE:2224|NCBIGENE:3479|NCBIGENE:3553|NCBIGENE:4313|NCBIGENE:523|NCBIGENE:5741|NCBIGENE:5775|NCBIGENE:5791|NCBIGENE:5802|NCBIGENE:632|NCBIGENE:6347|NCBIGENE:6696,NCCCC(O)(P(O)(O)=O)P(O)(O)=O
DB01012,CID000156419,118,P41180,P08684|P10635|P05177,PUBCHEM.COMPOUND:156419,DOID:0060262|DOID:12678|DOID:12679|DOID:1826|DOID:2485|DOID:409,,C[C@@H](NCCCC1=CC(=CC=C1)C(F)(F)F)C1=CC=CC2=CC=CC=C12
DB00737,CID000004034,119,P35367|Q14994,P10635,PUBCHEM.COMPOUND:4034,DOID:13206|DOID:13550|DOID:13948|DOID:1405|DOID:14445|DOID:2479|DOID:2883|DOID:2951,NCBIGENE:1525|NCBIGENE:3269|NCBIGENE:5833,CC1=CC(CN2CCN(CC2)C(C2=CC=CC=C2)C2=CC=C(Cl)C=C2)=CC=C1
DB00220,CID000004451,120,O90777,P08684|P24462|P20815|P20813|P33261|P22309|P11712|P10635,PUBCHEM.COMPOUND:4451,,,[H][C@@]12CCCC[C@]1([H])CN(C[C@@H](O)[C@H](CSC1=CC=CC=C1)NC(=O)C1=C(C)C(O)=CC=C1)[C@@H](C2)C(=O)NC(C)(C)C
DB09026,CID005493444,121,P00797,P08684,PUBCHEM.COMPOUND:5493444,DOID:0050590|DOID:0060262|DOID:10763|DOID:10825|DOID:1227|DOID:12550|DOID:12678|DOID:12679|DOID:12987|DOID:13189|DOID:13413|DOID:13543|DOID:13580|DOID:14735|DOID:1558|DOID:1837|DOID:1920|DOID:2383|DOID:2485|DOID:2913|DOID:2972|DOID:2983|DOID:3341|DOID:409|DOID:4500|DOID:4989|DOID:9074|DOID:9351,NCBIGENE:1052|NCBIGENE:1215|NCBIGENE:1359|NCBIGENE:1511|NCBIGENE:1522|NCBIGENE:1585|NCBIGENE:1636|NCBIGENE:183|NCBIGENE:2028|NCBIGENE:2137|NCBIGENE:3383|NCBIGENE:3816|NCBIGENE:3827|NCBIGENE:4318|NCBIGENE:5972|NCBIGENE:7076,COCCCOC1=C(OC)C=CC(C[C@@H](C[C@H](N)[C@@H](O)C[C@@H](C(C)C)C(=O)NCC(C)(C)C(N)=O)C(C)C)=C1
DB00669,CID000005358,122,P08908|P28221|P28222|P30939,P21397,PUBCHEM.COMPOUND:5358,DOID:0050741|DOID:0060262|DOID:10763|DOID:10825|DOID:10952|DOID:114|DOID:11847|DOID:1247|DOID:1287|DOID:13003|DOID:1425|DOID:1574|DOID:1826|DOID:1837|DOID:224|DOID:2316|DOID:2355|DOID:2361|DOID:2527|DOID:2921|DOID:3393|DOID:3526|DOID:3669|DOID:409|DOID:557|DOID:5844|DOID:5854|DOID:6000|DOID:6364|DOID:6713|DOID:9351|DOID:9408|DOID:9970,NCBIGENE:2353|NCBIGENE:3350|NCBIGENE:3351|NCBIGENE:3354|NCBIGENE:3355|NCBIGENE:3358|NCBIGENE:3359|NCBIGENE:3361|NCBIGENE:3362|NCBIGENE:3363|NCBIGENE:55811,CNS(=O)(=O)CC1=CC=C2NC=C(CCN(C)C)C2=C1
DB00860,CID000004894,123,P04150,P08684,PUBCHEM.COMPOUND:4894,,,[H][C@@]12CC[C@](O)(C(=O)CO)[C@@]1(C)C[C@H](O)[C@@]1([H])[C@@]2([H])CCC2=CC(=O)C=C[C@]12C
DB00404,CID000002118,124,,P24462|P08684|P11712|P20815,PUBCHEM.COMPOUND:2118,DOID:0050848|DOID:0060262|DOID:0060731|DOID:1067|DOID:10952|DOID:12139|DOID:13550|DOID:1405|DOID:1425|DOID:14320|DOID:14445|DOID:1470|DOID:1595|DOID:1596|DOID:2030|DOID:2527|DOID:2848|DOID:2921|DOID:302|DOID:303|DOID:409|DOID:4964|DOID:557|DOID:594|DOID:9970,NCBIGENE:1576|NCBIGENE:1577|NCBIGENE:23476,CC1=NN=C2CN=C(C3=CC=CC=C3)C3=C(C=CC(Cl)=C3)N12
DB00328,CID000003715,125,P35354|P14555|P23219|Q8N8N7|P37231|Q04760|Q9Y5Y4|Q07869|P42330|P19525,P33261|P11712|P23141|O60656|P22309|P16662,PUBCHEM.COMPOUND:3715,DOID:0060262|DOID:0110892|DOID:10376|DOID:104|DOID:10763|DOID:10808|DOID:10825|DOID:10952|DOID:114|DOID:11547|DOID:11847|DOID:11875|DOID:12139|DOID:1247|DOID:1287|DOID:13189|DOID:13548|DOID:13832|DOID:14188|DOID:1425|DOID:1470|DOID:1588|DOID:1595|DOID:1596|DOID:1724|DOID:1826|DOID:203|DOID:204|DOID:219|DOID:235|DOID:2527|DOID:2703|DOID:2841|DOID:2848|DOID:2921|DOID:2964|DOID:2965|DOID:3127|DOID:381|DOID:409|DOID:4964|DOID:557|DOID:5672|DOID:5844|DOID:5854|DOID:6000|DOID:7147|DOID:7148|DOID:848|DOID:8577|DOID:8677|DOID:9360|DOID:9408|DOID:9415|DOID:9637|DOID:9673|DOID:970|DOID:971|DOID:9746,NCBIGENE:100506658|NCBIGENE:1027|NCBIGENE:1080|NCBIGENE:11196|NCBIGENE:11251|NCBIGENE:1244|NCBIGENE:1440|NCBIGENE:1499|NCBIGENE:1557|NCBIGENE:1645|NCBIGENE:1646|NCBIGENE:1647|NCBIGENE:1675|NCBIGENE:1906|NCBIGENE:1908|NCBIGENE:213|NCBIGENE:2166|NCBIGENE:2247|NCBIGENE:22926|NCBIGENE:2739|NCBIGENE:2990|NCBIGENE:3082|NCBIGENE:3248|NCBIGENE:3383|NCBIGENE:3479|NCBIGENE:351|NCBIGENE:3553|NCBIGENE:3557|NCBIGENE:3558|NCBIGENE:3559|NCBIGENE:3565|NCBIGENE:3576|NCBIGENE:3586|NCBIGENE:367|NCBIGENE:368|NCBIGENE:3725|NCBIGENE:3827|NCBIGENE:3920|NCBIGENE:4025|NCBIGENE:4057|NCBIGENE:4170|NCBIGENE:4283|NCBIGENE:4312|NCBIGENE:4318|NCBIGENE:4323|NCBIGENE:4324|NCBIGENE:4353|NCBIGENE:4363|NCBIGENE:4843|NCBIGENE:4846|NCBIGENE:4953|NCBIGENE:5008|NCBIGENE:5020|NCBIGENE:50964|NCBIGENE:5228|NCBIGENE:5467|NCBIGENE:5468|NCBIGENE:551|NCBIGENE:5595|NCBIGENE:5731|NCBIGENE:5732|NCBIGENE:5733|NCBIGENE:5734|NCBIGENE:5739|NCBIGENE:5741|NCBIGENE:5742|NCBIGENE:5743|NCBIGENE:5925|NCBIGENE:59340|NCBIGENE:595|NCBIGENE:5972|NCBIGENE:6564|NCBIGENE:6580|NCBIGENE:6770|NCBIGENE:6774|NCBIGENE:6863|NCBIGENE:6915|NCBIGENE:6916|NCBIGENE:7018|NCBIGENE:7032|NCBIGENE:7040|NCBIGENE:7076|NCBIGENE:7124|NCBIGENE:7276|NCBIGENE:7498|NCBIGENE:760|NCBIGENE:8288|NCBIGENE:836|NCBIGENE:839|NCBIGENE:841|NCBIGENE:842|NCBIGENE:843|NCBIGENE:860|NCBIGENE:8644|NCBIGENE:8647|NCBIGENE:9356|NCBIGENE:9407|NCBIGENE:9768,COC1=CC2=C(C=C1)N(C(=O)C1=CC=C(Cl)C=C1)C(C)=C2CC(O)=O
DB00611,CID000002487,126,P41145|P41143|P35372,,PUBCHEM.COMPOUND:2487,,,[H][C@@]12CC3=C(C=C(O)C=C3)[C@]3(CCCC[C@@]13O)CCN2CC1CCC1
DB00752,CID000005530,127,P27338|P21397,P10635|P11712|P33261|P05177|P11509|P08684,PUBCHEM.COMPOUND:5530,,NCBIGENE:1548|NCBIGENE:1557|NCBIGENE:1559|NCBIGENE:1565|NCBIGENE:1822|NCBIGENE:23028|NCBIGENE:4128|NCBIGENE:4129|NCBIGENE:627,NC1CC1C1=CC=CC=C1
DB00843,CID000003152,128,P22303|P28223|P06276|P29475|P98066|P01584,P10635|P08684|P11712,PUBCHEM.COMPOUND:3152,DOID:0050820|DOID:0110035|DOID:0110037|DOID:0110038|DOID:0110039|DOID:0110041|DOID:0110043|DOID:0110044|DOID:0110045|DOID:0110046|DOID:0110047|DOID:0110048|DOID:10652|DOID:11870|DOID:13884|DOID:13948|DOID:1443|DOID:14525|DOID:1826|DOID:2841|DOID:9360|DOID:9415,NCBIGENE:1103|NCBIGENE:3363|NCBIGENE:3479|NCBIGENE:3745|NCBIGENE:43|NCBIGENE:4318|NCBIGENE:590|NCBIGENE:6347|NCBIGENE:836|NCBIGENE:9360,COC1=C(OC)C=C2C(=O)C(CC3CCN(CC4=CC=CC=C4)CC3)CC2=C1
DB00590,CID000003157,129,P35348|P25100|P35368,P08684|P33261|P11712|P10635,PUBCHEM.COMPOUND:3157,DOID:0060262|DOID:10763|DOID:10825|DOID:13206|DOID:2883|DOID:409|DOID:8437|DOID:9286,NCBIGENE:142|NCBIGENE:146|NCBIGENE:147|NCBIGENE:148|NCBIGENE:150|NCBIGENE:1969|NCBIGENE:250|NCBIGENE:251|NCBIGENE:3757|NCBIGENE:3791|NCBIGENE:4023|NCBIGENE:5972|NCBIGENE:7450|NCBIGENE:81033|NCBIGENE:8772|NCBIGENE:90134|NCBIGENE:958,COC1=C(OC)C=C2C(N)=NC(=NC2=C1)N1CCN(CC1)C(=O)C1COC2=CC=CC=C2O1
DB00869,CID000003154,130,P00918|P22748|P00915|P07451,P11712|P00176|P05181|P05183,PUBCHEM.COMPOUND:3154,,,CCN[C@H]1C[C@H](C)S(=O)(=O)C2=C1C=C(S2)S(N)(=O)=O
CID000000214,CID000000214,131,,,PUBCHEM.COMPOUND:214,,,CCCCCC(C=CC1C(CC(=O)C1CCCCCCC(=O)O)O)O
DB00443,CID000003003,132,P04150,P11511|P20815|P24462|P11509|Q16678|P20813|P10632|P11712|P33261|P08684,PUBCHEM.COMPOUND:3003,,NCBIGENE:2908,[H][C@@]12C[C@H](C)[C@](O)(C(=O)CO)[C@@]1(C)C[C@H](O)[C@@]1(F)[C@@]2([H])CCC2=CC(=O)C=C[C@]12C
DB01142,CID000003158,133,P35367|P25021|P23975|P31645|P28223|P41595|P28335|P11229|P08172|P20309|P08173|P08912|P35348|P35368|P25100|P08908|P50406|Q9H3N8|Q12809,P08684|P10635|P33261|P11712|P05177,PUBCHEM.COMPOUND:3158,,NCBIGENE:1128|NCBIGENE:1131|NCBIGENE:1132|NCBIGENE:1133|NCBIGENE:146|NCBIGENE:147|NCBIGENE:148|NCBIGENE:1813|NCBIGENE:3269|NCBIGENE:3350|NCBIGENE:3358|NCBIGENE:59340|NCBIGENE:6530|NCBIGENE:6532,[H]C(CCN(C)C)=C1C2=CC=CC=C2COC2=CC=CC=C12
DB01023,CID000003333,134,Q13936|P54289|Q08289|Q01668|Q13698|O95180|Q9NY47|P0DP23|Q01064|P54750|P08235|P02585|P63316,P08684|P20815|P24462|P10632|P11712|P10635,PUBCHEM.COMPOUND:3333,DOID:0050590|DOID:0050700|DOID:0060262|DOID:0080001|DOID:10763|DOID:10825|DOID:10952|DOID:11847|DOID:11984|DOID:1222|DOID:1227|DOID:12449|DOID:12932|DOID:12987|DOID:13739|DOID:1425|DOID:14735|DOID:1558|DOID:1712|DOID:1936|DOID:2348|DOID:2527|DOID:2921|DOID:2972|DOID:3393|DOID:409|DOID:557|DOID:5844|DOID:5854|DOID:65|DOID:854|DOID:9408,NCBIGENE:1576|NCBIGENE:1577|NCBIGENE:5153|NCBIGENE:5972|NCBIGENE:7125|NCBIGENE:7134|NCBIGENE:775|NCBIGENE:776|NCBIGENE:779|NCBIGENE:781|NCBIGENE:783|NCBIGENE:801|NCBIGENE:805|NCBIGENE:808|NCBIGENE:8912|NCBIGENE:9254,CCOC(=O)C1=C(C)NC(C)=C(C1C1=C(Cl)C(Cl)=CC=C1)C(=O)OC
DB00567,CID000002666,135,Q75Y35|Q8DNB6|Q7CRA4|P0A3M6|Q8DR59,,PUBCHEM.COMPOUND:2666,,,[H][C@]12SCC(C)=C(N1C(=O)[C@H]2NC(=O)[C@H](N)C1=CC=CC=C1)C(O)=O
DB00535,CID006398970,136,P08149|Q60FT7|P05164,,PUBCHEM.COMPOUND:6398970,,,[H][C@]12SCC(C=C)=C(N1C(=O)[C@H]2NC(=O)C(=N/O)\C1=CSC(N)=N1)C(O)=O
DB00327,CID000003648,137,P35372|P41143|P41145,P35503|P16662|P11712,PUBCHEM.COMPOUND:3648,,,[H][C@@]12OC3=C(O)C=CC4=C3[C@@]11CCN(C)[C@]([H])(C4)[C@]1([H])CCC2=O
DB01225,CID000000772,138,P01008|P00742|P00734,P05164,PUBCHEM.COMPOUND:772,DOID:0060538|DOID:0110892|DOID:10314|DOID:11125|DOID:11247|DOID:11476|DOID:11561|DOID:1247|DOID:13328|DOID:13603|DOID:1588|DOID:2219|DOID:2451|DOID:2452|DOID:3612|DOID:3755|DOID:3756|DOID:4562|DOID:5160|DOID:5679|DOID:74|DOID:8577|DOID:8947|DOID:9477|DOID:9667|DOID:9741,NCBIGENE:10067|NCBIGENE:1027|NCBIGENE:1164|NCBIGENE:1448|NCBIGENE:1452|NCBIGENE:1457|NCBIGENE:1670|NCBIGENE:183|NCBIGENE:1906|NCBIGENE:1950|NCBIGENE:1956|NCBIGENE:1958|NCBIGENE:2064|NCBIGENE:213|NCBIGENE:2147|NCBIGENE:2152|NCBIGENE:2159|NCBIGENE:2247|NCBIGENE:2252|NCBIGENE:2353|NCBIGENE:23621|NCBIGENE:250|NCBIGENE:251|NCBIGENE:2932|NCBIGENE:3053|NCBIGENE:3075|NCBIGENE:3082|NCBIGENE:3339|NCBIGENE:3371|NCBIGENE:3486|NCBIGENE:3553|NCBIGENE:3558|NCBIGENE:3576|NCBIGENE:3814|NCBIGENE:3816|NCBIGENE:4023|NCBIGENE:4312|NCBIGENE:4313|NCBIGENE:4318|NCBIGENE:462|NCBIGENE:4846|NCBIGENE:5054|NCBIGENE:5196|NCBIGENE:5327|NCBIGENE:5328|NCBIGENE:5340|NCBIGENE:5428|NCBIGENE:5473|NCBIGENE:5531|NCBIGENE:5587|NCBIGENE:5594|NCBIGENE:5595|NCBIGENE:5617|NCBIGENE:5624|NCBIGENE:566|NCBIGENE:5972|NCBIGENE:6280|NCBIGENE:6387|NCBIGENE:6422|NCBIGENE:650|NCBIGENE:6649|NCBIGENE:6793|NCBIGENE:6997|NCBIGENE:7054|NCBIGENE:7078|NCBIGENE:7099|NCBIGENE:7124|NCBIGENE:7448|NCBIGENE:7852|NCBIGENE:836|NCBIGENE:847|NCBIGENE:9407|NCBIGENE:9429|NCBIGENE:9475|NCBIGENE:9507|NCBIGENE:9508|NCBIGENE:9622|NCBIGENE:9748,CC(=O)NC1C(C(C(OC1O)COS(=O)(=O)O)OC2C(C(C(C(O2)C(=O)O)OC3C(C(C(C(O3)CO)OC4C(C(C(C(O4)C(=O)O)O)O)OS(=O)(=O)O)OS(=O)(=O)O)NS(=O)(=O)O)O)OS(=O)(=O)O)O
DB05259,CID003081884,139,P01911|P01911|P01911,,PUBCHEM.COMPOUND:3081884,DOID:2377,,C[C@@H](C(=O)O)N.CC(=O)O.C1=CC(=CC=C1C[C@@H](C(=O)O)N)O.C(CCN)C[C@@H](C(=O)O)N.C(CC(=O)O)[C@@H](C(=O)O)N
DB00620,CID000005544,140,P04150,P08684|P35354|P06276|P20815|P24462,PUBCHEM.COMPOUND:5544,,,[H][C@@]12C[C@@H](O)[C@](O)(C(=O)CO)[C@@]1(C)C[C@H](O)[C@@]1(F)[C@@]2([H])CCC2=CC(=O)C=C[C@]12C
DB00196,CID000003365,141,P10613,P20815|P08684|P11712|P33261,PUBCHEM.COMPOUND:3365,DOID:0060262|DOID:0080159|DOID:10952|DOID:13146|DOID:1425|DOID:14262|DOID:1508|DOID:2272|DOID:2527|DOID:2921|DOID:409|DOID:557,NCBIGENE:1038|NCBIGENE:1557|NCBIGENE:1559|NCBIGENE:1576|NCBIGENE:1577|NCBIGENE:1595|NCBIGENE:1956|NCBIGENE:3308|NCBIGENE:3315|NCBIGENE:54205|NCBIGENE:627|NCBIGENE:8988,OC(CN1C=NC=N1)(CN1C=NC=N1)C1=C(F)C=C(F)C=C1
DB00706,CID000060147,142,P35348|P25100|P35368,P10635|P08684,PUBCHEM.COMPOUND:60147,,,CCOC1=CC=CC=C1OCCN[C@H](C)CC1=CC(=C(OC)C=C1)S(N)(=O)=O
DB00833,CID000002609,143,Q75Y35|Q8XJ01,P05164,PUBCHEM.COMPOUND:2609,,,[H][C@]12SCC(Cl)=C(N1C(=O)[C@H]2NC(=O)[C@H](N)C1=CC=CC=C1)C(O)=O
DB00338,CID000004594,144,P20648|P35869,P04798|P05177|Q16678|P10632|P11712|P33260|P10635|P08684|P33261,PUBCHEM.COMPOUND:4594,DOID:0050782|DOID:0060262|DOID:10808|DOID:11476|DOID:11963|DOID:13656|DOID:13976|DOID:1724|DOID:2018|DOID:409|DOID:6000|DOID:750|DOID:8534|DOID:8929,NCBIGENE:1543|NCBIGENE:1544|NCBIGENE:1555|NCBIGENE:1557|NCBIGENE:1576|NCBIGENE:1577|NCBIGENE:196|NCBIGENE:2520|NCBIGENE:2922|NCBIGENE:3162|NCBIGENE:3565|NCBIGENE:3576|NCBIGENE:479|NCBIGENE:495|NCBIGENE:54578|NCBIGENE:54658|NCBIGENE:6778|NCBIGENE:788|NCBIGENE:8647|NCBIGENE:8714|NCBIGENE:8856|NCBIGENE:9407,COC1=CC2=C(C=C1)N=C(N2)S(=O)CC1=NC=C(C)C(OC)=C1C
DB00396,CID000004920,145,P06401|P08235|P03372|P05093|P41145|P02763|P04150|P10275|P04278|Q92731,P05093|P04798|Q16678|P11509|P10635|P33261|P11712|P20815|P08684|P24462,PUBCHEM.COMPOUND:4920,,,[H][C@@]12CC[C@H](C(C)=O)[C@@]1(C)CC[C@@]1([H])[C@@]2([H])CCC2=CC(=O)CC[C@]12C
DB01212,CID000002656,146,P0A3M6|Q9NSA0|Q4U2R8|Q8TCC7|P46059,P15104,PUBCHEM.COMPOUND:2656,,,[H][C@]12SCC(CSC3=NC(=O)C(=O)NN3C)=C(N1C(=O)[C@H]2NC(=O)C(=N/OC)\C1=CSC(N)=N1)C(O)=O
DB00482,CID000002662,147,P35354|P00918|P07451|P55287|O15530|Q99519,P08684|P11712|P10635|P10632|P35354,PUBCHEM.COMPOUND:2662,DOID:0050741|DOID:0060262|DOID:10763|DOID:10825|DOID:10952|DOID:114|DOID:11847|DOID:1287|DOID:1425|DOID:1574|DOID:2355|DOID:2361|DOID:2527|DOID:2841|DOID:2921|DOID:3526|DOID:381|DOID:409|DOID:557|DOID:5844|DOID:5854|DOID:6000|DOID:6713|DOID:676|DOID:7147|DOID:7148|DOID:750|DOID:848|DOID:9360|DOID:9408|DOID:9415,NCBIGENE:10257|NCBIGENE:1244|NCBIGENE:142|NCBIGENE:1559|NCBIGENE:1565|NCBIGENE:1869|NCBIGENE:2058|NCBIGENE:22943|NCBIGENE:23411|NCBIGENE:240|NCBIGENE:2627|NCBIGENE:27113|NCBIGENE:2810|NCBIGENE:284|NCBIGENE:2932|NCBIGENE:3162|NCBIGENE:3383|NCBIGENE:3486|NCBIGENE:3574|NCBIGENE:367|NCBIGENE:3738|NCBIGENE:3745|NCBIGENE:404552|NCBIGENE:4057|NCBIGENE:4283|NCBIGENE:4312|NCBIGENE:4318|NCBIGENE:4363|NCBIGENE:467|NCBIGENE:5170|NCBIGENE:5328|NCBIGENE:54205|NCBIGENE:5468|NCBIGENE:5594|NCBIGENE:5595|NCBIGENE:5727|NCBIGENE:5742|NCBIGENE:5743|NCBIGENE:581|NCBIGENE:595|NCBIGENE:637|NCBIGENE:6606|NCBIGENE:6607|NCBIGENE:6774|NCBIGENE:6776|NCBIGENE:6777|NCBIGENE:7018|NCBIGENE:7157|NCBIGENE:760|NCBIGENE:768|NCBIGENE:771|NCBIGENE:836|NCBIGENE:840|NCBIGENE:841|NCBIGENE:842|NCBIGENE:857|NCBIGENE:8795|NCBIGENE:9429|NCBIGENE:9518|NCBIGENE:952|NCBIGENE:9669|NCBIGENE:999,CC1=CC=C(C=C1)C1=CC(=NN1C1=CC=C(C=C1)S(N)(=O)=O)C(F)(F)F
DB00424,CID000003661,148,P11229|P08172|P20309|P08173|Q08828,,PUBCHEM.COMPOUND:3661,,NCBIGENE:1128|NCBIGENE:1131|NCBIGENE:1132|NCBIGENE:1133|NCBIGENE:219681,CN1[C@H]2CC[C@@H]1C[C@@H](C2)OC(=O)[C@H](CO)C1=CC=CC=C1
DB00844,CID000004419,149,P41145|P35372|P41143,,PUBCHEM.COMPOUND:4419,,,O[C@H]1CC[C@@]2(O)[C@H]3CC4=CC=C(O)C5=C4[C@@]2(CCN3CC2CCC2)[C@H]1O5
DB00213,CID000004679,150,P20648|O94760,P33261|P08684,PUBCHEM.COMPOUND:4679,DOID:0050782|DOID:10017|DOID:11476|DOID:11963|DOID:13381|DOID:13656|DOID:13976|DOID:2018|DOID:750|DOID:8534,NCBIGENE:1543|NCBIGENE:1544|NCBIGENE:1557|NCBIGENE:1559|NCBIGENE:1576|NCBIGENE:3162|NCBIGENE:4780|NCBIGENE:479|NCBIGENE:495,COC1=C(OC)C(CS(=O)C2=NC3=C(N2)C=C(OC(F)F)C=C3)=NC=C1
DB00749,CID000003308,151,P35354|P23219|P19793,P35503|Q9HAW8|P16662|P11712|O60656,PUBCHEM.COMPOUND:3308,DOID:0060262|DOID:10763|DOID:10825|DOID:10952|DOID:114|DOID:11847|DOID:1247|DOID:1287|DOID:1425|DOID:2527|DOID:2921|DOID:381|DOID:409|DOID:557|DOID:5844|DOID:5854|DOID:676|DOID:7148|DOID:750|DOID:848|DOID:9408,NCBIGENE:5742|NCBIGENE:5743|NCBIGENE:6256|NCBIGENE:6615|NCBIGENE:999,CCC1=C2NC3=C(CCOC3(CC)CC(O)=O)C2=CC=C1
DB01105,CID000005210,152,Q01959|P31645|P23975,P08684,PUBCHEM.COMPOUND:5210,DOID:10763|DOID:10825|DOID:10952|DOID:114|DOID:11847|DOID:12129|DOID:1247|DOID:1287|DOID:13003|DOID:13550|DOID:1405|DOID:1425|DOID:14445|DOID:14464|DOID:1826|DOID:1837|DOID:224|DOID:2527|DOID:2921|DOID:3393|DOID:3526|DOID:557|DOID:5844|DOID:5854|DOID:6713|DOID:784|DOID:8689|DOID:9351|DOID:9408|DOID:9970,NCBIGENE:5054|NCBIGENE:6530|NCBIGENE:6531|NCBIGENE:6532,CC(C)CC(N(C)C)C1(CCC1)C1=CC=C(Cl)C=C1
DB00967,CID000124087,153,P35367,,PUBCHEM.COMPOUND:124087,DOID:0060262|DOID:10459|DOID:10460|DOID:10763|DOID:10825|DOID:10952|DOID:11204|DOID:12361|DOID:13206|DOID:13550|DOID:13739|DOID:1405|DOID:1425|DOID:14445|DOID:1837|DOID:1936|DOID:2275|DOID:2348|DOID:2457|DOID:2474|DOID:2527|DOID:2883|DOID:2921|DOID:3393|DOID:409|DOID:4481|DOID:4730|DOID:557|DOID:7997|DOID:7998|DOID:9351,NCBIGENE:3269|NCBIGENE:3565|NCBIGENE:3741|NCBIGENE:6774,ClC1=CC2=C(C=C1)C(=C1CCNCC1)C1=C(CC2)C=CC=N1
DB00874,CID000003516,154,,,PUBCHEM.COMPOUND:3516,DOID:0050328|DOID:0050589|DOID:0050590|DOID:0050741|DOID:0050848|DOID:0060173|DOID:0060262|DOID:0060674|DOID:0060675|DOID:0060676|DOID:0060677|DOID:0060678|DOID:0060679|DOID:0060731|DOID:0110892|DOID:1029|DOID:10459|DOID:10460|DOID:10493|DOID:10763|DOID:10808|DOID:10825|DOID:10933|DOID:10952|DOID:11328|DOID:11396|DOID:114|DOID:11459|DOID:11634|DOID:11847|DOID:11963|DOID:11981|DOID:12139|DOID:1227|DOID:12361|DOID:12550|DOID:12642|DOID:12678|DOID:12679|DOID:1287|DOID:12987|DOID:13186|DOID:1319|DOID:13206|DOID:13250|DOID:13268|DOID:13413|DOID:13550|DOID:13739|DOID:13774|DOID:13948|DOID:13976|DOID:1405|DOID:1425|DOID:14250|DOID:14445|DOID:14451|DOID:14452|DOID:1459|DOID:1470|DOID:1485|DOID:1574|DOID:1588|DOID:1595|DOID:1596|DOID:1686|DOID:1742|DOID:1826|DOID:1837|DOID:1936|DOID:2089|DOID:2275|DOID:2348|DOID:2349|DOID:2355|DOID:2361|DOID:2485|DOID:2527|DOID:2841|DOID:2848|DOID:2883|DOID:2913|DOID:2921|DOID:2983|DOID:302|DOID:303|DOID:3083|DOID:3393|DOID:3650|DOID:3827|DOID:3878|DOID:4029|DOID:409|DOID:437|DOID:4481|DOID:4483|DOID:4730|DOID:4964|DOID:4989|DOID:5082|DOID:5162|DOID:5200|DOID:5418|DOID:557|DOID:5844|DOID:5854|DOID:593|DOID:594|DOID:7327|DOID:750|DOID:7997|DOID:7998|DOID:8442|DOID:8515|DOID:8534|DOID:8577|DOID:8677|DOID:9164|DOID:9267|DOID:9282|DOID:9351|DOID:936|DOID:9408|DOID:9428,,COC1=CC=CC=C1OCC(O)CO
DB00889,CID000003510,155,P46098,P08684|P04798,PUBCHEM.COMPOUND:3510,,NCBIGENE:170572|NCBIGENE:200909|NCBIGENE:3350|NCBIGENE:3359|NCBIGENE:6751|NCBIGENE:9177,CN1N=C(C(=O)N[C@@H]2C[C@@H]3CCC[C@H](C2)N3C)C2=C1C=CC=C2
DB00176,CID000003404,156,P31645|Q12809,P10635|P05177|P04798|P08684|P11712|P33261|P20813,PUBCHEM.COMPOUND:3404,,NCBIGENE:6532,COCCCC\C(=N/OCCN)C1=CC=C(C=C1)C(F)(F)F
DB00635,CID000004900,157,P04150,P33261|P20815|P11509|Q16678|P20813|P10632|P11712|P28845|P08684,PUBCHEM.COMPOUND:4900,,,[H][C@@]12CC[C@](O)(C(=O)CO)[C@@]1(C)CC(=O)[C@@]1([H])[C@@]2([H])CCC2=CC(=O)C=C[C@]12C
DB01043,CID000004054,158,P46098|P36544|P14416|Q05586,P11509|P33261|P20813,PUBCHEM.COMPOUND:4054,DOID:0060262|DOID:409,NCBIGENE:1139|NCBIGENE:116443|NCBIGENE:116444|NCBIGENE:1555|NCBIGENE:1813|NCBIGENE:2902|NCBIGENE:3308|NCBIGENE:3359|NCBIGENE:4976|NCBIGENE:590|NCBIGENE:627|NCBIGENE:89832|NCBIGENE:9407,CC12CC3CC(C)(C1)CC(N)(C3)C2
DB00863,CID000005039,159,P25021|P22303,P08684|P22303|P05177|P10635,PUBCHEM.COMPOUND:5039,,,CNC(NCCSCC1=CC=C(CN(C)C)O1)=C[N+]([O-])=O
DB00390,CID000003062,160,P05023,P05108,PUBCHEM.COMPOUND:3062,,,[H][C@]12CC[C@]3([H])[C@]([H])(C[C@@H](O)[C@]4(C)[C@H](CC[C@]34O)C3=CC(=O)OC3)[C@@]1(C)CC[C@@H](C2)O[C@H]1C[C@H](O)[C@H](O[C@H]2C[C@H](O)[C@H](O[C@H]3C[C@H](O)[C@H](O)[C@@H](C)O3)[C@@H](C)O2)[C@@H](C)O1
DB00199,CID000003255,161,O43193|Q12809,P20815|P08684|P24462,PUBCHEM.COMPOUND:3255,,,CC[C@H]1OC(=O)[C@H](C)[C@@H](O[C@H]2C[C@@](C)(OC)[C@@H](O)[C@H](C)O2)[C@H](C)[C@@H](O[C@@H]2O[C@H](C)C[C@@H]([C@H]2O)N(C)C)[C@](C)(O)C[C@@H](C)C(=O)[C@H](C)[C@@H](O)[C@]1(C)O
DB00989,CID000005077,162,P22303|P06276,,PUBCHEM.COMPOUND:5077,,,CCN(C)C(=O)OC1=CC=CC(=C1)[C@H](C)N(C)C
DB00268,CID000005095,163,P35462|P14416|P21917,P05177,PUBCHEM.COMPOUND:5095,DOID:0050425|DOID:0060891|DOID:0060895|DOID:0060896|DOID:11328|DOID:14330|DOID:5418|DOID:543,NCBIGENE:150|NCBIGENE:152|NCBIGENE:1544|NCBIGENE:1813|NCBIGENE:1814|NCBIGENE:1815|NCBIGENE:1816|NCBIGENE:1958|NCBIGENE:2668|NCBIGENE:3350|NCBIGENE:3351|NCBIGENE:3357|NCBIGENE:3358,CCCN(CCC)CCC1=C2CC(=O)NC2=CC=C1
DB00454,CID000004058,164,P41145|Q05586|Q13224|Q12879|Q14957|O15399|P35372|Q01959|P23975|P31645|P23141,P08684|P33261|P20813|P10635|P05177,PUBCHEM.COMPOUND:4058,DOID:0050328|DOID:0050590|DOID:0050741|DOID:0050771|DOID:0050841|DOID:0050848|DOID:0060215|DOID:0060262|DOID:0060731|DOID:10021|DOID:10154|DOID:10493|DOID:10588|DOID:10923|DOID:114|DOID:11459|DOID:11634|DOID:117|DOID:1227|DOID:12449|DOID:1287|DOID:12987|DOID:13206|DOID:13550|DOID:13774|DOID:13948|DOID:1405|DOID:14445|DOID:14464|DOID:1459|DOID:1574|DOID:1742|DOID:1826|DOID:2739|DOID:2741|DOID:2841|DOID:2883|DOID:302|DOID:303|DOID:3083|DOID:331|DOID:3875|DOID:3953|DOID:409|DOID:529|DOID:615|DOID:679|DOID:750|DOID:8515|DOID:863|DOID:8986|DOID:936|DOID:9428,NCBIGENE:1128|NCBIGENE:2902|NCBIGENE:2905|NCBIGENE:2906|NCBIGENE:4985|NCBIGENE:4986|NCBIGENE:4988|NCBIGENE:6530|NCBIGENE:6531|NCBIGENE:6532,CCOC(=O)C1(CCN(C)CC1)C1=CC=CC=C1
DB00945,CID000002244,165,P23219|P35354|Q04828|P25101|P04637|P11021|P51812|P25963|P98066|P29466|P42574|O14920|P24385|P01106|P12004|Q99519,P33261|P11712|P19224|P11245,PUBCHEM.COMPOUND:2244,DOID:10459|DOID:10460|DOID:11847|DOID:381|DOID:5844|DOID:5854|DOID:6364|DOID:7148|DOID:848|DOID:9408,NCBIGENE:10864|NCBIGENE:11131|NCBIGENE:114571|NCBIGENE:1401|NCBIGENE:1499|NCBIGENE:1645|NCBIGENE:19|NCBIGENE:1909|NCBIGENE:1956|NCBIGENE:213|NCBIGENE:2147|NCBIGENE:23224|NCBIGENE:240|NCBIGENE:2475|NCBIGENE:2495|NCBIGENE:2512|NCBIGENE:2811|NCBIGENE:308|NCBIGENE:3082|NCBIGENE:3156|NCBIGENE:3162|NCBIGENE:3309|NCBIGENE:3383|NCBIGENE:3551|NCBIGENE:356|NCBIGENE:3565|NCBIGENE:3586|NCBIGENE:3600|NCBIGENE:367|NCBIGENE:3673|NCBIGENE:3725|NCBIGENE:3827|NCBIGENE:387|NCBIGENE:4025|NCBIGENE:4057|NCBIGENE:4313|NCBIGENE:4318|NCBIGENE:4353|NCBIGENE:462|NCBIGENE:4790|NCBIGENE:4791|NCBIGENE:4792|NCBIGENE:4843|NCBIGENE:4846|NCBIGENE:4953|NCBIGENE:5028|NCBIGENE:51206|NCBIGENE:5134|NCBIGENE:5196|NCBIGENE:5329|NCBIGENE:5340|NCBIGENE:5444|NCBIGENE:54575|NCBIGENE:54577|NCBIGENE:5468|NCBIGENE:5562|NCBIGENE:55867|NCBIGENE:5590|NCBIGENE:5594|NCBIGENE:5595|NCBIGENE:5739|NCBIGENE:5742|NCBIGENE:5743|NCBIGENE:57704|NCBIGENE:5970|NCBIGENE:5972|NCBIGENE:598|NCBIGENE:6197|NCBIGENE:627|NCBIGENE:6347|NCBIGENE:6376|NCBIGENE:6403|NCBIGENE:6778|NCBIGENE:6915|NCBIGENE:7018|NCBIGENE:7032|NCBIGENE:7040|NCBIGENE:7157|NCBIGENE:7351|NCBIGENE:8288|NCBIGENE:83595|NCBIGENE:836|NCBIGENE:839|NCBIGENE:841|NCBIGENE:842|NCBIGENE:8434|NCBIGENE:8794|NCBIGENE:8795|NCBIGENE:9356|NCBIGENE:9407|NCBIGENE:949|NCBIGENE:950|NCBIGENE:959,CC(=O)OC1=CC=CC=C1C(O)=O
CID000054374,CID000054374,166,,,PUBCHEM.COMPOUND:54374,,,C[C@H]([C@@H](CO)NC(=O)C1CSSCC(C(=O)NC(C(=O)NC(C(=O)NC(C(=O)NC(C(=O)N1)C(C)O)CCCCN)CC2=CNC3=CC=CC=C32)CC4=CC=CC=C4)NC(=O)C(CC5=CC=CC=C5)N)O
DB00215,CID000002771,167,P31645|P35367,P08684|P33261|P10635|P05177|P21397|P27338|Q06278,PUBCHEM.COMPOUND:2771,DOID:0060262|DOID:114|DOID:12139|DOID:1247|DOID:1287|DOID:14320|DOID:14464|DOID:1470|DOID:1595|DOID:1596|DOID:1826|DOID:2848|DOID:3312|DOID:3401|DOID:409|DOID:4500|DOID:4964,NCBIGENE:1128|NCBIGENE:148|NCBIGENE:1543|NCBIGENE:1544|NCBIGENE:1549|NCBIGENE:1553|NCBIGENE:1557|NCBIGENE:1558|NCBIGENE:1562|NCBIGENE:1565|NCBIGENE:1572|NCBIGENE:1573|NCBIGENE:1576|NCBIGENE:1577|NCBIGENE:1580|NCBIGENE:1815|NCBIGENE:199974|NCBIGENE:260293|NCBIGENE:29785|NCBIGENE:3269|NCBIGENE:3358|NCBIGENE:3741|NCBIGENE:3757|NCBIGENE:4128|NCBIGENE:4129|NCBIGENE:6530|NCBIGENE:6531|NCBIGENE:6532|NCBIGENE:6750|NCBIGENE:9407,CN(C)CCCC1(OCC2=C1C=CC(=C2)C#N)C1=CC=C(F)C=C1
DB01198,CID000005735,168,P14867|P47869|P34903|P31644|P30536,P08684|P10632|P11712|P23219,PUBCHEM.COMPOUND:5735,DOID:12139|DOID:1470|DOID:1595|DOID:1596|DOID:2848|DOID:4964,NCBIGENE:1558|NCBIGENE:2558,CN1CCN(CC1)C(=O)OC1N(C(=O)C2=NC=CN=C12)C1=NC=C(Cl)C=C1
DB00494,CID004659568,169,P21964,P10635|P21964|O60656,PUBCHEM.COMPOUND:4659568,,,CCN(CC)C(=O)C(=C\C1=CC(=C(O)C(O)=C1)[N+]([O-])=O)\C#N
DB00425,CID000005732,170,P14867|P47869|P34903|P18507,P11712|P33261|P10635|P08684|P05177,PUBCHEM.COMPOUND:5732,DOID:0050848|DOID:0060262|DOID:0060731|DOID:10914|DOID:1094|DOID:12139|DOID:1470|DOID:1595|DOID:1596|DOID:2848|DOID:302|DOID:303|DOID:409|DOID:4543|DOID:4964,NCBIGENE:1576|NCBIGENE:1577,CN(C)C(=O)CC1=C(N=C2C=CC(C)=CN12)C1=CC=C(C)C=C1
DB13867,CID000062924,171,P04150|P06401|P47712|P08235,P08684|P20815|P24462|P10632,PUBCHEM.COMPOUND:62924,,,[H][C@@]12C[C@@H](C)[C@](O)(C(=O)SCF)[C@@]1(C)C[C@H](O)[C@@]1(F)[C@@]2([H])C[C@H](F)C2=CC(=O)C=C[C@]12C
DB00492,CID000003419,172,P12821,,PUBCHEM.COMPOUND:3419,,,CCC(=O)O[C@@H](OP(=O)(CCCCC1=CC=CC=C1)CC(=O)N1C[C@@H](C[C@H]1C(O)=O)C1CCCCC1)C(C)C
DB00555,CID000003878,173,Q15878|P30542|P29274|P35348|P08913|P08588|P14416|P35367|P41145|P02708|P28223|P46098|P42261,P00374,PUBCHEM.COMPOUND:3878,DOID:0050590|DOID:0060262|DOID:11832|DOID:12139|DOID:1227|DOID:12449|DOID:12450|DOID:12987|DOID:1470|DOID:1588|DOID:1595|DOID:1596|DOID:1826|DOID:2234|DOID:2355|DOID:2361|DOID:2848|DOID:409|DOID:4964,NCBIGENE:11280|NCBIGENE:1565|NCBIGENE:1576|NCBIGENE:1813|NCBIGENE:2353|NCBIGENE:2908|NCBIGENE:2932|NCBIGENE:3339|NCBIGENE:338567|NCBIGENE:54657|NCBIGENE:54659|NCBIGENE:6323|NCBIGENE:6328|NCBIGENE:6329|NCBIGENE:6332|NCBIGENE:6334|NCBIGENE:6335|NCBIGENE:6336|NCBIGENE:9407,NC1=NC(N)=C(N=N1)C1=C(Cl)C(Cl)=CC=C1
DB00495,CID000005726,174,Q72547|O14746,P11509|P11712|P08684|P04183|P16662|P22309,PUBCHEM.COMPOUND:5726,,,CC1=CN([C@H]2C[C@H](N=[N+]=[N-])[C@@H](CO)O2)C(=O)NC1=O
DB00758,CID000002806,175,Q9H244,P11712|P05177|P10632|P23141|P08684|P20813|P20815|P33261,PUBCHEM.COMPOUND:2806,,,[H][C@@](N1CCC2=C(C1)C=CS2)(C(=O)OC)C1=CC=CC=C1Cl
DB00465,CID000003826,176,P35354|P23219,P16662|P10632|P11712,PUBCHEM.COMPOUND:3826,DOID:0050589|DOID:0060262|DOID:10124|DOID:10126|DOID:10138|DOID:10140|DOID:10763|DOID:10808|DOID:10825|DOID:11204|DOID:114|DOID:11847|DOID:1237|DOID:1247|DOID:1287|DOID:1724|DOID:1837|DOID:2355|DOID:2361|DOID:2457|DOID:2474|DOID:2841|DOID:3526|DOID:409|DOID:5844|DOID:5854|DOID:6713|DOID:7148|DOID:750|DOID:9351|DOID:9360|DOID:9408|DOID:9415,NCBIGENE:4846|NCBIGENE:5742|NCBIGENE:5743|NCBIGENE:9407,OC(=O)C1CCN2C1=CC=C2C(=O)C1=CC=CC=C1
DB01044,CID000005379,177,P72524|P0A4L9|P72525|Q59961,P05177,PUBCHEM.COMPOUND:5379,DOID:874,NCBIGENE:2641|NCBIGENE:3576|NCBIGENE:7153,COC1=C2N(C=C(C(O)=O)C(=O)C2=CC(F)=C1N1CCNC(C)C1)C1CC1
DB01211,CID000054688,178,P0A7J6|Q12809|Q9Y6L6|Q9NPD5,P08684|P20815,PUBCHEM.COMPOUND:54688,,,[H][C@@]1(C[C@@](C)(OC)[C@@H](O)[C@H](C)O1)O[C@H]1[C@H](C)[C@@H](O[C@]2([H])O[C@H](C)C[C@@H]([C@H]2O)N(C)C)[C@@](C)(C[C@@H](C)C(=O)[C@H](C)[C@@H](O)[C@](C)(O)[C@@H](CC)OC(=O)[C@@H]1C)OC
DB00238,CID000004463,179,Q72547,P10635|P05177|P24462|P08684|P20813|P20815|P11712|P11509,PUBCHEM.COMPOUND:4463,DOID:0050426|DOID:0050486|DOID:0060262|DOID:1883|DOID:2043|DOID:409|DOID:526|DOID:635|DOID:7327,NCBIGENE:1555|NCBIGENE:1576|NCBIGENE:1577,CC1=C2NC(=O)C3=C(N=CC=C3)N(C3CC3)C2=NC=C1
DB01167,CID000003793,180,P14263,P08684|P20815|P24462|P20813|P04798|P05181,PUBCHEM.COMPOUND:3793,,,CCC(C)N1N=CN(C1=O)C1=CC=C(C=C1)N1CCN(CC1)C1=CC=C(OC[C@H]2CO[C@@](CN3C=NC=N3)(O2)C2=C(Cl)C=C(Cl)C=C2)C=C1
DB00697,CID000005487,181,Q9Y2I1,P05177,PUBCHEM.COMPOUND:5487,DOID:10952|DOID:11328|DOID:1425|DOID:2527|DOID:2921|DOID:5418|DOID:557,NCBIGENE:11188|NCBIGENE:150|NCBIGENE:152|NCBIGENE:1544|NCBIGENE:171392,ClC1=C(NC2=NCCN2)C2=NSN=C2C=C1
DB00841,CID000036811,182,P08588|P07550|P03372,P21964,PUBCHEM.COMPOUND:36811,DOID:0060224|DOID:0110307|DOID:10763|DOID:10825|DOID:11847|DOID:11984|DOID:1712|DOID:4500|DOID:5844|DOID:5854|DOID:9408,NCBIGENE:146|NCBIGENE:153|NCBIGENE:154|NCBIGENE:55811,CC(CCC1=CC=C(O)C=C1)NCCC1=CC(O)=C(O)C=C1
DB00909,CID000005734,183,P35498|Q99250|Q9NY46|P35499|Q14524|Q15858|Q9UI33|Q07699|O60939|Q9NY72|Q8IWT1|O43497|O95180|Q9P0X4|P00915|P00918|P07451|P22748|P35218|Q9Y2D0|P23280|P43166|P35219|Q16790|Q9NS85|O75493|O43570|Q8N1Q1|Q9ULX7|P27338|P21397,P08684|P20815|P33261|P22309|Q06278,PUBCHEM.COMPOUND:5734,DOID:0050590|DOID:0060262|DOID:10952|DOID:11328|DOID:12139|DOID:1227|DOID:12449|DOID:12987|DOID:13250|DOID:1425|DOID:1470|DOID:1595|DOID:1596|DOID:2527|DOID:2848|DOID:2921|DOID:3650|DOID:409|DOID:4964|DOID:5418|DOID:557|DOID:580|DOID:585,NCBIGENE:11238|NCBIGENE:11280|NCBIGENE:23632|NCBIGENE:377677|NCBIGENE:4128|NCBIGENE:4129|NCBIGENE:6323|NCBIGENE:6324|NCBIGENE:6327|NCBIGENE:6328|NCBIGENE:6329|NCBIGENE:6330|NCBIGENE:6335|NCBIGENE:760|NCBIGENE:761|NCBIGENE:762|NCBIGENE:763|NCBIGENE:766|NCBIGENE:767|NCBIGENE:768|NCBIGENE:770|NCBIGENE:771|NCBIGENE:8911|NCBIGENE:8912|NCBIGENE:8913,NS(=O)(=O)CC1=NOC2=CC=CC=C12
DB01241,CID000003463,184,Q07869|Q9Y6L6|Q8TCC7|O94956|Q9NPD5,P10632|P33261|P11712|P05177|P08684|P16662|P22309|P35503|O60656|P06133|O75795,PUBCHEM.COMPOUND:3463,DOID:0060262|DOID:11151|DOID:11755|DOID:12236|DOID:1588|DOID:2355|DOID:2361|DOID:409|DOID:615,NCBIGENE:1071|NCBIGENE:1401|NCBIGENE:1558|NCBIGENE:1559|NCBIGENE:1576|NCBIGENE:2012|NCBIGENE:22796|NCBIGENE:335|NCBIGENE:336|NCBIGENE:338|NCBIGENE:348|NCBIGENE:3949|NCBIGENE:3990|NCBIGENE:4023|NCBIGENE:5054,CC1=CC(OCCCC(C)(C)C(O)=O)=C(C)C=C1
DB01165,CID000004583,185,P43700|P43702|P11388,P05177,PUBCHEM.COMPOUND:4583,DOID:0050590|DOID:0060262|DOID:100|DOID:10371|DOID:1063|DOID:10952|DOID:11400|DOID:1227|DOID:12384|DOID:12385|DOID:12450|DOID:12987|DOID:13250|DOID:13258|DOID:13507|DOID:13778|DOID:13819|DOID:1389|DOID:13924|DOID:1425|DOID:14654|DOID:1588|DOID:1679|DOID:1826|DOID:1837|DOID:203|DOID:204|DOID:2297|DOID:2355|DOID:2361|DOID:2527|DOID:2744|DOID:2921|DOID:2964|DOID:3055|DOID:3393|DOID:379|DOID:381|DOID:409|DOID:437|DOID:4500|DOID:552|DOID:557|DOID:574|DOID:6132|DOID:615|DOID:7327|DOID:7427|DOID:7551|DOID:813|DOID:870|DOID:874|DOID:9351|DOID:9463|DOID:971,NCBIGENE:3339|NCBIGENE:7153|NCBIGENE:7155|NCBIGENE:8128|NCBIGENE:8647|NCBIGENE:9407,CC1COC2=C3N1C=C(C(O)=O)C(=O)C3=CC(F)=C2N1CCN(C)CC1
DB09110,CID000000598,186,,,PUBCHEM.COMPOUND:598,,NCBIGENE:7389|NCBIGENE:836,OS(=O)(=O)CCS
DB00181,CID000002284,187,O75899|P61073|Q9UBS5,,PUBCHEM.COMPOUND:2284,DOID:10952|DOID:11328|DOID:11486|DOID:1425|DOID:1826|DOID:2527|DOID:2921|DOID:3526|DOID:5418|DOID:5419|DOID:557|DOID:6713,NCBIGENE:2353|NCBIGENE:2550|NCBIGENE:339403|NCBIGENE:55811|NCBIGENE:5617|NCBIGENE:6869|NCBIGENE:773|NCBIGENE:9568,NCC(CC(O)=O)C1=CC=C(Cl)C=C1
DB02300,CID000002522,188,P11473,P05164|Q07973,PUBCHEM.COMPOUND:2522,,,O[C@H](\C=C\[C@@H](C)[C@@]1([H])CC[C@@]2([H])\C(CCC[C@]12C)=C\C=C1\C[C@@H](O)C[C@H](O)C1=C)C1CC1
DB01129,CID000005029,189,P20648,P04798|P05177|P11712|P10635|P10632|P08684|P33261,PUBCHEM.COMPOUND:5029,DOID:0050782|DOID:0060262|DOID:10017|DOID:10808|DOID:11476|DOID:11963|DOID:13656|DOID:13976|DOID:1724|DOID:2018|DOID:349|DOID:409|DOID:4660|DOID:4798|DOID:6000|DOID:750|DOID:8534|DOID:8929,NCBIGENE:1557|NCBIGENE:1576|NCBIGENE:495|NCBIGENE:496,COCCCOC1=C(C)C(CS(=O)C2=NC3=CC=CC=C3N2)=NC=C1
DB00999,CID000003639,190,P55017|Q12791,,PUBCHEM.COMPOUND:3639,DOID:0050590|DOID:0050700|DOID:0050771|DOID:0060262|DOID:0080001|DOID:0110741|DOID:0110742|DOID:0110743|DOID:0110744|DOID:0110745|DOID:0110746|DOID:0110747|DOID:0110748|DOID:0110749|DOID:0110750|DOID:0110751|DOID:0110752|DOID:0110753|DOID:0110754|DOID:0110755|DOID:0110756|DOID:0110757|DOID:0110758|DOID:0110759|DOID:0110760|DOID:0110761|DOID:0110892|DOID:10021|DOID:10154|DOID:1029|DOID:10300|DOID:10763|DOID:10825|DOID:10952|DOID:1098|DOID:11151|DOID:11459|DOID:117|DOID:11755|DOID:11984|DOID:12139|DOID:1222|DOID:1227|DOID:12449|DOID:12550|DOID:12678|DOID:12679|DOID:12932|DOID:12987|DOID:13087|DOID:13189|DOID:13268|DOID:13413|DOID:13543|DOID:13548|DOID:13580|DOID:13884|DOID:14026|DOID:1425|DOID:1470|DOID:14735|DOID:1558|DOID:1595|DOID:1596|DOID:1712|DOID:1826|DOID:1837|DOID:1920|DOID:2237|DOID:2355|DOID:2361|DOID:2383|DOID:2485|DOID:2527|DOID:2841|DOID:2848|DOID:2913|DOID:2921|DOID:2972|DOID:2983|DOID:3341|DOID:3393|DOID:3401|DOID:3526|DOID:3650|DOID:3669|DOID:384|DOID:3953|DOID:409|DOID:423|DOID:437|DOID:4398|DOID:4500|DOID:4964|DOID:4989|DOID:5082|DOID:557|DOID:580|DOID:585|DOID:6000|DOID:6132|DOID:65|DOID:6713|DOID:718|DOID:7327|DOID:750|DOID:854|DOID:8577|DOID:8893|DOID:9074|DOID:9088|DOID:9351|DOID:9352|DOID:9360|DOID:9415|DOID:9428|DOID:9744|DOID:9993,NCBIGENE:1636|NCBIGENE:359|NCBIGENE:360|NCBIGENE:5054|NCBIGENE:56302|NCBIGENE:5972|NCBIGENE:6559|NCBIGENE:760|NCBIGENE:762|NCBIGENE:768|NCBIGENE:771,NS(=O)(=O)C1=C(Cl)C=C2NCNS(=O)(=O)C2=C1
DB00658,CID003085017,191,,,PUBCHEM.COMPOUND:3085017,DOID:10573|DOID:10609|DOID:11914,,NCC=C.ClCC1CO1
DB00910,CID005281104,192,P11473,Q07973|P08684|P22310,PUBCHEM.COMPOUND:5281104,DOID:0050459|DOID:12678|DOID:12679|DOID:2485|DOID:9971,NCBIGENE:1017|NCBIGENE:1591|NCBIGENE:183|NCBIGENE:5741|NCBIGENE:5743|NCBIGENE:5745|NCBIGENE:5746|NCBIGENE:5972|NCBIGENE:6347|NCBIGENE:6696|NCBIGENE:7421|NCBIGENE:8074,[H][C@@]1(CC[C@@]2([H])\C(CCC[C@]12C)=C\C=C1C[C@@H](O)C[C@H](O)C1)[C@H](C)\C=C\[C@H](C)C(C)(C)O
DB01132,CID000004829,193,P37231|P27338,P04798|P10632|P08684,PUBCHEM.COMPOUND:4829,DOID:0050741|DOID:0060262|DOID:0060870|DOID:0060872|DOID:0060873|DOID:0060874|DOID:0060875|DOID:0090070|DOID:0090071|DOID:0090072|DOID:0090073|DOID:0090074|DOID:0090076|DOID:0090077|DOID:0090078|DOID:0090079|DOID:0090080|DOID:0090081|DOID:0090082|DOID:0090083|DOID:0090084|DOID:0090085|DOID:0090086|DOID:0090087|DOID:0090089|DOID:0090090|DOID:0090092|DOID:0090093|DOID:0090094|DOID:10493|DOID:10952|DOID:11054|DOID:11847|DOID:13774|DOID:1425|DOID:1574|DOID:2527|DOID:2921|DOID:3133|DOID:3614|DOID:3650|DOID:4007|DOID:409|DOID:4447|DOID:4449|DOID:533|DOID:557|DOID:583|DOID:5844|DOID:5854|DOID:6000|DOID:9351|DOID:9352|DOID:9406|DOID:9408|DOID:9410|DOID:9476|DOID:9993,NCBIGENE:10025|NCBIGENE:1019|NCBIGENE:1024|NCBIGENE:10498|NCBIGENE:10499|NCBIGENE:1050|NCBIGENE:1051|NCBIGENE:1052|NCBIGENE:10891|NCBIGENE:112950|NCBIGENE:1293|NCBIGENE:1387|NCBIGENE:1401|NCBIGENE:1490|NCBIGENE:1535|NCBIGENE:1558|NCBIGENE:1576|NCBIGENE:1577|NCBIGENE:1585|NCBIGENE:1592|NCBIGENE:1879|NCBIGENE:19|NCBIGENE:1959|NCBIGENE:197|NCBIGENE:2033|NCBIGENE:2167|NCBIGENE:219541|NCBIGENE:23097|NCBIGENE:23389|NCBIGENE:23621|NCBIGENE:29079|NCBIGENE:2908|NCBIGENE:308|NCBIGENE:335|NCBIGENE:336|NCBIGENE:3383|NCBIGENE:3416|NCBIGENE:3479|NCBIGENE:3553|NCBIGENE:3576|NCBIGENE:358|NCBIGENE:3586|NCBIGENE:3643|NCBIGENE:3667|NCBIGENE:3952|NCBIGENE:3953|NCBIGENE:400569|NCBIGENE:4023|NCBIGENE:4064|NCBIGENE:4072|NCBIGENE:4233|NCBIGENE:4313|NCBIGENE:4316|NCBIGENE:4318|NCBIGENE:472|NCBIGENE:4792|NCBIGENE:4843|NCBIGENE:4846|NCBIGENE:4878|NCBIGENE:4968|NCBIGENE:4973|NCBIGENE:5054|NCBIGENE:51003|NCBIGENE:5105|NCBIGENE:51129|NCBIGENE:51586|NCBIGENE:5346|NCBIGENE:5467|NCBIGENE:5468|NCBIGENE:5469|NCBIGENE:54797|NCBIGENE:55090|NCBIGENE:55588|NCBIGENE:55847|NCBIGENE:56729|NCBIGENE:5741|NCBIGENE:5743|NCBIGENE:6256|NCBIGENE:6337|NCBIGENE:6340|NCBIGENE:6347|NCBIGENE:6446|NCBIGENE:650|NCBIGENE:6513|NCBIGENE:6517|NCBIGENE:6550|NCBIGENE:6604|NCBIGENE:6615|NCBIGENE:6647|NCBIGENE:6770|NCBIGENE:6907|NCBIGENE:7040|NCBIGENE:7124|NCBIGENE:7471|NCBIGENE:7480|NCBIGENE:79718|NCBIGENE:79827|NCBIGENE:80036|NCBIGENE:81857|NCBIGENE:8202|NCBIGENE:84246|NCBIGENE:85441|NCBIGENE:860|NCBIGENE:8841|NCBIGENE:892|NCBIGENE:896|NCBIGENE:9021|NCBIGENE:90390|NCBIGENE:90427|NCBIGENE:9282|NCBIGENE:9314|NCBIGENE:9412|NCBIGENE:9439|NCBIGENE:9440|NCBIGENE:9441|NCBIGENE:9442|NCBIGENE:9443|NCBIGENE:9477|NCBIGENE:950|NCBIGENE:958|NCBIGENE:9611|NCBIGENE:9612|NCBIGENE:96764|NCBIGENE:968|NCBIGENE:9862|NCBIGENE:9968|NCBIGENE:9969,CCC1=CN=C(CCOC2=CC=C(CC3SC(=O)NC3=O)C=C2)C=C1
DB00544,CID000003385,194,P04818,Q12882|Q16831|O95045|P11509|P10632|P42898|P04818|P11172|Q06203|P05177|P19971|P11712,PUBCHEM.COMPOUND:3385,DOID:0050590|DOID:0060262|DOID:10534|DOID:10952|DOID:11684|DOID:11875|DOID:1227|DOID:12449|DOID:12987|DOID:13250|DOID:14218|DOID:1425|DOID:1588|DOID:219|DOID:2275|DOID:235|DOID:2527|DOID:2921|DOID:3149|DOID:37|DOID:4074|DOID:409|DOID:5517|DOID:557|DOID:5672|DOID:615|DOID:6498|DOID:6945|DOID:8866|DOID:9637|DOID:9673,NCBIGENE:10057|NCBIGENE:1027|NCBIGENE:1048|NCBIGENE:1111|NCBIGENE:11200|NCBIGENE:114548|NCBIGENE:139596|NCBIGENE:142|NCBIGENE:1440|NCBIGENE:1499|NCBIGENE:1544|NCBIGENE:1548|NCBIGENE:1559|NCBIGENE:1647|NCBIGENE:168400|NCBIGENE:1719|NCBIGENE:1723|NCBIGENE:1806|NCBIGENE:1854|NCBIGENE:1956|NCBIGENE:1958|NCBIGENE:2056|NCBIGENE:2064|NCBIGENE:208|NCBIGENE:2252|NCBIGENE:2264|NCBIGENE:2356|NCBIGENE:2633|NCBIGENE:27113|NCBIGENE:302|NCBIGENE:3020|NCBIGENE:3021|NCBIGENE:328|NCBIGENE:3308|NCBIGENE:3315|NCBIGENE:332|NCBIGENE:3383|NCBIGENE:3439|NCBIGENE:3447|NCBIGENE:3456|NCBIGENE:3458|NCBIGENE:3480|NCBIGENE:387|NCBIGENE:4162|NCBIGENE:4170|NCBIGENE:4255|NCBIGENE:4292|NCBIGENE:467|NCBIGENE:4780|NCBIGENE:50484|NCBIGENE:5054|NCBIGENE:540|NCBIGENE:54963|NCBIGENE:55556|NCBIGENE:5594|NCBIGENE:5595|NCBIGENE:5598|NCBIGENE:5624|NCBIGENE:56616|NCBIGENE:5743|NCBIGENE:5747|NCBIGENE:581|NCBIGENE:5925|NCBIGENE:595|NCBIGENE:5970|NCBIGENE:598|NCBIGENE:6303|NCBIGENE:6476|NCBIGENE:6513|NCBIGENE:6564|NCBIGENE:665|NCBIGENE:6678|NCBIGENE:672|NCBIGENE:6774|NCBIGENE:7015|NCBIGENE:7057|NCBIGENE:7083|NCBIGENE:7098|NCBIGENE:7099|NCBIGENE:7157|NCBIGENE:7298|NCBIGENE:7372|NCBIGENE:7378|NCBIGENE:80312|NCBIGENE:836|NCBIGENE:83990|NCBIGENE:841|NCBIGENE:842|NCBIGENE:8743|NCBIGENE:8795|NCBIGENE:8824|NCBIGENE:8837|NCBIGENE:8988|NCBIGENE:9314|NCBIGENE:9407,FC1=CNC(=O)NC1=O
DB00990,CID000060198,195,P11511,P11511|P08684,PUBCHEM.COMPOUND:60198,,NCBIGENE:367,[H][C@@]12CCC(=O)[C@@]1(C)CC[C@@]1([H])[C@@]2([H])CC(=C)C2=CC(=O)C=C[C@]12C
DB00625,CID000003203,196,Q72547,P33261|P11712|P20813|P08684|P20815|P24462|P05177|P10635|P10632|P22309,PUBCHEM.COMPOUND:3203,,,FC(F)(F)[C@]1(OC(=O)NC2=C1C=C(Cl)C=C2)C#CC1CC1
DB00709,CID000003877,197,Q72547|Q05486,P27707|P30085|P00558|P15531|P22392|P49585|Q99447|Q8TCD5,PUBCHEM.COMPOUND:3877,,,NC1=NC(=O)N(C=C1)[C@@H]1CS[C@H](CO)O1
DB00836,CID000003954,198,P35372|P41143|P41145|P0DP23|P01189|O00555|Q12809,P08684|P10632|P20813|P10635,PUBCHEM.COMPOUND:3954,,NCBIGENE:1576|NCBIGENE:4985|NCBIGENE:4986|NCBIGENE:4988|NCBIGENE:773|NCBIGENE:801|NCBIGENE:805|NCBIGENE:808|NCBIGENE:8824|NCBIGENE:9407,CN(C)C(=O)C(CCN1CCC(O)(CC1)C1=CC=C(Cl)C=C1)(C1=CC=CC=C1)C1=CC=CC=C1
DB00277,CID000002153,199,P30542|P29274|P29275|Q07343|O76074|P27815|Q14432|Q92769|Q99829|Q8TCT9|Q15155|P09874|Q7Z5B4|Q9Y4R7,P04798|Q16678|P10635|P05177|P00813|P05181|P08684,PUBCHEM.COMPOUND:2153,DOID:0050328|DOID:0050590|DOID:0050741|DOID:0050848|DOID:0060262|DOID:0060731|DOID:1067|DOID:10763|DOID:10825|DOID:10952|DOID:11328|DOID:11396|DOID:114|DOID:11634|DOID:11847|DOID:12139|DOID:12176|DOID:1227|DOID:12361|DOID:12550|DOID:1287|DOID:12987|DOID:13195|DOID:13206|DOID:13268|DOID:13413|DOID:13550|DOID:13739|DOID:13948|DOID:1405|DOID:1425|DOID:14445|DOID:1459|DOID:1470|DOID:1485|DOID:1574|DOID:1588|DOID:1595|DOID:1596|DOID:1826|DOID:1837|DOID:1936|DOID:2348|DOID:2355|DOID:2361|DOID:2527|DOID:2722|DOID:2841|DOID:2848|DOID:2883|DOID:2921|DOID:302|DOID:303|DOID:3393|DOID:409|DOID:4964|DOID:50|DOID:5418|DOID:557|DOID:5844|DOID:5854|DOID:6132|DOID:7188|DOID:750|DOID:7997|DOID:7998|DOID:850|DOID:8505|DOID:8515|DOID:9267|DOID:9351|DOID:9360|DOID:9408|DOID:9415,NCBIGENE:128240|NCBIGENE:136|NCBIGENE:1437|NCBIGENE:1544|NCBIGENE:22934|NCBIGENE:2353|NCBIGENE:2520|NCBIGENE:3066|NCBIGENE:3562|NCBIGENE:3596|NCBIGENE:3606|NCBIGENE:440068|NCBIGENE:501|NCBIGENE:5139|NCBIGENE:5142|NCBIGENE:5290|NCBIGENE:57413|NCBIGENE:5972|NCBIGENE:6750|NCBIGENE:7124|NCBIGENE:7299|NCBIGENE:8566|NCBIGENE:8654,CN1C2=C(NC=N2)C(=O)N(C)C1=O
DB00310,CID000002732,200,P00915|Q13621,,PUBCHEM.COMPOUND:2732,DOID:0050820|DOID:0110741|DOID:0110742|DOID:0110743|DOID:0110744|DOID:0110745|DOID:0110746|DOID:0110747|DOID:0110748|DOID:0110749|DOID:0110750|DOID:0110751|DOID:0110752|DOID:0110753|DOID:0110754|DOID:0110755|DOID:0110756|DOID:0110757|DOID:0110758|DOID:0110759|DOID:0110760|DOID:0110761|DOID:0110892|DOID:10138|DOID:10140|DOID:10300|DOID:10763|DOID:10825|DOID:10952|DOID:11151|DOID:11755|DOID:11847|DOID:12139|DOID:12678|DOID:12679|DOID:13189|DOID:1425|DOID:1470|DOID:1595|DOID:1596|DOID:1826|DOID:1920|DOID:2485|DOID:2527|DOID:2841|DOID:2848|DOID:2913|DOID:2921|DOID:2983|DOID:3393|DOID:4398|DOID:4500|DOID:4964|DOID:4989|DOID:557|DOID:5844|DOID:5854|DOID:6000|DOID:6713|DOID:750|DOID:784|DOID:8577|DOID:8893|DOID:9074|DOID:9088|DOID:9351|DOID:9352|DOID:9360|DOID:9408|DOID:9415|DOID:9744,NCBIGENE:11238|NCBIGENE:5972|NCBIGENE:760|NCBIGENE:766|NCBIGENE:768|NCBIGENE:771,NS(=O)(=O)C1=C(Cl)C=CC(=C1)C1(O)NC(=O)C2=CC=CC=C12
DB00649,CID000005155,201,Q72547,,PUBCHEM.COMPOUND:5155,,,CC1=CN([C@@H]2O[C@H](CO)C=C2)C(=O)NC1=O
DB00938,CID000005152,202,P07550|P08588|P13945,P08684|P20815|P24462|P10632,PUBCHEM.COMPOUND:5152,DOID:0060870|DOID:0060872|DOID:0060873|DOID:0060874|DOID:0060875|DOID:0080158|DOID:0090070|DOID:0090071|DOID:0090072|DOID:0090073|DOID:0090074|DOID:0090076|DOID:0090077|DOID:0090078|DOID:0090079|DOID:0090080|DOID:0090081|DOID:0090082|DOID:0090083|DOID:0090084|DOID:0090085|DOID:0090086|DOID:0090087|DOID:0090089|DOID:0090090|DOID:0090092|DOID:0090093|DOID:0090094|DOID:10763|DOID:10825|DOID:11476|DOID:12361|DOID:14262|DOID:1508|DOID:1564|DOID:1686|DOID:1826|DOID:1837|DOID:2841|DOID:3393|DOID:3614|DOID:4195|DOID:4500|DOID:533|DOID:7997|DOID:7998|DOID:8913|DOID:9351|DOID:9360|DOID:9406|DOID:9410|DOID:9415|DOID:9476,NCBIGENE:1401|NCBIGENE:153|NCBIGENE:154|NCBIGENE:155|NCBIGENE:1576|NCBIGENE:1577|NCBIGENE:1843|NCBIGENE:2908|NCBIGENE:3567|NCBIGENE:3576|NCBIGENE:3586|NCBIGENE:3627|NCBIGENE:3684|NCBIGENE:7052|NCBIGENE:7124,OCC1=C(O)C=CC(=C1)C(O)CNCCCCCCOCCCCC1=CC=CC=C1
DB00646,CID003468412,203,,,PUBCHEM.COMPOUND:3468412,,,[H][C@]12C[C@@H](O[C@@H]3O[C@H](C)[C@@H](O)[C@H](N)[C@@H]3O)\C=C\C=C\C=C\C=C\CC\C=C\C=C\[C@H](C)[C@@H](O)[C@@H](C)[C@H](C)OC(=O)C[C@H](O)C[C@H](O)C[C@H](O)CC[C@@H](O)[C@H](O)C[C@](O)(C[C@H](O)[C@H]1C(O)=O)O2
CID000005645,CID000005645,204,,,PUBCHEM.COMPOUND:5645,,,CC(CCC(=O)O)C1CCC2C1(CCC3C2C(CC4C3(CCC(C4)O)C)O)C
DB00582,CID000071616,205,P10613,Q01740|P31513|P20815|P24462|P33261|P08684|P11712|P20813|P23219,PUBCHEM.COMPOUND:71616,DOID:0050700|DOID:0060262|DOID:11984|DOID:12678|DOID:12679|DOID:12932|DOID:13146|DOID:1432|DOID:2485|DOID:409|DOID:4500,NCBIGENE:10858|NCBIGENE:1544|NCBIGENE:1555|NCBIGENE:1557|NCBIGENE:1559|NCBIGENE:1576|NCBIGENE:1577|NCBIGENE:1595,C[C@@H](C1=NC=NC=C1F)[C@](O)(CN1C=NC=N1)C1=C(F)C=C(F)C=C1
DB01117,CID000074989,206,Q02768|Q08210|Q02127,P11712|P08684,PUBCHEM.COMPOUND:74989,DOID:0060262|DOID:14067|DOID:409|DOID:4195,NCBIGENE:1723|NCBIGENE:4519,OC1=C([C@H]2CC[C@@H](CC2)C2=CC=C(Cl)C=C2)C(=O)C2=CC=CC=C2C1=O
DB01073,CID000003367,207,P27707|P09884|P23921,,PUBCHEM.COMPOUND:3367,,,NC1=NC(F)=NC2=C1N=CN2[C@@H]1O[C@H](CO)[C@@H](O)[C@@H]1O
DB00881,CID000005005,208,P12821,P23141,PUBCHEM.COMPOUND:5005,,,CCOC(=O)[C@H](CCC1=CC=CC=C1)N[C@@H](C)C(=O)N1CC2=CC=CC=C2C[C@H]1C(O)=O
DB01638,CID000000453,209,,,PUBCHEM.COMPOUND:453,,,OC[C@H](O)[C@@H](O)[C@H](O)[C@H](O)CO
DB01050,CID000003672,210,P35354|P23219|P10415|P07204|P12104|P37231|P13569|Q07869|P07359|P31151,P11712|P10632|P33261|P35503|O60656|P06133|P16662|D6RB81|P08684,PUBCHEM.COMPOUND:3672,DOID:0050328|DOID:0050589|DOID:0050741|DOID:0060262|DOID:0110892|DOID:10493|DOID:10763|DOID:10825|DOID:10933|DOID:10952|DOID:11459|DOID:11634|DOID:11847|DOID:11981|DOID:12361|DOID:1247|DOID:1319|DOID:13206|DOID:13550|DOID:13739|DOID:13774|DOID:13832|DOID:13948|DOID:1405|DOID:1425|DOID:14445|DOID:1459|DOID:1574|DOID:1588|DOID:1742|DOID:1826|DOID:1837|DOID:1936|DOID:2089|DOID:2348|DOID:2355|DOID:2361|DOID:2527|DOID:2883|DOID:2921|DOID:302|DOID:303|DOID:3083|DOID:3393|DOID:3526|DOID:381|DOID:409|DOID:4500|DOID:557|DOID:5844|DOID:5854|DOID:593|DOID:594|DOID:6713|DOID:676|DOID:705|DOID:7148|DOID:750|DOID:7997|DOID:7998|DOID:848|DOID:8515|DOID:8577|DOID:8677|DOID:8929|DOID:9074|DOID:9282|DOID:9351|DOID:9408|DOID:9428,NCBIGENE:1080|NCBIGENE:10864|NCBIGENE:114571|NCBIGENE:1558|NCBIGENE:1559|NCBIGENE:1581|NCBIGENE:160728|NCBIGENE:2169|NCBIGENE:23600|NCBIGENE:23621|NCBIGENE:3248|NCBIGENE:3557|NCBIGENE:4843|NCBIGENE:5327|NCBIGENE:54600|NCBIGENE:54659|NCBIGENE:5468|NCBIGENE:55867|NCBIGENE:5742|NCBIGENE:5743|NCBIGENE:6347|NCBIGENE:7040|NCBIGENE:7056|NCBIGENE:7124|NCBIGENE:7364|NCBIGENE:8106|NCBIGENE:9356|NCBIGENE:9407,CC(C)CC1=CC=C(C=C1)C(C)C(O)=O
DB00549,CID000005717,211,Q9Y271,P11712|P10632|P23219|P08684|P05177|P33261|P10635,PUBCHEM.COMPOUND:5717,DOID:0060262|DOID:12139|DOID:14320|DOID:1470|DOID:1595|DOID:1596|DOID:2030|DOID:2841|DOID:2848|DOID:409|DOID:4964|DOID:5082|DOID:9360|DOID:9415,NCBIGENE:1559|NCBIGENE:1576|NCBIGENE:57105,COC1=CC(=CC=C1CC1=CN(C)C2=C1C=C(NC(=O)OC1CCCC1)C=C2)C(=O)NS(=O)(=O)C1=CC=CC=C1C
DB08947,CID000003734,212,,,PUBCHEM.COMPOUND:3734,,,C[C@H](O)C(=O)NC1=C(I)C(C(=O)NC(CO)CO)=C(I)C(C(=O)NC(CO)CO)=C1I
DB09156,CID000003736,213,,,PUBCHEM.COMPOUND:3736,,,COCC(=O)NC1=C(I)C(C(=O)N(C)CC(O)CO)=C(I)C(C(=O)NCC(O)CO)=C1I
DB01362,CID000003730,214,,,PUBCHEM.COMPOUND:3730,,NCBIGENE:1453|NCBIGENE:213|NCBIGENE:4669,CC(=O)N(CC(O)CO)C1=C(I)C(C(=O)NCC(O)CO)=C(I)C(C(=O)NCC(O)CO)=C1I
DB01268,CID005329102,215,P09619|P17948|P10721|P35968|P35916|P36888|P07333|P16234|P08581,P08684|P20815|P24462,PUBCHEM.COMPOUND:5329102,DOID:0050328|DOID:0060262|DOID:10493|DOID:11634|DOID:12361|DOID:13774|DOID:1459|DOID:1588|DOID:1826|DOID:2355|DOID:2361|DOID:2739|DOID:2741|DOID:2913|DOID:409|DOID:4450|DOID:4451|DOID:4464|DOID:4465|DOID:4467|DOID:4471|DOID:4473|DOID:4500|DOID:4989|DOID:6000|DOID:7997|DOID:7998|DOID:9253,NCBIGENE:10114|NCBIGENE:1017|NCBIGENE:1020|NCBIGENE:10461|NCBIGENE:1111|NCBIGENE:11183|NCBIGENE:11200|NCBIGENE:118429|NCBIGENE:1195|NCBIGENE:120892|NCBIGENE:1435|NCBIGENE:1436|NCBIGENE:1453|NCBIGENE:1456|NCBIGENE:1576|NCBIGENE:1956|NCBIGENE:204851|NCBIGENE:2241|NCBIGENE:2261|NCBIGENE:22848|NCBIGENE:23043|NCBIGENE:2321|NCBIGENE:2322|NCBIGENE:23235|NCBIGENE:2324|NCBIGENE:238|NCBIGENE:25|NCBIGENE:2580|NCBIGENE:25989|NCBIGENE:26576|NCBIGENE:2675|NCBIGENE:27330|NCBIGENE:285220|NCBIGENE:28996|NCBIGENE:340156|NCBIGENE:3479|NCBIGENE:3480|NCBIGENE:3645|NCBIGENE:3654|NCBIGENE:3702|NCBIGENE:3716|NCBIGENE:3757|NCBIGENE:3791|NCBIGENE:3815|NCBIGENE:3932|NCBIGENE:4140|NCBIGENE:4286|NCBIGENE:4613|NCBIGENE:4638|NCBIGENE:4843|NCBIGENE:4914|NCBIGENE:4915|NCBIGENE:4916|NCBIGENE:50488|NCBIGENE:5063|NCBIGENE:51135|NCBIGENE:5156|NCBIGENE:5159|NCBIGENE:5261|NCBIGENE:5292|NCBIGENE:55589|NCBIGENE:5562|NCBIGENE:5563|NCBIGENE:55781|NCBIGENE:558|NCBIGENE:5587|NCBIGENE:5605|NCBIGENE:5607|NCBIGENE:5728|NCBIGENE:57396|NCBIGENE:5747|NCBIGENE:57787|NCBIGENE:5871|NCBIGENE:595|NCBIGENE:5979|NCBIGENE:6195|NCBIGENE:6196|NCBIGENE:6197|NCBIGENE:6198|NCBIGENE:640|NCBIGENE:6774|NCBIGENE:6789|NCBIGENE:6793|NCBIGENE:6794|NCBIGENE:6885|NCBIGENE:7272|NCBIGENE:7291|NCBIGENE:7301|NCBIGENE:7494|NCBIGENE:80122|NCBIGENE:815|NCBIGENE:817|NCBIGENE:818|NCBIGENE:836|NCBIGENE:83732|NCBIGENE:83942|NCBIGENE:8408|NCBIGENE:8428|NCBIGENE:91807|NCBIGENE:9263|NCBIGENE:9748|NCBIGENE:9833|NCBIGENE:9891,CCN(CC)CCNC(=O)C1=C(C)NC(\C=C2/C(=O)NC3=C2C=C(F)C=C3)=C1C
DB00912,CID000004547,216,Q09428|P37231|P35367,P10632|P08684,PUBCHEM.COMPOUND:4547,,,CCOC1=C(C=CC(CC(=O)N[C@@H](CC(C)C)C2=CC=CC=C2N2CCCCC2)=C1)C(O)=O
DB00715,CID000004691,217,P31645|P23975|P28223|P14416|P35367|P41595,P20813|P05177|P08684|P33261|P10635|P11712,PUBCHEM.COMPOUND:4691,,,FC1=CC=C(C=C1)[C@@H]1CCNC[C@H]1COC1=CC2=C(OCO2)C=C1
DB01077,CID000003305,218,Q13332|P38606|P12235|P05141|P12236,,PUBCHEM.COMPOUND:3305,DOID:0050459|DOID:10573|DOID:10609|DOID:10952|DOID:11963|DOID:1247|DOID:12678|DOID:12679|DOID:13186|DOID:13976|DOID:1425|DOID:162|DOID:2326|DOID:2355|DOID:2361|DOID:2485|DOID:2527|DOID:2841|DOID:2921|DOID:4029|DOID:4766|DOID:5408|DOID:557|DOID:6000|DOID:750|DOID:824|DOID:8534|DOID:8643|DOID:9164|DOID:9360|DOID:9415,NCBIGENE:3600|NCBIGENE:523|NCBIGENE:5802,CC(O)(P(O)(O)=O)P(O)(O)=O
DB01097,CID000003899,219,Q02127|P35869|Q14289,P11712|P05177,PUBCHEM.COMPOUND:3899,DOID:0050590|DOID:0060262|DOID:10952|DOID:1227|DOID:12450|DOID:12711|DOID:12987|DOID:13450|DOID:13564|DOID:1389|DOID:13902|DOID:1425|DOID:14484|DOID:1588|DOID:1731|DOID:1883|DOID:2043|DOID:2355|DOID:2361|DOID:2527|DOID:2921|DOID:3082|DOID:409|DOID:557|DOID:574|DOID:7148|DOID:870|DOID:9008,NCBIGENE:1543|NCBIGENE:1544|NCBIGENE:1559|NCBIGENE:1723|NCBIGENE:196|NCBIGENE:3605,CC1=C(C=NO1)C(=O)NC1=CC=C(C=C1)C(F)(F)F
DB00983,CID000003410,220,P07550|P08588|P13945,P10635|P33261|P11712|P11509|Q9HAW9|O60656|P16662|P54855,PUBCHEM.COMPOUND:3410,DOID:0060262|DOID:0060870|DOID:0060872|DOID:0060873|DOID:0060874|DOID:0060875|DOID:0080158|DOID:0090070|DOID:0090071|DOID:0090072|DOID:0090073|DOID:0090074|DOID:0090076|DOID:0090077|DOID:0090078|DOID:0090079|DOID:0090080|DOID:0090081|DOID:0090082|DOID:0090083|DOID:0090084|DOID:0090085|DOID:0090086|DOID:0090087|DOID:0090089|DOID:0090090|DOID:0090092|DOID:0090093|DOID:0090094|DOID:10763|DOID:10825|DOID:11476|DOID:12361|DOID:1564|DOID:1686|DOID:1826|DOID:1837|DOID:2841|DOID:3393|DOID:3614|DOID:409|DOID:4500|DOID:533|DOID:7997|DOID:7998|DOID:8622|DOID:8913|DOID:9282|DOID:9351|DOID:9360|DOID:9406|DOID:9410|DOID:9415|DOID:9476,NCBIGENE:1050|NCBIGENE:1051|NCBIGENE:153|NCBIGENE:154|NCBIGENE:155|NCBIGENE:1843|NCBIGENE:3383|NCBIGENE:3576|NCBIGENE:3605|NCBIGENE:3627,COC1=CC=C(CC(C)NCC(O)C2=CC(NC=O)=C(O)C=C2)C=C1
DB00448,CID000003883,221,P20648|P10636,P04798|Q16678|P10632|P11712|P33260|P10635|P08684|P33261,PUBCHEM.COMPOUND:3883,DOID:0050741|DOID:0050782|DOID:0060262|DOID:0060674|DOID:0060675|DOID:0060676|DOID:0060677|DOID:0060678|DOID:0060679|DOID:10763|DOID:10808|DOID:10825|DOID:10952|DOID:114|DOID:11476|DOID:11847|DOID:11963|DOID:1247|DOID:1287|DOID:13268|DOID:13580|DOID:13656|DOID:13976|DOID:1425|DOID:1574|DOID:1724|DOID:2018|DOID:2355|DOID:2361|DOID:2527|DOID:2921|DOID:3526|DOID:409|DOID:437|DOID:557|DOID:5844|DOID:5854|DOID:6000|DOID:6713|DOID:750|DOID:8534|DOID:8568|DOID:9408,NCBIGENE:1543|NCBIGENE:1544|NCBIGENE:1557|NCBIGENE:1558|NCBIGENE:1559|NCBIGENE:1576|NCBIGENE:162466|NCBIGENE:3162|NCBIGENE:4137|NCBIGENE:479|NCBIGENE:495|NCBIGENE:8856,CC1=C(OCC(F)(F)F)C=CN=C1CS(=O)C1=NC2=CC=CC=C2N1
DB00674,CID000003449,222,P22303|P36544|A9X444|P06276,P08684|P10635,PUBCHEM.COMPOUND:3449,,NCBIGENE:590,[H][C@]12C[C@@H](O)C=C[C@]11CCN(C)CC3=C1C(O2)=C(OC)C=C3
DB01001,CID000002083,223,P07550|P08588|P13945,P08684,PUBCHEM.COMPOUND:2083,DOID:10763|DOID:10825|DOID:12361|DOID:13206|DOID:13550|DOID:13948|DOID:1405|DOID:14445|DOID:1826|DOID:1837|DOID:2841|DOID:2883|DOID:3393|DOID:3650|DOID:4500|DOID:7997|DOID:7998|DOID:9282|DOID:9351,NCBIGENE:1080|NCBIGENE:153|NCBIGENE:154|NCBIGENE:155|NCBIGENE:2147|NCBIGENE:3586|NCBIGENE:4318|NCBIGENE:5142|NCBIGENE:55811|NCBIGENE:7124|NCBIGENE:9451,CC(C)(C)NCC(O)C1=CC(CO)=C(O)C=C1
DB00358,CID000004046,224,P29274,P11511|P22303|P06276|P08684,PUBCHEM.COMPOUND:4046,,NCBIGENE:3039|NCBIGENE:3040,OC(C1CCCCN1)C1=CC(=NC2=C1C=CC=C2C(F)(F)F)C(F)(F)F
DB00681,CID000001972,225,,,PUBCHEM.COMPOUND:1972,,,[H][C@]12C[C@@H](O[C@@H]3O[C@H](C)[C@@H](O)[C@H](N)[C@@H]3O)\C=C\C=C\C=C\C=C\C=C\C=C\C=C\[C@H](C)[C@@H](O)[C@@H](C)[C@H](C)OC(=O)C[C@H](O)C[C@H](O)CC[C@@H](O)[C@H](O)C[C@H](O)C[C@](O)(C[C@H](O)[C@H]1C(O)=O)O2
DB01060,CID000002171,226,Q8L103,P10632|P04190,PUBCHEM.COMPOUND:2171,,,[H][C@]12SC(C)(C)[C@@H](N1C(=O)[C@H]2NC(=O)[C@H](N)C1=CC=C(O)C=C1)C(O)=O
DB09153,CID000005234,227,,,PUBCHEM.COMPOUND:5234,,NCBIGENE:100293534|NCBIGENE:1020|NCBIGENE:11266|NCBIGENE:1520|NCBIGENE:1843|NCBIGENE:1906|NCBIGENE:213|NCBIGENE:25|NCBIGENE:2539|NCBIGENE:27306|NCBIGENE:2752|NCBIGENE:2821|NCBIGENE:3600|NCBIGENE:3783|NCBIGENE:4023|NCBIGENE:4133|NCBIGENE:472|NCBIGENE:4843|NCBIGENE:4846|NCBIGENE:4953|NCBIGENE:5172|NCBIGENE:51738|NCBIGENE:5444|NCBIGENE:5743|NCBIGENE:5972|NCBIGENE:6446|NCBIGENE:6550|NCBIGENE:6722|NCBIGENE:721|NCBIGENE:8128|NCBIGENE:9451,[Na+].[Cl-]
DB00541,CID000005978,228,P07437|P68366,P08684|P20815|P24462,PUBCHEM.COMPOUND:5978,DOID:0050539|DOID:0050873|DOID:0060058|DOID:0060060|DOID:0060843|DOID:0090003|DOID:0110148|DOID:0110149|DOID:0110150|DOID:0110151|DOID:0110152|DOID:0110153|DOID:0110154|DOID:0110155|DOID:0110156|DOID:0110157|DOID:0110158|DOID:0110159|DOID:0110160|DOID:0110161|DOID:0110163|DOID:0110164|DOID:0110165|DOID:0110166|DOID:0110167|DOID:0110168|DOID:0110169|DOID:0110170|DOID:0110173|DOID:0110174|DOID:0110175|DOID:0110177|DOID:0110179|DOID:0110182|DOID:0110183|DOID:0110184|DOID:0110185|DOID:0110186|DOID:0110187|DOID:0110190|DOID:0110191|DOID:0110192|DOID:0110193|DOID:0110194|DOID:0110195|DOID:0110196|DOID:0110197|DOID:0110198|DOID:0110199|DOID:0110200|DOID:0110202|DOID:0110203|DOID:0110204|DOID:0110205|DOID:0110206|DOID:0110207|DOID:0110208|DOID:0110209|DOID:0110210|DOID:0110211|DOID:0110212|DOID:104|DOID:10595|DOID:13580|DOID:1389|DOID:1564|DOID:1803|DOID:1920|DOID:1974|DOID:2154|DOID:2477|DOID:2571|DOID:2739|DOID:2741|DOID:3247|DOID:440|DOID:574|DOID:615|DOID:683|DOID:707|DOID:769|DOID:8538|DOID:8543|DOID:8567|DOID:8584|DOID:8628|DOID:8651|DOID:8654|DOID:8675|DOID:870|DOID:8913|DOID:934|DOID:9952,NCBIGENE:10017|NCBIGENE:10057|NCBIGENE:10257|NCBIGENE:10383|NCBIGENE:1244|NCBIGENE:142|NCBIGENE:1576|NCBIGENE:1577|NCBIGENE:203068|NCBIGENE:2064|NCBIGENE:216|NCBIGENE:2264|NCBIGENE:2950|NCBIGENE:2965|NCBIGENE:30834|NCBIGENE:3439|NCBIGENE:3447|NCBIGENE:3725|NCBIGENE:387|NCBIGENE:4137|NCBIGENE:4255|NCBIGENE:4288|NCBIGENE:4363|NCBIGENE:4613|NCBIGENE:538|NCBIGENE:540|NCBIGENE:5756|NCBIGENE:6717|NCBIGENE:672|NCBIGENE:6790|NCBIGENE:7157|NCBIGENE:7277|NCBIGENE:89845|NCBIGENE:9046|NCBIGENE:9429|NCBIGENE:960,[H][C@@]12N3CC[C@@]11C4=C(C=C(OC)C(=C4)[C@]4(C[C@H]5C[N@](C[C@](O)(CC)C5)CCC5=C4NC4=CC=CC=C54)C(=O)OC)N(C=O)[C@@]1([H])[C@](O)([C@H](OC(C)=O)[C@]2(CC)C=CC3)C(=O)OC
DB01156,CID000000444,229,Q01959|P23975|P32297|P46098,P11712|P05181|P20813|P10635,PUBCHEM.COMPOUND:444,DOID:0050741|DOID:0050742|DOID:0060262|DOID:10763|DOID:10825|DOID:10952|DOID:11328|DOID:11847|DOID:12129|DOID:12139|DOID:1425|DOID:1470|DOID:1574|DOID:1595|DOID:1596|DOID:1826|DOID:2527|DOID:2559|DOID:2560|DOID:2848|DOID:2921|DOID:3620|DOID:409|DOID:4964|DOID:5082|DOID:5418|DOID:557|DOID:5844|DOID:5854|DOID:594|DOID:8689|DOID:9408|DOID:9970|DOID:9976,NCBIGENE:1136|NCBIGENE:113612|NCBIGENE:1548|NCBIGENE:1555|NCBIGENE:1565|NCBIGENE:260293|NCBIGENE:29785|NCBIGENE:5321|NCBIGENE:6530|NCBIGENE:6531|NCBIGENE:836,CC(NC(C)(C)C)C(=O)C1=CC(Cl)=CC=C1
DB00764,CID000123620,230,P04150|P06401,P10632|P08684|P20815,PUBCHEM.COMPOUND:123620,,,[H][C@@]12C[C@@H](C)[C@](O)(C(=O)CCl)[C@@]1(C)C[C@H](O)[C@@]1(Cl)[C@@]2([H])CCC2=CC(=O)C=C[C@]12C
DB00953,CID000005078,231,P28222|P28221|P08908|P28566|P30939|P34969,P21397|P10635,PUBCHEM.COMPOUND:5078,DOID:0060262|DOID:10763|DOID:10825|DOID:11847|DOID:3393|DOID:3526|DOID:3669|DOID:409|DOID:5844|DOID:5854|DOID:6364|DOID:6713|DOID:784|DOID:9408,NCBIGENE:3350|NCBIGENE:3351|NCBIGENE:3354|NCBIGENE:3355|NCBIGENE:4128,CN(C)CCC1=CNC2=C1C=C(CN1C=NC=N1)C=C2
DB00708,CID000041693,232,P35372|P41143|P41145,P08684,PUBCHEM.COMPOUND:41693,DOID:0060262|DOID:10952|DOID:1425|DOID:2527|DOID:2921|DOID:409|DOID:557,NCBIGENE:4985|NCBIGENE:4986|NCBIGENE:4988,CCC(=O)N(C1=CC=CC=C1)C1(COC)CCN(CCC2=CC=CS2)CC1
DB00214,CID000041781,233,P55011|Q13621,P10632|P11712,PUBCHEM.COMPOUND:41781,DOID:10763|DOID:10825|DOID:13189|DOID:1920|DOID:2983|DOID:4500|DOID:5082|DOID:6000,NCBIGENE:1558|NCBIGENE:1559|NCBIGENE:5972|NCBIGENE:6915,CC(C)NC(=O)NS(=O)(=O)C1=C(NC2=CC=CC(C)=C2)C=CN=C1
DB00598,CID000003869,234,P08588|P07550,P10635|P33261|P22309|P16662|O60656,PUBCHEM.COMPOUND:3869,DOID:0060262|DOID:10763|DOID:10825|DOID:10952|DOID:12139|DOID:12550|DOID:12678|DOID:12679|DOID:13189|DOID:13413|DOID:13543|DOID:1425|DOID:1470|DOID:1595|DOID:1596|DOID:1837|DOID:1920|DOID:2383|DOID:2485|DOID:2527|DOID:2848|DOID:2913|DOID:2921|DOID:2983|DOID:3341|DOID:409|DOID:4500|DOID:4964|DOID:4989|DOID:557|DOID:9074|DOID:9351,NCBIGENE:146|NCBIGENE:147|NCBIGENE:148|NCBIGENE:150|NCBIGENE:152|NCBIGENE:153|NCBIGENE:154|NCBIGENE:155|NCBIGENE:5617|NCBIGENE:58189|NCBIGENE:5972,CC(CCC1=CC=CC=C1)NCC(O)C1=CC(C(N)=O)=C(O)C=C1
DB00864,CID000005372,235,P62942,P08684|P20815,PUBCHEM.COMPOUND:5372,,,CO[C@@H]1C[C@@H](CC[C@H]1O)\C=C(/C)[C@H]1OC(=O)[C@@H]2CCCCN2C(=O)C(=O)[C@]2(O)O[C@@H]([C@H](C[C@H]2C)OC)[C@H](C[C@@H](C)C\C(C)=C\[C@@H](CC=C)C(=O)C[C@H](O)[C@H]1C)OC
DB00678,CID000003961,236,P30556,P11712|P08684|P33261|P22309|P35503|Q9HAW8|P16662|O75795|P10632,PUBCHEM.COMPOUND:3961,DOID:0060262|DOID:10763|DOID:10825|DOID:12550|DOID:12678|DOID:12679|DOID:13189|DOID:13413|DOID:13543|DOID:1837|DOID:1920|DOID:2383|DOID:2485|DOID:2913|DOID:2972|DOID:2983|DOID:3341|DOID:409|DOID:4500|DOID:4989|DOID:9074|DOID:9351,NCBIGENE:116085|NCBIGENE:1490|NCBIGENE:1559|NCBIGENE:1576|NCBIGENE:1636|NCBIGENE:183|NCBIGENE:186|NCBIGENE:1906|NCBIGENE:1909|NCBIGENE:213|NCBIGENE:2200|NCBIGENE:2353|NCBIGENE:23576|NCBIGENE:2597|NCBIGENE:283|NCBIGENE:3383|NCBIGENE:3553|NCBIGENE:358|NCBIGENE:3827|NCBIGENE:3952|NCBIGENE:4313|NCBIGENE:4878|NCBIGENE:5054|NCBIGENE:551|NCBIGENE:5600|NCBIGENE:5743|NCBIGENE:5894|NCBIGENE:5972|NCBIGENE:6195|NCBIGENE:6196|NCBIGENE:6347|NCBIGENE:6915|NCBIGENE:7040|NCBIGENE:7157|NCBIGENE:7412,CCCCC1=NC(Cl)=C(CO)N1CC1=CC=C(C=C1)C1=CC=CC=C1C1=NNN=N1
DB01264,CID000213039,237,Q72874,P10635|P08684,PUBCHEM.COMPOUND:213039,DOID:0060262|DOID:12134|DOID:12259|DOID:1837|DOID:1883|DOID:2043|DOID:409|DOID:4195|DOID:5082|DOID:526|DOID:635|DOID:9351,,[H][C@@]12CCO[C@]1([H])OC[C@@H]2OC(=O)N[C@@H](CC1=CC=CC=C1)[C@H](O)CN(CC(C)C)S(=O)(=O)C1=CC=C(N)C=C1
DB01589,CID000004999,238,,P08684|P33261|P11712,PUBCHEM.COMPOUND:4999,DOID:0050848|DOID:0060262|DOID:0060731|DOID:10952|DOID:12139|DOID:13268|DOID:1425|DOID:1470|DOID:1595|DOID:1596|DOID:2527|DOID:2848|DOID:2921|DOID:302|DOID:303|DOID:409|DOID:4964|DOID:557|DOID:850,NCBIGENE:2558|NCBIGENE:2560|NCBIGENE:2563|NCBIGENE:2564|NCBIGENE:2565|NCBIGENE:2566|NCBIGENE:2569|NCBIGENE:2570,FC1=CC=CC=C1C1=NCC(=S)N(CC(F)(F)F)C2=C1C=C(Cl)C=C2
DB00545,CID000004991,239,P06276|P22303,P22303|P06276|P08684,PUBCHEM.COMPOUND:4991,DOID:10952|DOID:1425|DOID:2527|DOID:2841|DOID:2921|DOID:437|DOID:5200|DOID:557|DOID:9360|DOID:9415,NCBIGENE:2159|NCBIGENE:43|NCBIGENE:590,CN(C)C(=O)OC1=C[N+](C)=CC=C1
DB00331,CID000004091,240,Q16134|Q9Y478|P21695,,PUBCHEM.COMPOUND:4091,DOID:0050741|DOID:0060262|DOID:0060870|DOID:0060872|DOID:0060873|DOID:0060874|DOID:0060875|DOID:0090070|DOID:0090071|DOID:0090072|DOID:0090073|DOID:0090074|DOID:0090076|DOID:0090077|DOID:0090078|DOID:0090079|DOID:0090080|DOID:0090081|DOID:0090082|DOID:0090083|DOID:0090084|DOID:0090085|DOID:0090086|DOID:0090087|DOID:0090089|DOID:0090090|DOID:0090092|DOID:0090093|DOID:0090094|DOID:10493|DOID:10952|DOID:11054|DOID:11396|DOID:11476|DOID:11847|DOID:13774|DOID:1425|DOID:1574|DOID:2527|DOID:2913|DOID:2921|DOID:3133|DOID:3393|DOID:3526|DOID:3614|DOID:3650|DOID:4007|DOID:409|DOID:4447|DOID:4449|DOID:4989|DOID:533|DOID:557|DOID:583|DOID:5844|DOID:5854|DOID:6000|DOID:614|DOID:6713|DOID:784|DOID:9351|DOID:9352|DOID:9406|DOID:9408|DOID:9410|DOID:9476|DOID:9993,NCBIGENE:1050|NCBIGENE:1066|NCBIGENE:11040|NCBIGENE:145264|NCBIGENE:146802|NCBIGENE:1543|NCBIGENE:1586|NCBIGENE:1803|NCBIGENE:1857|NCBIGENE:1978|NCBIGENE:200186|NCBIGENE:2064|NCBIGENE:213|NCBIGENE:2167|NCBIGENE:22926|NCBIGENE:2308|NCBIGENE:23410|NCBIGENE:23411|NCBIGENE:23621|NCBIGENE:2475|NCBIGENE:252995|NCBIGENE:2597|NCBIGENE:2641|NCBIGENE:2740|NCBIGENE:2932|NCBIGENE:3039|NCBIGENE:3040|NCBIGENE:3099|NCBIGENE:314|NCBIGENE:3162|NCBIGENE:32|NCBIGENE:3309|NCBIGENE:3359|NCBIGENE:3383|NCBIGENE:3479|NCBIGENE:348|NCBIGENE:3480|NCBIGENE:3484|NCBIGENE:3553|NCBIGENE:3600|NCBIGENE:3643|NCBIGENE:3651|NCBIGENE:3667|NCBIGENE:3952|NCBIGENE:3953|NCBIGENE:4000|NCBIGENE:4023|NCBIGENE:4288|NCBIGENE:4318|NCBIGENE:468|NCBIGENE:472|NCBIGENE:4792|NCBIGENE:4982|NCBIGENE:5054|NCBIGENE:51094|NCBIGENE:5228|NCBIGENE:5241|NCBIGENE:5327|NCBIGENE:5340|NCBIGENE:54541|NCBIGENE:5468|NCBIGENE:55244|NCBIGENE:5562|NCBIGENE:5563|NCBIGENE:5564|NCBIGENE:5595|NCBIGENE:5617|NCBIGENE:56729|NCBIGENE:5728|NCBIGENE:5770|NCBIGENE:5774|NCBIGENE:5867|NCBIGENE:5879|NCBIGENE:5881|NCBIGENE:595|NCBIGENE:6194|NCBIGENE:6198|NCBIGENE:6414|NCBIGENE:6469|NCBIGENE:64788|NCBIGENE:6514|NCBIGENE:6517|NCBIGENE:6518|NCBIGENE:6564|NCBIGENE:6580|NCBIGENE:6581|NCBIGENE:6582|NCBIGENE:6720|NCBIGENE:6770|NCBIGENE:6774|NCBIGENE:6790|NCBIGENE:6794|NCBIGENE:6999|NCBIGENE:7040|NCBIGENE:7045|NCBIGENE:7076|NCBIGENE:7157|NCBIGENE:7351|NCBIGENE:7436|NCBIGENE:836|NCBIGENE:8431|NCBIGENE:8639|NCBIGENE:8660|NCBIGENE:8837|NCBIGENE:8856|NCBIGENE:9407,CN(C)C(=N)NC(N)=N
DB00684,CID000005496,241,,,PUBCHEM.COMPOUND:5496,,,NC[C@H]1O[C@H](O[C@@H]2[C@@H](N)C[C@@H](N)[C@H](O[C@H]3O[C@H](CO)[C@@H](O)[C@H](N)[C@H]3O)[C@H]2O)[C@H](N)C[C@@H]1O
DB00503,CID000005076,242,Q72874|O75469,P08684|P10635|P11712|P33261|P20813|P10632|P05177|P20815|P24462,PUBCHEM.COMPOUND:5076,,,CC(C)[C@H](NC(=O)N(C)CC1=CSC(=N1)C(C)C)C(=O)N[C@H](C[C@H](O)[C@H](CC1=CC=CC=C1)NC(=O)OCC1=CN=CS1)CC1=CC=CC=C1
DB01195,CID000003355,243,P35499|Q14524|Q12809|Q92736,P10635|P05177|P11712,PUBCHEM.COMPOUND:3355,,NCBIGENE:10021|NCBIGENE:11280|NCBIGENE:112802|NCBIGENE:121391|NCBIGENE:1565|NCBIGENE:3751|NCBIGENE:3757|NCBIGENE:6262|NCBIGENE:6323|NCBIGENE:6328|NCBIGENE:6329|NCBIGENE:6332|NCBIGENE:6334|NCBIGENE:6336,FC(F)(F)COC1=CC(C(=O)NCC2CCCCN2)=C(OCC(F)(F)F)C=C1
DB00878,CID000002713,244,,,PUBCHEM.COMPOUND:2713,,,ClC1=CC=C(NC(=N)NC(=N)NCCCCCCNC(=N)NC(=N)NC2=CC=C(Cl)C=C2)C=C1
DB00550,CID000657298,245,P07202,P05164|P09172|P04798,PUBCHEM.COMPOUND:657298,DOID:0050328|DOID:0050590|DOID:11634|DOID:1227|DOID:12361|DOID:12449|DOID:12450|DOID:12837|DOID:12987|DOID:1459|DOID:1588|DOID:2739|DOID:2741|DOID:3082|DOID:615|DOID:7997|DOID:7998,NCBIGENE:1543|NCBIGENE:1733|NCBIGENE:346562|NCBIGENE:3741|NCBIGENE:4353|NCBIGENE:50834|NCBIGENE:50840|NCBIGENE:5726|NCBIGENE:6347|NCBIGENE:6528|NCBIGENE:7038|NCBIGENE:7173,CCCC1=CC(=O)NC(=S)N1
DB00691,CID000091270,246,P12821,,PUBCHEM.COMPOUND:91270,DOID:0050590|DOID:0060262|DOID:0080001|DOID:10763|DOID:10825|DOID:10952|DOID:1222|DOID:1227|DOID:12449|DOID:12550|DOID:12678|DOID:12679|DOID:12987|DOID:13189|DOID:13413|DOID:13543|DOID:1425|DOID:14735|DOID:1558|DOID:1712|DOID:1837|DOID:1920|DOID:2383|DOID:2485|DOID:2527|DOID:2913|DOID:2921|DOID:2972|DOID:2983|DOID:3341|DOID:3393|DOID:409|DOID:4500|DOID:4989|DOID:557|DOID:65|DOID:854|DOID:9074|DOID:9351,,CCOC(=O)[C@H](CCC1=CC=CC=C1)N[C@@H](C)C(=O)N1CC2=CC(OC)=C(OC)C=C2C[C@H]1C(O)=O
DB00975,CID000003108,247,Q9Y233|O76074|P27815|P00813|P53805|P02763,,PUBCHEM.COMPOUND:3108,DOID:0050328|DOID:0050741|DOID:0050820|DOID:0060224|DOID:0060262|DOID:0060573|DOID:0060692|DOID:0110307|DOID:0111045|DOID:0111052|DOID:0111054|DOID:0111056|DOID:0111057|DOID:10652|DOID:10772|DOID:10808|DOID:10952|DOID:11249|DOID:11481|DOID:11634|DOID:11847|DOID:11870|DOID:11984|DOID:12531|DOID:12678|DOID:12679|DOID:13087|DOID:13189|DOID:13884|DOID:1425|DOID:1443|DOID:14525|DOID:1459|DOID:1574|DOID:1588|DOID:2215|DOID:2216|DOID:2236|DOID:2355|DOID:2361|DOID:2485|DOID:2527|DOID:2921|DOID:326|DOID:384|DOID:397|DOID:409|DOID:4500|DOID:557|DOID:5844|DOID:5854|DOID:750|DOID:820|DOID:8515|DOID:9408,NCBIGENE:100|NCBIGENE:10257|NCBIGENE:10846|NCBIGENE:132|NCBIGENE:2056|NCBIGENE:2152|NCBIGENE:3177|NCBIGENE:4318|NCBIGENE:501|NCBIGENE:5327|NCBIGENE:7124|NCBIGENE:8654|NCBIGENE:959,OCCN(CCO)C1=NC2=C(N=C(N=C2N2CCCCC2)N(CCO)CCO)C(=N1)N1CCCCC1
DB01076,CID000002250,248,P04035|P27487|P35869|Q92769|Q14994,P08684|P20815|P24462|P10632|P10635|P11712|P33261|P20813|P22309|P35503,PUBCHEM.COMPOUND:2250,,NCBIGENE:1803|NCBIGENE:196|NCBIGENE:3156,CC(C)C1=C(C(=O)NC2=CC=CC=C2)C(=C(N1CC[C@@H](O)C[C@@H](O)CC(O)=O)C1=CC=C(F)C=C1)C1=CC=CC=C1
DB01273,CID000170361,249,P43681|P36544|P32297|Q15825|P17787,,PUBCHEM.COMPOUND:170361,,NCBIGENE:1135|NCBIGENE:1136|NCBIGENE:1137|NCBIGENE:1138|NCBIGENE:1141|NCBIGENE:1142|NCBIGENE:1143|NCBIGENE:8973,C1C2CNCC1C1=C2C=C2N=CC=NC2=C1
DB00993,CID000002265,250,P63000,P00492|Q9NV35|P47989|P51580|P08263|P09210|P09488|P20839|P12268|P49915|Q9BY32|P05177,PUBCHEM.COMPOUND:2265,DOID:0060058|DOID:104|DOID:11512|DOID:12449|DOID:1564|DOID:1588|DOID:2355|DOID:2361|DOID:2913|DOID:3234|DOID:4989|DOID:7148|DOID:8675|DOID:8913|DOID:934,NCBIGENE:1234|NCBIGENE:2475|NCBIGENE:3251|NCBIGENE:3308|NCBIGENE:3614|NCBIGENE:5879|NCBIGENE:7172,CN1C=NC(=C1SC1=NC=NC2=C1NC=N2)[N+]([O-])=O
DB11868,CID000059708,251,,,PUBCHEM.COMPOUND:59708,,,CCC(N1CCCC1=O)C(N)=O
CID000004253,CID000004253,252,,,PUBCHEM.COMPOUND:4253,,,CN1CCC23C4C1CC5=C2C(=C(C=C5)O)OC3C(C=C4)O
DB00493,CID000002631,253,Q7CRA4|Q8DNB6|P42971|Q8DR59|P0A3M6|Q4U2R8|Q8TCC7|Q9NSA0|Q9Y694|P46059|P02768|B2ZTR6|Q16348,,PUBCHEM.COMPOUND:2631,,,[H][C@]12SCC(COC(C)=O)=C(N1C(=O)[C@H]2NC(=O)C(=N/OC)\C1=CSC(N)=N1)C(O)=O
DB00880,CID000002720,254,P55017|P00915|P00918,,PUBCHEM.COMPOUND:2720,DOID:0050590|DOID:0050700|DOID:0050771|DOID:0060262|DOID:0080001|DOID:0110741|DOID:0110742|DOID:0110743|DOID:0110744|DOID:0110745|DOID:0110746|DOID:0110747|DOID:0110748|DOID:0110749|DOID:0110750|DOID:0110751|DOID:0110752|DOID:0110753|DOID:0110754|DOID:0110755|DOID:0110756|DOID:0110757|DOID:0110758|DOID:0110759|DOID:0110760|DOID:0110761|DOID:0110892|DOID:10021|DOID:10154|DOID:1029|DOID:10300|DOID:10763|DOID:10825|DOID:10952|DOID:1098|DOID:11151|DOID:11459|DOID:117|DOID:11755|DOID:11984|DOID:12139|DOID:1222|DOID:1227|DOID:12449|DOID:12550|DOID:12678|DOID:12679|DOID:12932|DOID:12987|DOID:13087|DOID:13189|DOID:13268|DOID:13413|DOID:13543|DOID:13548|DOID:13580|DOID:13884|DOID:14026|DOID:1425|DOID:1470|DOID:14735|DOID:1558|DOID:1595|DOID:1596|DOID:1712|DOID:1826|DOID:1837|DOID:1920|DOID:2237|DOID:2355|DOID:2361|DOID:2383|DOID:2485|DOID:2527|DOID:2841|DOID:2848|DOID:2913|DOID:2921|DOID:2972|DOID:2983|DOID:3341|DOID:3393|DOID:3401|DOID:3526|DOID:3650|DOID:3669|DOID:384|DOID:3953|DOID:409|DOID:423|DOID:437|DOID:4398|DOID:4500|DOID:4964|DOID:4989|DOID:5082|DOID:557|DOID:580|DOID:585|DOID:6000|DOID:6132|DOID:65|DOID:6713|DOID:718|DOID:7327|DOID:750|DOID:854|DOID:8577|DOID:8893|DOID:9074|DOID:9088|DOID:9351|DOID:9352|DOID:9360|DOID:9415|DOID:9428|DOID:9744|DOID:9993,NCBIGENE:5972|NCBIGENE:6559|NCBIGENE:760|NCBIGENE:762|NCBIGENE:793,NS(=O)(=O)C1=C(Cl)C=C2NC=NS(=O)(=O)C2=C1
DB00853,CID000005394,255,,,PUBCHEM.COMPOUND:5394,DOID:0050590|DOID:1227|DOID:12449|DOID:12450|DOID:12987|DOID:1588|DOID:2355|DOID:2361|DOID:3069|DOID:3078|DOID:4851|DOID:5077|DOID:614|DOID:6726|DOID:6811|DOID:7005|DOID:7007|DOID:7008,NCBIGENE:1111|NCBIGENE:11200|NCBIGENE:1638|NCBIGENE:183|NCBIGENE:2177|NCBIGENE:328|NCBIGENE:3303|NCBIGENE:3304|NCBIGENE:4255|NCBIGENE:4292|NCBIGENE:4350|NCBIGENE:4436|NCBIGENE:472|NCBIGENE:595|NCBIGENE:675|NCBIGENE:7015|NCBIGENE:7153|NCBIGENE:7157|NCBIGENE:995,CN1N=NC2=C(N=CN2C1=O)C(N)=O
DB01339,CID000039765,256,Q15822,,PUBCHEM.COMPOUND:39765,DOID:0050214|DOID:11981|DOID:13580|DOID:437|DOID:440|DOID:5082,,[H][C@@]12C[C@@H]([C@H](OC(C)=O)[C@@]1(C)CC[C@@]1([H])[C@@]2([H])CC[C@@]2([H])C[C@H](OC(C)=O)[C@H](C[C@]12C)N1CCCCC1)[N+]1(C)CCCCC1
DB01009,CID000003825,257,P35354|P23219|P25024,P11712|P10632|P22309,PUBCHEM.COMPOUND:3825,DOID:10763|DOID:10825|DOID:10952|DOID:114|DOID:11847|DOID:1247|DOID:1287|DOID:1425|DOID:2527|DOID:2921|DOID:381|DOID:557|DOID:5844|DOID:5854|DOID:7148|DOID:750|DOID:848|DOID:9408,NCBIGENE:10864|NCBIGENE:114571|NCBIGENE:3553|NCBIGENE:3577|NCBIGENE:54575|NCBIGENE:54600|NCBIGENE:54657|NCBIGENE:54658|NCBIGENE:54659|NCBIGENE:55867|NCBIGENE:5742|NCBIGENE:5743|NCBIGENE:6580|NCBIGENE:7364|NCBIGENE:9356|NCBIGENE:9407,CC(C(O)=O)C1=CC(=CC=C1)C(=O)C1=CC=CC=C1
DB00537,CID000002764,258,P43702|P43700|P11388|Q12809|P0AES4|P0C1U9|Q59192|P05653|C3T8E2|B4YQT9|P20831,P05177|P08684|P20815|P24462,PUBCHEM.COMPOUND:2764,DOID:100|DOID:10371|DOID:10952|DOID:12384|DOID:12385|DOID:13250|DOID:13258|DOID:13507|DOID:13778|DOID:13819|DOID:1389|DOID:13924|DOID:1425|DOID:14654|DOID:1679|DOID:1826|DOID:203|DOID:204|DOID:2297|DOID:2527|DOID:2921|DOID:2964|DOID:3055|DOID:379|DOID:381|DOID:437|DOID:4500|DOID:557|DOID:574|DOID:7427|DOID:813|DOID:870|DOID:874|DOID:9463|DOID:971,NCBIGENE:142|NCBIGENE:1490|NCBIGENE:1544|NCBIGENE:1576|NCBIGENE:2054|NCBIGENE:3106|NCBIGENE:3107|NCBIGENE:3558|NCBIGENE:3576|NCBIGENE:3757|NCBIGENE:4312|NCBIGENE:5347|NCBIGENE:64127|NCBIGENE:7153|NCBIGENE:7155|NCBIGENE:7957|NCBIGENE:8128|NCBIGENE:836|NCBIGENE:9376|NCBIGENE:9407,OC(=O)C1=CN(C2CC2)C2=CC(N3CCNCC3)=C(F)C=C2C1=O
DB00184,CID000000942,259,P43681|P36544|P17787|Q15822|P32297|P30532|Q15825|Q9UGM1|Q9GZZ6|Q05901|P30926|P11511|P28329,P04798|P05177|P33261|P10632|P11712|P10635|P08684|P21397|P27338|P11509|P05181|Q16696|P20813,PUBCHEM.COMPOUND:942,,NCBIGENE:1103|NCBIGENE:1134|NCBIGENE:1135|NCBIGENE:1136|NCBIGENE:1137|NCBIGENE:1138|NCBIGENE:1139|NCBIGENE:1141|NCBIGENE:1142|NCBIGENE:1143|NCBIGENE:1144|NCBIGENE:1145|NCBIGENE:2697|NCBIGENE:3359|NCBIGENE:55584|NCBIGENE:57053|NCBIGENE:79608|NCBIGENE:8973|NCBIGENE:89832,CN1CCC[C@H]1C1=CN=CC=C1
DB00321,CID000002160,260,P23975|P31645|P28223|P08908|P41143|P41145|P04629|Q16620|P35348|P25100|P08913|P35367|O43526|Q09470|P25021|Q9H3N8|Q99720|P28335|P35368|P34969|P28221|P35372|P28222|P50406|O43525|P08909,P10635|P05177|P33261|P11712|P08684|P20815|P20813|P10632|P36537|P22310,PUBCHEM.COMPOUND:2160,DOID:0050590|DOID:0050741|DOID:0050841|DOID:0050848|DOID:0060262|DOID:0060731|DOID:1067|DOID:10952|DOID:11328|DOID:11847|DOID:12139|DOID:1227|DOID:12361|DOID:12700|DOID:12987|DOID:13206|DOID:13268|DOID:13548|DOID:13550|DOID:1405|DOID:14221|DOID:1425|DOID:1432|DOID:14445|DOID:14464|DOID:1470|DOID:1574|DOID:1588|DOID:1595|DOID:1596|DOID:1686|DOID:1826|DOID:2355|DOID:2361|DOID:2527|DOID:2848|DOID:2883|DOID:2921|DOID:302|DOID:303|DOID:3393|DOID:3878|DOID:409|DOID:4195|DOID:4964|DOID:529|DOID:5418|DOID:557|DOID:5844|DOID:5854|DOID:615|DOID:679|DOID:7997|DOID:7998|DOID:8442|DOID:850|DOID:9408|DOID:9854|DOID:9970,NCBIGENE:10280|NCBIGENE:104909134|NCBIGENE:1128|NCBIGENE:1131|NCBIGENE:1132|NCBIGENE:1133|NCBIGENE:1394|NCBIGENE:146|NCBIGENE:147|NCBIGENE:148|NCBIGENE:150|NCBIGENE:152|NCBIGENE:153|NCBIGENE:1544|NCBIGENE:1557|NCBIGENE:1559|NCBIGENE:1565|NCBIGENE:1576|NCBIGENE:1958|NCBIGENE:2247|NCBIGENE:3269|NCBIGENE:3274|NCBIGENE:3350|NCBIGENE:3351|NCBIGENE:3358|NCBIGENE:3362|NCBIGENE:3363|NCBIGENE:3725|NCBIGENE:3736|NCBIGENE:3751|NCBIGENE:3752|NCBIGENE:3785|NCBIGENE:3786|NCBIGENE:4914|NCBIGENE:4915|NCBIGENE:4985|NCBIGENE:4986|NCBIGENE:4988|NCBIGENE:5005|NCBIGENE:59340|NCBIGENE:627|NCBIGENE:6335|NCBIGENE:6507|NCBIGENE:6530|NCBIGENE:6532|NCBIGENE:7157|NCBIGENE:8220,CN(C)CCC=C1C2=CC=CC=C2CCC2=CC=CC=C12
DB00524,CID000004170,261,P55017,,PUBCHEM.COMPOUND:4170,DOID:10763|DOID:10825|DOID:12550|DOID:12678|DOID:12679|DOID:13189|DOID:13413|DOID:1837|DOID:2485|DOID:2913|DOID:2983|DOID:4500|DOID:4989|DOID:9074|DOID:9351,NCBIGENE:6559|NCBIGENE:766,CC1NC2=CC(Cl)=C(C=C2C(=O)N1C1=CC=CC=C1C)S(N)(=O)=O
DB00264,CID000004171,262,P08588|P07550,P08684|P10635,PUBCHEM.COMPOUND:4171,DOID:0050771|DOID:0060262|DOID:10021|DOID:10154|DOID:10300|DOID:10763|DOID:10825|DOID:117|DOID:11847|DOID:12139|DOID:12550|DOID:12678|DOID:12679|DOID:13189|DOID:13413|DOID:13543|DOID:13884|DOID:1470|DOID:1595|DOID:1596|DOID:1837|DOID:1920|DOID:2383|DOID:2485|DOID:2841|DOID:2848|DOID:2913|DOID:2983|DOID:326|DOID:3341|DOID:3669|DOID:3953|DOID:409|DOID:437|DOID:4398|DOID:4500|DOID:4964|DOID:4989|DOID:5844|DOID:5854|DOID:8893|DOID:9074|DOID:9088|DOID:9351|DOID:9408|DOID:9993,NCBIGENE:11255|NCBIGENE:1128|NCBIGENE:1131|NCBIGENE:1132|NCBIGENE:1133|NCBIGENE:136|NCBIGENE:150|NCBIGENE:152|NCBIGENE:1524|NCBIGENE:153|NCBIGENE:154|NCBIGENE:155|NCBIGENE:1565|NCBIGENE:2641|NCBIGENE:2697|NCBIGENE:2917|NCBIGENE:2925|NCBIGENE:3350|NCBIGENE:3351|NCBIGENE:3354|NCBIGENE:3355|NCBIGENE:3357|NCBIGENE:3358|NCBIGENE:3360|NCBIGENE:3361|NCBIGENE:3362|NCBIGENE:3363|NCBIGENE:3565|NCBIGENE:358|NCBIGENE:4288|NCBIGENE:4829|NCBIGENE:5739|NCBIGENE:57413|NCBIGENE:6262|NCBIGENE:6752|NCBIGENE:7046|NCBIGENE:7392|NCBIGENE:846,COCCC1=CC=C(OCC(O)CNC(C)C)C=C1
DB02032,CID000002550,263,P52700|P26918|Q9KKU4|P12821|Q9K578|O08498,,PUBCHEM.COMPOUND:2550,,,C[C@@H](CS)C(=O)N1CCC[C@H]1C(O)=O
DB00564,CID000002554,264,P43681|O75469,P08684|P10632|P05177|P11712|P33261|P20813|P20815|P16662|P22309|P19224|Q9HAW7,PUBCHEM.COMPOUND:2554,DOID:0050590|DOID:0060262|DOID:10763|DOID:10825|DOID:10952|DOID:11832|DOID:12098|DOID:12139|DOID:1227|DOID:12449|DOID:12450|DOID:12987|DOID:1425|DOID:1470|DOID:1588|DOID:1595|DOID:1596|DOID:1686|DOID:1825|DOID:1826|DOID:2234|DOID:2355|DOID:2361|DOID:2527|DOID:2848|DOID:2921|DOID:3312|DOID:3327|DOID:3393|DOID:3401|DOID:3890|DOID:409|DOID:4964|DOID:557|DOID:7725|DOID:9282,NCBIGENE:11280|NCBIGENE:1244|NCBIGENE:1543|NCBIGENE:1544|NCBIGENE:1549|NCBIGENE:1553|NCBIGENE:1555|NCBIGENE:1557|NCBIGENE:1558|NCBIGENE:1559|NCBIGENE:1562|NCBIGENE:1565|NCBIGENE:1572|NCBIGENE:1573|NCBIGENE:1576|NCBIGENE:1577|NCBIGENE:1580|NCBIGENE:199974|NCBIGENE:2064|NCBIGENE:260293|NCBIGENE:29785|NCBIGENE:3558|NCBIGENE:3612|NCBIGENE:6240|NCBIGENE:6323|NCBIGENE:6328|NCBIGENE:6329|NCBIGENE:6332|NCBIGENE:6334|NCBIGENE:6336|NCBIGENE:6462|NCBIGENE:6750|NCBIGENE:8841|NCBIGENE:8856|NCBIGENE:9360|NCBIGENE:9451|NCBIGENE:959,NC(=O)N1C2=CC=CC=C2C=CC2=CC=CC=C12
DB00413,CID000004885,265,P35462|P14416|P21917|P08908|P08913,,PUBCHEM.COMPOUND:4885,,,CCCN[C@H]1CCC2=C(C1)SC(N)=N2
DB00842,CID000004616,266,,P54855|P16662|O60656,PUBCHEM.COMPOUND:4616,DOID:0050848|DOID:0060262|DOID:0060731|DOID:10930|DOID:10952|DOID:11328|DOID:12139|DOID:12401|DOID:13268|DOID:1425|DOID:14320|DOID:1470|DOID:1595|DOID:1596|DOID:2030|DOID:2527|DOID:2848|DOID:2921|DOID:302|DOID:303|DOID:409|DOID:4964|DOID:5418|DOID:557|DOID:850,NCBIGENE:1555|NCBIGENE:2557|NCBIGENE:2558|NCBIGENE:2559|NCBIGENE:2560|NCBIGENE:2561|NCBIGENE:2563|NCBIGENE:2564|NCBIGENE:2565|NCBIGENE:2566|NCBIGENE:2569|NCBIGENE:2570|NCBIGENE:54600|NCBIGENE:7364|NCBIGENE:7366,OC1N=C(C2=CC=CC=C2)C2=C(NC1=O)C=CC(Cl)=C2
DB00991,CID000004614,267,P23219|P35354,,PUBCHEM.COMPOUND:4614,DOID:10763|DOID:10825|DOID:10952|DOID:114|DOID:11847|DOID:1247|DOID:1287|DOID:1425|DOID:2527|DOID:2921|DOID:381|DOID:557|DOID:5844|DOID:5854|DOID:676|DOID:7148|DOID:750|DOID:848|DOID:9408,NCBIGENE:5742|NCBIGENE:5743,OC(=O)CCC1=NC(=C(O1)C1=CC=CC=C1)C1=CC=CC=C1
DB00804,CID000003042,268,P11229|P20309|P08172,,PUBCHEM.COMPOUND:3042,DOID:0050590|DOID:0050741|DOID:0050848|DOID:0060185|DOID:0060262|DOID:0060731|DOID:0110892|DOID:10763|DOID:10808|DOID:10825|DOID:10952|DOID:11569|DOID:11963|DOID:12139|DOID:1227|DOID:12361|DOID:12550|DOID:12987|DOID:13186|DOID:13206|DOID:13268|DOID:13413|DOID:13550|DOID:13948|DOID:13976|DOID:1405|DOID:1425|DOID:14250|DOID:14445|DOID:1470|DOID:1574|DOID:1588|DOID:1595|DOID:1596|DOID:2355|DOID:2361|DOID:2527|DOID:2848|DOID:2883|DOID:2921|DOID:302|DOID:303|DOID:3393|DOID:3878|DOID:409|DOID:437|DOID:4964|DOID:5200|DOID:557|DOID:7997|DOID:7998|DOID:8442|DOID:8534|DOID:8577|DOID:9164|DOID:9267|DOID:936|DOID:9778,NCBIGENE:10280|NCBIGENE:1128|NCBIGENE:1131|NCBIGENE:1132|NCBIGENE:1133,CCN(CC)CCOC(=O)C1(CCCCC1)C1CCCCC1
DB01416,CID000054547,269,P0AD68,,PUBCHEM.COMPOUND:54547,,,[H][C@]12SCC(COC)=C(N1C(=O)[C@H]2NC(=O)C(=N/OC)\C1=CSC(N)=N1)C(O)=O
CID000004609,CID000004609,270,,,PUBCHEM.COMPOUND:4609,,NCBIGENE:11200|NCBIGENE:1317|NCBIGENE:142|NCBIGENE:1956|NCBIGENE:2067|NCBIGENE:2475|NCBIGENE:25824|NCBIGENE:27306|NCBIGENE:29126|NCBIGENE:2919|NCBIGENE:2950|NCBIGENE:332|NCBIGENE:3776|NCBIGENE:4072|NCBIGENE:4288|NCBIGENE:4437|NCBIGENE:6303|NCBIGENE:672|NCBIGENE:7157|NCBIGENE:79054|NCBIGENE:836|NCBIGENE:847|NCBIGENE:8743|NCBIGENE:8797|NCBIGENE:8877|NCBIGENE:8989,C1CCC(C(C1)[NH-])[NH-].C(=O)(C(=O)O)O.[Pt+2]
DB14546,CID000001117,271,,,PUBCHEM.COMPOUND:1117,,NCBIGENE:10675|NCBIGENE:10861|NCBIGENE:11081|NCBIGENE:119391|NCBIGENE:1462|NCBIGENE:1463|NCBIGENE:1464|NCBIGENE:153642|NCBIGENE:1634|NCBIGENE:1836|NCBIGENE:2147|NCBIGENE:22901|NCBIGENE:2331|NCBIGENE:23474|NCBIGENE:2581|NCBIGENE:2588|NCBIGENE:26266|NCBIGENE:2720|NCBIGENE:2799|NCBIGENE:2938|NCBIGENE:2939|NCBIGENE:2940|NCBIGENE:2944|NCBIGENE:2946|NCBIGENE:2947|NCBIGENE:2948|NCBIGENE:2949|NCBIGENE:2950|NCBIGENE:3423|NCBIGENE:3425|NCBIGENE:4060|NCBIGENE:410|NCBIGENE:411|NCBIGENE:412|NCBIGENE:414|NCBIGENE:4669|NCBIGENE:4958|NCBIGENE:4969|NCBIGENE:5167|NCBIGENE:5199|NCBIGENE:54205|NCBIGENE:5549|NCBIGENE:55959|NCBIGENE:58472|NCBIGENE:633|NCBIGENE:6337|NCBIGENE:63827|NCBIGENE:6448|NCBIGENE:653689|NCBIGENE:6561|NCBIGENE:781|NCBIGENE:782|NCBIGENE:783|NCBIGENE:786|NCBIGENE:79642|NCBIGENE:80036|NCBIGENE:9060|NCBIGENE:9061|NCBIGENE:9446|NCBIGENE:960,[O-]S([O-])(=O)=O
DB06700,CID000125017,272,P23975|P31645|Q01959,P08684|P10635|P22309|P35503|P06133|P54855|O75795|P33261,PUBCHEM.COMPOUND:125017,DOID:0060262|DOID:10763|DOID:10825|DOID:114|DOID:1247|DOID:1287|DOID:13550|DOID:1405|DOID:14445|DOID:14464|DOID:1470|DOID:1595|DOID:1596|DOID:1826|DOID:2848|DOID:3082|DOID:3312|DOID:3401|DOID:409|DOID:6713|DOID:9282,NCBIGENE:6530|NCBIGENE:6532,CN(C)CC(C1=CC=C(O)C=C1)C1(O)CCCCC1
DB00186,CID000003958,273,,P54855|P08684,PUBCHEM.COMPOUND:3958,DOID:0050848|DOID:0060262|DOID:0060731|DOID:1067|DOID:10952|DOID:11832|DOID:12139|DOID:12550|DOID:13268|DOID:13413|DOID:13550|DOID:1405|DOID:1425|DOID:14320|DOID:14445|DOID:1470|DOID:1595|DOID:1596|DOID:1824|DOID:1825|DOID:2030|DOID:2527|DOID:2848|DOID:2921|DOID:302|DOID:303|DOID:308|DOID:409|DOID:4964|DOID:557|DOID:594,,OC1N=C(C2=CC=CC=C2Cl)C2=C(NC1=O)C=CC(Cl)=C2
DB00968,CID000004138,274,P20711|P08913,P21964|P20711|P09172|P11086,PUBCHEM.COMPOUND:4138,,NCBIGENE:150,C[C@](N)(CC1=CC=C(O)C(O)=C1)C(O)=O
DB00962,CID000005719,275,P14867,P08684|P20815|P24462|Q06278,PUBCHEM.COMPOUND:5719,DOID:0050848|DOID:0060731|DOID:12139|DOID:1470|DOID:1595|DOID:1596|DOID:2848|DOID:4964,NCBIGENE:1576|NCBIGENE:1577,CCN(C(C)=O)C1=CC=CC(=C1)C1=CC=NC2=C(C=NN12)C#N
DB00273,CID000005514,276,P14867|P00918|P22748|P00915|P07451|Q15878,P08684|P33261,PUBCHEM.COMPOUND:5514,,,[H][C@@]12CO[C@@]3(COS(N)(=O)=O)OC(C)(C)O[C@@]3([H])[C@]1([H])OC(C)(C)O2
DB00712,CID000003394,277,P35354|P23219,P16662|P22309|P35503|O60656|P06133|P11712,PUBCHEM.COMPOUND:3394,DOID:0050741|DOID:0060262|DOID:10763|DOID:10825|DOID:10952|DOID:114|DOID:11847|DOID:1247|DOID:1287|DOID:1425|DOID:1574|DOID:2527|DOID:2921|DOID:381|DOID:409|DOID:557|DOID:5844|DOID:5854|DOID:7148|DOID:750|DOID:848|DOID:9408,NCBIGENE:1559|NCBIGENE:1645|NCBIGENE:1646|NCBIGENE:213|NCBIGENE:2166|NCBIGENE:224|NCBIGENE:3248|NCBIGENE:351|NCBIGENE:3952|NCBIGENE:4318|NCBIGENE:54578|NCBIGENE:54659|NCBIGENE:5742|NCBIGENE:5743|NCBIGENE:7364|NCBIGENE:8644,CC(C(O)=O)C1=CC(F)=C(C=C1)C1=CC=CC=C1
DB00690,CID000003393,278,,P08684|P05181|P11509,PUBCHEM.COMPOUND:3393,DOID:0050848|DOID:0060262|DOID:0060731|DOID:10930|DOID:10952|DOID:11328|DOID:12139|DOID:12401|DOID:13268|DOID:1425|DOID:1470|DOID:1595|DOID:1596|DOID:2527|DOID:2848|DOID:2921|DOID:302|DOID:303|DOID:409|DOID:4964|DOID:5418|DOID:557|DOID:850,NCBIGENE:2557|NCBIGENE:2558|NCBIGENE:2559|NCBIGENE:2560|NCBIGENE:2561|NCBIGENE:2563|NCBIGENE:2564|NCBIGENE:2565|NCBIGENE:2566|NCBIGENE:2569|NCBIGENE:2570|NCBIGENE:2936,CCN(CC)CCN1C2=C(C=C(Cl)C=C2)C(=NCC1=O)C1=CC=CC=C1F
DB00542,CID000002311,279,P12821,P42898,PUBCHEM.COMPOUND:2311,,,[H][C@@]1(CCC2=CC=CC=C2N(CC(O)=O)C1=O)N[C@@H](CCC1=CC=CC=C1)C(=O)OCC
DB00757,CID000003148,280,P46098,P11712|P08684|P10635,PUBCHEM.COMPOUND:3148,,NCBIGENE:51181,[H][C@@]1(C[C@@]2([H])C[C@]3([H])C[C@@]([H])(C1)N2CC3=O)OC(=O)C1=CNC2=C1C=CC=C2
DB00877,CID000005040,281,P42345,P08684|P20815|P24462,PUBCHEM.COMPOUND:5040,,,[H][C@@]1(C[C@@H](C)[C@]2([H])CC(=O)[C@H](C)\C=C(C)\[C@@H](O)[C@@H](OC)C(=O)[C@H](C)C[C@H](C)\C=C\C=C\C=C(C)\[C@H](C[C@]3([H])CC[C@@H](C)[C@@](O)(O3)C(=O)C(=O)N3CCCC[C@@]3([H])C(=O)O2)OC)CC[C@@H](O)[C@@H](C1)OC
DB00252,CID000001775,282,Q14524|P35498|Q12809|Q99250|Q9UQD0|O75469|Q07699|Q9NY46,P11712|P33261|P10632|P20813|P08684|P20815|P24462|P15538|P22309|P19224|O60656|P05177|P11509|P10635|P05181|P07099|P22310|P21964|P15559|P33260,PUBCHEM.COMPOUND:1775,DOID:0050451|DOID:0050459|DOID:0050590|DOID:0050741|DOID:0050848|DOID:0060262|DOID:0060731|DOID:0110218|DOID:0110219|DOID:0110220|DOID:0110221|DOID:0110222|DOID:0110223|DOID:0110224|DOID:0110225|DOID:0110226|DOID:10573|DOID:10609|DOID:10952|DOID:11832|DOID:11847|DOID:12139|DOID:12176|DOID:1227|DOID:12449|DOID:12450|DOID:12550|DOID:12987|DOID:13268|DOID:13382|DOID:13413|DOID:13884|DOID:1425|DOID:1470|DOID:1574|DOID:1588|DOID:1595|DOID:1596|DOID:1824|DOID:1826|DOID:1837|DOID:2234|DOID:2355|DOID:2361|DOID:2527|DOID:2848|DOID:2921|DOID:302|DOID:303|DOID:3086|DOID:3327|DOID:409|DOID:4195|DOID:4964|DOID:50|DOID:5338|DOID:557|DOID:5844|DOID:5854|DOID:615|DOID:7725|DOID:9074|DOID:9267|DOID:9351|DOID:9408,NCBIGENE:11280|NCBIGENE:1490|NCBIGENE:1553|NCBIGENE:1555|NCBIGENE:1557|NCBIGENE:1558|NCBIGENE:1559|NCBIGENE:1562|NCBIGENE:1565|NCBIGENE:1576|NCBIGENE:1577|NCBIGENE:213|NCBIGENE:27044|NCBIGENE:3339|NCBIGENE:354|NCBIGENE:3757|NCBIGENE:4255|NCBIGENE:4312|NCBIGENE:5741|NCBIGENE:5972|NCBIGENE:6323|NCBIGENE:6324|NCBIGENE:6328|NCBIGENE:6329|NCBIGENE:6332|NCBIGENE:6334|NCBIGENE:6336|NCBIGENE:6462|NCBIGENE:6750|NCBIGENE:8856,O=C1NC(=O)C(N1)(C1=CC=CC=C1)C1=CC=CC=C1
DB00281,CID000003676,283,Q9Y5Y9|Q15858|Q14524|P00533|P35499|P02763|P19652,P08684|P10635|P20815|P24462|P05177|P11712|P10632|P11509|P20813,PUBCHEM.COMPOUND:3676,DOID:0050328|DOID:0050741|DOID:0050820|DOID:0060224|DOID:0060262|DOID:0080158|DOID:0110423|DOID:0110424|DOID:0110426|DOID:0110427|DOID:0110428|DOID:0110429|DOID:0110430|DOID:0110431|DOID:0110432|DOID:0110433|DOID:0110434|DOID:0110435|DOID:0110436|DOID:0110437|DOID:0110438|DOID:0110439|DOID:0110441|DOID:0110442|DOID:0110443|DOID:0110444|DOID:0110445|DOID:0110446|DOID:0110447|DOID:0110448|DOID:0110449|DOID:0110450|DOID:0110451|DOID:0110452|DOID:0110453|DOID:0110454|DOID:0110455|DOID:0110456|DOID:0110457|DOID:0110458|DOID:0110459|DOID:0110460|DOID:0110461|DOID:10493|DOID:1067|DOID:10763|DOID:10772|DOID:10825|DOID:10952|DOID:11120|DOID:11249|DOID:11328|DOID:114|DOID:11476|DOID:11541|DOID:11634|DOID:11847|DOID:11963|DOID:12361|DOID:1247|DOID:1270|DOID:1271|DOID:1272|DOID:12720|DOID:1287|DOID:12930|DOID:13087|DOID:13097|DOID:1343|DOID:13548|DOID:13550|DOID:13709|DOID:13774|DOID:13976|DOID:1405|DOID:1425|DOID:14445|DOID:1459|DOID:1564|DOID:1574|DOID:1826|DOID:1837|DOID:2215|DOID:2216|DOID:2236|DOID:2355|DOID:2361|DOID:2527|DOID:2921|DOID:3310|DOID:3393|DOID:3669|DOID:37|DOID:384|DOID:4029|DOID:409|DOID:4398|DOID:4500|DOID:5082|DOID:5418|DOID:5501|DOID:557|DOID:5844|DOID:5854|DOID:6498|DOID:7997|DOID:7998|DOID:8463|DOID:8534|DOID:8566|DOID:8622|DOID:8866|DOID:8893|DOID:8913|DOID:9088|DOID:9351|DOID:9408|DOID:9746,NCBIGENE:1066|NCBIGENE:1543|NCBIGENE:1544|NCBIGENE:1549|NCBIGENE:1553|NCBIGENE:1558|NCBIGENE:1562|NCBIGENE:1565|NCBIGENE:1572|NCBIGENE:1573|NCBIGENE:1576|NCBIGENE:1577|NCBIGENE:1580|NCBIGENE:1956|NCBIGENE:199974|NCBIGENE:213|NCBIGENE:221223|NCBIGENE:2353|NCBIGENE:260293|NCBIGENE:29785|NCBIGENE:3383|NCBIGENE:3576|NCBIGENE:3757|NCBIGENE:3827|NCBIGENE:4057|NCBIGENE:487|NCBIGENE:54205|NCBIGENE:54822|NCBIGENE:5617|NCBIGENE:595|NCBIGENE:6335|NCBIGENE:6336|NCBIGENE:64332|NCBIGENE:6505|NCBIGENE:6583|NCBIGENE:7018|NCBIGENE:801|NCBIGENE:805|NCBIGENE:808|NCBIGENE:836|NCBIGENE:8824|NCBIGENE:8856|NCBIGENE:8989|NCBIGENE:9407,CCN(CC)CC(=O)NC1=C(C)C=CC=C1C
DB00951,CID000003767,284,P9WIE5|P9WGR1|P10632|P05177|P08684|P33261|P9WNX1,P11245|P9WJI5|P11509|P10632|P05181|P05177|P11712|P10635|P33261|P08684,PUBCHEM.COMPOUND:3767,DOID:0050741|DOID:0060262|DOID:13189|DOID:13268|DOID:1389|DOID:1574|DOID:1837|DOID:2237|DOID:2957|DOID:409|DOID:574|DOID:870|DOID:9351|DOID:9534,NCBIGENE:10|NCBIGENE:1544|NCBIGENE:1555|NCBIGENE:1557|NCBIGENE:1558|NCBIGENE:1559|NCBIGENE:1576|NCBIGENE:3623|NCBIGENE:4015|NCBIGENE:847,NNC(=O)C1=CC=NC=C1
DB01112,CID000002658,285,Q8XJ01,,PUBCHEM.COMPOUND:2658,,,[H][C@]12SCC(COC(N)=O)=C(N1C(=O)[C@H]2NC(=O)C(=N/OC)\C1=CC=CO1)C(O)=O
DB00947,CID000104741,286,P03372,P08684|P22309,PUBCHEM.COMPOUND:104741,DOID:0060262|DOID:1247|DOID:1588|DOID:409,NCBIGENE:1000|NCBIGENE:11143|NCBIGENE:1392|NCBIGENE:1576|NCBIGENE:1906|NCBIGENE:1956|NCBIGENE:2065|NCBIGENE:2100|NCBIGENE:2475|NCBIGENE:27165|NCBIGENE:2744|NCBIGENE:3479|NCBIGENE:3480|NCBIGENE:3667|NCBIGENE:367|NCBIGENE:399665|NCBIGENE:4137|NCBIGENE:4288|NCBIGENE:4313|NCBIGENE:5241|NCBIGENE:54657|NCBIGENE:54658|NCBIGENE:5595|NCBIGENE:5617|NCBIGENE:5728|NCBIGENE:5747|NCBIGENE:58189|NCBIGENE:5925|NCBIGENE:595|NCBIGENE:638|NCBIGENE:6510|NCBIGENE:652|NCBIGENE:6558|NCBIGENE:7031|NCBIGENE:7132|NCBIGENE:81671|NCBIGENE:8471|NCBIGENE:860|NCBIGENE:8856|NCBIGENE:9429,[H][C@@]12CC[C@H](O)[C@@]1(C)CC[C@]1([H])C3=CC=C(O)C=C3C[C@@H](CCCCCCCCCS(=O)CCCC(F)(F)C(F)(F)F)[C@@]21[H]
DB01320,CID000056339,287,Q14524,P05177|P19224|O60656|P33261|P20813|P11712|P08684,PUBCHEM.COMPOUND:56339,DOID:0050459|DOID:0050590|DOID:0050741|DOID:0060262|DOID:10952|DOID:1227|DOID:12450|DOID:12987|DOID:1425|DOID:1574|DOID:1588|DOID:1824|DOID:1826|DOID:2527|DOID:2921|DOID:409|DOID:557|DOID:615|DOID:9074,,OP(O)(=O)OCN1C(=O)NC(C1=O)(C1=CC=CC=C1)C1=CC=CC=C1
DB00586,CID000003032,288,P35354|P23219,P11712|P33261|P05177|P10632|P16662|P08684|P20813|P33260|P05181|P35503|O60656|P06133|P09917|P14555,PUBCHEM.COMPOUND:3032,,NCBIGENE:10257|NCBIGENE:1038|NCBIGENE:10858|NCBIGENE:1244|NCBIGENE:1557|NCBIGENE:1558|NCBIGENE:1559|NCBIGENE:1562|NCBIGENE:1565|NCBIGENE:1576|NCBIGENE:160728|NCBIGENE:213|NCBIGENE:240|NCBIGENE:284273|NCBIGENE:3162|NCBIGENE:3586|NCBIGENE:3738|NCBIGENE:3785|NCBIGENE:3786|NCBIGENE:4057|NCBIGENE:41|NCBIGENE:54575|NCBIGENE:54576|NCBIGENE:54577|NCBIGENE:54600|NCBIGENE:54657|NCBIGENE:54658|NCBIGENE:54659|NCBIGENE:5468|NCBIGENE:5742|NCBIGENE:5743|NCBIGENE:6329|NCBIGENE:6403|NCBIGENE:6580|NCBIGENE:7018|NCBIGENE:7124|NCBIGENE:7364|NCBIGENE:7366|NCBIGENE:7367|NCBIGENE:7473|NCBIGENE:89780|NCBIGENE:9356|NCBIGENE:9518,OC(=O)CC1=CC=CC=C1NC1=C(Cl)C=CC=C1Cl
DB01217,CID000002187,289,P11511,P08684|P20815|P10632|P22310|P35503|P16662|P05177|P11712,PUBCHEM.COMPOUND:2187,DOID:3393,,CC(C)(C#N)C1=CC(=CC(CN2C=NC=N2)=C1)C(C)(C)C#N
DB00972,CID000002267,290,P35367|P25021|P04054|Q16873,P08684|P10635|P05177|P33261|P04798|P20815|P11712|P10632|P11509|P05181|P20813,PUBCHEM.COMPOUND:2267,DOID:10952|DOID:11204|DOID:1425|DOID:2457|DOID:2474|DOID:2527|DOID:2921|DOID:4481|DOID:4730|DOID:557,NCBIGENE:1565|NCBIGENE:1576|NCBIGENE:240|NCBIGENE:3269|NCBIGENE:3383|NCBIGENE:7124,CN1CCCC(CC1)N1N=C(CC2=CC=C(Cl)C=C2)C2=CC=CC=C2C1=O
DB00335,CID000002249,291,P08588|P07550,P10635,PUBCHEM.COMPOUND:2249,DOID:0110741|DOID:0110742|DOID:0110743|DOID:0110744|DOID:0110745|DOID:0110746|DOID:0110747|DOID:0110748|DOID:0110749|DOID:0110750|DOID:0110751|DOID:0110752|DOID:0110753|DOID:0110754|DOID:0110755|DOID:0110756|DOID:0110757|DOID:0110758|DOID:0110759|DOID:0110760|DOID:0110761|DOID:10300|DOID:10763|DOID:10825|DOID:11847|DOID:12139|DOID:12678|DOID:12679|DOID:13189|DOID:1470|DOID:1595|DOID:1596|DOID:1920|DOID:2485|DOID:2841|DOID:2848|DOID:2913|DOID:2983|DOID:4398|DOID:4500|DOID:4964|DOID:4989|DOID:5844|DOID:5854|DOID:8893|DOID:9074|DOID:9088|DOID:9351|DOID:9352|DOID:9360|DOID:9408|DOID:9415|DOID:9744,NCBIGENE:153|NCBIGENE:154|NCBIGENE:155|NCBIGENE:3586|NCBIGENE:57413|NCBIGENE:5972|NCBIGENE:9622,CC(C)NCC(O)COC1=CC=C(CC(N)=O)C=C1
CID005311082,CID005311082,292,,,PUBCHEM.COMPOUND:5311082,,,C1C[C@H]2C(=O)N[C@H]3CSSCCC(=O)N(C3=O)[C@H](C(=O)NCC(=O)N[C@H](C(=O)N[C@H](C(=O)N2C1)CC4=CNC5=CC=CC=C54)CC(=O)O)CCCCN=C(N)N
DB00976,CID003002190,293,,P08684,PUBCHEM.COMPOUND:3002190,DOID:0060262|DOID:13250|DOID:409|DOID:437|DOID:4500,NCBIGENE:1576|NCBIGENE:1577|NCBIGENE:3586,[H][C@@]12[C@@H](C)C(=O)[C@H](C)C[C@@](C)(OC)[C@H](O[C@@H]3O[C@H](C)C[C@@H]([C@H]3O)N(C)C)[C@@H](C)C(=O)[C@@H](C)C(=O)O[C@H](CC)[C@@]1(C)OC(=O)N2CCCCN1C=NC(=C1)C1=CC=CN=C1
DB01219,CID000002951,294,P21817,,PUBCHEM.COMPOUND:2951,,,[O-][N+](=O)C1=CC=C(C=C1)C1=CC=C(O1)\C=N\N1CC(=O)NC1=O
DB01181,CID000003690,295,O75469,P20813|P08684|P20815|P33261|P11712|P10632|P11509|P33260|P23219,PUBCHEM.COMPOUND:3690,DOID:0060262|DOID:1062|DOID:10952|DOID:12449|DOID:14219|DOID:1425|DOID:1588|DOID:2355|DOID:2361|DOID:2527|DOID:2739|DOID:2741|DOID:2921|DOID:409|DOID:4500|DOID:557|DOID:615,NCBIGENE:1543|NCBIGENE:1544|NCBIGENE:1549|NCBIGENE:1553|NCBIGENE:1555|NCBIGENE:1557|NCBIGENE:1558|NCBIGENE:1559|NCBIGENE:1562|NCBIGENE:1565|NCBIGENE:1572|NCBIGENE:1573|NCBIGENE:1576|NCBIGENE:1577|NCBIGENE:1580|NCBIGENE:174|NCBIGENE:199974|NCBIGENE:260293|NCBIGENE:2950|NCBIGENE:29785|NCBIGENE:356|NCBIGENE:8856,ClCCNP1(=O)OCCCN1CCCl
DB00153,CID000003249,296,P11473,Q96AT9|P05108|Q07973|O15528|Q02318|Q6VVX0,PUBCHEM.COMPOUND:3249,,NCBIGENE:120227,CC(C)[C@@H](C)\C=C\[C@@H](C)[C@@]1([H])CC[C@@]2([H])\C(CCC[C@]12C)=C\C=C1\C[C@@H](O)CCC1=C
DB01069,CID000004927,297,P35367|P14416|P11229|P08172|P20309|P08173|P08912|P0DP23|P25021,P11712|P10635|P20813,PUBCHEM.COMPOUND:4927,DOID:11204|DOID:1558|DOID:2457|DOID:2474|DOID:4730,NCBIGENE:1128|NCBIGENE:1131|NCBIGENE:1132|NCBIGENE:1133|NCBIGENE:146|NCBIGENE:148|NCBIGENE:1559|NCBIGENE:1565|NCBIGENE:1813|NCBIGENE:310|NCBIGENE:3269|NCBIGENE:3358|NCBIGENE:59340|NCBIGENE:801|NCBIGENE:805|NCBIGENE:808,CC(CN1C2=CC=CC=C2SC2=CC=CC=C12)N(C)C
DB00376,CID000005572,298,P11229|P08172|P20309|P08173|P08912,,PUBCHEM.COMPOUND:5572,DOID:0050841|DOID:0060262|DOID:0060891|DOID:0060895|DOID:0060896|DOID:0110892|DOID:100|DOID:1067|DOID:10763|DOID:10808|DOID:10825|DOID:10952|DOID:11486|DOID:11963|DOID:12361|DOID:12384|DOID:12385|DOID:12642|DOID:13186|DOID:13206|DOID:13250|DOID:13548|DOID:13550|DOID:13976|DOID:1405|DOID:1425|DOID:14330|DOID:14445|DOID:2527|DOID:2883|DOID:2921|DOID:3083|DOID:3393|DOID:3827|DOID:3878|DOID:409|DOID:437|DOID:5200|DOID:529|DOID:557|DOID:679|DOID:7997|DOID:7998|DOID:8442|DOID:8534|DOID:8577|DOID:9164|DOID:9854,NCBIGENE:1128|NCBIGENE:1131|NCBIGENE:1132|NCBIGENE:1133|NCBIGENE:155,OC(CCN1CCCCC1)(C1CCCCC1)C1=CC=CC=C1
CID000005731,CID000005731,299,,,PUBCHEM.COMPOUND:5731,,NCBIGENE:3350|NCBIGENE:3351|NCBIGENE:3354|NCBIGENE:3355,CN(C)CCC1=CNC2=C1C=C(C=C2)CC3COC(=O)N3
DB00250,CID000002955,300,P0C0X2|P0C0X1,P05164|P33260|P11712|P05181|P08684|P31513|P23219|P35354|P10632|P33261|P11245|P20815|P24462,PUBCHEM.COMPOUND:2955,DOID:0060262|DOID:1024|DOID:2355|DOID:2361|DOID:2722|DOID:2747|DOID:2749|DOID:2862|DOID:409|DOID:6543|DOID:8505|DOID:9266|DOID:9269|DOID:9870,NCBIGENE:10|NCBIGENE:1543|NCBIGENE:1559|NCBIGENE:1576|NCBIGENE:1577|NCBIGENE:1719|NCBIGENE:2539|NCBIGENE:3576,NC1=CC=C(C=C1)S(=O)(=O)C1=CC=C(N)C=C1
DB00180,CID000003379,301,P04150,P08684,PUBCHEM.COMPOUND:3379,,,[H][C@@]12C[C@@]3([H])[C@]4([H])C[C@H](F)C5=CC(=O)C=C[C@]5(C)[C@@]4([H])[C@@H](O)C[C@]3(C)[C@@]1(OC(C)(C)O2)C(=O)CO
DB01233,CID000004168,302,Q13639|P46098|P11229|P14416,P08684|P05177|P10635,PUBCHEM.COMPOUND:4168,DOID:0050771|DOID:0090044|DOID:0090045|DOID:0090047|DOID:0090049|DOID:0090051|DOID:0090052|DOID:0090053|DOID:0090054|DOID:0090123|DOID:10021|DOID:10154|DOID:10763|DOID:10825|DOID:117|DOID:11963|DOID:12139|DOID:13268|DOID:13548|DOID:13976|DOID:14464|DOID:1470|DOID:1595|DOID:1596|DOID:1826|DOID:2848|DOID:3953|DOID:4964|DOID:5082|DOID:8534|DOID:9269|DOID:9854,NCBIGENE:1128|NCBIGENE:1565|NCBIGENE:170572|NCBIGENE:1813|NCBIGENE:1814|NCBIGENE:1815|NCBIGENE:200909|NCBIGENE:2641|NCBIGENE:3359|NCBIGENE:3360|NCBIGENE:5617|NCBIGENE:5972|NCBIGENE:9177,CCN(CC)CCNC(=O)C1=CC(Cl)=C(N)C=C1OC
DB01222,CID000002462,303,P04150|P04083,P20815|P11509|Q16678|P20813|P10632|P11712|P33261|P08684,PUBCHEM.COMPOUND:2462,,,[H][C@@]12C[C@H]3OC(CCC)O[C@@]3(C(=O)CO)[C@@]1(C)C[C@H](O)[C@@]1([H])[C@@]2([H])CCC2=CC(=O)C=C[C@]12C
DB00624,CID000005408,304,P10275|P03372|P08235,P08684|P20815|P24462|Q9HB55|P11511|P21397|P05108|P04798|Q16678|Q16696|P20813|P33261|P11712|P10632,PUBCHEM.COMPOUND:5408,,NCBIGENE:1548|NCBIGENE:3293|NCBIGENE:3294|NCBIGENE:51170|NCBIGENE:51478|NCBIGENE:6715,[H][C@@]12CC[C@H](O)[C@@]1(C)CC[C@@]1([H])[C@@]2([H])CCC2=CC(=O)CC[C@]12C
DB00924,CID000002895,305,P28223|P41595|P28335|P50406|P31645|P23975|P34969|O00206|Q06278,P08684|P05177|P10635|P22310|P36537,PUBCHEM.COMPOUND:2895,DOID:0050820|DOID:1067|DOID:12361|DOID:1686|DOID:7997|DOID:7998,NCBIGENE:1544,CN(C)CCC=C1C2=CC=CC=C2C=CC2=CC=CC=C12
DB00399,CID000068740,306,O95749|P14324,,PUBCHEM.COMPOUND:68740,DOID:1091|DOID:11199|DOID:11396|DOID:11476|DOID:12678|DOID:12679|DOID:2485|DOID:2983|DOID:4184|DOID:5408|DOID:631|DOID:633,NCBIGENE:10752|NCBIGENE:1191|NCBIGENE:142|NCBIGENE:2224|NCBIGENE:22943|NCBIGENE:27237|NCBIGENE:3652|NCBIGENE:3845|NCBIGENE:387|NCBIGENE:4000|NCBIGENE:4255|NCBIGENE:4313|NCBIGENE:4318|NCBIGENE:4846|NCBIGENE:4982|NCBIGENE:4988|NCBIGENE:50964|NCBIGENE:5347|NCBIGENE:54205|NCBIGENE:5594|NCBIGENE:5595|NCBIGENE:56302|NCBIGENE:5747|NCBIGENE:5879|NCBIGENE:5881|NCBIGENE:5970|NCBIGENE:632|NCBIGENE:6772|NCBIGENE:7157|NCBIGENE:836|NCBIGENE:842|NCBIGENE:860|NCBIGENE:8651|NCBIGENE:9453,OC(CN1C=CN=C1)(P(O)(O)=O)P(O)(O)=O
DB01595,CID000004506,307,P35498,P08684|P05181,PUBCHEM.COMPOUND:4506,DOID:308,NCBIGENE:2557|NCBIGENE:2558|NCBIGENE:2559|NCBIGENE:2560|NCBIGENE:2561|NCBIGENE:2563|NCBIGENE:2564|NCBIGENE:2565|NCBIGENE:2566|NCBIGENE:2569|NCBIGENE:2570|NCBIGENE:6323,[O-][N+](=O)C1=CC2=C(NC(=O)CN=C2C2=CC=CC=C2)C=C1
DB00927,CID000003325,308,P25021,P05177,PUBCHEM.COMPOUND:3325,,NCBIGENE:3274,NC(N)=NC1=NC(CSCCC(N)=NS(N)(=O)=O)=CS1
DB00257,CID000002812,309,P10613|O15554|O75469|Q8TDS4,P10632|P08684|P20813|P10635|P11509|P11712|P05181|P24462,PUBCHEM.COMPOUND:2812,DOID:0080161|DOID:10493|DOID:12179|DOID:1270|DOID:1271|DOID:1272|DOID:13774|DOID:14262|DOID:1508|DOID:2272|DOID:3669|DOID:9060,NCBIGENE:133396|NCBIGENE:1555|NCBIGENE:1557|NCBIGENE:1558|NCBIGENE:1559|NCBIGENE:1576|NCBIGENE:1595|NCBIGENE:3783|NCBIGENE:5213|NCBIGENE:6916|NCBIGENE:8856,ClC1=CC=CC=C1C(N1C=CN=C1)(C1=CC=CC=C1)C1=CC=CC=C1
DB01242,CID000002801,310,P31645|P28223|P41595|P28335|P23975|P09211,P10635|P33261|P05177|P08684,PUBCHEM.COMPOUND:2801,DOID:0050741|DOID:0050771|DOID:0060262|DOID:10021|DOID:10154|DOID:10933|DOID:117|DOID:12361|DOID:1574|DOID:1686|DOID:1826|DOID:3953|DOID:409|DOID:769|DOID:7997|DOID:7998|DOID:8545,NCBIGENE:1128|NCBIGENE:1131|NCBIGENE:1132|NCBIGENE:1133|NCBIGENE:146|NCBIGENE:148|NCBIGENE:150|NCBIGENE:1544|NCBIGENE:1557|NCBIGENE:1565|NCBIGENE:1813|NCBIGENE:1814|NCBIGENE:2950|NCBIGENE:3269|NCBIGENE:3357|NCBIGENE:3358|NCBIGENE:3362|NCBIGENE:5617|NCBIGENE:6530|NCBIGENE:6531|NCBIGENE:6532|NCBIGENE:836,CN(C)CCCN1C2=CC=CC=C2CCC2=C1C=C(Cl)C=C2
CID000003706,CID000003706,311,,,PUBCHEM.COMPOUND:3706,,,CC(C)(C)NC(=O)C1CN(CCN1CC(CC(CC2=CC=CC=C2)C(=O)NC3C(CC4=CC=CC=C34)O)O)CC5=CN=CC=C5
DB01067,CID000003478,312,Q09428|P37231,P22309|P11712,PUBCHEM.COMPOUND:3478,DOID:0050741|DOID:0060262|DOID:0060870|DOID:0060872|DOID:0060873|DOID:0060874|DOID:0060875|DOID:0090070|DOID:0090071|DOID:0090072|DOID:0090073|DOID:0090074|DOID:0090076|DOID:0090077|DOID:0090078|DOID:0090079|DOID:0090080|DOID:0090081|DOID:0090082|DOID:0090083|DOID:0090084|DOID:0090085|DOID:0090086|DOID:0090087|DOID:0090089|DOID:0090090|DOID:0090092|DOID:0090093|DOID:0090094|DOID:10493|DOID:10952|DOID:11847|DOID:13774|DOID:1425|DOID:1574|DOID:2527|DOID:2921|DOID:3133|DOID:3614|DOID:3650|DOID:409|DOID:533|DOID:557|DOID:583|DOID:5844|DOID:5854|DOID:9351|DOID:9352|DOID:9406|DOID:9408|DOID:9410|DOID:9476|DOID:9993,NCBIGENE:1559|NCBIGENE:3766|NCBIGENE:4881|NCBIGENE:5468,CC1=NC=C(N=C1)C(=O)NCCC1=CC=C(C=C1)S(=O)(=O)NC(=O)NC1CCCCC1
DB00899,CID000060815,313,P35372|P41143|P41145,,PUBCHEM.COMPOUND:60815,,,CCC(=O)N(C1=CC=CC=C1)C1(CCN(CCC(=O)OC)CC1)C(=O)OC
DB01162,CID000005401,314,P35348|P35368|P25100|P01137|Q12809|Q9H252|Q9NS40,,PUBCHEM.COMPOUND:5401,DOID:10763|DOID:10825|DOID:13206|DOID:2883|DOID:9286,NCBIGENE:146|NCBIGENE:147|NCBIGENE:148|NCBIGENE:152|NCBIGENE:1909|NCBIGENE:1910|NCBIGENE:3757|NCBIGENE:5230|NCBIGENE:81033|NCBIGENE:847|NCBIGENE:90134,COC1=C(OC)C=C2C(N)=NC(=NC2=C1)N1CCN(CC1)C(=O)C1CCCO1
DB01611,CID000003652,315,Q9NYK1|Q9NR96|Q9BYF1,P08684|P10635|P10632,PUBCHEM.COMPOUND:3652,DOID:0050590|DOID:0050741|DOID:0060262|DOID:1227|DOID:12919|DOID:12978|DOID:12987|DOID:13268|DOID:14067|DOID:1432|DOID:1574|DOID:2355|DOID:2361|DOID:2747|DOID:2749|DOID:2862|DOID:3612|DOID:409|DOID:4398|DOID:5614|DOID:5679|DOID:7148|DOID:8857|DOID:8893|DOID:9074|DOID:9088|DOID:9266|DOID:9335|DOID:9870,NCBIGENE:51284|NCBIGENE:54106|NCBIGENE:5598|NCBIGENE:836,CCN(CCO)CCCC(C)NC1=C2C=CC(Cl)=CC2=NC=C1
DB06151,CID000000581,316,P48637|Q9UPY5|Q03154|O14920|O15111|Q13224|Q05586|Q12879|O15399|Q8TCU5,Q03154,PUBCHEM.COMPOUND:581,,,CC(=O)N[C@@H](CS)C(O)=O
DB01194,CID000068844,317,P00918|P00915|P22748|P35218|P07451,P08684|P11509|P20813|P10632|P11712,PUBCHEM.COMPOUND:68844,DOID:1067|DOID:9282,NCBIGENE:11238|NCBIGENE:23632|NCBIGENE:377677|NCBIGENE:760|NCBIGENE:762|NCBIGENE:763|NCBIGENE:766|NCBIGENE:768|NCBIGENE:771,CCN[C@H]1CN(CCCOC)S(=O)(=O)C2=C1C=C(S2)S(N)(=O)=O
DB00287,CID005282226,318,P43088,,PUBCHEM.COMPOUND:5282226,DOID:1067|DOID:12030|DOID:13141|DOID:1406|DOID:240|DOID:4353|DOID:4447|DOID:4449|DOID:9282,NCBIGENE:5737,CC(C)OC(=O)CCC\C=C/C[C@H]1[C@@H](O)C[C@@H](O)[C@@H]1\C=C\[C@@H](O)COC1=CC=CC(=C1)C(F)(F)F
DB00461,CID000004409,319,P35354|P23219,P05164|P05177|P11712|P28845|Q04828|P52895|P17516,PUBCHEM.COMPOUND:4409,DOID:0050741|DOID:0060262|DOID:10763|DOID:10825|DOID:10952|DOID:114|DOID:11847|DOID:1247|DOID:1287|DOID:1425|DOID:1574|DOID:2527|DOID:2921|DOID:381|DOID:409|DOID:557|DOID:5844|DOID:5854|DOID:7148|DOID:750|DOID:848|DOID:9408,NCBIGENE:4057|NCBIGENE:5742|NCBIGENE:5743|NCBIGENE:7018,COC1=CC2=C(C=C1)C=C(CCC(C)=O)C=C2
DB01022,CID000004812,320,P38435|P02818,P78329|Q9Y5Z9|Q9BQB6,PUBCHEM.COMPOUND:4812,,,CC(C)CCC[C@@H](C)CCC[C@@H](C)CCC\C(C)=C\CC1=C(C)C(=O)C2=C(C=CC=C2)C1=O
DB00356,CID000002733,321,Q12791,P05181|P04798|P05177|P11509|P08684|P10635,PUBCHEM.COMPOUND:2733,DOID:0050741|DOID:0060262|DOID:1574|DOID:409,NCBIGENE:1543|NCBIGENE:1544|NCBIGENE:1549|NCBIGENE:3783|NCBIGENE:4843|NCBIGENE:4846|NCBIGENE:9518,ClC1=CC2=C(OC(=O)N2)C=C1
DB01104,CID000005203,322,P31645|Q01959|P23975|Q7RTT9,P08684|P10635|P33261|P11712|P20813|P27338|P21397|Q14097|P05181,PUBCHEM.COMPOUND:5203,,,CN[C@H]1CC[C@@H](C2=CC(Cl)=C(Cl)C=C2)C2=CC=CC=C12
DB00292,CID000036339,323,P14867|P18089,P15538|P19099,PUBCHEM.COMPOUND:36339,,,CCOC(=O)C1=CN=CN1[C@H](C)C1=CC=CC=C1
DB00734,CID000005073,324,P28223|P14416|P35368|P18089|P35348|P18825|P35367|P28335|P28221|P08908|P34969|P21728,P10635|P08684,PUBCHEM.COMPOUND:5073,DOID:0050590|DOID:0060262|DOID:114|DOID:1168|DOID:11847|DOID:12217|DOID:1227|DOID:12700|DOID:12849|DOID:1287|DOID:12987|DOID:13548|DOID:14221|DOID:14464|DOID:1826|DOID:1837|DOID:302|DOID:303|DOID:3312|DOID:3393|DOID:3526|DOID:409|DOID:4195|DOID:5419|DOID:5844|DOID:5854|DOID:615|DOID:6713|DOID:9286|DOID:9351|DOID:9408|DOID:9854|DOID:9970,NCBIGENE:146|NCBIGENE:147|NCBIGENE:148|NCBIGENE:150|NCBIGENE:152|NCBIGENE:153|NCBIGENE:1565|NCBIGENE:1576|NCBIGENE:1577|NCBIGENE:1813|NCBIGENE:1814|NCBIGENE:1815|NCBIGENE:1816|NCBIGENE:2752|NCBIGENE:3269|NCBIGENE:3274|NCBIGENE:3308|NCBIGENE:3350|NCBIGENE:3351|NCBIGENE:3354|NCBIGENE:3355|NCBIGENE:3357|NCBIGENE:3358|NCBIGENE:3362|NCBIGENE:3363|NCBIGENE:3593|NCBIGENE:4128|NCBIGENE:5617|NCBIGENE:57084|NCBIGENE:801|NCBIGENE:805|NCBIGENE:808,CC1=C(CCN2CCC(CC2)C2=NOC3=C2C=CC(F)=C3)C(=O)N2CCCCC2=N1
DB00230,CID000125889,325,P54289,,PUBCHEM.COMPOUND:125889,,,CC(C)C[C@H](CN)CC(O)=O
DB00227,CID000003962,326,P04035|P20701|Q92769,P08684|Q15166|P10632|P22309|P35503|P16662|P33261,PUBCHEM.COMPOUND:3962,,,[H][C@]12[C@H](C[C@@H](C)C=C1C=C[C@H](C)[C@@H]2CC[C@@H]1C[C@@H](O)CC(=O)O1)OC(=O)[C@@H](C)CC
DB00557,CID000003658,327,P35367|Q12809,P08684|P20815|P10635,PUBCHEM.COMPOUND:3658,DOID:0050328|DOID:0050741|DOID:0060262|DOID:10459|DOID:1067|DOID:10763|DOID:10825|DOID:11204|DOID:11328|DOID:11396|DOID:114|DOID:11634|DOID:11847|DOID:12361|DOID:1287|DOID:13206|DOID:13550|DOID:13948|DOID:1405|DOID:14445|DOID:1459|DOID:1485|DOID:1558|DOID:1574|DOID:1826|DOID:1837|DOID:2457|DOID:2474|DOID:2883|DOID:3310|DOID:3393|DOID:409|DOID:4481|DOID:4730|DOID:5418|DOID:5844|DOID:5854|DOID:743|DOID:750|DOID:7997|DOID:7998|DOID:8515|DOID:9351|DOID:9408,NCBIGENE:1565|NCBIGENE:3269|NCBIGENE:3757|NCBIGENE:59340,OCCOCCN1CCN(CC1)C(C1=CC=CC=C1)C1=CC=C(Cl)C=C1
DB00619,CID000005291,328,P11274|P10721|P07949|P04629|P07333|P16234|Q08345|P00519|P09619|Q16832,P08684|P20815|P24462|P05177|P11712|P10635|P33261|P10632,PUBCHEM.COMPOUND:5291,DOID:0050590|DOID:0060262|DOID:10763|DOID:10825|DOID:10952|DOID:11396|DOID:11482|DOID:118|DOID:1227|DOID:12987|DOID:1425|DOID:1588|DOID:1682|DOID:1837|DOID:2355|DOID:2361|DOID:2527|DOID:2739|DOID:2741|DOID:2921|DOID:3326|DOID:3393|DOID:349|DOID:3507|DOID:4079|DOID:409|DOID:4660|DOID:4724|DOID:4798|DOID:557|DOID:6000|DOID:820|DOID:9253|DOID:9351|DOID:9970|DOID:999,NCBIGENE:10018|NCBIGENE:1003|NCBIGENE:1398|NCBIGENE:1399|NCBIGENE:1436|NCBIGENE:1576|NCBIGENE:1577|NCBIGENE:1788|NCBIGENE:200734|NCBIGENE:2120|NCBIGENE:2146|NCBIGENE:2252|NCBIGENE:2321|NCBIGENE:2322|NCBIGENE:2324|NCBIGENE:25|NCBIGENE:2534|NCBIGENE:27|NCBIGENE:2876|NCBIGENE:332|NCBIGENE:3576|NCBIGENE:3717|NCBIGENE:3718|NCBIGENE:3725|NCBIGENE:3791|NCBIGENE:3815|NCBIGENE:3832|NCBIGENE:3932|NCBIGENE:4067|NCBIGENE:4170|NCBIGENE:4851|NCBIGENE:4914|NCBIGENE:51176|NCBIGENE:5156|NCBIGENE:5159|NCBIGENE:5594|NCBIGENE:5595|NCBIGENE:5743|NCBIGENE:5896|NCBIGENE:5971|NCBIGENE:5979|NCBIGENE:598|NCBIGENE:613|NCBIGENE:6513|NCBIGENE:6514|NCBIGENE:6776|NCBIGENE:7040|NCBIGENE:7157|NCBIGENE:7294|NCBIGENE:8021|NCBIGENE:81608|NCBIGENE:836|NCBIGENE:8797|NCBIGENE:9141|NCBIGENE:9407|NCBIGENE:9429,CN1CCN(CC2=CC=C(C=C2)C(=O)NC2=CC(NC3=NC=CC(=N3)C3=CN=CC=C3)=C(C)C=C2)CC1
DB00973,CID000150311,329,Q9UHC9|P35610|P15144,P35503|P54855|P16662|P08684|P10632|P22309,PUBCHEM.COMPOUND:150311,DOID:0050741|DOID:0060262|DOID:0090019|DOID:1029|DOID:1168|DOID:13809|DOID:1574|DOID:2913|DOID:409|DOID:423|DOID:4989|DOID:7327,NCBIGENE:10999|NCBIGENE:1401|NCBIGENE:19|NCBIGENE:22796|NCBIGENE:255738|NCBIGENE:2641|NCBIGENE:290|NCBIGENE:29881|NCBIGENE:3156|NCBIGENE:338|NCBIGENE:54658|NCBIGENE:64240|NCBIGENE:64241|NCBIGENE:6646|NCBIGENE:6720|NCBIGENE:6721|NCBIGENE:8647,[H][C@]1(CC[C@H](O)C2=CC=C(F)C=C2)C(=O)N(C2=CC=C(F)C=C2)[C@]1([H])C1=CC=C(O)C=C1
DB01039,CID000003339,330,Q07869|O75469|Q9NPA2,O60656|P23141|P16152|P10632|P33261|P11509|Q04828|P52895|P42330|P15121|P11712,PUBCHEM.COMPOUND:3339,DOID:0050590|DOID:0050766|DOID:0060262|DOID:1029|DOID:11151|DOID:1168|DOID:11755|DOID:12236|DOID:1227|DOID:12987|DOID:13809|DOID:1386|DOID:1387|DOID:1388|DOID:1391|DOID:1588|DOID:2355|DOID:2361|DOID:2913|DOID:409|DOID:423|DOID:4989|DOID:615|DOID:633|DOID:7327,NCBIGENE:1071|NCBIGENE:1384|NCBIGENE:1401|NCBIGENE:145264|NCBIGENE:1558|NCBIGENE:1559|NCBIGENE:1906|NCBIGENE:2053|NCBIGENE:225|NCBIGENE:22796|NCBIGENE:2308|NCBIGENE:23411|NCBIGENE:255738|NCBIGENE:2660|NCBIGENE:2950|NCBIGENE:335|NCBIGENE:336|NCBIGENE:338|NCBIGENE:3398|NCBIGENE:345|NCBIGENE:3458|NCBIGENE:3479|NCBIGENE:348|NCBIGENE:3480|NCBIGENE:3553|NCBIGENE:3605|NCBIGENE:3949|NCBIGENE:3952|NCBIGENE:4023|NCBIGENE:4089|NCBIGENE:4312|NCBIGENE:4314|NCBIGENE:4322|NCBIGENE:4323|NCBIGENE:4324|NCBIGENE:4654|NCBIGENE:4656|NCBIGENE:4843|NCBIGENE:4846|NCBIGENE:4982|NCBIGENE:5054|NCBIGENE:51|NCBIGENE:5468|NCBIGENE:57016|NCBIGENE:57104|NCBIGENE:5825|NCBIGENE:5826|NCBIGENE:6347|NCBIGENE:6401|NCBIGENE:64386|NCBIGENE:6720|NCBIGENE:6721|NCBIGENE:7045|NCBIGENE:7124|NCBIGENE:7352|NCBIGENE:7412|NCBIGENE:7436|NCBIGENE:7941|NCBIGENE:79602|NCBIGENE:79888|NCBIGENE:8431|NCBIGENE:84699|NCBIGENE:949|NCBIGENE:950|NCBIGENE:958|NCBIGENE:960,CC(C)OC(=O)C(C)(C)OC1=CC=C(C=C1)C(=O)C1=CC=C(Cl)C=C1
DB00921,CID000002476,331,P41145|P35372|P41143|P41146,P08684|P20815|P11712|P10632|P24462|P10635|P33260|P33261,PUBCHEM.COMPOUND:2476,,NCBIGENE:4985|NCBIGENE:4986|NCBIGENE:4988,CO[C@]12CC[C@@]3(C[C@@H]1[C@](C)(O)C(C)(C)C)[C@H]1CC4=C5C(O[C@@H]2[C@@]35CCN1CC1CC1)=C(O)C=C4
DB00512,CID000005651,332,,,PUBCHEM.COMPOUND:5651,,,CN[C@H](CC(C)C)C(=O)N[C@@H]1[C@H](O)C2=CC=C(OC3=C(O[C@@H]4O[C@H](CO)[C@@H](O)[C@H](O)[C@H]4O[C@H]4C[C@](C)(N)[C@H](O)[C@H](C)O4)C4=CC(=C3)[C@@H](NC(=O)[C@H](CC(N)=O)NC1=O)C(=O)N[C@@H]1C3=CC(=C(O)C=C3)C3=C(O)C=C(O)C=C3[C@H](NC(=O)[C@@H](NC1=O)[C@H](O)C1=CC(Cl)=C(O4)C=C1)C(O)=O)C(Cl)=C2
DB00601,CID000003929,333,,P27338|P21397,PUBCHEM.COMPOUND:3929,,,CC(=O)NC[C@H]1CN(C(=O)O1)C1=CC(F)=C(C=C1)N1CCOCC1
DB00394,CID000002308,334,P04150,P20815|P08684,PUBCHEM.COMPOUND:2308,,,[H][C@@]12C[C@H](C)[C@](OC(=O)CC)(C(=O)COC(=O)CC)[C@@]1(C)C[C@H](O)[C@@]1(Cl)[C@@]2([H])CCC2=CC(=O)C=C[C@]12C
DB00200,CID000002891,335,Q99707|P22033|Q8IVH4|P20061|Q9BXJ7|O60494|Q9Y4U1,,PUBCHEM.COMPOUND:2891,,,[N+]1=2[Co-3]345([N+]6=C7[C@H]([C@@](CC(=O)N)(C)[C@@]6([C@@]6(N3C(=C(C)C3=[N+]4C(C(C)(C)[C@@H]3CCC(=O)N)=CC3=[N+]5C(=C7C)[C@@](CC(=O)N)([C@@H]3CCC(=O)N)C)[C@@](C)([C@H]6CC(=O)N)CCC(NC[C@@H](C)OP(=O)(O[C@@H]3[C@H](O[C@H](N(C4=CC(=C(C=C14)C)C)C=2)[C@@H]3O)CO)[O-])=O)[H])C)CCC(=O)N)O[H]
DB01190,CID000002786,336,Q2G0P0,P20815|P08684,PUBCHEM.COMPOUND:2786,,,[H][C@@](NC(=O)[C@@H]1C[C@@H](CCC)CN1C)([C@H](C)Cl)[C@@]1([H])O[C@H](SC)[C@H](O)[C@@H](O)[C@H]1O
DB00930,CID000160051,337,,,PUBCHEM.COMPOUND:160051,DOID:10573|DOID:10609|DOID:11249|DOID:11914|DOID:8437|DOID:8440,NCBIGENE:22796|NCBIGENE:9404,CCCCCCCCCCNCC=C.C[N+](C)(C)CCCCCCNCC=C.C=CCN.C1C(O1)CCl.Cl.[Cl-]
DB00857,CID000005402,338,Q92206|Q14534,P23219|P10635|P11712|P05177|P08684|P10632|P33261,PUBCHEM.COMPOUND:5402,,,CN(C\C=C\C#CC(C)(C)C)CC1=CC=CC2=CC=CC=C12
DB00162,CID000001071,339,P05090|P41222|Q96NR8|Q92781|Q8NBN7|O94788|P00352|O95237|O75911|P47895|Q6NUM9|Q8TC12|Q9BTZ2|Q9HBH5|Q9NYR8,O43174,PUBCHEM.COMPOUND:1071,,NCBIGENE:1066|NCBIGENE:221223|NCBIGENE:283848|NCBIGENE:51109|NCBIGENE:5959|NCBIGENE:6010|NCBIGENE:6017|NCBIGENE:6121|NCBIGENE:8608|NCBIGENE:8824|NCBIGENE:9227,C\C(=C/CO)\C=C\C=C(/C)\C=C\C1=C(C)CCCC1(C)C
DB00585,CID000004513,340,P25021,P06276,PUBCHEM.COMPOUND:4513,,,CNC(NCCSCC1=CSC(CN(C)C)=N1)=C[N+]([O-])=O
CID004479097,CID004479097,341,,,PUBCHEM.COMPOUND:4479097,,,CC1=CC2=C(C=C1C)N(C=N2)C3C(C(C(O3)CO)OP(=O)([O-])OC(C)CNC(=O)CCC4(C(C5C6(C(C(C(=N6)C(=C7C(C(C(=N7)C=C8C(C(C(=N8)C(=C4[N-]5)C)CCC(=O)N)(C)C)CCC(=O)N)(C)CC(=O)N)C)CCC(=O)N)(C)CC(=O)N)C)CC(=O)N)C)O.O.[Co]
DB00490,CID000002477,342,P08908|P14416|P35462|P21917,P08684|P20815|P24462|P10635,PUBCHEM.COMPOUND:2477,DOID:14320,NCBIGENE:10280|NCBIGENE:1565|NCBIGENE:1576|NCBIGENE:1577|NCBIGENE:1813|NCBIGENE:1814|NCBIGENE:1815|NCBIGENE:3350|NCBIGENE:3351|NCBIGENE:3357|NCBIGENE:3358|NCBIGENE:3363|NCBIGENE:3558|NCBIGENE:5021|NCBIGENE:5617|NCBIGENE:9407,O=C1CC2(CCCC2)CC(=O)N1CCCCN1CCN(CC1)C1=NC=CC=N1
DB00320,CID000003066,343,P28222|P28221|P30939|P08913|P08908|P28566|P28223|P41595|P28335|P14416|P35462|P21917|Q13639|P13945,P08684,PUBCHEM.COMPOUND:3066,,NCBIGENE:1813|NCBIGENE:3350|NCBIGENE:3351|NCBIGENE:3354|NCBIGENE:3355|NCBIGENE:3357|NCBIGENE:3358|NCBIGENE:3362|NCBIGENE:3363,[H][C@@]12CCCN1C(=O)[C@H](CC1=CC=CC=C1)N1C(=O)[C@](C)(NC(=O)[C@H]3CN(C)[C@]4([H])CC5=CNC6=CC=CC(=C56)[C@@]4([H])C3)O[C@@]21O
DB01230,CID000004723,344,,,PUBCHEM.COMPOUND:4723,DOID:1094,NCBIGENE:6531,NC1=NC(=O)C(O1)C1=CC=CC=C1
DB00225,CID000060754,345,,,PUBCHEM.COMPOUND:60754,,,[Gd+3].CNC(=O)CN(CCN(CCN(CC([O-])=O)CC(=O)NC)CC([O-])=O)CC([O-])=O
CID000002676,CID000002676,346,,,PUBCHEM.COMPOUND:2676,,,CC(C)C1=C(C(=C(C(=N1)C(C)C)COC)C2=CC=C(C=C2)F)C=CC(CC(CC(=O)O)O)O
DB00373,CID000005478,347,P08588|P07550|P00720,P33261|P10635,PUBCHEM.COMPOUND:5478,,NCBIGENE:153|NCBIGENE:154,[H][C@](O)(CNC(C)(C)C)COC1=NSN=C1N1CCOCC1
DB01095,CID000003403,348,P04035|Q92769,P04798|P08684|P20815|P10632|P11712|P33261|P10635|P22309|P35503|P16662|P20813,PUBCHEM.COMPOUND:3403,,,CC(C)N1C(\C=C\C(O)CC(O)CC(O)=O)=C(C2=CC=CC=C12)C1=CC=C(F)C=C1
DB00289,CID000054841,349,P23975|P31645|P48549|P41145,P33261|P10635,PUBCHEM.COMPOUND:54841,DOID:0050700|DOID:0050771|DOID:0060262|DOID:10021|DOID:10154|DOID:10300|DOID:10763|DOID:10825|DOID:1094|DOID:11328|DOID:117|DOID:11847|DOID:11984|DOID:12932|DOID:13550|DOID:1405|DOID:14445|DOID:1826|DOID:2739|DOID:2741|DOID:3312|DOID:3393|DOID:3526|DOID:3953|DOID:409|DOID:5418|DOID:5844|DOID:5854|DOID:6713|DOID:9286|DOID:9408,,CNCC[C@@H](OC1=CC=CC=C1C)C1=CC=CC=C1
DB01216,CID000003350,350,P31213|P18405|P51857,P08684|P20815|P24462,PUBCHEM.COMPOUND:3350,,,[H][C@@]12CC[C@H](C(=O)NC(C)(C)C)[C@@]1(C)CC[C@@]1([H])[C@@]2([H])CC[C@@]2([H])NC(=O)C=C[C@]12C
CID000004675,CID000004675,351,,,PUBCHEM.COMPOUND:4675,,,CC(=O)OC1CC2CCC3C(C2(CC1[N+]4(CCCCC4)C)C)CCC5(C3CC(C5OC(=O)C)[N+]6(CCCCC6)C)C
DB00450,CID000003168,352,P35348|P14416,,PUBCHEM.COMPOUND:3168,DOID:0050589|DOID:0050741|DOID:0050771|DOID:0050841|DOID:0060262|DOID:10021|DOID:10154|DOID:10763|DOID:10825|DOID:10952|DOID:11459|DOID:117|DOID:12139|DOID:13206|DOID:13603|DOID:1425|DOID:14464|DOID:1470|DOID:1574|DOID:1595|DOID:1596|DOID:2527|DOID:2841|DOID:2848|DOID:2883|DOID:2921|DOID:302|DOID:303|DOID:3083|DOID:3878|DOID:3953|DOID:409|DOID:4500|DOID:4964|DOID:529|DOID:557|DOID:679|DOID:8442|DOID:8515|DOID:9428|DOID:9741,NCBIGENE:146|NCBIGENE:147|NCBIGENE:148|NCBIGENE:1813|NCBIGENE:1814|NCBIGENE:1815|NCBIGENE:3757|NCBIGENE:5444,FC1=CC=C(C=C1)C(=O)CCCN1CCC(=CC1)N1C(=O)NC2=CC=CC=C12
DB00222,CID000003476,353,Q14654|P48048|Q09428,P11712,PUBCHEM.COMPOUND:3476,DOID:0050741|DOID:0060262|DOID:0060870|DOID:0060872|DOID:0060873|DOID:0060874|DOID:0060875|DOID:0090070|DOID:0090071|DOID:0090072|DOID:0090073|DOID:0090074|DOID:0090076|DOID:0090077|DOID:0090078|DOID:0090079|DOID:0090080|DOID:0090081|DOID:0090082|DOID:0090083|DOID:0090084|DOID:0090085|DOID:0090086|DOID:0090087|DOID:0090089|DOID:0090090|DOID:0090092|DOID:0090093|DOID:0090094|DOID:10493|DOID:10952|DOID:11054|DOID:11396|DOID:11476|DOID:11847|DOID:13774|DOID:1425|DOID:1574|DOID:2527|DOID:2921|DOID:3133|DOID:3393|DOID:3526|DOID:3614|DOID:4007|DOID:409|DOID:4447|DOID:4449|DOID:533|DOID:557|DOID:583|DOID:5844|DOID:5854|DOID:6000|DOID:6713|DOID:9351|DOID:9352|DOID:9406|DOID:9408|DOID:9410|DOID:9476|DOID:9993,NCBIGENE:1559|NCBIGENE:1803|NCBIGENE:2641|NCBIGENE:3758|NCBIGENE:3767|NCBIGENE:4846|NCBIGENE:5054|NCBIGENE:54578|NCBIGENE:54579|NCBIGENE:54659|NCBIGENE:5621|NCBIGENE:6517|NCBIGENE:857,CCC1=C(C)CN(C(=O)NCCC2=CC=C(C=C2)S(=O)(=O)NC(=O)N[C@H]2CC[C@H](C)CC2)C1=O
DB01016,CID000003488,354,O60706|O95342|O95477|P50416|P13569|Q8TD43,P08684|P11712|P33261|P24462|P20815,PUBCHEM.COMPOUND:3488,DOID:0050741|DOID:0060262|DOID:0060870|DOID:0060872|DOID:0060873|DOID:0060874|DOID:0060875|DOID:0090070|DOID:0090071|DOID:0090072|DOID:0090073|DOID:0090074|DOID:0090076|DOID:0090077|DOID:0090078|DOID:0090079|DOID:0090080|DOID:0090081|DOID:0090082|DOID:0090083|DOID:0090084|DOID:0090085|DOID:0090086|DOID:0090087|DOID:0090089|DOID:0090090|DOID:0090092|DOID:0090093|DOID:0090094|DOID:10493|DOID:10952|DOID:11847|DOID:13774|DOID:1425|DOID:1574|DOID:2527|DOID:2921|DOID:3133|DOID:3614|DOID:3650|DOID:409|DOID:533|DOID:557|DOID:583|DOID:5844|DOID:5854|DOID:9351|DOID:9352|DOID:9406|DOID:9408|DOID:9410|DOID:9476|DOID:9993,NCBIGENE:10060|NCBIGENE:1080|NCBIGENE:114548|NCBIGENE:1374|NCBIGENE:1559|NCBIGENE:19|NCBIGENE:1906|NCBIGENE:2641|NCBIGENE:3553|NCBIGENE:3576|NCBIGENE:3667|NCBIGENE:3725|NCBIGENE:3758|NCBIGENE:3764|NCBIGENE:3767|NCBIGENE:3827|NCBIGENE:3952|NCBIGENE:4363|NCBIGENE:5020|NCBIGENE:5230|NCBIGENE:5327|NCBIGENE:54795|NCBIGENE:54802|NCBIGENE:6010|NCBIGENE:63910|NCBIGENE:6915|NCBIGENE:801|NCBIGENE:805|NCBIGENE:808|NCBIGENE:8647|NCBIGENE:9407,COC1=C(C=C(Cl)C=C1)C(=O)NCCC1=CC=C(C=C1)S(=O)(=O)NC(=O)NC1CCCCC1
DB00717,CID000004536,355,P06401|P10275|P04150,P08684|P17516|P26439|P51857|P33261|P05177|P11509,PUBCHEM.COMPOUND:4536,,NCBIGENE:5241,[H][C@@]12CC[C@@](O)(C#C)[C@@]1(C)CC[C@]1([H])[C@@]3([H])CCC(=O)C=C3CC[C@@]21[H]
DB00761,CID000004873,356,P55011|Q13621|Q9H2X9|Q9UHW9|Q9Y666|Q9UP95,,PUBCHEM.COMPOUND:4873,DOID:0060173|DOID:0060262|DOID:0060674|DOID:0060675|DOID:0060676|DOID:0060677|DOID:0060678|DOID:0060679|DOID:0110892|DOID:1029|DOID:10493|DOID:10763|DOID:10808|DOID:10825|DOID:10923|DOID:10952|DOID:11335|DOID:114|DOID:11847|DOID:11914|DOID:11963|DOID:12361|DOID:12642|DOID:12678|DOID:12679|DOID:1287|DOID:13186|DOID:13206|DOID:13404|DOID:13550|DOID:13774|DOID:13948|DOID:13976|DOID:1405|DOID:1425|DOID:14250|DOID:14445|DOID:14451|DOID:14452|DOID:1826|DOID:1936|DOID:2074|DOID:2089|DOID:2106|DOID:2348|DOID:2349|DOID:2351|DOID:2352|DOID:2485|DOID:2527|DOID:2883|DOID:2913|DOID:2921|DOID:2977|DOID:2983|DOID:3083|DOID:3393|DOID:3650|DOID:3827|DOID:3878|DOID:409|DOID:437|DOID:4500|DOID:4989|DOID:5162|DOID:5200|DOID:557|DOID:580|DOID:5844|DOID:585|DOID:5854|DOID:6000|DOID:626|DOID:750|DOID:784|DOID:7997|DOID:7998|DOID:8337|DOID:8437|DOID:8440|DOID:8442|DOID:8534|DOID:8577|DOID:893|DOID:9164|DOID:936|DOID:9408,NCBIGENE:102724428|NCBIGENE:10723|NCBIGENE:112802|NCBIGENE:121391|NCBIGENE:150094|NCBIGENE:23435|NCBIGENE:2353|NCBIGENE:2641|NCBIGENE:3741|NCBIGENE:387|NCBIGENE:4691|NCBIGENE:5172|NCBIGENE:54097|NCBIGENE:57468|NCBIGENE:627|NCBIGENE:6558|NCBIGENE:6560|NCBIGENE:6915|NCBIGENE:85027,[Cl-].[K+]
DB00370,CID000004205,357,P28223|Q9UE69|P08913|P28335|P41145|P35367,P08684|P10635|P05177,PUBCHEM.COMPOUND:4205,DOID:0050590|DOID:0060262|DOID:11847|DOID:1227|DOID:12987|DOID:1470|DOID:1595|DOID:1596|DOID:1826|DOID:2848|DOID:3526|DOID:409|DOID:5844|DOID:5854|DOID:6713|DOID:9408|DOID:9970,NCBIGENE:11255|NCBIGENE:1392|NCBIGENE:148|NCBIGENE:150|NCBIGENE:152|NCBIGENE:153|NCBIGENE:154|NCBIGENE:1544|NCBIGENE:1565|NCBIGENE:1576|NCBIGENE:1813|NCBIGENE:1814|NCBIGENE:3269|NCBIGENE:3350|NCBIGENE:3357|NCBIGENE:3358|NCBIGENE:3359|NCBIGENE:3363|NCBIGENE:4986|NCBIGENE:598|NCBIGENE:6530|NCBIGENE:6531|NCBIGENE:6532,CN1CCN2C(C1)C1=CC=CC=C1CC1=C2N=CC=C1
DB00279,CID000000861,358,P10827|P10828|P12004,P22309,PUBCHEM.COMPOUND:861,,,N[C@@H](CC1=CC(I)=C(OC2=CC(I)=C(O)C=C2)C(I)=C1)C(O)=O
DB00481,CID000005035,359,P03372|Q92731|P50453|P04155,P20813|P10632|Q06278|P11511|P08684|P22309|Q9HAW8|Q9HAW9,PUBCHEM.COMPOUND:5035,DOID:0060224|DOID:0060262|DOID:10763|DOID:10825|DOID:11476|DOID:13003|DOID:1727|DOID:224|DOID:2450|DOID:2451|DOID:2452|DOID:2988|DOID:3393|DOID:3526|DOID:3755|DOID:3756|DOID:3875|DOID:409|DOID:6713|DOID:9477,NCBIGENE:10682|NCBIGENE:1576|NCBIGENE:1755|NCBIGENE:2100|NCBIGENE:2621|NCBIGENE:27020|NCBIGENE:316|NCBIGENE:3162|NCBIGENE:3320|NCBIGENE:3479|NCBIGENE:4094|NCBIGENE:4318|NCBIGENE:4846|NCBIGENE:5241|NCBIGENE:5617|NCBIGENE:5879|NCBIGENE:632|NCBIGENE:6347|NCBIGENE:6364|NCBIGENE:6462|NCBIGENE:6532|NCBIGENE:7015|NCBIGENE:7043|NCBIGENE:7057|NCBIGENE:7498|NCBIGENE:8431|NCBIGENE:857|NCBIGENE:9451,OC1=CC=C(C=C1)C1=C(C(=O)C2=CC=C(OCCN3CCCCC3)C=C2)C2=C(S1)C=C(O)C=C2
DB00798,CID000003467,360,P0A7S3|P08164|P00374,,PUBCHEM.COMPOUND:3467,DOID:0060643|DOID:0080158|DOID:10310|DOID:1067|DOID:10952|DOID:12678|DOID:12679|DOID:13117|DOID:13548|DOID:1425|DOID:14268|DOID:14269|DOID:14270|DOID:1837|DOID:2479|DOID:2485|DOID:2527|DOID:2921|DOID:381|DOID:437|DOID:4409|DOID:557|DOID:6195|DOID:813|DOID:874|DOID:8941|DOID:9282|DOID:9351|DOID:9446|DOID:9470|DOID:950|DOID:9938,NCBIGENE:1080|NCBIGENE:1719|NCBIGENE:1756|NCBIGENE:2706|NCBIGENE:290|NCBIGENE:4036|NCBIGENE:4843|NCBIGENE:5184|NCBIGENE:5594|NCBIGENE:5595|NCBIGENE:7157|NCBIGENE:836|NCBIGENE:842|NCBIGENE:9407|NCBIGENE:9768,[H][C@@]1(CN)CC[C@@H](N)[C@@H](O[C@]2([H])[C@@H](N)C[C@@H](N)[C@H](O[C@@]3([H])OC[C@](C)(O)[C@H](NC)[C@H]3O)[C@H]2O)O1.[H][C@]1(CC[C@@H](N)[C@@H](O[C@]2([H])[C@@H](N)C[C@@H](N)[C@H](O[C@@]3([H])OC[C@](C)(O)[C@H](NC)[C@H]3O)[C@H]2O)O1)C(C)N.[H][C@]1(CC[C@@H](N)[C@@H](O[C@]2([H])[C@@H](N)C[C@@H](N)[C@H](O[C@@]3([H])OC[C@](C)(O)[C@H](NC)[C@H]3O)[C@H]2O)O1)C(C)NC
CID000163742,CID000163742,361,,,PUBCHEM.COMPOUND:163742,,NCBIGENE:2159,CO[C@@H]1[C@@H]([C@H]([C@@H]([C@H](O1)COS(=O)(=O)O)O[C@H]2[C@@H]([C@H]([C@@H]([C@@H](O2)C(=O)O)OC3[C@@H]([C@H]([C@@H]([C@H](O3)COS(=O)(=O)O)O[C@H]4[C@@H]([C@H]([C@@H]([C@H](O4)C(=O)O)O[C@@H]5[C@@H]([C@H]([C@@H]([C@H](O5)COS(=O)(=O)O)O)O)NS(=O)(=O)O)O)O)OS(=O)(=O)O)NS(=O)(=O)O)O)OS(=O)(=O)O)O)NS(=O)(=O)O
DB01291,CID000004845,362,P07550|P08588,,PUBCHEM.COMPOUND:4845,DOID:10763|DOID:10825|DOID:12361|DOID:1837|DOID:2841|DOID:3393|DOID:4500|DOID:6132|DOID:7997|DOID:7998|DOID:850|DOID:9351|DOID:9360|DOID:9415|DOID:9563,NCBIGENE:153|NCBIGENE:154|NCBIGENE:155,CC(C)(C)NCC(O)C1=NC(CO)=C(O)C=C1
DB01172,CID000000815,363,P0A7S3,P9WQG9|P05057|P00551,PUBCHEM.COMPOUND:815,,,NC[C@H]1O[C@H](O[C@@H]2[C@@H](N)C[C@@H](N)[C@H](O[C@H]3O[C@H](CO)[C@@H](O)[C@H](N)[C@H]3O)[C@H]2O)[C@H](O)[C@@H](O)[C@@H]1O
CID006398525,CID006398525,364,,,PUBCHEM.COMPOUND:6398525,,,C([C@@H]1[C@H]([C@@H]([C@H]([C@@H](O1)O[C@]2([C@H]([C@@H]([C@H](O2)OS(=O)(=O)O)OS(=O)(=O)O)OS(=O)(=O)O)COS(=O)(=O)O)OS(=O)(=O)O)OS(=O)(=O)O)OS(=O)(=O)O)OS(=O)(=O)O.O.O.O.O.O.O.O.O.O.O.O.O.O.O.O.O.O.O.O.O.[Al].[Al].[Al].[Al].[Al].[Al].[Al].[Al].[Al]
DB00480,CID000216326,365,Q96SW2|O14788|P33151|P35354,,PUBCHEM.COMPOUND:216326,DOID:0050590|DOID:0050746|DOID:1227|DOID:12987|DOID:1588|DOID:162|DOID:4766|DOID:707|DOID:8675|DOID:9477|DOID:9538,NCBIGENE:1003|NCBIGENE:29126|NCBIGENE:3558|NCBIGENE:3662|NCBIGENE:51185|NCBIGENE:5743|NCBIGENE:7080|NCBIGENE:7124|NCBIGENE:958|NCBIGENE:959,NC1=CC=CC2=C1CN(C1CCC(=O)NC1=O)C2=O
DB00297,CID000002474,366,Q9Y5Y9|P34995,P33261|P10635|P08684,PUBCHEM.COMPOUND:2474,DOID:0050328|DOID:0050589|DOID:0050741|DOID:0060224|DOID:0060262|DOID:0110423|DOID:0110424|DOID:0110426|DOID:0110427|DOID:0110428|DOID:0110429|DOID:0110430|DOID:0110431|DOID:0110432|DOID:0110433|DOID:0110434|DOID:0110435|DOID:0110436|DOID:0110437|DOID:0110438|DOID:0110439|DOID:0110441|DOID:0110442|DOID:0110443|DOID:0110444|DOID:0110445|DOID:0110446|DOID:0110447|DOID:0110448|DOID:0110449|DOID:0110450|DOID:0110451|DOID:0110452|DOID:0110453|DOID:0110454|DOID:0110455|DOID:0110456|DOID:0110457|DOID:0110458|DOID:0110459|DOID:0110460|DOID:0110461|DOID:0110892|DOID:10493|DOID:10763|DOID:10825|DOID:10952|DOID:114|DOID:11459|DOID:11634|DOID:11847|DOID:11981|DOID:12361|DOID:12720|DOID:1287|DOID:12930|DOID:13087|DOID:13097|DOID:1319|DOID:13206|DOID:13548|DOID:13550|DOID:13603|DOID:13774|DOID:1405|DOID:1425|DOID:14445|DOID:1459|DOID:1574|DOID:1742|DOID:1826|DOID:1837|DOID:2089|DOID:2527|DOID:2841|DOID:2883|DOID:2921|DOID:302|DOID:303|DOID:3083|DOID:3393|DOID:384|DOID:3878|DOID:409|DOID:437|DOID:4500|DOID:557|DOID:5844|DOID:5854|DOID:7997|DOID:7998|DOID:8442|DOID:8515|DOID:8577|DOID:9351|DOID:9408|DOID:9428|DOID:9741,NCBIGENE:1576|NCBIGENE:3741|NCBIGENE:3776|NCBIGENE:4988|NCBIGENE:5566|NCBIGENE:5567|NCBIGENE:5731|NCBIGENE:57539|NCBIGENE:6336|NCBIGENE:788|NCBIGENE:9451,CCCCN1CCCCC1C(=O)NC1=C(C)C=CC=C1C
DB00753,CID000003763,367,P14867|P98194|P23415|P42261|Q09470|P30049|P0DP23|P43681|P17787,P20813|P03886|P05181,PUBCHEM.COMPOUND:3763,DOID:0060262|DOID:11723|DOID:409|DOID:8545|DOID:9884,NCBIGENE:100506658|NCBIGENE:1627|NCBIGENE:212|NCBIGENE:2741|NCBIGENE:3162|NCBIGENE:338567|NCBIGENE:3479|NCBIGENE:3558|NCBIGENE:3736|NCBIGENE:3776|NCBIGENE:4318|NCBIGENE:4843|NCBIGENE:4846|NCBIGENE:4907|NCBIGENE:513|NCBIGENE:5582|NCBIGENE:6334|NCBIGENE:6505|NCBIGENE:801|NCBIGENE:805|NCBIGENE:808|NCBIGENE:836|NCBIGENE:857|NCBIGENE:8645|NCBIGENE:8877|NCBIGENE:9407,FC(F)OC(Cl)C(F)(F)F
DB01005,CID000003657,368,P23921,P41020,PUBCHEM.COMPOUND:3657,DOID:10923|DOID:10952|DOID:11934|DOID:1425|DOID:1588|DOID:1909|DOID:2355|DOID:2361|DOID:2394|DOID:2527|DOID:2921|DOID:557|DOID:615|DOID:8552|DOID:8923,NCBIGENE:11200|NCBIGENE:135250|NCBIGENE:1576|NCBIGENE:1906|NCBIGENE:2056|NCBIGENE:2876|NCBIGENE:3596|NCBIGENE:3725|NCBIGENE:4683|NCBIGENE:6240|NCBIGENE:6241|NCBIGENE:6563|NCBIGENE:6606|NCBIGENE:6607|NCBIGENE:672|NCBIGENE:7040|NCBIGENE:7157|NCBIGENE:7298|NCBIGENE:7402|NCBIGENE:760|NCBIGENE:8170|NCBIGENE:836,NC(=O)NO
DB00426,CID000003324,369,P04293,Q06278,PUBCHEM.COMPOUND:3324,DOID:10952|DOID:1425|DOID:2527|DOID:2921|DOID:557|DOID:8536,,CC(=O)OCC(CCN1C=NC2=CN=C(N)N=C12)COC(C)=O
DB00745,CID000004236,370,Q01959|P35368,P33261|P08684|P20815|P05177|P20813|P11712|P10635,PUBCHEM.COMPOUND:4236,DOID:0050741|DOID:0060215|DOID:10588|DOID:10763|DOID:10825|DOID:11328|DOID:11502|DOID:11847|DOID:12139|DOID:1470|DOID:1574|DOID:1595|DOID:1596|DOID:2848|DOID:326|DOID:331|DOID:3312|DOID:3393|DOID:4964|DOID:5418|DOID:5844|DOID:5854|DOID:8986|DOID:9408|DOID:988,NCBIGENE:146|NCBIGENE:147|NCBIGENE:148|NCBIGENE:1544|NCBIGENE:1557|NCBIGENE:1559|NCBIGENE:1576|NCBIGENE:1577|NCBIGENE:2353|NCBIGENE:3060|NCBIGENE:6531,NC(=O)CS(=O)C(C1=CC=CC=C1)C1=CC=CC=C1
DB00216,CID000077993,371,P28221|P28222|P30939|P08908,P10635|P11712|P33261|P11509|P23219|P08684,PUBCHEM.COMPOUND:77993,DOID:0060262|DOID:10300|DOID:10763|DOID:10825|DOID:11840|DOID:11847|DOID:13003|DOID:1837|DOID:224|DOID:2316|DOID:3393|DOID:3526|DOID:3669|DOID:409|DOID:5844|DOID:5854|DOID:6364|DOID:6713|DOID:9351|DOID:9408|DOID:9970,NCBIGENE:1576|NCBIGENE:3350|NCBIGENE:3351|NCBIGENE:3354|NCBIGENE:3355|NCBIGENE:3357|NCBIGENE:3363,CN1CCC[C@@H]1CC1=CNC2=C1C=C(CCS(=O)(=O)C1=CC=CC=C1)C=C2
DB01126,CID000152945,372,P18405|P31213,P20815,PUBCHEM.COMPOUND:152945,,,[H][C@@]1(CC[C@@]2([H])[C@]3([H])CC[C@@]4([H])NC(=O)C=C[C@]4(C)[C@@]3([H])CC[C@]12C)C(=O)NC1=CC(=CC=C1C(F)(F)F)C(F)(F)F
DB01224,CID000005002,373,P28223|P14416|P08908|P28222|P28221|P28566|P28335|P46098|P50406|P34969|P21728|P21918|P35462|P21917|P35367|P08913|P18089|P18825|P11229|P08172|P20309|P08173|P08912,P33261|P10635|P24462|P08684|P20815,PUBCHEM.COMPOUND:5002,DOID:0050328|DOID:0050590|DOID:0050841|DOID:0060262|DOID:0090044|DOID:0090045|DOID:0090047|DOID:0090049|DOID:0090051|DOID:0090052|DOID:0090053|DOID:0090054|DOID:0090123|DOID:10763|DOID:10825|DOID:11634|DOID:1168|DOID:11847|DOID:1227|DOID:12700|DOID:12987|DOID:14221|DOID:14464|DOID:1459|DOID:1826|DOID:1837|DOID:2355|DOID:2361|DOID:3312|DOID:3393|DOID:409|DOID:4195|DOID:4500|DOID:529|DOID:5419|DOID:5844|DOID:5854|DOID:615|DOID:6713|DOID:679|DOID:9351|DOID:9408|DOID:9854|DOID:9970,NCBIGENE:1128|NCBIGENE:1131|NCBIGENE:1132|NCBIGENE:1133|NCBIGENE:146|NCBIGENE:147|NCBIGENE:148|NCBIGENE:150|NCBIGENE:152|NCBIGENE:1576|NCBIGENE:1577|NCBIGENE:1813|NCBIGENE:1814|NCBIGENE:1815|NCBIGENE:1816|NCBIGENE:2247|NCBIGENE:3269|NCBIGENE:3350|NCBIGENE:3351|NCBIGENE:3354|NCBIGENE:3355|NCBIGENE:3357|NCBIGENE:3358|NCBIGENE:3359|NCBIGENE:3362|NCBIGENE:3363|NCBIGENE:5617|NCBIGENE:6195|NCBIGENE:6196|NCBIGENE:63976,OCCOCCN1CCN(CC1)C1=NC2=CC=CC=C2SC2=CC=CC=C12
CID000443871,CID000443871,374,,,PUBCHEM.COMPOUND:443871,,,CC(C)[C@H]1CCC[C@@H](C1)C(=O)N[C@H](CC2=CC=CC=C2)C(=O)O
DB00204,CID000071329,375,Q12809|O95069|Q14500,P08684,PUBCHEM.COMPOUND:71329,DOID:0060224|DOID:0060262|DOID:10952|DOID:1425|DOID:2527|DOID:2921|DOID:409|DOID:4500|DOID:557|DOID:8689,NCBIGENE:144245|NCBIGENE:27133|NCBIGENE:3757|NCBIGENE:3776|NCBIGENE:84920,CN(CCOC1=CC=C(NS(C)(=O)=O)C=C1)CCC1=CC=C(NS(C)(=O)=O)C=C1
DB00243,CID000056959,376,P08588,P08684|P10635,PUBCHEM.COMPOUND:56959,DOID:10952|DOID:1425|DOID:2527|DOID:2921|DOID:5082|DOID:557,NCBIGENE:3752|NCBIGENE:3757|NCBIGENE:6335|NCBIGENE:6336,COC1=CC=CC=C1OCC(O)CN1CCN(CC(=O)NC2=C(C)C=CC=C2C)CC1
DB01006,CID000003902,377,P11511,P33261|P16662|P08684|P11509|P11511,PUBCHEM.COMPOUND:3902,DOID:11476|DOID:2739|DOID:2741|DOID:5082|DOID:6713,NCBIGENE:2064|NCBIGENE:2798|NCBIGENE:3480|NCBIGENE:4288|NCBIGENE:5241|NCBIGENE:6194|NCBIGENE:79633,N#CC1=CC=C(C=C1)C(N1C=NC=N1)C1=CC=C(C=C1)C#N
DB00776,CID000034312,378,,Q04828|P52895|P42330|P17516|P16152|O75828|P33261|P08684|P20815,PUBCHEM.COMPOUND:34312,DOID:12139|DOID:1470|DOID:1595|DOID:1596|DOID:2234|DOID:2848|DOID:3327|DOID:3401|DOID:4964,NCBIGENE:1557|NCBIGENE:1576|NCBIGENE:1577,NC(=O)N1C2=CC=CC=C2CC(=O)C2=C1C=CC=C2
DB00208,CID000005472,379,Q9H244,P33261|P10635|P05164|P11712|P10632|P05177|P20813|P05181,PUBCHEM.COMPOUND:5472,DOID:0050590|DOID:10772|DOID:1168|DOID:1227|DOID:1240|DOID:1247|DOID:12987|DOID:1339|DOID:1342|DOID:13580|DOID:13724|DOID:1588,NCBIGENE:11093|NCBIGENE:1544|NCBIGENE:1555|NCBIGENE:1557|NCBIGENE:1559|NCBIGENE:1565|NCBIGENE:1576|NCBIGENE:2147|NCBIGENE:3553|NCBIGENE:3674|NCBIGENE:462|NCBIGENE:5028|NCBIGENE:5196|NCBIGENE:5473|NCBIGENE:64805|NCBIGENE:7450|NCBIGENE:953,ClC1=CC=CC=C1CN1CCC2=C(C1)C=CS2
DB00747,CID000005184,380,P11229|P08172|P20309|P08173|P08912|P43681|P17787|P14410,P08684,PUBCHEM.COMPOUND:5184,,NCBIGENE:1128|NCBIGENE:1131|NCBIGENE:1132|NCBIGENE:1133,CN1[C@H]2C[C@@H](C[C@@H]1[C@H]1O[C@@H]21)OC(=O)[C@H](CO)C1=CC=CC=C1
DB00207,CID000002269,381,Q9UM07,P08684,PUBCHEM.COMPOUND:2269,,,CC[C@H]1OC(=O)[C@H](C)[C@@H](O[C@H]2C[C@@](C)(OC)[C@@H](O)[C@H](C)O2)[C@H](C)[C@@H](O[C@@H]2O[C@H](C)C[C@@H]([C@H]2O)N(C)C)[C@](C)(O)C[C@@H](C)CN(C)[C@H](C)[C@@H](O)[C@]1(C)O
DB00958,CID000038904,382,,P47989|P05164|P30711|P04731|P02795|P00441|P09211|P09488|P15559,PUBCHEM.COMPOUND:38904,DOID:0050590|DOID:0060262|DOID:10952|DOID:1227|DOID:12449|DOID:1247|DOID:12987|DOID:1389|DOID:1425|DOID:1588|DOID:2355|DOID:2361|DOID:2394|DOID:2527|DOID:2921|DOID:409|DOID:557|DOID:574|DOID:615|DOID:870,,[H][N]([H])([H])[Pt]1(OC(=O)C2(CCC2)C(=O)O1)[N]([H])([H])[H]
DB01149,CID000004449,383,P28223|P28335|P31645|P08908|P23975|Q01959|P35368|P08913|P35348|Q12809,P08684|P10635|Q14097,PUBCHEM.COMPOUND:4449,DOID:0060262|DOID:114|DOID:11847|DOID:1287|DOID:1470|DOID:1595|DOID:1596|DOID:1826|DOID:2848|DOID:302|DOID:303|DOID:3312|DOID:3526|DOID:409|DOID:5844|DOID:5854|DOID:6713|DOID:9408,NCBIGENE:147|NCBIGENE:148|NCBIGENE:150|NCBIGENE:1576|NCBIGENE:1577|NCBIGENE:1813|NCBIGENE:2944|NCBIGENE:3350|NCBIGENE:3358|NCBIGENE:6530|NCBIGENE:6531|NCBIGENE:6532|NCBIGENE:8647,CCC1=NN(CCCN2CCN(CC2)C2=CC(Cl)=CC=C2)C(=O)N1CCOC1=CC=CC=C1
DB00768,CID000060865,384,P35367|P25021|Q9Y5N1|P23297|P80511|P04271|Q99584|P29034,P08684|Q01740|P31513,PUBCHEM.COMPOUND:60865,,,CN(C)CC\C=C1\C2=CC=CC=C2COC2=C1C=C(CC(O)=O)C=C2
CID000072467,CID000072467,385,,,PUBCHEM.COMPOUND:72467,,,CC1=C(N=C(N=C1N)C(CC(=O)N)NCC(C(=O)N)N)C(=O)NC(C(C2=CN=CN2)O[C@H]3[C@H]([C@H]([C@@H]([C@@H](O3)CO)O)O)O[C@@H]4[C@H]([C@H]([C@@H]([C@H](O4)CO)O)OC(=O)N)O)C(=O)NC(C)C(C(C)C(=O)NC(C(C)O)C(=O)NCCC5=NC(=CS5)C6=NC(=CS6)C(=O)NCCC[S+](C)C)O
DB00514,CID000003008,386,Q99720|Q8TCU5|Q15822|P31645|O00264|P32297|P43681|P30926|P17787|P36544|P35372|P41143|P41145|P23975,P10635|P08684|P24462|P20813|P33261|P11712|P06133|P16662|P54855|O75795,PUBCHEM.COMPOUND:3008,,NCBIGENE:10280,[H][C@]12CCCC[C@]11CCN(C)[C@H]2CC2=C1C=C(OC)C=C2
DB01623,CID000005454,387,P14416|P21728|P28223,P10635|P05177,PUBCHEM.COMPOUND:5454,,NCBIGENE:1813|NCBIGENE:1814|NCBIGENE:1815|NCBIGENE:3269|NCBIGENE:3362|NCBIGENE:3363,CN(C)S(=O)(=O)C1=CC2=C(SC3=CC=CC=C3\C2=C\CCN2CCN(C)CC2)C=C1
DB00818,CID000004943,388,P47870|P28472|P35499|Q99250,P11712|P20813|Q9HAW9|O60656|P22309|O00519|P05181|Q16678|P04798|P05177|P33260|P33261|P10632|P19224,PUBCHEM.COMPOUND:4943,DOID:1168|DOID:12720|DOID:13097|DOID:1826,NCBIGENE:1536|NCBIGENE:1555|NCBIGENE:183|NCBIGENE:213|NCBIGENE:2166|NCBIGENE:22933|NCBIGENE:2308|NCBIGENE:2353|NCBIGENE:2561|NCBIGENE:2876|NCBIGENE:2877|NCBIGENE:2908|NCBIGENE:3162|NCBIGENE:3565|NCBIGENE:3576|NCBIGENE:361|NCBIGENE:4313|NCBIGENE:4780|NCBIGENE:4846|NCBIGENE:4988|NCBIGENE:54205|NCBIGENE:54576|NCBIGENE:54600|NCBIGENE:54658|NCBIGENE:5578|NCBIGENE:5582|NCBIGENE:5741|NCBIGENE:627|NCBIGENE:6329|NCBIGENE:6505|NCBIGENE:6513|NCBIGENE:6529|NCBIGENE:6532|NCBIGENE:655|NCBIGENE:6774|NCBIGENE:7137|NCBIGENE:760|NCBIGENE:836|NCBIGENE:9407|NCBIGENE:968,CC(C)C1=CC=CC(C(C)C)=C1O
DB14529,CID000000937,389,P00167,,PUBCHEM.COMPOUND:937,,NCBIGENE:100463486|NCBIGENE:100996758|NCBIGENE:10135|NCBIGENE:10316|NCBIGENE:105379861|NCBIGENE:10563|NCBIGENE:10636|NCBIGENE:107|NCBIGENE:108|NCBIGENE:10803|NCBIGENE:10850|NCBIGENE:10874|NCBIGENE:109|NCBIGENE:111|NCBIGENE:112|NCBIGENE:11251|NCBIGENE:11255|NCBIGENE:1132|NCBIGENE:114|NCBIGENE:115|NCBIGENE:1230|NCBIGENE:1232|NCBIGENE:1233|NCBIGENE:1234|NCBIGENE:1236|NCBIGENE:1237|NCBIGENE:1269|NCBIGENE:129521|NCBIGENE:1401|NCBIGENE:1457|NCBIGENE:150|NCBIGENE:152|NCBIGENE:165140|NCBIGENE:1813|NCBIGENE:1814|NCBIGENE:1815|NCBIGENE:183|NCBIGENE:186|NCBIGENE:19|NCBIGENE:1901|NCBIGENE:196883|NCBIGENE:22796|NCBIGENE:23475|NCBIGENE:2359|NCBIGENE:256933|NCBIGENE:2587|NCBIGENE:259285|NCBIGENE:259286|NCBIGENE:259287|NCBIGENE:259289|NCBIGENE:259290|NCBIGENE:259292|NCBIGENE:259293|NCBIGENE:259294|NCBIGENE:259295|NCBIGENE:259296|NCBIGENE:27199|NCBIGENE:2770|NCBIGENE:2771|NCBIGENE:2773|NCBIGENE:2826|NCBIGENE:2831|NCBIGENE:2832|NCBIGENE:2833|NCBIGENE:283869|NCBIGENE:284|NCBIGENE:2841|NCBIGENE:2847|NCBIGENE:2912|NCBIGENE:2913|NCBIGENE:2916|NCBIGENE:2917|NCBIGENE:2918|NCBIGENE:2919|NCBIGENE:2920|NCBIGENE:2921|NCBIGENE:3162|NCBIGENE:3240|NCBIGENE:3250|NCBIGENE:335|NCBIGENE:3350|NCBIGENE:3351|NCBIGENE:3354|NCBIGENE:3355|NCBIGENE:3361|NCBIGENE:338398|NCBIGENE:338442|NCBIGENE:339403|NCBIGENE:346562|NCBIGENE:351|NCBIGENE:3576|NCBIGENE:3577|NCBIGENE:3579|NCBIGENE:3627|NCBIGENE:3827|NCBIGENE:3991|NCBIGENE:4057|NCBIGENE:4283|NCBIGENE:4543|NCBIGENE:4544|NCBIGENE:4860|NCBIGENE:4886|NCBIGENE:4887|NCBIGENE:4985|NCBIGENE:4986|NCBIGENE:4987|NCBIGENE:4988|NCBIGENE:5030|NCBIGENE:5054|NCBIGENE:50831|NCBIGENE:50832|NCBIGENE:50833|NCBIGENE:50834|NCBIGENE:50835|NCBIGENE:50836|NCBIGENE:50837|NCBIGENE:50838|NCBIGENE:50839|NCBIGENE:50840|NCBIGENE:50865|NCBIGENE:51083|NCBIGENE:51289|NCBIGENE:5179|NCBIGENE:53637|NCBIGENE:5367|NCBIGENE:5368|NCBIGENE:53829|NCBIGENE:54331|NCBIGENE:54429|NCBIGENE:5468|NCBIGENE:5473|NCBIGENE:5540|NCBIGENE:56477|NCBIGENE:56670|NCBIGENE:56923|NCBIGENE:5697|NCBIGENE:57007|NCBIGENE:57121|NCBIGENE:5726|NCBIGENE:5733|NCBIGENE:57413|NCBIGENE:58191|NCBIGENE:59340|NCBIGENE:5996|NCBIGENE:5999|NCBIGENE:6000|NCBIGENE:6001|NCBIGENE:623|NCBIGENE:6347|NCBIGENE:6363|NCBIGENE:6364|NCBIGENE:6366|NCBIGENE:6370|NCBIGENE:6372|NCBIGENE:6373|NCBIGENE:6374|NCBIGENE:6387|NCBIGENE:643|NCBIGENE:64407|NCBIGENE:64805|NCBIGENE:6750|NCBIGENE:6751|NCBIGENE:6752|NCBIGENE:6754|NCBIGENE:6755|NCBIGENE:683|NCBIGENE:7018|NCBIGENE:718|NCBIGENE:719|NCBIGENE:727|NCBIGENE:728|NCBIGENE:729230|NCBIGENE:7852|NCBIGENE:7941|NCBIGENE:84539|NCBIGENE:846|NCBIGENE:84649|NCBIGENE:8484|NCBIGENE:8601|NCBIGENE:8698|NCBIGENE:8811|NCBIGENE:8843|NCBIGENE:9294|NCBIGENE:93100|NCBIGENE:952|NCBIGENE:9628|NCBIGENE:9934,[Cr+3].[O-]C(=O)C1=CN=CC=C1.[O-]C(=O)C1=CN=CC=C1.[O-]C(=O)C1=CN=CC=C1
DB00339,CID000001046,390,P95029,Q06278|P47989,PUBCHEM.COMPOUND:1046,DOID:0050741|DOID:0060262|DOID:13189|DOID:13268|DOID:1389|DOID:1574|DOID:1837|DOID:2237|DOID:2957|DOID:409|DOID:574|DOID:870|DOID:9351|DOID:9534,NCBIGENE:4025|NCBIGENE:4353|NCBIGENE:56606|NCBIGENE:8288,NC(=O)C1=NC=CN=C1
DB00284,CID000041774,391,O43451|P14410|P04746|P10253,,PUBCHEM.COMPOUND:41774,DOID:0050589|DOID:0060262|DOID:10952|DOID:1425|DOID:2527|DOID:2921|DOID:409|DOID:5082|DOID:557|DOID:9351|DOID:9352|DOID:9993,NCBIGENE:2641|NCBIGENE:3039|NCBIGENE:3040|NCBIGENE:6476|NCBIGENE:6527|NCBIGENE:8972,[H]C(=O)[C@H](O)[C@@H](O)[C@]([H])(O[C@@]1([H])O[C@H](CO)[C@@]([H])(O[C@H]2O[C@H](C)[C@@H](N[C@@]3([H])C=C(CO)[C@@H](O)[C@H](O)[C@H]3O)[C@H](O)[C@H]2O)[C@H](O)[C@H]1O)[C@H](O)CO
DB00918,CID000123606,392,P28221|P28222,P08684|P10635|P21397|P31513|P33261|P05181|P10632,PUBCHEM.COMPOUND:123606,DOID:0060262|DOID:10300|DOID:10763|DOID:10825|DOID:11847|DOID:13003|DOID:1837|DOID:224|DOID:2316|DOID:3393|DOID:3526|DOID:3669|DOID:409|DOID:5844|DOID:5854|DOID:6364|DOID:6713|DOID:9351|DOID:9408|DOID:9970,NCBIGENE:3351|NCBIGENE:4128,CN(C)CCC1=CNC2=C1C=C(CS(=O)(=O)N1CCCC1)C=C2
DB01048,CID000001971,393,Q72547|P01889,P55263|P28332|P22309,PUBCHEM.COMPOUND:1971,,,NC1=NC2=C(N=CN2[C@@H]2C[C@H](CO)C=C2)C(NC2CC2)=N1
DB01127,CID000003198,394,P10613|O75469,P11511|P05181|P08684,PUBCHEM.COMPOUND:3198,DOID:0080161|DOID:12179|DOID:9060,NCBIGENE:1576|NCBIGENE:1595|NCBIGENE:56302,ClC1=CC=C(COC(CN2C=CN=C2)C2=C(Cl)C=C(Cl)C=C2)C=C1
DB00905,CID005311027,395,P43088|P34995|P43115,P08684|P20815,PUBCHEM.COMPOUND:5311027,DOID:0060262|DOID:1067|DOID:12030|DOID:13141|DOID:1406|DOID:240|DOID:409|DOID:4353|DOID:4447|DOID:4449|DOID:9282,NCBIGENE:3491|NCBIGENE:5729|NCBIGENE:5731|NCBIGENE:5733|NCBIGENE:5737|NCBIGENE:5739|NCBIGENE:8644,CCNC(=O)CCC\C=C/C[C@H]1[C@@H](O)C[C@@H](O)[C@@H]1\C=C\[C@@H](O)CCC1=CC=CC=C1
DB00136,CID000002524,396,P11473|P31260,Q07973|P08684,PUBCHEM.COMPOUND:2524,,NCBIGENE:1910|NCBIGENE:22943|NCBIGENE:250|NCBIGENE:251|NCBIGENE:4052|NCBIGENE:5972|NCBIGENE:7421,C[C@H](CCCC(C)(C)O)[C@@]1([H])CC[C@@]2([H])\C(CCC[C@]12C)=C\C=C1\C[C@@H](O)C[C@H](O)C1=C
DB00479,CID000002142,397,P0A7S3,,PUBCHEM.COMPOUND:2142,,,NCC[C@H](O)C(=O)N[C@@H]1C[C@H](N)[C@@H](O[C@H]2O[C@H](CN)[C@@H](O)[C@H](O)[C@H]2O)[C@H](O)[C@H]1O[C@H]1O[C@H](CO)[C@@H](O)[C@H](N)[C@H]1O
CID000508230,CID000508230,398,,,PUBCHEM.COMPOUND:508230,,,CC1=C2COC(=O)C2=C(C(=C1OC)CC(=O)O)O
DB00244,CID000004075,399,P35354|P23219|P09917|P37231|O15111|O14920|P35228,P18440,PUBCHEM.COMPOUND:4075,DOID:0050590|DOID:0060262|DOID:0110892|DOID:1063|DOID:10952|DOID:10966|DOID:11400|DOID:1227|DOID:12987|DOID:1425|DOID:2355|DOID:2361|DOID:2527|DOID:2744|DOID:2921|DOID:409|DOID:557|DOID:8577,NCBIGENE:10|NCBIGENE:1147|NCBIGENE:1956|NCBIGENE:240|NCBIGENE:29126|NCBIGENE:3551|NCBIGENE:4353|NCBIGENE:4938|NCBIGENE:4939|NCBIGENE:4940|NCBIGENE:5058|NCBIGENE:5468|NCBIGENE:5742|NCBIGENE:5743|NCBIGENE:6041|NCBIGENE:64093|NCBIGENE:7124|NCBIGENE:7172|NCBIGENE:8638|NCBIGENE:8795|NCBIGENE:993,NC1=CC(C(O)=O)=C(O)C=C1
DB00484,CID000002435,400,P08913|P18089|P18825,Q06278,PUBCHEM.COMPOUND:2435,DOID:10300|DOID:1067|DOID:12139|DOID:12361|DOID:12918|DOID:1470|DOID:1595|DOID:1596|DOID:1837|DOID:2848|DOID:437|DOID:4964|DOID:6713|DOID:7997|DOID:7998|DOID:8881|DOID:9282|DOID:9351|DOID:9993,NCBIGENE:150|NCBIGENE:152|NCBIGENE:196743|NCBIGENE:387|NCBIGENE:55811,BrC1=C(NC2=NCCN2)C=CC2=NC=CN=C12
DB00282,CID000004674,401,P14324|O95749|P42574|P55211,,PUBCHEM.COMPOUND:4674,DOID:10952|DOID:12678|DOID:12679|DOID:1425|DOID:2485|DOID:2527|DOID:2921|DOID:4500|DOID:5408|DOID:557|DOID:824,,NCCC(O)(P(O)(O)=O)P(O)(O)=O
DB01041,CID000005426,402,Q96SW2,P04798|P20813|P11712|P08684|P33261|P20815|P23219|P35354,PUBCHEM.COMPOUND:5426,DOID:0050590|DOID:1227|DOID:12987|DOID:1389|DOID:1826|DOID:574|DOID:870|DOID:9477|DOID:9538,NCBIGENE:1437|NCBIGENE:1440|NCBIGENE:1557|NCBIGENE:1576|NCBIGENE:1577|NCBIGENE:2247|NCBIGENE:2253|NCBIGENE:2263|NCBIGENE:3082|NCBIGENE:3383|NCBIGENE:354|NCBIGENE:3553|NCBIGENE:3558|NCBIGENE:3576|NCBIGENE:3586|NCBIGENE:3606|NCBIGENE:4088|NCBIGENE:4353|NCBIGENE:4790|NCBIGENE:4843|NCBIGENE:5004|NCBIGENE:5054|NCBIGENE:51185|NCBIGENE:5329|NCBIGENE:5468|NCBIGENE:5743|NCBIGENE:6387|NCBIGENE:6774|NCBIGENE:7124|NCBIGENE:7450|NCBIGENE:836|NCBIGENE:842,O=C1N(C2CCC(=O)NC2=O)C(=O)C2=CC=CC=C12
CID000000159,CID000000159,403,,,PUBCHEM.COMPOUND:159,,NCBIGENE:5739,CCCCCC(C=CC1C(CC2C1CC(=CCCCC(=O)O)O2)O)O
DB00960,CID000004828,404,P08588|P07550|P13945|P08908|P28222,P10635,PUBCHEM.COMPOUND:4828,DOID:0060262|DOID:10300|DOID:10763|DOID:10825|DOID:10952|DOID:12139|DOID:1425|DOID:1470|DOID:1595|DOID:1596|DOID:1837|DOID:2527|DOID:2848|DOID:2921|DOID:409|DOID:437|DOID:4964|DOID:557|DOID:6000|DOID:9351,NCBIGENE:153|NCBIGENE:154|NCBIGENE:155|NCBIGENE:3350|NCBIGENE:3351|NCBIGENE:3363|NCBIGENE:5617|NCBIGENE:5972,CC(C)NCC(O)COC1=CC=CC2=C1C=CN2
DB01591,CID000154059,405,P20309|P08172|P08173|P08912|P11229,P04798|P10635|P08684,PUBCHEM.COMPOUND:154059,DOID:0060262|DOID:13550|DOID:13948|DOID:1405|DOID:14445|DOID:409,,O=C(O[C@H]1CN2CCC1CC2)N1CCC2=CC=CC=C2[C@@H]1C1=CC=CC=C1
DB00732,CID000047320,406,Q15822,,PUBCHEM.COMPOUND:47320,,,[O-]S(=O)(=O)C1=CC=CC=C1.[O-]S(=O)(=O)C1=CC=CC=C1.COC1=CC2=C(C=C1OC)C(CC1=CC(OC)=C(OC)C=C1)[N+](C)(CCC(=O)OCCCCCOC(=O)CC[N+]1(C)CCC3=C(C=C(OC)C(OC)=C3)C1CC1=CC(OC)=C(OC)C=C1)CC2
DB00887,CID000002471,407,Q13621|P55011|Q9UP95|Q9H2X9|P13569,P35354,PUBCHEM.COMPOUND:2471,DOID:0060262|DOID:12550|DOID:12678|DOID:12679|DOID:13413|DOID:1588|DOID:1837|DOID:1920|DOID:2485|DOID:2983|DOID:409|DOID:4500|DOID:6000|DOID:9351,NCBIGENE:1080|NCBIGENE:10864|NCBIGENE:140679|NCBIGENE:1906|NCBIGENE:2252|NCBIGENE:3845|NCBIGENE:57468|NCBIGENE:5972|NCBIGENE:641|NCBIGENE:6558|NCBIGENE:6560|NCBIGENE:7248|NCBIGENE:793,CCCCNC1=C(OC2=CC=CC=C2)C(=CC(=C1)C(O)=O)S(N)(=O)=O
DB01406,CID000002949,408,P03372|P10275|P06401|P30968|Q96P88|P13500,P08684|P11511,PUBCHEM.COMPOUND:2949,,,[H][C@@]12CC[C@@](O)(C#C)[C@@]1(C)CC[C@@]1([H])[C@@]2([H])CCC2=CC3=C(C[C@]12C)C=NO3
DB00489,CID000005253,409,P08588|P07550|Q12809,P10635,PUBCHEM.COMPOUND:5253,DOID:0060224|DOID:13884|DOID:1837|DOID:2841|DOID:4500|DOID:9351|DOID:9360|DOID:9415,NCBIGENE:153|NCBIGENE:154|NCBIGENE:155|NCBIGENE:3757,CC(C)NCC(O)C1=CC=C(NS(C)(=O)=O)C=C1
DB00441,CID000003461,410,P23921|P04818|P30085,O00142|P30085|P15531|P32320|P27707,PUBCHEM.COMPOUND:3461,,,NC1=NC(=O)N(C=C1)[C@@H]1O[C@H](CO)[C@@H](O)C1(F)F
CID000054786,CID000054786,411,,,PUBCHEM.COMPOUND:54786,,NCBIGENE:64805,CCCCC[C@H](CC[C@@H]1[C@H](C[C@@H]2[C@H]1CC3=C(C2)C(=CC=C3)OCC(=O)O)O)O
CID000504578,CID000504578,412,,,PUBCHEM.COMPOUND:504578,,,C1C[C@H]([C@@H]([C@H]([C@@H]1N)O)O[C@H]2[C@@H]([C@@H]([C@H](O2)CO)O[C@@H]3[C@@H]([C@H]([C@@H]([C@@H](O3)CN)O)O)N)O)O[C@H]4C[C@@H]([C@H]([C@@H]([C@H]4N)O)O)CN
DB00997,CID000001690,413,P11388|Q14978|P11387|Q02880,P14550|P15121|P42330|P17516|O60218|P16152|O75828|Q16678|P20813|P10635|P08684|P16435|P15559|O75306|O75489|O75251|P29475|P29474|P35228|P47989,PUBCHEM.COMPOUND:1690,,,COC1=CC=CC2=C1C(=O)C1=C(O)C3=C(C[C@](O)(C[C@@H]3O[C@H]3C[C@H](N)[C@H](O)[C@H](C)O3)C(=O)CO)C(O)=C1C2=O
DB01062,CID000004634,414,P20309|P08172|P11229,P08684|P10632|P10635|P20815,PUBCHEM.COMPOUND:4634,DOID:0060262|DOID:0110892|DOID:10763|DOID:10825|DOID:10952|DOID:11577|DOID:11963|DOID:12143|DOID:12361|DOID:12642|DOID:13206|DOID:13550|DOID:13948|DOID:13976|DOID:1405|DOID:1425|DOID:14445|DOID:2527|DOID:2883|DOID:2921|DOID:3393|DOID:3827|DOID:3878|DOID:409|DOID:437|DOID:557|DOID:7997|DOID:7998|DOID:8442|DOID:8534|DOID:8577,NCBIGENE:1066|NCBIGENE:1128|NCBIGENE:1131|NCBIGENE:1132|NCBIGENE:1133|NCBIGENE:5187,CCN(CC)CC#CCOC(=O)C(O)(C1CCCCC1)C1=CC=CC=C1
DB00513,CID000000564,415,P00747|P00750|P08519,Q06278,PUBCHEM.COMPOUND:564,DOID:0060262|DOID:0060538|DOID:10952|DOID:11247|DOID:1425|DOID:2527|DOID:2921|DOID:409|DOID:557,NCBIGENE:10907|NCBIGENE:143471|NCBIGENE:146802|NCBIGENE:302|NCBIGENE:3586|NCBIGENE:4057|NCBIGENE:5054|NCBIGENE:5327|NCBIGENE:5340|NCBIGENE:55244|NCBIGENE:5682|NCBIGENE:5683|NCBIGENE:5684|NCBIGENE:5685|NCBIGENE:5686|NCBIGENE:5687|NCBIGENE:5688|NCBIGENE:5689|NCBIGENE:5690|NCBIGENE:5692|NCBIGENE:5695|NCBIGENE:5699|NCBIGENE:57094|NCBIGENE:7018|NCBIGENE:9407,NCCCCCC(O)=O
DB06792,CID000176168,416,,,PUBCHEM.COMPOUND:176168,,,[La+3].[La+3].[O-]C([O-])=O.[O-]C([O-])=O.[O-]C([O-])=O
DB00333,CID000004095,417,P35372|P41143|P36544|P46098|P32297|P43681|P17787,P08684|P33261|P24462|P10635|P20813|P10632|P11511|P05177|P33260|P11712|P06133,PUBCHEM.COMPOUND:4095,DOID:0050328|DOID:0050589|DOID:0060262|DOID:10952|DOID:11459|DOID:11634|DOID:13206|DOID:1425|DOID:1459|DOID:1826|DOID:2527|DOID:2841|DOID:2883|DOID:2921|DOID:302|DOID:303|DOID:3878|DOID:409|DOID:557|DOID:8442|DOID:9428,NCBIGENE:116443|NCBIGENE:1555|NCBIGENE:1557|NCBIGENE:1565|NCBIGENE:1576|NCBIGENE:1577|NCBIGENE:3359|NCBIGENE:3757|NCBIGENE:4985|NCBIGENE:4986|NCBIGENE:4987|NCBIGENE:4988|NCBIGENE:5617|NCBIGENE:57053|NCBIGENE:9360|NCBIGENE:9429,CCC(=O)C(CC(C)N(C)C)(C1=CC=CC=C1)C1=CC=CC=C1
DB00398,CID000216239,418,P15056|P04049|P35916|P35968|P17948|P36888|P09619|P10721|P11362|P07949,P08684|P11712|P10632|P20815|P24462|P20813|P05177|P33261|P10635|O60656|P22309,PUBCHEM.COMPOUND:216239,DOID:0050590|DOID:10763|DOID:10825|DOID:11847|DOID:12139|DOID:1227|DOID:1247|DOID:12987|DOID:1470|DOID:1588|DOID:1595|DOID:1596|DOID:2355|DOID:2361|DOID:2848|DOID:2913|DOID:326|DOID:3393|DOID:3571|DOID:4450|DOID:4451|DOID:4464|DOID:4465|DOID:4467|DOID:4471|DOID:4473|DOID:4964|DOID:4989|DOID:5844|DOID:5854|DOID:684|DOID:9408,NCBIGENE:1024|NCBIGENE:10553|NCBIGENE:135250|NCBIGENE:142|NCBIGENE:1436|NCBIGENE:147746|NCBIGENE:1555|NCBIGENE:1558|NCBIGENE:1869|NCBIGENE:1978|NCBIGENE:225689|NCBIGENE:2260|NCBIGENE:22809|NCBIGENE:2305|NCBIGENE:2321|NCBIGENE:2322|NCBIGENE:2324|NCBIGENE:2475|NCBIGENE:25|NCBIGENE:284|NCBIGENE:2931|NCBIGENE:2932|NCBIGENE:330|NCBIGENE:3480|NCBIGENE:355|NCBIGENE:367|NCBIGENE:3791|NCBIGENE:3815|NCBIGENE:3932|NCBIGENE:4170|NCBIGENE:4593|NCBIGENE:5156|NCBIGENE:5159|NCBIGENE:51776|NCBIGENE:5366|NCBIGENE:54578|NCBIGENE:54658|NCBIGENE:5594|NCBIGENE:5595|NCBIGENE:5604|NCBIGENE:5605|NCBIGENE:5894|NCBIGENE:5925|NCBIGENE:595|NCBIGENE:5970|NCBIGENE:5979|NCBIGENE:6194|NCBIGENE:64764|NCBIGENE:6548|NCBIGENE:6615|NCBIGENE:6725|NCBIGENE:673|NCBIGENE:6774|NCBIGENE:6776|NCBIGENE:6781|NCBIGENE:7075|NCBIGENE:7157|NCBIGENE:79094|NCBIGENE:836|NCBIGENE:840|NCBIGENE:841|NCBIGENE:842|NCBIGENE:8431|NCBIGENE:8743|NCBIGENE:8754|NCBIGENE:8837|NCBIGENE:891|NCBIGENE:892|NCBIGENE:898|NCBIGENE:89845|NCBIGENE:9429|NCBIGENE:9451|NCBIGENE:969|NCBIGENE:999,CNC(=O)C1=NC=CC(OC2=CC=C(NC(=O)NC3=CC(=C(Cl)C=C3)C(F)(F)F)C=C2)=C1
DB09389,CID000004542,419,P06401|P18405|P10275,P08684|P11511,PUBCHEM.COMPOUND:4542,,,CCC12CCC3C(CCC4=CC(=O)CCC34)C1CCC2(O)C#C
DB00952,CID000004440,420,P08908|P28221|P28222|P30939,P21397,PUBCHEM.COMPOUND:4440,DOID:10763|DOID:10825|DOID:11847|DOID:13003|DOID:1837|DOID:224|DOID:3393|DOID:3526|DOID:3669|DOID:5844|DOID:5854|DOID:6364|DOID:6713|DOID:9351|DOID:9408|DOID:9970,NCBIGENE:3350|NCBIGENE:3351|NCBIGENE:3354|NCBIGENE:3355,CNS(=O)(=O)CCC1=CC2=C(NC=C2C2CCN(C)CC2)C=C1
DB00790,CID000060184,421,P12821|Q6FHJ7,P06276,PUBCHEM.COMPOUND:60184,,,[H][C@]12C[C@H](N(C(=O)[C@H](C)N[C@@H](CCC)C(=O)OCC)[C@@]1([H])CCCC2)C(O)=O
DB00477,CID000002726,422,P14416|P21728|P08908|P28223|P35348|P35368|P35367|Q12809|P35462|P21917|P21918|P28335|P11229|P20309|P17405|P0DP23|P50406|P34969|Q9H3N8,P10635|P05177|P05181|P08684|P06276,PUBCHEM.COMPOUND:2726,DOID:0050590|DOID:0050741|DOID:0050841|DOID:0060262|DOID:11328|DOID:11847|DOID:1227|DOID:12700|DOID:12987|DOID:12995|DOID:13206|DOID:13548|DOID:14221|DOID:1432|DOID:14464|DOID:1574|DOID:1588|DOID:1686|DOID:1826|DOID:2355|DOID:2361|DOID:2883|DOID:3393|DOID:3890|DOID:409|DOID:4195|DOID:529|DOID:5418|DOID:5419|DOID:5844|DOID:5854|DOID:615|DOID:679|DOID:9408|DOID:9854|DOID:9970,NCBIGENE:10396|NCBIGENE:1128|NCBIGENE:1131|NCBIGENE:1132|NCBIGENE:1133|NCBIGENE:1211|NCBIGENE:146|NCBIGENE:147|NCBIGENE:148|NCBIGENE:150|NCBIGENE:152|NCBIGENE:1544|NCBIGENE:1555|NCBIGENE:1565|NCBIGENE:1576|NCBIGENE:1813|NCBIGENE:1814|NCBIGENE:1815|NCBIGENE:1816|NCBIGENE:216|NCBIGENE:2237|NCBIGENE:2288|NCBIGENE:3269|NCBIGENE:3274|NCBIGENE:335|NCBIGENE:3350|NCBIGENE:3354|NCBIGENE:3357|NCBIGENE:3358|NCBIGENE:3362|NCBIGENE:3363|NCBIGENE:3757|NCBIGENE:43|NCBIGENE:5004|NCBIGENE:5005|NCBIGENE:5621|NCBIGENE:59340|NCBIGENE:6285|NCBIGENE:6609|NCBIGENE:6616|NCBIGENE:6649|NCBIGENE:7018|NCBIGENE:801|NCBIGENE:805|NCBIGENE:808|NCBIGENE:9407,CN(C)CCCN1C2=CC=CC=C2SC2=C1C=C(Cl)C=C2
DB00346,CID000002092,423,P35348|P35368|P25100,P08684,PUBCHEM.COMPOUND:2092,DOID:0060262|DOID:13206|DOID:2883|DOID:409,NCBIGENE:146|NCBIGENE:147|NCBIGENE:148|NCBIGENE:3757,COC1=CC2=C(C=C1OC)C(N)=NC(=N2)N(C)CCCNC(=O)C1CCCO1
DB00377,CID000148211,424,P46098,P10635|P08684|P05177,PUBCHEM.COMPOUND:148211,,NCBIGENE:3359,[H][C@]12CCCC3=C1C(=CC=C3)C(=O)N(C2)[C@@H]1CN2CCC1CC2
DB00583,CID000000085,425,P47989|P23141|P05164|P50416|Q9H015|O76082|P43155|Q8N8R3|O43772|Q9UKG9|P23786,,PUBCHEM.COMPOUND:85,,NCBIGENE:1374|NCBIGENE:1376|NCBIGENE:1384|NCBIGENE:1401|NCBIGENE:223|NCBIGENE:30|NCBIGENE:3162|NCBIGENE:3481|NCBIGENE:3486|NCBIGENE:54677|NCBIGENE:5468|NCBIGENE:6583|NCBIGENE:6584|NCBIGENE:788|NCBIGENE:8424|NCBIGENE:85413,C[N+](C)(C)C[C@H](O)CC([O-])=O
DB00808,CID000003702,426,P55017,P08684|P07099,PUBCHEM.COMPOUND:3702,DOID:0060262|DOID:10763|DOID:10825|DOID:13189|DOID:13543|DOID:1837|DOID:1920|DOID:2983|DOID:3341|DOID:409|DOID:4500|DOID:6000|DOID:9351,NCBIGENE:3753|NCBIGENE:3784|NCBIGENE:5972|NCBIGENE:766|NCBIGENE:771,CC1CC2=CC=CC=C2N1NC(=O)C1=CC(=C(Cl)C=C1)S(N)(=O)=O
DB00014,CID000047725,427,P22888|P30968,,PUBCHEM.COMPOUND:47725,,NCBIGENE:268|NCBIGENE:3973,CC(C)C[C@H](NC(=O)[C@@H](COC(C)(C)C)NC(=O)[C@H](CC1=CC=C(O)C=C1)NC(=O)[C@H](CO)NC(=O)[C@H](CC1=CNC2=CC=CC=C12)NC(=O)[C@H](CC1=CN=CN1)NC(=O)[C@@H]1CCC(=O)N1)C(=O)N[C@@H](CCCN=C(N)N)C(=O)N1CCC[C@H]1C(=O)NNC(N)=O
DB00316,CID000001983,428,P35354|P23219|Q15185|Q8NER1,P05181|P05177|P08684|P10635|P11509|P19224|P22309|O60656|P54855|P50225|P0DMM9|P11245|O00519|P09211|P09488,PUBCHEM.COMPOUND:1983,DOID:0060262|DOID:10459|DOID:10460|DOID:12550|DOID:13413|DOID:409|DOID:4481|DOID:4730|DOID:5082|DOID:6364,NCBIGENE:10018|NCBIGENE:1387|NCBIGENE:1543|NCBIGENE:1544|NCBIGENE:1548|NCBIGENE:1565|NCBIGENE:1576|NCBIGENE:1728|NCBIGENE:2937|NCBIGENE:29994|NCBIGENE:3359|NCBIGENE:3383|NCBIGENE:3586|NCBIGENE:3605|NCBIGENE:4025|NCBIGENE:4057|NCBIGENE:4217|NCBIGENE:4241|NCBIGENE:4282|NCBIGENE:4353|NCBIGENE:4780|NCBIGENE:4846|NCBIGENE:5184|NCBIGENE:54576|NCBIGENE:54577|NCBIGENE:54578|NCBIGENE:54600|NCBIGENE:54658|NCBIGENE:54659|NCBIGENE:5581|NCBIGENE:5583|NCBIGENE:5742|NCBIGENE:5743|NCBIGENE:5770|NCBIGENE:5972|NCBIGENE:6696|NCBIGENE:7018|NCBIGENE:7098|NCBIGENE:7124|NCBIGENE:8288|NCBIGENE:836|NCBIGENE:9360|NCBIGENE:9588|NCBIGENE:960,CC(=O)NC1=CC=C(O)C=C1
DB00570,CID000013342,429,Q71U36|P07437|Q9UJT1|P23258|Q9UJT0|P05412,P10635|P08684,PUBCHEM.COMPOUND:13342,DOID:0050590|DOID:0060058|DOID:0060060|DOID:104|DOID:12139|DOID:1227|DOID:12449|DOID:12987|DOID:1389|DOID:1470|DOID:1564|DOID:1588|DOID:1595|DOID:1596|DOID:1920|DOID:2571|DOID:2739|DOID:2741|DOID:2848|DOID:2998|DOID:3393|DOID:3590|DOID:4440|DOID:4964|DOID:574|DOID:5842|DOID:707|DOID:850|DOID:8538|DOID:8543|DOID:8567|DOID:8628|DOID:8632|DOID:8651|DOID:8654|DOID:8675|DOID:8691|DOID:870|DOID:8913|DOID:934,NCBIGENE:10383|NCBIGENE:1244|NCBIGENE:1576|NCBIGENE:2152|NCBIGENE:3308|NCBIGENE:356|NCBIGENE:3683|NCBIGENE:3725|NCBIGENE:4137|NCBIGENE:5244|NCBIGENE:5617|NCBIGENE:7846|NCBIGENE:81551|NCBIGENE:9429,[H][C@@]12N(C)C3=CC(OC)=C(C=C3[C@@]11CCN3CC=C[C@@](CC)([C@@H](OC(C)=O)[C@]2(O)C(=O)OC)[C@@]13[H])[C@]1(C[C@@]2([H])CN(C[C@](O)(CC)C2)CCC2=C1NC1=C2C=CC=C1)C(=O)OC
DB00773,CID000003310,430,P11388|Q02880,P05177|P05181|P20815|P22309|P30711|P09211|P35354|P23219|P08684,PUBCHEM.COMPOUND:3310,,,[H][C@]12COC(=O)[C@]1([H])[C@H](C1=CC(OC)=C(O)C(OC)=C1)C1=CC3=C(OCO3)C=C1[C@H]2O[C@@H]1O[C@]2([H])CO[C@@H](C)O[C@@]2([H])[C@H](O)[C@H]1O
DB00337,CID006447131,431,P42345|P62942,P08684,PUBCHEM.COMPOUND:6447131,,,[H][C@]1(CC[C@H](Cl)[C@@H](C1)OC)\C=C(/C)[C@@]1([H])OC(=O)[C@]2([H])CCCCN2C(=O)C(=O)[C@]2(O)O[C@@]([H])([C@H](C[C@H]2C)OC)[C@H](C[C@@H](C)C\C(C)=C\[C@@H](CC)C(=O)C[C@H](O)[C@H]1C)OC
DB00806,CID000004740,432,P29274|P30542|P21589,P05177,PUBCHEM.COMPOUND:4740,DOID:10952|DOID:1247|DOID:1425|DOID:2527|DOID:2921|DOID:3669|DOID:557,NCBIGENE:1401|NCBIGENE:2152|NCBIGENE:3383|NCBIGENE:3458|NCBIGENE:3553|NCBIGENE:3586|NCBIGENE:3684|NCBIGENE:4049|NCBIGENE:4353|NCBIGENE:4843|NCBIGENE:4907|NCBIGENE:5054|NCBIGENE:5142|NCBIGENE:5743|NCBIGENE:5966|NCBIGENE:6347|NCBIGENE:7124|NCBIGENE:836|NCBIGENE:8654|NCBIGENE:9407|NCBIGENE:958,CN1C=NC2=C1C(=O)N(CCCCC(C)=O)C(=O)N2C
DB00802,CID000051263,433,P35372,P08684|P20815|P24462,PUBCHEM.COMPOUND:51263,DOID:0060262|DOID:10952|DOID:11459|DOID:1425|DOID:2527|DOID:2921|DOID:409|DOID:557|DOID:9428,NCBIGENE:1576|NCBIGENE:1577|NCBIGENE:4988,CCN1N=NN(CCN2CCC(COC)(CC2)N(C(=O)CC)C2=CC=CC=C2)C1=O
DB00317,CID000123631,434,P00533,P20815|P04798|P11712|P33261|P08684|P10635,PUBCHEM.COMPOUND:123631,DOID:0060262|DOID:12123|DOID:1324|DOID:2797|DOID:3082|DOID:3770|DOID:3908|DOID:409,NCBIGENE:10018|NCBIGENE:1030|NCBIGENE:10857|NCBIGENE:11266|NCBIGENE:142|NCBIGENE:182|NCBIGENE:1843|NCBIGENE:1950|NCBIGENE:1956|NCBIGENE:2064|NCBIGENE:2065|NCBIGENE:2066|NCBIGENE:2263|NCBIGENE:2305|NCBIGENE:2475|NCBIGENE:2580|NCBIGENE:285220|NCBIGENE:3308|NCBIGENE:3480|NCBIGENE:3654|NCBIGENE:3717|NCBIGENE:3725|NCBIGENE:4318|NCBIGENE:4436|NCBIGENE:4680|NCBIGENE:4973|NCBIGENE:54600|NCBIGENE:5594|NCBIGENE:5595|NCBIGENE:5743|NCBIGENE:5781|NCBIGENE:595|NCBIGENE:6198|NCBIGENE:6774|NCBIGENE:6790|NCBIGENE:7039|NCBIGENE:800|NCBIGENE:8061|NCBIGENE:836|NCBIGENE:83982|NCBIGENE:8434|NCBIGENE:9021|NCBIGENE:9360|NCBIGENE:9429|NCBIGENE:9451,COC1=C(OCCCN2CCOCC2)C=C2C(NC3=CC(Cl)=C(F)C=C3)=NC=NC2=C1
DB00379,CID000004178,435,Q14524|P35869,P20813|P05181|P08684|P05177|P10635,PUBCHEM.COMPOUND:4178,DOID:0060262|DOID:11847|DOID:13884|DOID:1826|DOID:409|DOID:5844|DOID:5854|DOID:9408,NCBIGENE:103|NCBIGENE:1544|NCBIGENE:1565|NCBIGENE:196|NCBIGENE:3757|NCBIGENE:6329|NCBIGENE:6335,CC(N)COC1=C(C)C=CC=C1C
DB01128,CID000002375,436,P10275,P33261|P11712|P10635|P08684,PUBCHEM.COMPOUND:2375,DOID:0060262|DOID:1837|DOID:2355|DOID:2361|DOID:3082|DOID:409|DOID:4195|DOID:9351,NCBIGENE:10257|NCBIGENE:1956|NCBIGENE:3480|NCBIGENE:354|NCBIGENE:367|NCBIGENE:3817|NCBIGENE:4824|NCBIGENE:50636|NCBIGENE:54106|NCBIGENE:5728|NCBIGENE:890|NCBIGENE:9318,CC(O)(CS(=O)(=O)C1=CC=C(F)C=C1)C(=O)NC1=CC(=C(C=C1)C#N)C(F)(F)F
DB00822,CID000003117,437,P09172|P05091,P08684|P20815|P05181,PUBCHEM.COMPOUND:3117,DOID:0050328|DOID:0050741|DOID:0060262|DOID:10952|DOID:11328|DOID:11634|DOID:13739|DOID:1459|DOID:1574|DOID:1826|DOID:1837|DOID:1936|DOID:2348|DOID:2921|DOID:3393|DOID:409|DOID:5082|DOID:5418|DOID:557|DOID:9351,NCBIGENE:1576|NCBIGENE:1621|NCBIGENE:213|NCBIGENE:216|NCBIGENE:217|NCBIGENE:224|NCBIGENE:2475|NCBIGENE:4313|NCBIGENE:4363|NCBIGENE:4613|NCBIGENE:5066|NCBIGENE:768|NCBIGENE:7915|NCBIGENE:8854|NCBIGENE:9669,CCN(CC)C(=S)SSC(=S)N(CC)CC
DB01150,CID000002646,438,Q04707|P14677|P0A3M5,,PUBCHEM.COMPOUND:2646,,,[H][C@]12SCC(C=CC)=C(N1C(=O)[C@@]2([H])NC(=O)[C@H](N)C1=CC=C(O)C=C1)C(O)=O
DB00401,CID000004499,439,Q13936|P54289|Q08289|Q01668|Q13698,P08684|P20815|P24462,PUBCHEM.COMPOUND:4499,DOID:10763|DOID:10825|DOID:13739|DOID:1936|DOID:2348|DOID:3393,NCBIGENE:1544|NCBIGENE:1576|NCBIGENE:1577|NCBIGENE:775|NCBIGENE:776|NCBIGENE:779|NCBIGENE:781|NCBIGENE:783,COC(=O)C1=C(C)NC(C)=C(C1C1=CC=CC=C1[N+]([O-])=O)C(=O)OCC(C)C
DB00248,CID000002512,440,P14416|P41595|P35462|P28223|P18089|P28221|P21917|P08913|P08908|P18825|P21918|P21728|P28222|P28335|P34969|P35348|P35368|P25100|P08588|P07550,P08684,PUBCHEM.COMPOUND:2512,,,[H][C@@]12CC3=CNC4=CC=CC(=C34)[C@@]1([H])C[C@H](CN2CC=C)C(=O)N(CCCN(C)C)C(=O)NCC
DB00198,CID000004603,441,P11485|Q99519|Q9Y3R4,P23141,PUBCHEM.COMPOUND:4603,,,CCOC(=O)C1=C[C@@H](OC(CC)CC)[C@H](NC(C)=O)[C@@H](N)C1
DB00246,CID000060854,442,P14416|P28223|P08908|P28221|P28335|P21728|P21918|P35462|P21917|P28222|P28566|P50406|P34969|P35367|P35348|P35368|P08913|P18089|P18825|P11229|P08172|P20309|P08173|P08912|P47898,P08684|Q06278,PUBCHEM.COMPOUND:60854,DOID:0050590|DOID:0050841|DOID:0090044|DOID:0090045|DOID:0090047|DOID:0090049|DOID:0090051|DOID:0090052|DOID:0090053|DOID:0090054|DOID:0090123|DOID:10952|DOID:1168|DOID:11847|DOID:1227|DOID:12987|DOID:14221|DOID:1425|DOID:14464|DOID:1826|DOID:1837|DOID:2527|DOID:2921|DOID:3312|DOID:3393|DOID:4195|DOID:4500|DOID:529|DOID:5419|DOID:557|DOID:5844|DOID:5854|DOID:6000|DOID:615|DOID:6713|DOID:679|DOID:9351|DOID:9408|DOID:9854|DOID:9970,,ClC1=C(CCN2CCN(CC2)C2=NSC3=CC=CC=C23)C=C2CC(=O)NC2=C1
DB01193,CID000001978,443,P08588|P07550,P10635,PUBCHEM.COMPOUND:1978,DOID:0050771|DOID:0060262|DOID:10021|DOID:10154|DOID:10300|DOID:10763|DOID:10825|DOID:10952|DOID:117|DOID:12139|DOID:13884|DOID:1425|DOID:1470|DOID:1595|DOID:1596|DOID:1837|DOID:2527|DOID:2841|DOID:2848|DOID:2921|DOID:3669|DOID:3953|DOID:409|DOID:437|DOID:4398|DOID:4964|DOID:557|DOID:8893|DOID:9088|DOID:9351|DOID:9360|DOID:9415,NCBIGENE:153|NCBIGENE:154|NCBIGENE:155|NCBIGENE:5972,CCCC(=O)NC1=CC=C(OCC(O)CNC(C)C)C(=C1)C(C)=O
DB00718,CID000060871,444,P24024,P54819|P27144|P15531|P22392,PUBCHEM.COMPOUND:60871,DOID:10952|DOID:1425|DOID:2043|DOID:2527|DOID:2921|DOID:3650|DOID:557|DOID:9452|DOID:9970,,CC(C)(C)C(=O)OCOP(=O)(COCCN1C=NC2=C(N)N=CN=C12)OCOC(=O)C(C)(C)C
DB00313,CID000003121,445,Q9UKV0|P45954|Q02218|P51649|Q92769|Q07869|Q03181|P37231|P38936|P14210|P11926|Q9NZQ7,P11509|P20813|P11712|P20815|P23219|P05177|P33261|P08684|P22310|Q9HAW9|Q9HAW8|P19224|P35503|P16662|P54855|O60656|P22309,PUBCHEM.COMPOUND:3121,DOID:0060262|DOID:10952|DOID:12139|DOID:13268|DOID:1425|DOID:1470|DOID:1561|DOID:1588|DOID:1595|DOID:1596|DOID:1825|DOID:1826|DOID:2527|DOID:2848|DOID:2913|DOID:2921|DOID:409|DOID:4964|DOID:4989|DOID:557|DOID:74|DOID:9267|DOID:9273|DOID:9278|DOID:9280,NCBIGENE:11280|NCBIGENE:1548|NCBIGENE:1555|NCBIGENE:1557|NCBIGENE:1559|NCBIGENE:1576|NCBIGENE:1869|NCBIGENE:2147|NCBIGENE:27306|NCBIGENE:2931|NCBIGENE:2932|NCBIGENE:2938|NCBIGENE:2939|NCBIGENE:2940|NCBIGENE:3065|NCBIGENE:3066|NCBIGENE:3383|NCBIGENE:36|NCBIGENE:3725|NCBIGENE:3952|NCBIGENE:4128|NCBIGENE:429|NCBIGENE:4543|NCBIGENE:4613|NCBIGENE:4967|NCBIGENE:5327|NCBIGENE:5428|NCBIGENE:54600|NCBIGENE:5595|NCBIGENE:5649|NCBIGENE:627|NCBIGENE:632|NCBIGENE:6323|NCBIGENE:6328|NCBIGENE:6329|NCBIGENE:6332|NCBIGENE:6334|NCBIGENE:6336|NCBIGENE:637|NCBIGENE:6606|NCBIGENE:6607|NCBIGENE:6720|NCBIGENE:7057|NCBIGENE:7364|NCBIGENE:7466|NCBIGENE:7915|NCBIGENE:811|NCBIGENE:836|NCBIGENE:841|NCBIGENE:842|NCBIGENE:9734,CCCC(CCC)C(O)=O
CID000004834,CID000004834,446,,,PUBCHEM.COMPOUND:4834,,,CCN1CCN(C(=O)C1=O)C(=O)NC(C2=CC=CC=C2)C(=O)NC3C4N(C3=O)C(C(S4)(C)C)C(=O)[O-]
DB00861,CID000003059,447,P35354|P23219,Q9HAW9|O60656,PUBCHEM.COMPOUND:3059,DOID:0060262|DOID:10763|DOID:10825|DOID:10952|DOID:114|DOID:11847|DOID:1247|DOID:1287|DOID:1425|DOID:2527|DOID:2921|DOID:381|DOID:409|DOID:557|DOID:5844|DOID:5854|DOID:7148|DOID:750|DOID:848|DOID:9408,NCBIGENE:213|NCBIGENE:54575|NCBIGENE:5742|NCBIGENE:5743|NCBIGENE:7276,OC(=O)C1=C(O)C=CC(=C1)C1=C(F)C=C(F)C=C1
DB00242,CID000001546,448,P23921|P31350|Q7LG56|P09884|Q07864|P56282|Q9NRF9|Q9NR33|P00491,P27707,PUBCHEM.COMPOUND:1546,,,NC1=C2N=CN([C@H]3C[C@H](O)[C@@H](CO)O3)C2=NC(Cl)=N1
DB00883,CID000003780,449,P16066,P05181,PUBCHEM.COMPOUND:3780,,,[H][C@]12OC[C@H](O[N+]([O-])=O)[C@@]1([H])OC[C@H]2O[N+]([O-])=O
DB01151,CID000002995,450,P23975|P31645|P28223|P07550|P08588|P17405|P35367|P11229|P08172|P20309|P08173|P08912|P08908|P28335|P14416,P10635|P05177|P08684|P20813|P05181,PUBCHEM.COMPOUND:2995,DOID:0050741|DOID:0060262|DOID:10952|DOID:12139|DOID:12361|DOID:13206|DOID:13550|DOID:1405|DOID:1425|DOID:14445|DOID:1470|DOID:1574|DOID:1595|DOID:1596|DOID:1686|DOID:1826|DOID:2527|DOID:2848|DOID:2883|DOID:2921|DOID:3312|DOID:3526|DOID:409|DOID:4964|DOID:5419|DOID:557|DOID:6713|DOID:7997|DOID:7998,NCBIGENE:1128|NCBIGENE:1131|NCBIGENE:1132|NCBIGENE:1133|NCBIGENE:146|NCBIGENE:147|NCBIGENE:148|NCBIGENE:150|NCBIGENE:153|NCBIGENE:154|NCBIGENE:155|NCBIGENE:1557|NCBIGENE:1559|NCBIGENE:1565|NCBIGENE:1576|NCBIGENE:1813|NCBIGENE:2596|NCBIGENE:2908|NCBIGENE:3162|NCBIGENE:3269|NCBIGENE:3350|NCBIGENE:3358|NCBIGENE:3363|NCBIGENE:3757|NCBIGENE:4780|NCBIGENE:54514|NCBIGENE:5594|NCBIGENE:57030|NCBIGENE:627|NCBIGENE:6530|NCBIGENE:6531|NCBIGENE:6532|NCBIGENE:6581|NCBIGENE:6609|NCBIGENE:6622|NCBIGENE:7054|NCBIGENE:7124|NCBIGENE:836,CNCCCN1C2=CC=CC=C2CCC2=CC=CC=C12
DB00621,CID000005878,451,P10275,P11712,PUBCHEM.COMPOUND:5878,DOID:0050766|DOID:0060262|DOID:10283|DOID:10286|DOID:10952|DOID:10966|DOID:1184|DOID:1247|DOID:12678|DOID:12679|DOID:13206|DOID:1386|DOID:1387|DOID:1388|DOID:1391|DOID:1425|DOID:1936|DOID:2348|DOID:2349|DOID:2485|DOID:2527|DOID:2590|DOID:2883|DOID:2921|DOID:3393|DOID:3571|DOID:409|DOID:5162|DOID:557|DOID:6000|DOID:914,NCBIGENE:367,[H][C@@]12CC[C@](C)(O)[C@@]1(C)CC[C@@]1([H])[C@@]2([H])CC[C@@]2([H])CC(=O)OC[C@]12C
DB00209,CID000005596,452,P20309|P11229,P10635,PUBCHEM.COMPOUND:5596,,NCBIGENE:1128,[H][C@]12CC[C@]([H])(C[C@@H](C1)OC(=O)C(O)(C1=CC=CC=C1)C1=CC=CC=C1)[N+]21CCCC1
DB00906,CID000005466,453,P30531,P22309|P08684,PUBCHEM.COMPOUND:5466,,,CC1=C(SC=C1)C(=CCCN1CCC[C@H](C1)C(O)=O)C1=C(C)C=CS1
DB00191,CID000004771,454,P23975|P31645|Q01959|P21397|P27338|P01303,P08684,PUBCHEM.COMPOUND:4771,DOID:0050741|DOID:0110741|DOID:0110742|DOID:0110743|DOID:0110744|DOID:0110745|DOID:0110746|DOID:0110747|DOID:0110748|DOID:0110749|DOID:0110750|DOID:0110751|DOID:0110752|DOID:0110753|DOID:0110754|DOID:0110755|DOID:0110756|DOID:0110757|DOID:0110758|DOID:0110759|DOID:0110760|DOID:0110761|DOID:10763|DOID:10825|DOID:11328|DOID:114|DOID:12361|DOID:1287|DOID:14557|DOID:1574|DOID:1686|DOID:302|DOID:303|DOID:4079|DOID:5160|DOID:5418|DOID:6000|DOID:6432|DOID:7997|DOID:7998|DOID:9744|DOID:9970,NCBIGENE:3741|NCBIGENE:4128|NCBIGENE:4129|NCBIGENE:6530|NCBIGENE:6531|NCBIGENE:6532,CC(C)(N)CC1=CC=CC=C1
DB00915,CID000002130,455,P21430|Q8TCU5|P14416|P36544|P43681|P32297,P20711|P27338,PUBCHEM.COMPOUND:2130,DOID:0050841|DOID:0060891|DOID:0060895|DOID:0060896|DOID:10952|DOID:11328|DOID:13548|DOID:13550|DOID:1405|DOID:1425|DOID:14330|DOID:14445|DOID:1826|DOID:1909|DOID:2527|DOID:2723|DOID:2921|DOID:302|DOID:303|DOID:529|DOID:5418|DOID:557|DOID:6000|DOID:679|DOID:8923,NCBIGENE:116443|NCBIGENE:1813|NCBIGENE:2353|NCBIGENE:2641|NCBIGENE:627,NC12CC3CC(CC(C3)C1)C2
DB01232,CID000060787,456,Q72874,P10632|P10635|P08684|P20815|P24462,PUBCHEM.COMPOUND:60787,,,[H][C@@]12CCCC[C@]1([H])CN(C[C@@H](O)[C@H](CC1=CC=CC=C1)NC(=O)[C@H](CC(N)=O)NC(=O)C1=NC3=C(C=CC=C3)C=C1)[C@@H](C2)C(=O)NC(C)(C)C
DB04572,CID000005453,457,,P08684|P06276|P20813,PUBCHEM.COMPOUND:5453,DOID:0060058|DOID:0060060|DOID:0060262|DOID:10952|DOID:11054|DOID:12449|DOID:1247|DOID:1425|DOID:1588|DOID:2355|DOID:2361|DOID:2394|DOID:2527|DOID:2571|DOID:2921|DOID:4007|DOID:409|DOID:557|DOID:615|DOID:707|DOID:8538|DOID:8543|DOID:8567|DOID:8628|DOID:8651|DOID:8654|DOID:8675,NCBIGENE:1555|NCBIGENE:2950,S=P(N1CC1)(N1CC1)N1CC1
CID005311039,CID005311039,458,,,PUBCHEM.COMPOUND:5311039,,,CCC(C)CC(C)CCCCCCCCC(=O)N[C@H]1C[C@H]([C@H](NC(=O)[C@@H]2CCCN2C(=O)[C@@H](NC(=O)[C@@H](NC(=O)[C@@H]3C[C@H](CN3C(=O)[C@@H](NC1=O)[C@@H](C)O)O)[C@@H]([C@H](C4=CC=C(C=C4)O)O)O)[C@@H](CCN)O)NCCN)O
DB01205,CID000003373,459,P18507|P31644|P14867,,PUBCHEM.COMPOUND:3373,DOID:0060262|DOID:114|DOID:1287|DOID:14320|DOID:1826|DOID:2030|DOID:409|DOID:594,NCBIGENE:2557|NCBIGENE:2558|NCBIGENE:2560|NCBIGENE:2563|NCBIGENE:2566|NCBIGENE:2569|NCBIGENE:2570|NCBIGENE:6005|NCBIGENE:9768,CCOC(=O)C1=C2CN(C)C(=O)C3=C(C=CC(F)=C3)N2C=N1
DB00623,CID000003372,460,P14416|P21728|P0DP23|P10275|P28223|P28335,P05181|P10635,PUBCHEM.COMPOUND:3372,DOID:0050590|DOID:0050741|DOID:0050841|DOID:0060262|DOID:11328|DOID:11847|DOID:1227|DOID:12700|DOID:12987|DOID:13206|DOID:13548|DOID:14221|DOID:1432|DOID:14464|DOID:1574|DOID:1588|DOID:1686|DOID:1826|DOID:2355|DOID:2361|DOID:2883|DOID:3393|DOID:409|DOID:4195|DOID:529|DOID:5418|DOID:5419|DOID:5844|DOID:5854|DOID:615|DOID:679|DOID:9408|DOID:9854|DOID:9970,NCBIGENE:1133|NCBIGENE:146|NCBIGENE:147|NCBIGENE:148|NCBIGENE:150|NCBIGENE:152|NCBIGENE:1813|NCBIGENE:1814|NCBIGENE:1815|NCBIGENE:1816|NCBIGENE:3269|NCBIGENE:3274|NCBIGENE:3350|NCBIGENE:3351|NCBIGENE:3354|NCBIGENE:3358|NCBIGENE:3362|NCBIGENE:3363|NCBIGENE:55811|NCBIGENE:5617|NCBIGENE:5621|NCBIGENE:801|NCBIGENE:805|NCBIGENE:808|NCBIGENE:9407,OCCN1CCN(CCCN2C3=CC=CC=C3SC3=C2C=C(C=C3)C(F)(F)F)CC1
DB01072,CID000148192,461,Q72874,P08684|P11712|P22309|P10632|P05177|P20815|P24462,PUBCHEM.COMPOUND:148192,DOID:0050820|DOID:0060262|DOID:1837|DOID:1883|DOID:2043|DOID:2739|DOID:2741|DOID:3650|DOID:409|DOID:4195|DOID:526|DOID:580|DOID:585|DOID:635|DOID:9351,NCBIGENE:10599|NCBIGENE:3757|NCBIGENE:54578|NCBIGENE:54658|NCBIGENE:6517|NCBIGENE:847|NCBIGENE:8718,COC(=O)N[C@H](C(=O)N[C@@H](CC1=CC=CC=C1)[C@@H](O)CN(CC1=CC=C(C=C1)C1=CC=CC=N1)NC(=O)[C@@H](NC(=O)OC)C(C)(C)C)C(C)(C)C
DB00201,CID000002519,462,P30542|P29274|P29275|P0DMS8|Q07343|P21817|P78527|O00329|P42336|P42338|Q13315,P05177|P08684|P05181|P10632|P11712|P04798|Q16678|P10635,PUBCHEM.COMPOUND:2519,DOID:0050328|DOID:0050589|DOID:0050590|DOID:0050741|DOID:0050848|DOID:0060173|DOID:0060262|DOID:0060573|DOID:0060674|DOID:0060675|DOID:0060676|DOID:0060677|DOID:0060678|DOID:0060679|DOID:0060692|DOID:0060731|DOID:0110892|DOID:0111045|DOID:0111052|DOID:0111054|DOID:0111056|DOID:0111057|DOID:1029|DOID:10300|DOID:10459|DOID:10460|DOID:10493|DOID:10652|DOID:10763|DOID:10772|DOID:10808|DOID:10825|DOID:10933|DOID:10952|DOID:11249|DOID:114|DOID:11459|DOID:11634|DOID:11847|DOID:11870|DOID:11914|DOID:11963|DOID:11981|DOID:12123|DOID:12139|DOID:1227|DOID:12361|DOID:1247|DOID:12531|DOID:12550|DOID:12642|DOID:1287|DOID:12987|DOID:13186|DOID:13189|DOID:1319|DOID:13206|DOID:13250|DOID:13268|DOID:13413|DOID:13550|DOID:13603|DOID:13774|DOID:13948|DOID:13976|DOID:1405|DOID:1425|DOID:14250|DOID:1443|DOID:14445|DOID:14451|DOID:14452|DOID:14525|DOID:1459|DOID:1470|DOID:1574|DOID:1588|DOID:1595|DOID:1596|DOID:1686|DOID:1742|DOID:1826|DOID:1837|DOID:1936|DOID:2089|DOID:2106|DOID:2215|DOID:2216|DOID:2236|DOID:224|DOID:2275|DOID:2316|DOID:2348|DOID:2349|DOID:2355|DOID:2361|DOID:2527|DOID:2797|DOID:2841|DOID:2848|DOID:2883|DOID:2913|DOID:2921|DOID:302|DOID:303|DOID:3083|DOID:3393|DOID:3650|DOID:3669|DOID:3770|DOID:3827|DOID:3875|DOID:3878|DOID:4029|DOID:409|DOID:437|DOID:4481|DOID:4500|DOID:4730|DOID:4964|DOID:4989|DOID:5162|DOID:5200|DOID:557|DOID:5844|DOID:5854|DOID:593|DOID:594|DOID:6364|DOID:705|DOID:750|DOID:784|DOID:7997|DOID:7998|DOID:8442|DOID:8515|DOID:8534|DOID:8577|DOID:8677|DOID:8929|DOID:9164|DOID:9267|DOID:9282|DOID:9351|DOID:936|DOID:9408|DOID:9428|DOID:9741|DOID:9746,NCBIGENE:10|NCBIGENE:100|NCBIGENE:100463486|NCBIGENE:100996758|NCBIGENE:1017|NCBIGENE:10316|NCBIGENE:105379861|NCBIGENE:10563|NCBIGENE:10636|NCBIGENE:107|NCBIGENE:108|NCBIGENE:10803|NCBIGENE:10850|NCBIGENE:10874|NCBIGENE:109|NCBIGENE:111|NCBIGENE:1111|NCBIGENE:112|NCBIGENE:11200|NCBIGENE:11251|NCBIGENE:11255|NCBIGENE:112802|NCBIGENE:1132|NCBIGENE:114|NCBIGENE:115|NCBIGENE:121391|NCBIGENE:1230|NCBIGENE:1232|NCBIGENE:1233|NCBIGENE:1234|NCBIGENE:1236|NCBIGENE:1237|NCBIGENE:1269|NCBIGENE:129521|NCBIGENE:135250|NCBIGENE:136|NCBIGENE:1385|NCBIGENE:142|NCBIGENE:150|NCBIGENE:152|NCBIGENE:1543|NCBIGENE:1544|NCBIGENE:1548|NCBIGENE:1549|NCBIGENE:1553|NCBIGENE:1558|NCBIGENE:1562|NCBIGENE:1565|NCBIGENE:1572|NCBIGENE:1573|NCBIGENE:1576|NCBIGENE:1577|NCBIGENE:1580|NCBIGENE:165140|NCBIGENE:1813|NCBIGENE:1814|NCBIGENE:1815|NCBIGENE:183|NCBIGENE:186|NCBIGENE:1901|NCBIGENE:196883|NCBIGENE:199974|NCBIGENE:2353|NCBIGENE:2359|NCBIGENE:2475|NCBIGENE:256933|NCBIGENE:2587|NCBIGENE:259285|NCBIGENE:259286|NCBIGENE:259287|NCBIGENE:259289|NCBIGENE:259290|NCBIGENE:259292|NCBIGENE:259293|NCBIGENE:259294|NCBIGENE:259295|NCBIGENE:259296|NCBIGENE:260293|NCBIGENE:27044|NCBIGENE:27199|NCBIGENE:2770|NCBIGENE:2771|NCBIGENE:2773|NCBIGENE:2826|NCBIGENE:2831|NCBIGENE:2832|NCBIGENE:2833|NCBIGENE:283869|NCBIGENE:2841|NCBIGENE:2847|NCBIGENE:2912|NCBIGENE:2913|NCBIGENE:2916|NCBIGENE:2917|NCBIGENE:2918|NCBIGENE:2919|NCBIGENE:2920|NCBIGENE:2921|NCBIGENE:2932|NCBIGENE:29785|NCBIGENE:3320|NCBIGENE:3350|NCBIGENE:3351|NCBIGENE:3354|NCBIGENE:3355|NCBIGENE:3361|NCBIGENE:338398|NCBIGENE:338442|NCBIGENE:339403|NCBIGENE:346562|NCBIGENE:3479|NCBIGENE:351|NCBIGENE:3576|NCBIGENE:3577|NCBIGENE:3579|NCBIGENE:3627|NCBIGENE:3708|NCBIGENE:3710|NCBIGENE:3827|NCBIGENE:3956|NCBIGENE:4283|NCBIGENE:4286|NCBIGENE:4313|NCBIGENE:4543|NCBIGENE:4544|NCBIGENE:472|NCBIGENE:4846|NCBIGENE:4886|NCBIGENE:4887|NCBIGENE:4915|NCBIGENE:4985|NCBIGENE:4986|NCBIGENE:4987|NCBIGENE:4988|NCBIGENE:5030|NCBIGENE:5062|NCBIGENE:50831|NCBIGENE:50832|NCBIGENE:50833|NCBIGENE:50834|NCBIGENE:50835|NCBIGENE:50836|NCBIGENE:50837|NCBIGENE:50838|NCBIGENE:50839|NCBIGENE:50840|NCBIGENE:50865|NCBIGENE:51083|NCBIGENE:51289|NCBIGENE:5142|NCBIGENE:5179|NCBIGENE:5290|NCBIGENE:5291|NCBIGENE:5293|NCBIGENE:53637|NCBIGENE:5367|NCBIGENE:5368|NCBIGENE:53829|NCBIGENE:54331|NCBIGENE:54429|NCBIGENE:5473|NCBIGENE:551|NCBIGENE:5540|NCBIGENE:5591|NCBIGENE:56477|NCBIGENE:56670|NCBIGENE:56923|NCBIGENE:5697|NCBIGENE:57007|NCBIGENE:57121|NCBIGENE:5726|NCBIGENE:5733|NCBIGENE:5741|NCBIGENE:57413|NCBIGENE:58191|NCBIGENE:5836|NCBIGENE:5837|NCBIGENE:59340|NCBIGENE:595|NCBIGENE:5972|NCBIGENE:5996|NCBIGENE:5999|NCBIGENE:6000|NCBIGENE:6001|NCBIGENE:623|NCBIGENE:6261|NCBIGENE:6262|NCBIGENE:6263|NCBIGENE:6363|NCBIGENE:6364|NCBIGENE:6366|NCBIGENE:6370|NCBIGENE:6372|NCBIGENE:6373|NCBIGENE:6374|NCBIGENE:6387|NCBIGENE:643|NCBIGENE:64407|NCBIGENE:64805|NCBIGENE:6505|NCBIGENE:6517|NCBIGENE:6531|NCBIGENE:6622|NCBIGENE:6750|NCBIGENE:6751|NCBIGENE:6752|NCBIGENE:6754|NCBIGENE:6755|NCBIGENE:7157|NCBIGENE:718|NCBIGENE:719|NCBIGENE:727|NCBIGENE:728|NCBIGENE:729230|NCBIGENE:7352|NCBIGENE:7421|NCBIGENE:7852|NCBIGENE:836|NCBIGENE:83886|NCBIGENE:84152|NCBIGENE:842|NCBIGENE:84539|NCBIGENE:846|NCBIGENE:8484|NCBIGENE:8601|NCBIGENE:8698|NCBIGENE:8811|NCBIGENE:8843|NCBIGENE:9294|NCBIGENE:9628|NCBIGENE:983|NCBIGENE:9934,CN1C=NC2=C1C(=O)N(C)C(=O)N2C
DB00496,CID000072054,463,P20309|P11229|P08172|P08173|P08912,P08684|P10635,PUBCHEM.COMPOUND:72054,,NCBIGENE:1128|NCBIGENE:1131|NCBIGENE:1132|NCBIGENE:1133,NC(=O)C([C@@H]1CCN(CCC2=CC3=C(OCC3)C=C2)C1)(C1=CC=CC=C1)C1=CC=CC=C1
DB01267,CID000115237,464,P28223|P14416|P21917|P35462|P28335|P35367|P35348|P35368|P28221|P08913|P18089|P18825|P08908|P21728|P34969,P08684|P10635|P20815,PUBCHEM.COMPOUND:115237,DOID:0050590|DOID:0050841|DOID:0060192|DOID:0090044|DOID:0090045|DOID:0090047|DOID:0090049|DOID:0090051|DOID:0090052|DOID:0090053|DOID:0090054|DOID:0090123|DOID:0110892|DOID:10605|DOID:11328|DOID:1168|DOID:11847|DOID:12217|DOID:1227|DOID:12700|DOID:12987|DOID:13548|DOID:14221|DOID:14464|DOID:1826|DOID:1837|DOID:302|DOID:303|DOID:4195|DOID:4500|DOID:529|DOID:5418|DOID:5419|DOID:5844|DOID:5854|DOID:615|DOID:6713|DOID:679|DOID:8437|DOID:8778|DOID:9286|DOID:9351|DOID:9408|DOID:9854|DOID:9970,NCBIGENE:147|NCBIGENE:148|NCBIGENE:150|NCBIGENE:152|NCBIGENE:1565|NCBIGENE:1576|NCBIGENE:1577|NCBIGENE:1813|NCBIGENE:1814|NCBIGENE:1815|NCBIGENE:3269|NCBIGENE:3350|NCBIGENE:3351|NCBIGENE:3354|NCBIGENE:3358|NCBIGENE:3363|NCBIGENE:3757,CC1=C(CCN2CCC(CC2)C2=NOC3=C2C=CC(F)=C3)C(=O)N2CCCC(O)C2=N1
DB00485,CID000003040,465,A0A0E1R3H3|Q7CRA4|Q8DNB6|Q75Y35|Q8DR59|P0A3M6,P08684,PUBCHEM.COMPOUND:3040,,,[H][C@]12SC(C)(C)[C@@H](N1C(=O)[C@H]2NC(=O)C1=C(C)ON=C1C1=C(Cl)C=CC=C1Cl)C(O)=O
DB00799,CID000005381,466,P10276|P28702|P13631|P10826,P10632,PUBCHEM.COMPOUND:5381,DOID:0060281|DOID:3159|DOID:4398|DOID:6543|DOID:8893|DOID:9088,NCBIGENE:1240|NCBIGENE:5266|NCBIGENE:5914|NCBIGENE:5915|NCBIGENE:5918|NCBIGENE:5920,CCOC(=O)C1=CN=C(C=C1)C#CC1=CC2=C(SCCC2(C)C)C=C1
DB00371,CID000004064,467,P14867|P47869|P34903|P48169|P31644|Q16445,,PUBCHEM.COMPOUND:4064,DOID:0050328|DOID:0050741|DOID:0060262|DOID:0060573|DOID:0060692|DOID:0060810|DOID:0111045|DOID:0111052|DOID:0111054|DOID:0111056|DOID:0111057|DOID:10652|DOID:10763|DOID:10772|DOID:10808|DOID:10825|DOID:10952|DOID:11249|DOID:11634|DOID:1168|DOID:11847|DOID:11870|DOID:12531|DOID:12678|DOID:12679|DOID:127|DOID:12859|DOID:13189|DOID:13223|DOID:1380|DOID:1425|DOID:14320|DOID:1443|DOID:14525|DOID:1459|DOID:1574|DOID:1588|DOID:1727|DOID:1826|DOID:1837|DOID:2030|DOID:2215|DOID:2216|DOID:2236|DOID:2355|DOID:2361|DOID:2394|DOID:2450|DOID:2451|DOID:2452|DOID:2485|DOID:2527|DOID:2841|DOID:2871|DOID:288|DOID:289|DOID:2921|DOID:302|DOID:303|DOID:3133|DOID:3393|DOID:3526|DOID:3755|DOID:3756|DOID:3875|DOID:3890|DOID:409|DOID:4386|DOID:557|DOID:5844|DOID:5854|DOID:6364|DOID:6713|DOID:750|DOID:9074|DOID:9351|DOID:9360|DOID:9408|DOID:9415|DOID:9460|DOID:9477|DOID:9970,NCBIGENE:2557|NCBIGENE:2558|NCBIGENE:2559|NCBIGENE:5581|NCBIGENE:64146,CCCC(C)(COC(N)=O)COC(N)=O
DB00475,CID000002712,468,,P08684,PUBCHEM.COMPOUND:2712,DOID:0050328|DOID:0050741|DOID:0050848|DOID:0060185|DOID:0060262|DOID:0060731|DOID:0060810|DOID:0110892|DOID:1067|DOID:10763|DOID:10808|DOID:10825|DOID:10915|DOID:10952|DOID:11328|DOID:11569|DOID:11634|DOID:1168|DOID:11847|DOID:11963|DOID:12139|DOID:12361|DOID:12642|DOID:12678|DOID:12679|DOID:127|DOID:12859|DOID:13186|DOID:13206|DOID:13223|DOID:13268|DOID:13550|DOID:1380|DOID:13948|DOID:13976|DOID:1405|DOID:1425|DOID:14250|DOID:14320|DOID:14445|DOID:1459|DOID:1470|DOID:1574|DOID:1595|DOID:1596|DOID:1686|DOID:1727|DOID:1826|DOID:1837|DOID:2030|DOID:2394|DOID:2450|DOID:2451|DOID:2452|DOID:2485|DOID:2527|DOID:2841|DOID:2848|DOID:2871|DOID:288|DOID:2883|DOID:289|DOID:2921|DOID:302|DOID:303|DOID:3133|DOID:3393|DOID:3526|DOID:3755|DOID:3756|DOID:3827|DOID:3875|DOID:3878|DOID:409|DOID:437|DOID:4386|DOID:4964|DOID:5200|DOID:5418|DOID:557|DOID:5844|DOID:5854|DOID:6364|DOID:6713|DOID:750|DOID:7997|DOID:7998|DOID:8442|DOID:850|DOID:8534|DOID:8577|DOID:9074|DOID:9164|DOID:9351|DOID:936|DOID:9360|DOID:9408|DOID:9415|DOID:9460|DOID:9477|DOID:9778|DOID:9970,,CNC1=NC2=C(C=C(Cl)C=C2)C(C2=CC=CC=C2)=[N+]([O-])C1
DB00188,CID000093860,469,P28074|P20618,P08684|P33261|P10635|P05177|P11712,PUBCHEM.COMPOUND:93860,,NCBIGENE:5970,CC(C)C[C@H](NC(=O)[C@H](CC1=CC=CC=C1)NC(=O)C1=CN=CC=N1)B(O)O
DB01263,CID000147912,470,P10613,P08684,PUBCHEM.COMPOUND:147912,,,CC[C@@H]([C@H](C)O)N1N=CN(C1=O)C1=CC=C(C=C1)N1CCN(CC1)C1=CC=C(OC[C@@H]2CO[C@](CN3C=NC=N3)(C2)C2=C(F)C=C(F)C=C2)C=C1
DB00819,CID000001986,471,P00915|P00918|P22748|O43570|Q9ULX7|P07451|P43166|P29972,P08684,PUBCHEM.COMPOUND:1986,DOID:0060262|DOID:0110741|DOID:0110742|DOID:0110743|DOID:0110744|DOID:0110745|DOID:0110746|DOID:0110747|DOID:0110748|DOID:0110749|DOID:0110750|DOID:0110751|DOID:0110752|DOID:0110753|DOID:0110754|DOID:0110755|DOID:0110756|DOID:0110757|DOID:0110758|DOID:0110759|DOID:0110760|DOID:0110761|DOID:10493|DOID:1067|DOID:10952|DOID:13189|DOID:13550|DOID:13774|DOID:1405|DOID:14219|DOID:1425|DOID:14445|DOID:1825|DOID:2527|DOID:2921|DOID:3650|DOID:409|DOID:557|DOID:6000|DOID:74|DOID:9351|DOID:9352|DOID:9744,NCBIGENE:11238|NCBIGENE:23632|NCBIGENE:27445|NCBIGENE:358|NCBIGENE:377677|NCBIGENE:4942|NCBIGENE:5172|NCBIGENE:6329|NCBIGENE:760|NCBIGENE:761|NCBIGENE:762|NCBIGENE:763|NCBIGENE:766|NCBIGENE:768|NCBIGENE:771|NCBIGENE:773|NCBIGENE:9356,CC(=O)NC1=NN=C(S1)S(N)(=O)=O
DB00210,CID000060164,472,P10826|P13631|P28702|P48443|P19793|P05412|O60603|P10276|P17174,,PUBCHEM.COMPOUND:60164,DOID:0060281|DOID:2723|DOID:3159|DOID:6543,NCBIGENE:5914|NCBIGENE:5915|NCBIGENE:6256|NCBIGENE:6258|NCBIGENE:912,COC1=C(C=C(C=C1)C1=CC2=C(C=C1)C=C(C=C2)C(O)=O)C12CC3CC(CC(C3)C1)C2
DB01008,CID000002478,473,,P09488|P09211|Q99735|P08684|P09210|P08263,PUBCHEM.COMPOUND:2478,DOID:0050590|DOID:104|DOID:12123|DOID:1227|DOID:12987|DOID:13636|DOID:1564|DOID:1588|DOID:1826|DOID:1920|DOID:2355|DOID:2361|DOID:2797|DOID:3770|DOID:4195|DOID:4500|DOID:8913|DOID:934,NCBIGENE:2938|NCBIGENE:5054,CS(=O)(=O)OCCCCOS(C)(=O)=O
DB00971,CID000024011,474,,,PUBCHEM.COMPOUND:24011,,,S=[Se]=S
DB01413,CID000002622,475,P02918|P02919|P0AD65|P0AD68|Q9X6W0|Q51504|Q9X6V3,,PUBCHEM.COMPOUND:2622,,,CO\N=C(/C(=O)N[C@@H]1C(=O)N2[C@]1([H])SCC(C[N+]1(C)CCCC1)=C2C([O-])=O)C1=CSC(N)=N1
DB06403,CID000197712,476,P25101|P24530,P08684|P33261|O60656|P16662|P35503|P20815,PUBCHEM.COMPOUND:197712,,NCBIGENE:1909,COC([C@H](OC1=NC(C)=CC(C)=N1)C(O)=O)(C1=CC=CC=C1)C1=CC=CC=C1
DB00303,CID000150610,477,P02918|P02919|P44469|P0AD65|P45059|P0AD68|P24228|P08506,P16444,PUBCHEM.COMPOUND:150610,DOID:10952|DOID:1425|DOID:1826|DOID:2527|DOID:2921|DOID:557|DOID:874,NCBIGENE:10422,[H][C@]12[C@@H](C)C(S[C@]3([H])CN[C@@]([H])(C3)C(=O)NC3=CC=CC(=C3)C(O)=O)=C(N1C(=O)[C@]2([H])[C@@H](C)O)C(O)=O
DB00440,CID000005578,478,P0ABQ4,P11712|P08684|P05177|P10632,PUBCHEM.COMPOUND:5578,DOID:0050590|DOID:0060262|DOID:10754|DOID:10952|DOID:1227|DOID:12385|DOID:12987|DOID:13268|DOID:14026|DOID:1425|DOID:1588|DOID:2527|DOID:2747|DOID:2749|DOID:2862|DOID:2921|DOID:409|DOID:557|DOID:9266|DOID:9870,NCBIGENE:1558|NCBIGENE:1666|NCBIGENE:1719|NCBIGENE:3576|NCBIGENE:64146|NCBIGENE:7298,COC1=CC(CC2=CN=C(N)N=C2N)=CC(OC)=C1OC
DB01164,CID000024486,479,Q99584,,PUBCHEM.COMPOUND:24486,,,[Cl-].[Cl-].[Ca++]
DB01188,CID000002749,480,P05023,,PUBCHEM.COMPOUND:2749,DOID:0080161|DOID:12179|DOID:2722|DOID:6498|DOID:8741|DOID:8941|DOID:9060,NCBIGENE:5742|NCBIGENE:5743,CC1=CC(=O)N(O)C(=C1)C1CCCCC1
DB00262,CID000002578,481,P00390,,PUBCHEM.COMPOUND:2578,DOID:0060058|DOID:0060060|DOID:0060262|DOID:10095|DOID:104|DOID:10908|DOID:10952|DOID:12123|DOID:12156|DOID:12449|DOID:12603|DOID:1319|DOID:14159|DOID:1425|DOID:1564|DOID:1573|DOID:1588|DOID:1826|DOID:2355|DOID:2361|DOID:2527|DOID:2571|DOID:2797|DOID:2921|DOID:3070|DOID:3071|DOID:3770|DOID:409|DOID:4724|DOID:5076|DOID:557|DOID:5603|DOID:615|DOID:707|DOID:850|DOID:8538|DOID:8543|DOID:8567|DOID:8628|DOID:8651|DOID:8654|DOID:8675|DOID:8913|DOID:934|DOID:9471|DOID:9538|DOID:9953,NCBIGENE:183|NCBIGENE:2177|NCBIGENE:2597|NCBIGENE:2936|NCBIGENE:2946|NCBIGENE:2950|NCBIGENE:328|NCBIGENE:4255|NCBIGENE:4350|NCBIGENE:4968|NCBIGENE:5328|NCBIGENE:7157|NCBIGENE:7296,ClCCNC(=O)N(CCCl)N=O
DB09134,CID000003741,482,,,PUBCHEM.COMPOUND:3741,,NCBIGENE:5340,OCCN(C(=O)CO)C1=C(I)C(C(=O)NCC(O)CO)=C(I)C(C(=O)NCC(O)CO)=C1I
DB01210,CID000003914,483,P08588|P07550,P10635,PUBCHEM.COMPOUND:3914,,NCBIGENE:155|NCBIGENE:23621|NCBIGENE:25825,CC(C)(C)NC[C@H](O)COC1=CC=CC2=C1CCCC2=O
DB00270,CID000003784,484,Q13936|P54289|Q08289|O95180|Q9NY47|Q01668|Q13698,P08684,PUBCHEM.COMPOUND:3784,DOID:0060262|DOID:10763|DOID:10825|DOID:11847|DOID:13739|DOID:1936|DOID:2348|DOID:3393|DOID:409|DOID:5844|DOID:5854|DOID:9408,NCBIGENE:5972|NCBIGENE:775|NCBIGENE:776|NCBIGENE:779|NCBIGENE:781|NCBIGENE:783|NCBIGENE:8912|NCBIGENE:8913|NCBIGENE:9254,COC(=O)C1=C(C)NC(C)=C(C1C1=CC=CC2=NON=C12)C(=O)OC(C)C
DB01169,CID000014888,485,O14920|Q16881|P05412|P24385|P27361|P28482|P31749|P38936|Q13547|P29590,P08684,PUBCHEM.COMPOUND:14888,DOID:0060262|DOID:0060318|DOID:10952|DOID:1425|DOID:2527|DOID:2921|DOID:409|DOID:4500|DOID:557,NCBIGENE:10550|NCBIGENE:11009|NCBIGENE:1111|NCBIGENE:11200|NCBIGENE:142|NCBIGENE:1786|NCBIGENE:1788|NCBIGENE:1789|NCBIGENE:1956|NCBIGENE:208|NCBIGENE:2125|NCBIGENE:2130|NCBIGENE:2161|NCBIGENE:224|NCBIGENE:2260|NCBIGENE:2322|NCBIGENE:2475|NCBIGENE:2735|NCBIGENE:2876|NCBIGENE:2936|NCBIGENE:2950|NCBIGENE:3020|NCBIGENE:3021|NCBIGENE:3162|NCBIGENE:3308|NCBIGENE:332|NCBIGENE:366|NCBIGENE:3725|NCBIGENE:3757|NCBIGENE:3815|NCBIGENE:4088|NCBIGENE:4217|NCBIGENE:4363|NCBIGENE:4792|NCBIGENE:4869|NCBIGENE:5340|NCBIGENE:5371|NCBIGENE:5594|NCBIGENE:5595|NCBIGENE:5604|NCBIGENE:5728|NCBIGENE:581|NCBIGENE:5879|NCBIGENE:5914|NCBIGENE:595|NCBIGENE:613|NCBIGENE:6198|NCBIGENE:6256|NCBIGENE:637|NCBIGENE:6608|NCBIGENE:664|NCBIGENE:6667|NCBIGENE:6774|NCBIGENE:701|NCBIGENE:7124|NCBIGENE:7157|NCBIGENE:7295|NCBIGENE:7296|NCBIGENE:836|NCBIGENE:837|NCBIGENE:841|NCBIGENE:842|NCBIGENE:843|NCBIGENE:847|NCBIGENE:8805|NCBIGENE:8878|NCBIGENE:9261|NCBIGENE:9407|NCBIGENE:983,O=[As]O[As]=O
DB01032,CID000004911,486,Q4U2R8|Q9NSA0|Q8TCC7|Q96RD7|Q9NYV7,P10632|P08684|P22309|P11712,PUBCHEM.COMPOUND:4911,DOID:0050590|DOID:1029|DOID:10952|DOID:1227|DOID:12449|DOID:12987|DOID:13189|DOID:13250|DOID:1425|DOID:1588|DOID:1920|DOID:2527|DOID:2921|DOID:423|DOID:557|DOID:615|DOID:7327|DOID:74|DOID:750|DOID:8568,NCBIGENE:10257|NCBIGENE:116085|NCBIGENE:1244|NCBIGENE:1557|NCBIGENE:1559|NCBIGENE:160728|NCBIGENE:1811|NCBIGENE:24145|NCBIGENE:4363|NCBIGENE:4942|NCBIGENE:50833|NCBIGENE:51081|NCBIGENE:55867|NCBIGENE:56172|NCBIGENE:5726|NCBIGENE:7040|NCBIGENE:9356|NCBIGENE:9376,CCCN(CCC)S(=O)(=O)C1=CC=C(C=C1)C(O)=O
DB00460,CID005362420,487,,,PUBCHEM.COMPOUND:5362420,DOID:0060262|DOID:10873|DOID:13268|DOID:409,,COC(=O)CCC1=C2NC(\C=C3/N=C(/C=C4\N\C(=C/C5=N/C(=C\2)/C(CCC(O)=O)=C5C)C(C=C)=C4C)C2=CC=C([C@@H](C(=O)OC)[C@@]32C)C(=O)OC)=C1C
DB01260,CID000012536,488,P04150,P08684,PUBCHEM.COMPOUND:12536,,NCBIGENE:5319,[H][C@@]12C[C@H]3OC(C)(C)O[C@@]3(C(=O)CO)[C@@]1(C)C[C@H](O)[C@@]1([H])[C@@]2([H])CCC2=CC(=O)C=C[C@]12C
DB00499,CID000003397,489,P10275|P35869|O75469,P04798|Q16678|P20815|P05177|P08684,PUBCHEM.COMPOUND:3397,DOID:0060262|DOID:10283|DOID:10286|DOID:10783|DOID:12451|DOID:2739|DOID:2741|DOID:2747|DOID:2749|DOID:2862|DOID:409|DOID:9266|DOID:9269|DOID:9870,NCBIGENE:13|NCBIGENE:1543|NCBIGENE:1544|NCBIGENE:1576|NCBIGENE:1586|NCBIGENE:196|NCBIGENE:2697|NCBIGENE:3397|NCBIGENE:354|NCBIGENE:367|NCBIGENE:4824|NCBIGENE:4843|NCBIGENE:79888,CC(C)C(=O)NC1=CC(=C(C=C1)[N+]([O-])=O)C(F)(F)F
DB02530,CID000000119,490,Q9UBS5|O75899|P50440,,PUBCHEM.COMPOUND:119,,NCBIGENE:100463486|NCBIGENE:100996758|NCBIGENE:10243|NCBIGENE:10316|NCBIGENE:105379861|NCBIGENE:10563|NCBIGENE:10636|NCBIGENE:107|NCBIGENE:108|NCBIGENE:10803|NCBIGENE:10815|NCBIGENE:10850|NCBIGENE:10874|NCBIGENE:109|NCBIGENE:111|NCBIGENE:112|NCBIGENE:11251|NCBIGENE:11255|NCBIGENE:1132|NCBIGENE:114|NCBIGENE:115|NCBIGENE:1230|NCBIGENE:1232|NCBIGENE:1233|NCBIGENE:1234|NCBIGENE:1236|NCBIGENE:1237|NCBIGENE:1269|NCBIGENE:129521|NCBIGENE:140679|NCBIGENE:146206|NCBIGENE:150|NCBIGENE:152|NCBIGENE:165140|NCBIGENE:1759|NCBIGENE:1813|NCBIGENE:1814|NCBIGENE:1815|NCBIGENE:183|NCBIGENE:186|NCBIGENE:1901|NCBIGENE:196883|NCBIGENE:219|NCBIGENE:223|NCBIGENE:224|NCBIGENE:22999|NCBIGENE:2359|NCBIGENE:2550|NCBIGENE:2557|NCBIGENE:2558|NCBIGENE:2559|NCBIGENE:2560|NCBIGENE:2561|NCBIGENE:2563|NCBIGENE:2564|NCBIGENE:2565|NCBIGENE:2566|NCBIGENE:2569|NCBIGENE:256933|NCBIGENE:2570|NCBIGENE:2571|NCBIGENE:2587|NCBIGENE:259285|NCBIGENE:259286|NCBIGENE:259287|NCBIGENE:259289|NCBIGENE:259290|NCBIGENE:259292|NCBIGENE:259293|NCBIGENE:259294|NCBIGENE:259295|NCBIGENE:259296|NCBIGENE:2628|NCBIGENE:27199|NCBIGENE:2770|NCBIGENE:2771|NCBIGENE:2773|NCBIGENE:2783|NCBIGENE:2784|NCBIGENE:2785|NCBIGENE:2787|NCBIGENE:2788|NCBIGENE:2790|NCBIGENE:2792|NCBIGENE:2826|NCBIGENE:2831|NCBIGENE:2832|NCBIGENE:2833|NCBIGENE:283869|NCBIGENE:2841|NCBIGENE:2847|NCBIGENE:2912|NCBIGENE:2913|NCBIGENE:2916|NCBIGENE:2917|NCBIGENE:2918|NCBIGENE:2919|NCBIGENE:2920|NCBIGENE:2921|NCBIGENE:29979|NCBIGENE:3350|NCBIGENE:3351|NCBIGENE:3354|NCBIGENE:3355|NCBIGENE:3361|NCBIGENE:338398|NCBIGENE:338442|NCBIGENE:339403|NCBIGENE:346562|NCBIGENE:351|NCBIGENE:3576|NCBIGENE:3577|NCBIGENE:3579|NCBIGENE:3627|NCBIGENE:3676|NCBIGENE:3827|NCBIGENE:4057|NCBIGENE:4283|NCBIGENE:4543|NCBIGENE:4544|NCBIGENE:4886|NCBIGENE:4887|NCBIGENE:4985|NCBIGENE:4986|NCBIGENE:4987|NCBIGENE:4988|NCBIGENE:501|NCBIGENE:5030|NCBIGENE:50831|NCBIGENE:50832|NCBIGENE:50833|NCBIGENE:50834|NCBIGENE:50835|NCBIGENE:50836|NCBIGENE:50837|NCBIGENE:50838|NCBIGENE:50839|NCBIGENE:50840|NCBIGENE:50865|NCBIGENE:51083|NCBIGENE:51289|NCBIGENE:5179|NCBIGENE:53637|NCBIGENE:5367|NCBIGENE:5368|NCBIGENE:53829|NCBIGENE:54331|NCBIGENE:54429|NCBIGENE:5473|NCBIGENE:5540|NCBIGENE:55604|NCBIGENE:55748|NCBIGENE:55970|NCBIGENE:5617|NCBIGENE:56477|NCBIGENE:56670|NCBIGENE:56923|NCBIGENE:5697|NCBIGENE:57007|NCBIGENE:57121|NCBIGENE:5726|NCBIGENE:5733|NCBIGENE:57413|NCBIGENE:57571|NCBIGENE:58191|NCBIGENE:5864|NCBIGENE:59340|NCBIGENE:5996|NCBIGENE:5999|NCBIGENE:6000|NCBIGENE:6001|NCBIGENE:623|NCBIGENE:6363|NCBIGENE:6364|NCBIGENE:6366|NCBIGENE:6370|NCBIGENE:6372|NCBIGENE:6373|NCBIGENE:6374|NCBIGENE:6387|NCBIGENE:643|NCBIGENE:64407|NCBIGENE:64805|NCBIGENE:6529|NCBIGENE:6538|NCBIGENE:6540|NCBIGENE:6616|NCBIGENE:6750|NCBIGENE:6751|NCBIGENE:6752|NCBIGENE:6754|NCBIGENE:6755|NCBIGENE:6844|NCBIGENE:6857|NCBIGENE:7018|NCBIGENE:7054|NCBIGENE:718|NCBIGENE:719|NCBIGENE:727|NCBIGENE:728|NCBIGENE:729230|NCBIGENE:7852|NCBIGENE:7915|NCBIGENE:80331|NCBIGENE:84539|NCBIGENE:846|NCBIGENE:84735|NCBIGENE:8484|NCBIGENE:8601|NCBIGENE:8698|NCBIGENE:8811|NCBIGENE:8843|NCBIGENE:9294|NCBIGENE:94235|NCBIGENE:9568|NCBIGENE:9628|NCBIGENE:9934,NCCCC(O)=O
DB00763,CID001349907,491,P07202,P05177|P11509|P20813|P33261|P11712|P10635|P05181|P08684|P31513,PUBCHEM.COMPOUND:1349907,DOID:0050328|DOID:0050590|DOID:11634|DOID:1227|DOID:12361|DOID:12449|DOID:12450|DOID:12987|DOID:1459|DOID:1588|DOID:2215|DOID:2216|DOID:2236|DOID:615|DOID:7997|DOID:7998,NCBIGENE:1576|NCBIGENE:2327|NCBIGENE:2328|NCBIGENE:3627|NCBIGENE:4353|NCBIGENE:6869|NCBIGENE:7038|NCBIGENE:7173,CN1C=CNC1=S
DB01085,CID000004819,492,P20309|P11229|P08172|P08173|P08912,P08684|P11509|P27169,PUBCHEM.COMPOUND:4819,,NCBIGENE:10500|NCBIGENE:1128,CC[C@H]1[C@@H](CC2=CN=CN2C)COC1=O
DB00280,CID000003114,493,Q14524|P11229|P08172|P20309|Q9NZV8|Q9UK17|Q12809|P19652,P05177|P08684,PUBCHEM.COMPOUND:3114,DOID:0050700|DOID:0060224|DOID:0060262|DOID:10952|DOID:11984|DOID:12932|DOID:13206|DOID:13550|DOID:1405|DOID:1425|DOID:14445|DOID:2527|DOID:2883|DOID:2921|DOID:409|DOID:437|DOID:4500|DOID:557|DOID:820|DOID:9993,NCBIGENE:1128|NCBIGENE:1131|NCBIGENE:1576|NCBIGENE:3751|NCBIGENE:3752|NCBIGENE:3757,CC(C)N(CCC(C(N)=O)(C1=CC=CC=C1)C1=NC=CC=C1)C(C)C
DB01042,CID000004053,494,,,PUBCHEM.COMPOUND:4053,,,N[C@@H](CC1=CC=C(C=C1)N(CCCl)CCCl)C(O)=O
DB00820,CID000110635,495,O76074|Q9HCR9|P18545,P08684,PUBCHEM.COMPOUND:110635,DOID:0110307|DOID:10003|DOID:10923|DOID:11120|DOID:11847|DOID:11984|DOID:12010|DOID:1240|DOID:1247|DOID:13206|DOID:13477|DOID:13709|DOID:14557|DOID:1712|DOID:1826|DOID:2883|DOID:326|DOID:3526|DOID:5844|DOID:5854|DOID:6432|DOID:6713|DOID:8616|DOID:9286|DOID:9408|DOID:9538,NCBIGENE:1576|NCBIGENE:50940|NCBIGENE:5592|NCBIGENE:8654,[H][C@]12CC3=C(NC4=CC=CC=C34)[C@H](N1C(=O)CN(C)C2=O)C1=CC2=C(OCO2)C=C1
DB00408,CID000003964,496,P28223|P14416|P28335|P08908|P28222|P28221|P28566|P46098|P47898|P50406|P34969|P35348|P35368|P08913|P18089|P18825|P08588|P11229|P08172|P20309|P08173|P08912|P35462|P21917|P21918|P35367|P25021|Q9H3N8|P31645|P23975|Q01959|P21728,,PUBCHEM.COMPOUND:3964,DOID:0050741|DOID:114|DOID:12700|DOID:1287|DOID:13206|DOID:14464|DOID:1574|DOID:1686|DOID:1826|DOID:2883|DOID:3312|DOID:5419|DOID:9854,NCBIGENE:1128|NCBIGENE:1131|NCBIGENE:1132|NCBIGENE:1133|NCBIGENE:147|NCBIGENE:148|NCBIGENE:150|NCBIGENE:152|NCBIGENE:153|NCBIGENE:1813|NCBIGENE:1814|NCBIGENE:1815|NCBIGENE:1816|NCBIGENE:3269|NCBIGENE:3274|NCBIGENE:3350|NCBIGENE:3351|NCBIGENE:3354|NCBIGENE:3357|NCBIGENE:3358|NCBIGENE:3359|NCBIGENE:3361|NCBIGENE:3362|NCBIGENE:3363|NCBIGENE:3553|NCBIGENE:59340|NCBIGENE:6530|NCBIGENE:6531|NCBIGENE:6532,CN1CCN(CC1)C1=NC2=CC=CC=C2OC2=C1C=C(Cl)C=C2
DB01183,CID000004425,497,P35372|P41143|P41145|P16220|P03372|O00206|P23141,P08684|P22309|P33260|P33261,PUBCHEM.COMPOUND:4425,,,OC1=CC=C2C[C@H]3N(CC=C)CC[C@@]45[C@@H](OC1=C24)C(=O)CC[C@@]35O
DB00519,CID000005525,498,P12821,P23141,PUBCHEM.COMPOUND:5525,,,[H][C@@]12C[C@H](N(C(=O)[C@H](C)N[C@@H](CCC3=CC=CC=C3)C(=O)OCC)[C@@]1([H])CCCC2)C(O)=O
DB00859,CID000004727,499,,,PUBCHEM.COMPOUND:4727,,NCBIGENE:212,[H][C@](N)(C(O)=O)C(C)(C)S
DB00324,CID000003384,500,P04150,P20815|P08684,PUBCHEM.COMPOUND:3384,,,[H][C@@]12CC[C@](O)(C(C)=O)[C@@]1(C)C[C@H](O)[C@@]1(F)[C@@]2([H])C[C@H](C)C2=CC(=O)C=C[C@]12C
DB00986,CID000003494,501,P11229|P20309|P08172|P08173|P08912,P10635|P05177|P20813|P11712|P33260|P33261|P08684,PUBCHEM.COMPOUND:3494,,NCBIGENE:1128|NCBIGENE:1131|NCBIGENE:1132|NCBIGENE:1133,C[N+]1(C)CCC(C1)OC(=O)C(O)(C1CCCC1)C1=CC=CC=C1
DB01053,CID000002349,502,A0A0H2XJ39|Q8TCC7|P46059|Q16348,P62593,PUBCHEM.COMPOUND:2349,,NCBIGENE:157570|NCBIGENE:9407,[H][C@]12SC(C)(C)[C@@H](N1C(=O)[C@H]2NC(=O)CC1=CC=CC=C1)C(O)=O
DB00330,CID000003279,503,P9WNL5|P9WNL7|P9WNL9,P05177|P05181|P33261|P10635|P11509|P11712|P08684,PUBCHEM.COMPOUND:3279,,,CC[C@@H](CO)NCCN[C@@H](CC)CO
DB01186,CID000004745,504,P14416|P35462|P21917|P21918|P21728|P08908|P41595|P28223|P28221|P28222|P28335|P35348|P35368|P25100,P08684,PUBCHEM.COMPOUND:4745,,,[H][C@@]12CC3=CNC4=CC=CC(=C34)[C@@]1([H])C[C@@H](CSC)CN2CCC
DB00107,CID000005771,505,P30559,P48147|Q9UIQ6,PUBCHEM.COMPOUND:5771,,NCBIGENE:5021,CCC(C)C1C(=O)NC(C(=O)NC(C(=O)NC(CSSCC(C(=O)NC(C(=O)N1)CC2=CC=C(C=C2)O)N)C(=O)N3CCCC3C(=O)NC(CC(C)C)C(=O)NCC(=O)N)CC(=O)N)CCC(=O)N
DB00920,CID000003827,506,P35367|P52209,P35503|P22310|P36537,PUBCHEM.COMPOUND:3827,DOID:11204|DOID:2457|DOID:2474,NCBIGENE:1128|NCBIGENE:1131|NCBIGENE:1132|NCBIGENE:1133|NCBIGENE:27115|NCBIGENE:3073|NCBIGENE:3074|NCBIGENE:3269|NCBIGENE:4318|NCBIGENE:4843|NCBIGENE:5142|NCBIGENE:5143|NCBIGENE:5144|NCBIGENE:5150|NCBIGENE:5151|NCBIGENE:5226|NCBIGENE:8622,CN1CCC(CC1)=C1C2=C(SC=C2)C(=O)CC2=CC=CC=C12
DB14596,CID000054808,507,P04150,P08684|P27169,PUBCHEM.COMPOUND:54808,,,[H][C@@]12CC[C@](OC(=O)OCC)(C(=O)OCCl)[C@@]1(C)C[C@H](O)[C@@]1([H])[C@@]2([H])CCC2=CC(=O)C=C[C@]12C
DB00596,CID000048175,508,P04150,,PUBCHEM.COMPOUND:48175,,NCBIGENE:2908|NCBIGENE:5319,[H][C@@]12C[C@H](C)[C@](O)(C(=O)CCl)[C@@]1(C)C[C@H](O)[C@@]1(F)[C@@]2([H])C[C@H](F)C2=CC(=O)C=C[C@]12C
DB00035,CID000027991,509,P30518|P37288|P47901,P35354|P23219,PUBCHEM.COMPOUND:27991,,NCBIGENE:1080|NCBIGENE:115111|NCBIGENE:2155|NCBIGENE:359|NCBIGENE:360|NCBIGENE:5054|NCBIGENE:5327|NCBIGENE:551|NCBIGENE:552|NCBIGENE:553|NCBIGENE:60370|NCBIGENE:6403|NCBIGENE:6563|NCBIGENE:7450|NCBIGENE:8170|NCBIGENE:857,NC(=O)CC[C@@H]1NC(=O)[C@H](CC2=CC=CC=C2)NC(=O)[C@H](CC2=CC=C(O)C=C2)NC(=O)CCSSC[C@H](NC(=O)[C@H](CC(N)=O)NC1=O)C(=O)N1CCC[C@H]1C(=O)N[C@H](CCCNC(N)=N)C(=O)NCC(N)=O
CID000060696,CID000060696,510,,,PUBCHEM.COMPOUND:60696,,,CC(=O)O[C@H]1[C@H](CC2[C@@]1(CCC3C2CCC4[C@@]3(C[C@@H]([C@H](C4)O)N5CCOCC5)C)C)[N+]6(CCCC6)CC=C
DB00552,CID000004739,511,P00813,,PUBCHEM.COMPOUND:4739,,,OC[C@H]1O[C@H](C[C@@H]1O)N1C=NC2=C1N=CNC[C@H]2O
DB00417,CID000004730,512,Q53707|Q8XJ01|P24228|P12256|P46059,,PUBCHEM.COMPOUND:4730,,,[H][C@]12SC(C)(C)[C@@H](N1C(=O)[C@H]2NC(=O)COC1=CC=CC=C1)C(O)=O
DB01037,CID000005195,513,P27338|P21397,P20813|P08684|P11509|P05177|P33261|P10632|P11712|P10635,PUBCHEM.COMPOUND:5195,,NCBIGENE:4128|NCBIGENE:4129,C[C@H](CC1=CC=CC=C1)N(C)CC#C
DB00970,CID000002019,514,P11387,,PUBCHEM.COMPOUND:2019,,NCBIGENE:11201|NCBIGENE:1848|NCBIGENE:190|NCBIGENE:1906|NCBIGENE:2152|NCBIGENE:2247|NCBIGENE:2321|NCBIGENE:3162|NCBIGENE:3383|NCBIGENE:3426|NCBIGENE:3484|NCBIGENE:3553|NCBIGENE:3576|NCBIGENE:3725|NCBIGENE:3827|NCBIGENE:3976|NCBIGENE:4128|NCBIGENE:4170|NCBIGENE:4312|NCBIGENE:4691|NCBIGENE:4843|NCBIGENE:4846|NCBIGENE:4953|NCBIGENE:5268|NCBIGENE:54205|NCBIGENE:5435|NCBIGENE:56729|NCBIGENE:5743|NCBIGENE:6337|NCBIGENE:6340|NCBIGENE:638|NCBIGENE:6446|NCBIGENE:6558|NCBIGENE:6770|NCBIGENE:7037|NCBIGENE:7040|NCBIGENE:7076|NCBIGENE:7124|NCBIGENE:7157|NCBIGENE:7295|NCBIGENE:836|NCBIGENE:8793|NCBIGENE:8795|NCBIGENE:8797,[H][C@@]12CCCN1C(=O)[C@H](NC(=O)[C@@H](NC(=O)C1=C3N=C4C(OC3=C(C)C=C1)=C(C)C(=O)C(N)=C4C(=O)N[C@H]1[C@@H](C)OC(=O)[C@H](C(C)C)N(C)C(=O)CN(C)C(=O)[C@]3([H])CCCN3C(=O)[C@H](NC1=O)C(C)C)[C@@H](C)OC(=O)[C@H](C(C)C)N(C)C(=O)CN(C)C2=O)C(C)C
DB05271,CID000057537,515,P35462|P21917|P14416|P21918|P21728|P08908|P18089,P08684|P10635|P33261,PUBCHEM.COMPOUND:57537,,NCBIGENE:1813|NCBIGENE:1814|NCBIGENE:1815|NCBIGENE:1816|NCBIGENE:3350,CCCN(CCC1=CC=CS1)[C@H]1CCC2=C(O)C=CC=C2C1
DB08964,CID000000158,516,P43115|P43116,,PUBCHEM.COMPOUND:158,,NCBIGENE:11251|NCBIGENE:5729|NCBIGENE:5731|NCBIGENE:5732|NCBIGENE:5733|NCBIGENE:5734|NCBIGENE:5737|NCBIGENE:5739|NCBIGENE:6915,CCCCC(C)(C)[C@H](O)\C=C\[C@H]1[C@H](O)CC(=O)[C@@H]1CCCC\C=C\C(=O)OC
DB01254,CID003062316,517,P00519|P12931|P29317|P06239|P07947|P10721|P09619|P51692|P42684|P06241|Q06187|Q92570|P11274|P41240|P54756|P54760|P09769|P42685|P11142|P07948|Q9NYL2|Q16539|Q06203,P04798|P05177|Q16678|P20815|P31513|P08684,PUBCHEM.COMPOUND:3062316,DOID:0050590|DOID:0060262|DOID:11482|DOID:118|DOID:11847|DOID:1227|DOID:12987|DOID:1588|DOID:2355|DOID:2361|DOID:409|DOID:5844|DOID:5854|DOID:6000|DOID:9408,NCBIGENE:10188|NCBIGENE:102724428|NCBIGENE:11183|NCBIGENE:1399|NCBIGENE:1436|NCBIGENE:1445|NCBIGENE:1452|NCBIGENE:150094|NCBIGENE:150353|NCBIGENE:1543|NCBIGENE:1956|NCBIGENE:1969|NCBIGENE:2041|NCBIGENE:2042|NCBIGENE:2043|NCBIGENE:2046|NCBIGENE:2047|NCBIGENE:2048|NCBIGENE:2049|NCBIGENE:2050|NCBIGENE:2065|NCBIGENE:2066|NCBIGENE:2322|NCBIGENE:23235|NCBIGENE:2475|NCBIGENE:25|NCBIGENE:2534|NCBIGENE:2580|NCBIGENE:27|NCBIGENE:285220|NCBIGENE:3227|NCBIGENE:3702|NCBIGENE:3717|NCBIGENE:3815|NCBIGENE:3932|NCBIGENE:3984|NCBIGENE:3985|NCBIGENE:4067|NCBIGENE:4233|NCBIGENE:51330|NCBIGENE:5156|NCBIGENE:5159|NCBIGENE:51701|NCBIGENE:51776|NCBIGENE:5594|NCBIGENE:5595|NCBIGENE:5604|NCBIGENE:5607|NCBIGENE:5747|NCBIGENE:5894|NCBIGENE:5979|NCBIGENE:613|NCBIGENE:6285|NCBIGENE:640|NCBIGENE:6725|NCBIGENE:6774|NCBIGENE:6776|NCBIGENE:6777|NCBIGENE:7006|NCBIGENE:7157|NCBIGENE:7294|NCBIGENE:7351|NCBIGENE:7535|NCBIGENE:79858|NCBIGENE:80122|NCBIGENE:81608|NCBIGENE:836|NCBIGENE:8767|NCBIGENE:94|NCBIGENE:9429|NCBIGENE:975,CC1=NC(NC2=NC=C(S2)C(=O)NC2=C(C)C=CC=C2Cl)=CC(=N1)N1CCN(CCO)CC1
DB00459,CID000041317,518,P19793|P10276|P10826|P13631|P28702|P48443|P09455,,PUBCHEM.COMPOUND:41317,,,COC1=C(C)C(C)=C(\C=C\C(\C)=C\C=C\C(\C)=C\C(O)=O)C(C)=C1
DB00323,CID004659569,519,P21964,P11712,PUBCHEM.COMPOUND:4659569,DOID:0060262|DOID:0060891|DOID:0060895|DOID:0060896|DOID:14330|DOID:1909|DOID:409|DOID:7327|DOID:8923|DOID:9854,NCBIGENE:118881|NCBIGENE:1312|NCBIGENE:220074|NCBIGENE:3757|NCBIGENE:54600,CC1=CC=C(C=C1)C(=O)C1=CC(=C(O)C(O)=C1)[N+]([O-])=O
DB01140,CID000002610,520,Q75Y35|Q8DR59|Q7CRA4|P0A3M6,,PUBCHEM.COMPOUND:2610,,,[H][C@]12SCC(C)=C(N1C(=O)[C@H]2NC(=O)[C@H](N)C1=CC=C(O)C=C1)C(O)=O
DB00659,CID000071158,521,P41594|Q9UBS5,,PUBCHEM.COMPOUND:71158,DOID:0050741|DOID:1574,NCBIGENE:116443|NCBIGENE:2353|NCBIGENE:2902|NCBIGENE:2915,CC(=O)NCCCS(O)(=O)=O
CID000004607,CID000004607,522,,,PUBCHEM.COMPOUND:4607,,,CC1=C(C(=NO1)C2=CC=CC=C2)C(=O)NC3C4N(C3=O)C(C(S4)(C)C)C(=O)[O-]
DB00850,CID000004748,523,P14416|P21728|P0DP23,P05177|P33260|P33261|P10632|P11712|P08684|P10635,PUBCHEM.COMPOUND:4748,DOID:0050590|DOID:0050741|DOID:0050841|DOID:0060262|DOID:1067|DOID:11847|DOID:1227|DOID:12361|DOID:12700|DOID:12987|DOID:13206|DOID:13548|DOID:13550|DOID:1405|DOID:14221|DOID:1432|DOID:14445|DOID:14464|DOID:1574|DOID:1588|DOID:1686|DOID:1826|DOID:2355|DOID:2361|DOID:2883|DOID:3393|DOID:3878|DOID:409|DOID:4195|DOID:529|DOID:5419|DOID:5844|DOID:5854|DOID:615|DOID:679|DOID:7997|DOID:7998|DOID:8442|DOID:9408|DOID:9854|DOID:9970,NCBIGENE:147|NCBIGENE:148|NCBIGENE:150|NCBIGENE:152|NCBIGENE:1565|NCBIGENE:1576|NCBIGENE:1813|NCBIGENE:1814|NCBIGENE:1815|NCBIGENE:316|NCBIGENE:3269|NCBIGENE:3350|NCBIGENE:3358|NCBIGENE:3362|NCBIGENE:3363|NCBIGENE:5617|NCBIGENE:801|NCBIGENE:805|NCBIGENE:808,OCCN1CCN(CCCN2C3=CC=CC=C3SC3=C2C=C(Cl)C=C3)CC1
DB00602,CID006435110,524,,P08684|P10635|P05181,PUBCHEM.COMPOUND:6435110,,NCBIGENE:5743|NCBIGENE:9429,[H][C@@]12OC\C3=C/C=C/[C@H](C)[C@H](O[C@H]4C[C@H](OC)[C@@H](O[C@H]5C[C@H](OC)[C@@H](O)[C@H](C)O5)[C@H](C)O4)\C(C)=C\C[C@]4([H])C[C@@]([H])(C[C@]5(CC[C@H](C)[C@]([H])(O5)C(C)C)O4)OC(=O)[C@]([H])(C=C(C)[C@H]1O)[C@@]23O.[H][C@@]12OC\C3=C/C=C/[C@H](C)[C@H](O[C@H]4C[C@H](OC)[C@@H](O[C@H]5C[C@H](OC)[C@@H](O)[C@H](C)O5)[C@H](C)O4)\C(C)=C\C[C@]4([H])C[C@@]([H])(C[C@]5(CC[C@H](C)[C@]([H])(O5)[C@@H](C)CC)O4)OC(=O)[C@]([H])(C=C(C)[C@H]1O)[C@@]23O
DB00538,CID000444013,525,,,PUBCHEM.COMPOUND:444013,,,[Gd+3].COCCNC(=O)CN(CCN(CCN(CC([O-])=O)CC(=O)NCCOC)CC([O-])=O)CC([O-])=O
DB00206,CID000005052,526,Q05940|P54219|O15392,P20815,PUBCHEM.COMPOUND:5052,,,[H][C@]12C[C@@H](OC(=O)C3=CC(OC)=C(OC)C(OC)=C3)[C@H](OC)[C@@H](C(=O)OC)[C@@]1([H])C[C@@]1([H])N(CCC3=C1NC1=C3C=CC(OC)=C1)C2
CID000060612,CID000060612,527,,,PUBCHEM.COMPOUND:60612,,,CC1=C(C(=CC=C1)[C@@H](C)C2=CN=CN2)C
DB00470,CID000002978,528,P21554|P34972,P04798|P05177|Q16678|P11509|P11712|P20813|P33261|P10635|P51589|P08684|P20815|P24462|P23141|P23219|P22309|P35503|O60656|Q9HAW8,PUBCHEM.COMPOUND:2978,,,[H][C@@]12C=C(C)CC[C@@]1([H])C(C)(C)OC1=C2C(O)=CC(CCCCC)=C1
DB00410,CID000004264,529,P41972,,PUBCHEM.COMPOUND:4264,,,C[C@H](O)[C@H](C)[C@@H]1O[C@H]1C[C@H]1CO[C@@H](C\C(C)=C\C(=O)OCCCCCCCCC(O)=O)[C@H](O)[C@@H]1O
DB00605,CID000005352,530,P35354|P23219|P15121|P27361|Q03181|Q9Y5Y4|O60218,P04798,PUBCHEM.COMPOUND:5352,,,CC1=C(CC(O)=O)C2=CC(F)=CC=C2\C1=C/C1=CC=C(C=C1)S(C)=O
DB00359,CID000005215,531,Q27738,P10632|P08684|P11712,PUBCHEM.COMPOUND:5215,DOID:0050590|DOID:0060262|DOID:0110892|DOID:10176|DOID:10952|DOID:11079|DOID:11080|DOID:11406|DOID:1227|DOID:12449|DOID:12574|DOID:12987|DOID:13268|DOID:13336|DOID:14026|DOID:1425|DOID:1588|DOID:2355|DOID:2361|DOID:2527|DOID:2747|DOID:2749|DOID:2841|DOID:2862|DOID:2921|DOID:3612|DOID:409|DOID:5200|DOID:557|DOID:615|DOID:74|DOID:8549|DOID:8577|DOID:8886|DOID:9266|DOID:9360|DOID:9415|DOID:9870|DOID:9965,NCBIGENE:10,NC1=CC=C(C=C1)S(=O)(=O)NC1=NC=CC=N1
DB00435,CID000145068,532,P33402|P04731|P14902|P29474,P05091|P05177|P20813|P08684,PUBCHEM.COMPOUND:145068,DOID:10783|DOID:12451|DOID:13042|DOID:14557|DOID:6000|DOID:6432,NCBIGENE:1392|NCBIGENE:1401|NCBIGENE:142|NCBIGENE:1435|NCBIGENE:1448|NCBIGENE:1490|NCBIGENE:1756|NCBIGENE:183|NCBIGENE:1906|NCBIGENE:1909|NCBIGENE:1910|NCBIGENE:1956|NCBIGENE:1958|NCBIGENE:213|NCBIGENE:2147|NCBIGENE:2152|NCBIGENE:2155|NCBIGENE:2290|NCBIGENE:2308|NCBIGENE:231|NCBIGENE:2353|NCBIGENE:25828|NCBIGENE:2752|NCBIGENE:2920|NCBIGENE:2982|NCBIGENE:2983|NCBIGENE:2984|NCBIGENE:2986|NCBIGENE:3000|NCBIGENE:3122|NCBIGENE:3162|NCBIGENE:3320|NCBIGENE:3383|NCBIGENE:3458|NCBIGENE:3553|NCBIGENE:3567|NCBIGENE:3576|NCBIGENE:3586|NCBIGENE:359|NCBIGENE:3627|NCBIGENE:3667|NCBIGENE:3752|NCBIGENE:3827|NCBIGENE:4312|NCBIGENE:4313|NCBIGENE:4322|NCBIGENE:472|NCBIGENE:4780|NCBIGENE:4843|NCBIGENE:4846|NCBIGENE:4881|NCBIGENE:4882|NCBIGENE:4893|NCBIGENE:4953|NCBIGENE:4968|NCBIGENE:5268|NCBIGENE:54205|NCBIGENE:5592|NCBIGENE:5594|NCBIGENE:5595|NCBIGENE:5743|NCBIGENE:627|NCBIGENE:6403|NCBIGENE:6517|NCBIGENE:6647|NCBIGENE:6915|NCBIGENE:7076|NCBIGENE:7124|NCBIGENE:7157|NCBIGENE:7295|NCBIGENE:7432|NCBIGENE:836|NCBIGENE:840|NCBIGENE:841|NCBIGENE:847|NCBIGENE:857|NCBIGENE:859|NCBIGENE:8651|NCBIGENE:89822|NCBIGENE:9360|NCBIGENE:940|NCBIGENE:9407|NCBIGENE:973,[N]=O
DB00529,CID000003414,533,P04293|P08546,,PUBCHEM.COMPOUND:3414,,NCBIGENE:5105|NCBIGENE:5106|NCBIGENE:6574|NCBIGENE:84693,OC(=O)P(O)(O)=O
CID000002283,CID000002283,534,,,PUBCHEM.COMPOUND:2283,,,CCC(C)C1C(=O)NC(C(=O)NC(C(=O)NC(C(=O)NC(C(=O)NC(C(=O)NC(C(=O)N1)CCCN)CCCCNC(=O)C(C(C)CC)NC(=O)C(CCC(=O)O)NC(=O)C(CC(C)C)NC(=O)C2CSC(=N2)C(C(C)CC)N)CC(=O)N)CC(=O)O)CC3=CN=CN3)CC4=CC=CC=C4
DB01082,CID000005297,535,P0A7S3|Q9UM07,,PUBCHEM.COMPOUND:5297,,,CN[C@H]1[C@H](O)[C@@H](O)[C@H](CO)O[C@H]1O[C@H]1[C@H](O[C@H]2[C@H](O)[C@@H](O)[C@H](NC(N)=N)[C@@H](O)[C@@H]2NC(N)=N)O[C@@H](C)[C@]1(O)C=O
DB00701,CID000002177,536,Q72874,P20813|P33261|P11712|P10635|P20815|P08684,PUBCHEM.COMPOUND:2177,,,CC(C)CN(C[C@@H](O)[C@H](CC1=CC=CC=C1)NC(=O)O[C@H]1CCOC1)S(=O)(=O)C1=CC=C(N)C=C1
DB00631,CID000119182,537,P09884|P23921,P27707,PUBCHEM.COMPOUND:119182,DOID:0050590|DOID:0060262|DOID:104|DOID:1074|DOID:1227|DOID:12449|DOID:12987|DOID:14400|DOID:1564|DOID:1588|DOID:2355|DOID:2361|DOID:2739|DOID:2741|DOID:409|DOID:4676|DOID:8913|DOID:934|DOID:9952,NCBIGENE:1633|NCBIGENE:4170|NCBIGENE:5422|NCBIGENE:6240,[H][C@]1(F)[C@H](O)[C@@H](CO)O[C@H]1N1C=NC2=C(N)N=C(Cl)N=C12
DB01275,CID000003637,538,Q16853|Q16665|P13674,P08684,PUBCHEM.COMPOUND:3637,DOID:0050700|DOID:0110892|DOID:10763|DOID:10825|DOID:10952|DOID:11151|DOID:11459|DOID:11755|DOID:11847|DOID:11984|DOID:12139|DOID:12361|DOID:12550|DOID:12678|DOID:12679|DOID:12932|DOID:13189|DOID:13413|DOID:13543|DOID:1425|DOID:1470|DOID:1595|DOID:1596|DOID:1826|DOID:1837|DOID:1920|DOID:2355|DOID:2361|DOID:2383|DOID:2485|DOID:2527|DOID:2848|DOID:2913|DOID:2921|DOID:2983|DOID:3341|DOID:3393|DOID:3526|DOID:4500|DOID:4964|DOID:4989|DOID:557|DOID:5844|DOID:5854|DOID:6713|DOID:750|DOID:7997|DOID:7998|DOID:8577|DOID:9074|DOID:9351|DOID:9408|DOID:9428,NCBIGENE:10|NCBIGENE:1786|NCBIGENE:183|NCBIGENE:2625|NCBIGENE:2950|NCBIGENE:340273|NCBIGENE:3683|NCBIGENE:4255|NCBIGENE:5033|NCBIGENE:5972|NCBIGENE:7054|NCBIGENE:8639,NNC1=NN=CC2=CC=CC=C12
DB14540,CID000003642,539,P04083|P04150|P80365|P14060,P08684|P20815|P24462|P15538|P19099|P10632,PUBCHEM.COMPOUND:3642,,,[H][C@@]12CC[C@](OC(=O)CCC)(C(=O)CO)[C@@]1(C)C[C@H](O)[C@@]1([H])[C@@]2([H])CCC2=CC(=O)CC[C@]12C
CID000027686,CID000027686,540,,,PUBCHEM.COMPOUND:27686,,,C1=CC2=C(C(=C1)OCC(COC3=CC4=C(C=C3)OC(=CC4=O)C(=O)O)O)C(=O)C=C(O2)C(=O)O
DB01047,CID000003382,541,P04150|Q99835,P08684|P20815,PUBCHEM.COMPOUND:3382,,,[H][C@@]12C[C@@]3([H])[C@]4([H])C[C@H](F)C5=CC(=O)C=C[C@]5(C)[C@@]4(F)[C@@H](O)C[C@]3(C)[C@@]1(OC(C)(C)O2)C(=O)COC(C)=O
DB00809,CID000005593,542,P08173|P11229|P08172|P20309,,PUBCHEM.COMPOUND:5593,DOID:1067|DOID:10763|DOID:10825|DOID:12361|DOID:13550|DOID:1405|DOID:14445|DOID:1837|DOID:3393|DOID:7997|DOID:7998|DOID:9282|DOID:9351,NCBIGENE:1128|NCBIGENE:1131|NCBIGENE:1132|NCBIGENE:1133,CCN(CC1=CC=NC=C1)C(=O)C(CO)C1=CC=CC=C1
DB00640,CID000000191,543,P30542|P29274|P29275|P0DMS8,P00568|P15531|P22392|P00491|P47989|P00813|P55263,PUBCHEM.COMPOUND:191,,,NC1=C2N=CN([C@@H]3O[C@H](CO)[C@@H](O)[C@H]3O)C2=NC=N1
DB01627,CID000003928,544,,,PUBCHEM.COMPOUND:3928,,,[H][C@]1(C[C@@H](CCC)CN1C)C(=O)N[C@H]([C@@H](C)O)[C@H]1O[C@H](SC)[C@H](O)[C@@H](O)[C@H]1O
DB00211,CID000004195,545,P35348|P35368|P25100,P10635,PUBCHEM.COMPOUND:4195,DOID:0050771|DOID:10021|DOID:10154|DOID:117|DOID:12361|DOID:3953|DOID:7997|DOID:7998,NCBIGENE:146|NCBIGENE:147|NCBIGENE:148|NCBIGENE:1565,COC1=CC(C(O)CNC(=O)CN)=C(OC)C=C1
DB00700,CID000150310,546,P08235,P19099|P08684|P20815,PUBCHEM.COMPOUND:150310,,,[H][C@@]12CC[C@@]3(CCC(=O)O3)[C@@]1(C)C[C@H]1O[C@@]11[C@@]2([H])[C@@H](CC2=CC(=O)CC[C@]12C)C(=O)OC
DB01319,CID000131536,547,Q72874,P08684,PUBCHEM.COMPOUND:131536,DOID:0060262|DOID:0111135|DOID:0111136|DOID:0111137|DOID:0111138|DOID:10763|DOID:10825|DOID:11712|DOID:11847|DOID:12134|DOID:12259|DOID:1837|DOID:1883|DOID:2043|DOID:3393|DOID:409|DOID:4195|DOID:526|DOID:580|DOID:583|DOID:5844|DOID:585|DOID:5854|DOID:635|DOID:811|DOID:9351|DOID:9408|DOID:9970,,CC(C)CN(C[C@@H](OP(O)(O)=O)[C@H](CC1=CC=CC=C1)NC(=O)O[C@H]1CCOC1)S(=O)(=O)C1=CC=C(N)C=C1
DB01577,CID000001206,548,Q01959|P31645|P23975|Q05940|P54219|Q96RJ0|P08913|P18089|P18825|P21397|P27338,P10635,PUBCHEM.COMPOUND:1206,,NCBIGENE:6531,CN[C@@H](C)CC1=CC=CC=C1
DB00969,CID000002099,549,P46098,P05177|P08684|P11712|P05181,PUBCHEM.COMPOUND:2099,DOID:0060180|DOID:0060189|DOID:0060190|DOID:0060192|DOID:0060262|DOID:0110892|DOID:2089|DOID:2326|DOID:2451|DOID:2452|DOID:3755|DOID:3756|DOID:3875|DOID:409|DOID:8577|DOID:8778,NCBIGENE:3359,CN1C2=C(C3=CC=CC=C13)C(=O)N(CC1=C(C)NC=N1)CC2
DB00704,CID000004428,550,P35372|P41145|P41143|Q99720,P22309,PUBCHEM.COMPOUND:4428,,NCBIGENE:4985|NCBIGENE:4986|NCBIGENE:4988,[H][C@@]12OC3=C(O)C=CC4=C3[C@@]11CCN(CC3CC3)[C@]([H])(C4)[C@]1(O)CCC2=O
DB00594,CID000016231,551,P37088|P51168|P51170|P51172|P19801|Q16515|P78348|P19634|P00749,P19801|Q9TRC7,PUBCHEM.COMPOUND:16231,DOID:0060262|DOID:10763|DOID:10825|DOID:10952|DOID:12550|DOID:13189|DOID:13413|DOID:13543|DOID:1425|DOID:1837|DOID:1920|DOID:2383|DOID:2527|DOID:2913|DOID:2921|DOID:2983|DOID:3341|DOID:3650|DOID:409|DOID:4500|DOID:4989|DOID:557|DOID:6000|DOID:9074|DOID:9351,,NC(=N)NC(=O)C1=NC(Cl)=C(N)N=C1N
DB00446,CID000000298,552,P0ADY7|P24093|P08174,P00484|P26841|Q56148|P33261|P08684|P20815|P24462,PUBCHEM.COMPOUND:298,,,OC[C@@H](NC(=O)C(Cl)Cl)[C@H](O)C1=CC=C(C=C1)[N+]([O-])=O
DB01410,CID000444033,553,P04150,P23141|P08684|P10635,PUBCHEM.COMPOUND:444033,,NCBIGENE:2908|NCBIGENE:6347,[H][C@@]12C[C@@]3([H])[C@]4([H])CCC5=CC(=O)C=C[C@]5(C)[C@@]4([H])[C@@H](O)C[C@]3(C)[C@@]1(O[C@@H](O2)C1CCCCC1)C(=O)COC(=O)C(C)C
DB00780,CID000003675,554,P21397|P27338|Q16853|P80404|P24298|Q8TD30|Q9UGI5,P33261|P10632|P08684|P20815|P24462|P10635|P21397|P27338|P05181,PUBCHEM.COMPOUND:3675,DOID:0050741|DOID:0050771|DOID:0060262|DOID:10021|DOID:10154|DOID:10763|DOID:10825|DOID:10952|DOID:114|DOID:117|DOID:12139|DOID:12361|DOID:1287|DOID:1425|DOID:14320|DOID:1470|DOID:1574|DOID:1595|DOID:1596|DOID:1826|DOID:1837|DOID:2030|DOID:2527|DOID:2848|DOID:2921|DOID:3312|DOID:3393|DOID:3953|DOID:409|DOID:4964|DOID:5419|DOID:557|DOID:6713|DOID:7997|DOID:7998|DOID:9351|DOID:9993,NCBIGENE:1555|NCBIGENE:1558|NCBIGENE:1576|NCBIGENE:2875|NCBIGENE:4128|NCBIGENE:4129|NCBIGENE:627|NCBIGENE:7054|NCBIGENE:84706|NCBIGENE:8639,NNCCC1=CC=CC=C1
DB00305,CID000005746,555,,P16435,PUBCHEM.COMPOUND:5746,DOID:10952|DOID:11875|DOID:12449|DOID:1247|DOID:12554|DOID:1425|DOID:1588|DOID:2355|DOID:2361|DOID:2527|DOID:2921|DOID:4074|DOID:557|DOID:6000|DOID:615|DOID:9637|DOID:9673,NCBIGENE:142|NCBIGENE:1728|NCBIGENE:2177|NCBIGENE:3576|NCBIGENE:54205|NCBIGENE:5447|NCBIGENE:5590|NCBIGENE:5594|NCBIGENE:5595|NCBIGENE:5889|NCBIGENE:6624|NCBIGENE:672|NCBIGENE:675|NCBIGENE:7150|NCBIGENE:7157|NCBIGENE:7498|NCBIGENE:7516|NCBIGENE:836|NCBIGENE:841|NCBIGENE:842,[H][C@]12CN3C4=C([C@@H](COC(N)=O)[C@@]3(OC)[C@@]1([H])N2)C(=O)C(N)=C(C)C4=O
DB00995,CID006918453,556,P30044|O14920,,PUBCHEM.COMPOUND:6918453,,NCBIGENE:240|NCBIGENE:29110|NCBIGENE:3363|NCBIGENE:4780|NCBIGENE:6774|NCBIGENE:7296|NCBIGENE:836,CCP(CC)(CC)=[Au]S[C@@H]1O[C@H](COC(C)=O)[C@@H](OC(C)=O)[C@H](OC(C)=O)[C@H]1OC(C)=O
DB00355,CID000002274,557,P42971|P05193|Q47066,,PUBCHEM.COMPOUND:2274,,,C[C@H]1[C@H](NC(=O)C(=N/OC(C)(C)C(=O)O)\C2=CSC([NH3+])=N2)C(=O)N1S([O-])(=O)=O
DB00879,CID000060877,558,Q72547,P27707,PUBCHEM.COMPOUND:60877,DOID:0060262|DOID:10573|DOID:10609|DOID:1062|DOID:10952|DOID:12139|DOID:1229|DOID:1425|DOID:1470|DOID:1595|DOID:1596|DOID:1826|DOID:1883|DOID:2043|DOID:2527|DOID:2848|DOID:2921|DOID:3312|DOID:3650|DOID:409|DOID:4964|DOID:526|DOID:557|DOID:635|DOID:778|DOID:9452|DOID:9970,NCBIGENE:1633,NC1=NC(=O)N(C=C1F)[C@@H]1CS[C@H](CO)O1
DB00195,CID000002369,559,P08588|P07550,P10635|P05177,PUBCHEM.COMPOUND:2369,DOID:0050771|DOID:0050820|DOID:0060262|DOID:10021|DOID:10154|DOID:10300|DOID:1067|DOID:10763|DOID:10825|DOID:10952|DOID:117|DOID:12139|DOID:1425|DOID:1470|DOID:1595|DOID:1596|DOID:1837|DOID:2527|DOID:2841|DOID:2848|DOID:2921|DOID:3953|DOID:409|DOID:437|DOID:4398|DOID:4964|DOID:557|DOID:8893|DOID:9088|DOID:9282|DOID:9351|DOID:9360|DOID:9415|DOID:9993,NCBIGENE:153|NCBIGENE:154|NCBIGENE:1544|NCBIGENE:4846,CC(C)NCC(O)COC1=CC=C(CCOCC2CC2)C=C1
DB00622,CID000004473,560,Q13936|Q08289|P54289|Q01668|P54750|Q01064|P35348|P35368|P25100|P11229|P08172|P20309|P08173|P08912|P0DP23|O43497|O95180|Q9P0X4,P08684|P10635|P33261|P10632|P20813|P05181|P20815|P11712,PUBCHEM.COMPOUND:4473,,NCBIGENE:1128|NCBIGENE:1131|NCBIGENE:1132|NCBIGENE:1133|NCBIGENE:146|NCBIGENE:147|NCBIGENE:148|NCBIGENE:1559|NCBIGENE:1576|NCBIGENE:5153|NCBIGENE:57413|NCBIGENE:775|NCBIGENE:776|NCBIGENE:781|NCBIGENE:783|NCBIGENE:801|NCBIGENE:805|NCBIGENE:808|NCBIGENE:8647,COC(=O)C1=C(C)NC(C)=C(C1C1=CC(=CC=C1)[N+]([O-])=O)C(=O)OCCN(C)CC1=CC=CC=C1
CID005473385,CID005473385,561,,,PUBCHEM.COMPOUND:5473385,,,C1=NC2C(=N1)NC(=NC2=S)N
DB01367,CID000122316,562,P27338|P10415,P05177,PUBCHEM.COMPOUND:122316,,,C#CCN[C@@H]1CCC2=CC=CC=C12
DB01114,CID000002725,563,P35367|P31645|P23975|Q01959,P08684|P10635|P20815|P24462,PUBCHEM.COMPOUND:2725,DOID:0050328|DOID:0050589|DOID:0050741|DOID:0060262|DOID:0060573|DOID:0060674|DOID:0060675|DOID:0060676|DOID:0060677|DOID:0060678|DOID:0060679|DOID:0060692|DOID:0110892|DOID:0111045|DOID:0111052|DOID:0111054|DOID:0111056|DOID:0111057|DOID:10459|DOID:10460|DOID:10493|DOID:10652|DOID:10763|DOID:10772|DOID:10808|DOID:10825|DOID:10933|DOID:10952|DOID:11204|DOID:11249|DOID:11328|DOID:114|DOID:11459|DOID:11486|DOID:11634|DOID:11847|DOID:11870|DOID:11963|DOID:11981|DOID:12176|DOID:12361|DOID:1247|DOID:12531|DOID:12642|DOID:1287|DOID:13186|DOID:13189|DOID:1319|DOID:13195|DOID:13206|DOID:13550|DOID:13739|DOID:13774|DOID:13948|DOID:13976|DOID:1405|DOID:1425|DOID:14250|DOID:1443|DOID:14445|DOID:14525|DOID:1459|DOID:1558|DOID:1574|DOID:1588|DOID:1686|DOID:1742|DOID:1826|DOID:1837|DOID:1936|DOID:2089|DOID:2215|DOID:2216|DOID:2236|DOID:2275|DOID:2348|DOID:2349|DOID:2355|DOID:2361|DOID:2457|DOID:2474|DOID:2527|DOID:2722|DOID:2841|DOID:2883|DOID:2913|DOID:2921|DOID:302|DOID:303|DOID:3083|DOID:3393|DOID:3650|DOID:3827|DOID:3878|DOID:4029|DOID:409|DOID:437|DOID:4481|DOID:4730|DOID:4989|DOID:50|DOID:5162|DOID:5200|DOID:5418|DOID:557|DOID:5844|DOID:5854|DOID:593|DOID:594|DOID:6132|DOID:7188|DOID:743|DOID:750|DOID:7997|DOID:7998|DOID:8442|DOID:8505|DOID:8515|DOID:8534|DOID:8577|DOID:8677|DOID:9164|DOID:9282|DOID:9351|DOID:936|DOID:9408|DOID:9428,NCBIGENE:1565|NCBIGENE:1576|NCBIGENE:1577|NCBIGENE:213|NCBIGENE:3269|NCBIGENE:3757|NCBIGENE:6530|NCBIGENE:6531|NCBIGENE:6532,CN(C)CCC(C1=CC=C(Cl)C=C1)C1=CC=CC=N1
DB01182,CID000004932,564,Q14524|Q12809|P08588|P07550,P10635|P08684|P05177,PUBCHEM.COMPOUND:4932,DOID:0050590|DOID:0050820|DOID:0060224|DOID:0060262|DOID:10952|DOID:11847|DOID:1227|DOID:12987|DOID:13739|DOID:13884|DOID:1425|DOID:1936|DOID:2348|DOID:2527|DOID:2921|DOID:3393|DOID:409|DOID:437|DOID:4500|DOID:557|DOID:5844|DOID:5854|DOID:9408,NCBIGENE:11280|NCBIGENE:112802|NCBIGENE:121391|NCBIGENE:1565|NCBIGENE:1576|NCBIGENE:3757|NCBIGENE:6262|NCBIGENE:6323|NCBIGENE:6328|NCBIGENE:6329|NCBIGENE:6332|NCBIGENE:6334|NCBIGENE:6336,CCCNCC(O)COC1=C(C=CC=C1)C(=O)CCC1=CC=CC=C1
DB00784,CID000004044,565,P35354|P23219,P11712|P05177|O60656|P16662|P10632,PUBCHEM.COMPOUND:4044,DOID:0060262|DOID:10763|DOID:10825|DOID:10952|DOID:114|DOID:11847|DOID:1247|DOID:1287|DOID:1425|DOID:2527|DOID:2921|DOID:409|DOID:557|DOID:5844|DOID:5854|DOID:750|DOID:9408,NCBIGENE:1646|NCBIGENE:4057|NCBIGENE:5742|NCBIGENE:5743|NCBIGENE:6906|NCBIGENE:7018|NCBIGENE:8644,CC1=C(C)C(NC2=CC=CC=C2C(O)=O)=CC=C1
DB00457,CID000004893,566,P35348|P35368|P25100|Q12809|P08913|P18089,,PUBCHEM.COMPOUND:4893,DOID:0060215|DOID:10588|DOID:10763|DOID:10825|DOID:331|DOID:784|DOID:8986,NCBIGENE:146|NCBIGENE:147|NCBIGENE:148|NCBIGENE:150|NCBIGENE:152|NCBIGENE:153|NCBIGENE:154|NCBIGENE:3757|NCBIGENE:4023|NCBIGENE:4985|NCBIGENE:4988|NCBIGENE:57413|NCBIGENE:5972|NCBIGENE:6580|NCBIGENE:6581|NCBIGENE:6772|NCBIGENE:7157|NCBIGENE:81033|NCBIGENE:836|NCBIGENE:90134|NCBIGENE:958,COC1=C(OC)C=C2C(N)=NC(=NC2=C1)N1CCN(CC1)C(=O)C1=CC=CO1
DB00998,CID000077992,567,P28221|P28222,P05177,PUBCHEM.COMPOUND:77992,DOID:10300|DOID:10763|DOID:10825|DOID:11840|DOID:13003|DOID:1837|DOID:224|DOID:3393|DOID:3526|DOID:3669|DOID:6364|DOID:6713|DOID:9351|DOID:9970,NCBIGENE:3351,CN[C@@H]1CCC2=C(C1)C1=C(N2)C=CC(=C1)C(N)=O
DB00593,CID000003291,568,O43497,P08684|P05181,PUBCHEM.COMPOUND:3291,DOID:0050590|DOID:0060262|DOID:10952|DOID:12139|DOID:1227|DOID:12987|DOID:1425|DOID:1470|DOID:1595|DOID:1596|DOID:1825|DOID:2527|DOID:2848|DOID:2921|DOID:3890|DOID:409|DOID:4964|DOID:557|DOID:74|DOID:9074,NCBIGENE:2566|NCBIGENE:8912|NCBIGENE:8913,CCC1(C)CC(=O)NC1=O
DB00608,CID000002719,569,P09210|P01375|Q9NR96|Q8ILQ7|P09429|P09488|Q9BYF1,P10632|P08684|P20815|P10635|P04798,PUBCHEM.COMPOUND:2719,DOID:0050590|DOID:0050741|DOID:0060262|DOID:1227|DOID:12919|DOID:12978|DOID:12987|DOID:13268|DOID:14067|DOID:1432|DOID:1574|DOID:1826|DOID:2355|DOID:2361|DOID:2747|DOID:2749|DOID:2862|DOID:3612|DOID:409|DOID:4398|DOID:5614|DOID:5679|DOID:615|DOID:7148|DOID:8857|DOID:8893|DOID:9074|DOID:9088|DOID:9266|DOID:9335|DOID:9870,NCBIGENE:142|NCBIGENE:1520|NCBIGENE:1544|NCBIGENE:1565|NCBIGENE:1576|NCBIGENE:2056|NCBIGENE:2353|NCBIGENE:259249|NCBIGENE:2939|NCBIGENE:2946|NCBIGENE:3162|NCBIGENE:3315|NCBIGENE:3553|NCBIGENE:4318|NCBIGENE:472|NCBIGENE:53905|NCBIGENE:54106|NCBIGENE:551|NCBIGENE:5595|NCBIGENE:5604|NCBIGENE:5605|NCBIGENE:6334|NCBIGENE:653361|NCBIGENE:7072|NCBIGENE:7124|NCBIGENE:7157|NCBIGENE:7450|NCBIGENE:836|NCBIGENE:9423|NCBIGENE:958|NCBIGENE:9843|NCBIGENE:9902,CCN(CC)CCCC(C)NC1=CC=NC2=CC(Cl)=CC=C12
DB00296,CID000071273,570,Q9Y5Y9,P05177|P08684|P20813,PUBCHEM.COMPOUND:71273,,,CCCN1CCCC[C@H]1C(=O)NC1=C(C)C=CC=C1C
DB01143,CID000002141,571,P10696,P05186,PUBCHEM.COMPOUND:2141,DOID:12678|DOID:12679|DOID:13003|DOID:224|DOID:2485|DOID:3393|DOID:3526|DOID:6713,NCBIGENE:251|NCBIGENE:5167|NCBIGENE:7157,NCCCNCCSP(O)(O)=O
DB01159,CID000003562,572,O14649|Q9NPC2|Q12791|Q8TCU5|O60391|Q12879|P23415|P08100|P48051|P48549|P03886|O15554|P14867|P59768|Q6W5P4,P05181|P08684|P11509|P20813|P11712,PUBCHEM.COMPOUND:3562,DOID:0060262|DOID:11459|DOID:409|DOID:8545|DOID:9428,NCBIGENE:116443|NCBIGENE:116444|NCBIGENE:1528|NCBIGENE:1548|NCBIGENE:1555|NCBIGENE:213|NCBIGENE:2741|NCBIGENE:3745|NCBIGENE:3757|NCBIGENE:3760|NCBIGENE:3777|NCBIGENE:3783|NCBIGENE:4535|NCBIGENE:513|NCBIGENE:54331|NCBIGENE:56659|NCBIGENE:56660|NCBIGENE:5741|NCBIGENE:6010|NCBIGENE:6261|NCBIGENE:8645|NCBIGENE:9407,[H]C(Cl)(Br)C(F)(F)F
DB01331,CID000002637,573,P08506|P0AEB2|P0AFI5|P24228|P02918|P02919|P0AD68|Q75Y35|Q7CRA4|Q8DNB6|Q8DR59|P0A3M6,P00808,PUBCHEM.COMPOUND:2637,,,[H][C@]12SCC(COC(N)=O)=C(N1C(=O)[C@]2(NC(=O)CC1=CC=CS1)OC)C(O)=O
DB00903,CID000003278,574,Q13621|P05023|Q9UJU2|P09211,P09210,PUBCHEM.COMPOUND:3278,DOID:11199|DOID:13189|DOID:1837|DOID:1920|DOID:2913|DOID:2983|DOID:4184|DOID:4195|DOID:4500|DOID:4989|DOID:5082|DOID:6000|DOID:9351,NCBIGENE:1646|NCBIGENE:2012|NCBIGENE:23435|NCBIGENE:2938|NCBIGENE:2950|NCBIGENE:4363|NCBIGENE:5972|NCBIGENE:7123,CCC(=C)C(=O)C1=C(Cl)C(Cl)=C(OCC(O)=O)C=C1
DB00672,CID000002727,575,Q09428,P11712|P33261|P23219,PUBCHEM.COMPOUND:2727,DOID:0060262|DOID:0060870|DOID:0060872|DOID:0060873|DOID:0060874|DOID:0060875|DOID:0090070|DOID:0090071|DOID:0090072|DOID:0090073|DOID:0090074|DOID:0090076|DOID:0090077|DOID:0090078|DOID:0090079|DOID:0090080|DOID:0090081|DOID:0090082|DOID:0090083|DOID:0090084|DOID:0090085|DOID:0090086|DOID:0090087|DOID:0090089|DOID:0090090|DOID:0090092|DOID:0090093|DOID:0090094|DOID:10493|DOID:114|DOID:1287|DOID:13774|DOID:3133|DOID:3614|DOID:409|DOID:533|DOID:583|DOID:9351|DOID:9352|DOID:9406|DOID:9410|DOID:9476|DOID:9993,NCBIGENE:3766,CCCNC(=O)NS(=O)(=O)C1=CC=C(Cl)C=C1
DB00882,CID000002800,576,P03372|P04278,P05093,PUBCHEM.COMPOUND:2800,,,CCN(CC)CCOC1=CC=C(C=C1)C(=C(Cl)C1=CC=CC=C1)C1=CC=CC=C1
DB00205,CID000004993,577,P00374|P13922|P07686,P10632,PUBCHEM.COMPOUND:4993,DOID:0050590|DOID:0060262|DOID:10952|DOID:11079|DOID:11080|DOID:1227|DOID:12365|DOID:12449|DOID:12987|DOID:13268|DOID:14026|DOID:1425|DOID:1588|DOID:1826|DOID:2355|DOID:2361|DOID:2527|DOID:2747|DOID:2749|DOID:2862|DOID:2921|DOID:409|DOID:557|DOID:9266|DOID:9870|DOID:9965,NCBIGENE:1128|NCBIGENE:1559|NCBIGENE:1719|NCBIGENE:3074|NCBIGENE:3087|NCBIGENE:64146|NCBIGENE:6774|NCBIGENE:7298,CCC1=C(C(N)=NC(N)=N1)C1=CC=C(Cl)C=C1
DB00393,CID000004497,578,Q13936|Q01668|O60840|Q13698|Q02641|Q08289|P54284|O00305|P08235|P35869,P08684,PUBCHEM.COMPOUND:4497,DOID:0060262|DOID:409,NCBIGENE:196|NCBIGENE:3177|NCBIGENE:4915|NCBIGENE:5617|NCBIGENE:6750|NCBIGENE:775|NCBIGENE:776|NCBIGENE:778|NCBIGENE:779|NCBIGENE:782|NCBIGENE:783|NCBIGENE:784|NCBIGENE:785|NCBIGENE:836|NCBIGENE:8856,COCCOC(=O)C1=C(C)NC(C)=C(C1C1=CC(=CC=C1)[N+]([O-])=O)C(=O)OC(C)C
DB01030,CID000005515,579,P11387|Q969P6,,PUBCHEM.COMPOUND:5515,,,CC[C@@]1(O)C(=O)OCC2=C1C=C1N(CC3=CC4=C(C=CC(O)=C4CN(C)C)N=C13)C2=O
DB00294,CID000040976,580,P06401,P08684,PUBCHEM.COMPOUND:40976,,,[H][C@@]12CC[C@@](O)(C#C)[C@@]1(CC)CC(=C)[C@]1([H])[C@@]3([H])CCC(=O)C=C3CC[C@@]21[H]
DB01155,CID000072938,581,P43700|P43702,P05177,PUBCHEM.COMPOUND:72938,,,CO\N=C1/CN(CC1CN)C1=NC2=C(C=C1F)C(=O)C(=CN2C1CC1)C(O)=O
DB01220,CID006436173,582,P0A8V2|O75469,P08684|P33261|P10632,PUBCHEM.COMPOUND:6436173,DOID:12550|DOID:13413,NCBIGENE:8856,CO[C@H]1\C=C\O[C@@]2(C)OC3=C(C)C(O)=C4C(O)=C(NC(=O)\C(C)=C/C=C/[C@H](C)[C@H](O)[C@@H](C)[C@@H](O)[C@@H](C)[C@H](OC(C)=O)[C@@H]1C)C1=C(N=C5C=C(C)C=CN15)C4=C3C2=O
DB00353,CID000004140,583,P21728|P41595,P08684,PUBCHEM.COMPOUND:4140,,NCBIGENE:3354|NCBIGENE:3355|NCBIGENE:3357|NCBIGENE:3358,[H][C@@]12CC3=CNC4=CC=CC(=C34)C1=C[C@H](CN2C)C(=O)N[C@@H](CC)CO
DB00775,CID000005486,584,P08514|P05106,,PUBCHEM.COMPOUND:5486,,,CCCCS(=O)(=O)N[C@@H](CC1=CC=C(OCCCCC2CCNCC2)C=C1)C(O)=O
DB00632,CID000012620,585,P03200|P68344,,PUBCHEM.COMPOUND:12620,,NCBIGENE:51284,CCCCCCCCCCCCCCCCCCCCCCO
DB00291,CID000002708,586,,P09211,PUBCHEM.COMPOUND:2708,DOID:0050590|DOID:0050873|DOID:1040|DOID:10966|DOID:1184|DOID:12123|DOID:1227|DOID:12449|DOID:12603|DOID:12987|DOID:1588|DOID:1703|DOID:1826|DOID:2355|DOID:2361|DOID:2590|DOID:2797|DOID:3082|DOID:3770|DOID:5603|DOID:614|DOID:615|DOID:8543|DOID:8567|DOID:8628|DOID:8651|DOID:8654|DOID:9953,NCBIGENE:1719|NCBIGENE:2938|NCBIGENE:2950|NCBIGENE:7913|NCBIGENE:978,OC(=O)CCCC1=CC=C(C=C1)N(CCCl)CCCl
DB00746,CID000002973,587,P05067,P47989,PUBCHEM.COMPOUND:2973,,NCBIGENE:1017|NCBIGENE:2034|NCBIGENE:2056|NCBIGENE:2235|NCBIGENE:2495|NCBIGENE:2512|NCBIGENE:30061|NCBIGENE:3162|NCBIGENE:3576|NCBIGENE:3939|NCBIGENE:3952|NCBIGENE:4313|NCBIGENE:4353|NCBIGENE:48|NCBIGENE:4891|NCBIGENE:5594|NCBIGENE:5595|NCBIGENE:5743|NCBIGENE:6556|NCBIGENE:7037|NCBIGENE:7124|NCBIGENE:7157|NCBIGENE:836|NCBIGENE:841|NCBIGENE:847,CC(=O)N(O)CCCCCNC(=O)CCC(=O)N(O)CCCCCNC(=O)CCC(=O)N(O)CCCCCN
DB00591,CID000003381,588,P04150|P04083|P07355|P12429|P09525|P08758|P04054,P08684,PUBCHEM.COMPOUND:3381,,,[H][C@@]12C[C@@]3([H])[C@]4([H])C[C@H](F)C5=CC(=O)C=C[C@]5(C)[C@@]4(F)[C@@H](O)C[C@]3(C)[C@@]1(OC(C)(C)O2)C(=O)CO
DB00543,CID000002170,589,P31645|P23975|P14416|P21728|P08913|P35348|P11229|P14867|P28223|P28335|P50406|P34969|P35462|P21917|P35367|P41595|P46098|P08908|P28222|Q9H3N8|Q01959,P10635,PUBCHEM.COMPOUND:2170,DOID:0050741|DOID:0060262|DOID:10952|DOID:114|DOID:12139|DOID:12361|DOID:1287|DOID:13206|DOID:13550|DOID:1405|DOID:1425|DOID:14445|DOID:14464|DOID:1470|DOID:1574|DOID:1588|DOID:1595|DOID:1596|DOID:1826|DOID:2527|DOID:2848|DOID:2883|DOID:2921|DOID:3312|DOID:409|DOID:4964|DOID:5419|DOID:557|DOID:7997|DOID:7998|DOID:9282|DOID:9854,NCBIGENE:1128|NCBIGENE:148|NCBIGENE:150|NCBIGENE:1813|NCBIGENE:1814|NCBIGENE:1815|NCBIGENE:3269|NCBIGENE:3350|NCBIGENE:3351|NCBIGENE:3357|NCBIGENE:3358|NCBIGENE:3359|NCBIGENE:3362|NCBIGENE:3363|NCBIGENE:59340|NCBIGENE:6530|NCBIGENE:6531|NCBIGENE:6532,ClC1=CC2=C(OC3=CC=CC=C3N=C2N2CCNCC2)C=C1
DB01019,CID000002370,590,P20309|P11229|P08172|P08173|P08912,,PUBCHEM.COMPOUND:2370,DOID:0050589|DOID:0050820|DOID:0060185|DOID:0060891|DOID:0060895|DOID:0060896|DOID:10763|DOID:10825|DOID:11569|DOID:12361|DOID:13548|DOID:13948|DOID:14330|DOID:1826|DOID:2841|DOID:3393|DOID:5200|DOID:750|DOID:7997|DOID:7998|DOID:9360|DOID:9415|DOID:9778,NCBIGENE:1128|NCBIGENE:1131|NCBIGENE:1132|NCBIGENE:2520|NCBIGENE:6690|NCBIGENE:9407,CC(C[N+](C)(C)C)OC(N)=O
DB00548,CID000002266,591,P66010|P51857|P31213|P14679|P00582,,PUBCHEM.COMPOUND:2266,DOID:2351|DOID:2352|DOID:6543|DOID:8881|DOID:893,NCBIGENE:6718|NCBIGENE:7299,OC(=O)CCCCCCCC(O)=O
DB01189,CID000042113,592,P23415|P42261|Q09470|P03886|P30049,P05181,PUBCHEM.COMPOUND:42113,DOID:0060173|DOID:0060262|DOID:1029|DOID:11459|DOID:11723|DOID:14451|DOID:14452|DOID:1883|DOID:2043|DOID:3393|DOID:409|DOID:423|DOID:437|DOID:440|DOID:5082|DOID:8545|DOID:9428|DOID:9884,NCBIGENE:2741|NCBIGENE:3736|NCBIGENE:4535|NCBIGENE:513|NCBIGENE:6505|NCBIGENE:7137,FC(F)OC(F)C(F)(F)F
DB01249,CID000003724,593,,,PUBCHEM.COMPOUND:3724,,,CC(=O)N(CC(O)CN(C(C)=O)C1=C(I)C(C(=O)NCC(O)CO)=C(I)C(C(=O)NCC(O)CO)=C1I)C1=C(I)C(C(=O)NCC(O)CO)=C(I)C(C(=O)NCC(O)CO)=C1I
CID000002232,CID000002232,594,,,PUBCHEM.COMPOUND:2232,,,CC1CCN(C(C1)C(=O)O)C(=O)C(CCCN=C(N)N)NS(=O)(=O)C2=CC=CC3=C2NCC(C3)C
DB01221,CID000003821,595,Q8TCU5|P46098|P36544|P06276|P29475|P25103|P14416|P41143|P23975|P41145|P35372,P23219|P10632|P20813|P11712|P08684,PUBCHEM.COMPOUND:3821,DOID:0050741|DOID:10763|DOID:10825|DOID:11459|DOID:11847|DOID:12361|DOID:1574|DOID:3393|DOID:3526|DOID:5844|DOID:5854|DOID:6713|DOID:7997|DOID:7998|DOID:8645|DOID:9282|DOID:9408|DOID:9428,NCBIGENE:1128|NCBIGENE:116443|NCBIGENE:1448|NCBIGENE:1555|NCBIGENE:1576|NCBIGENE:1813|NCBIGENE:213|NCBIGENE:2353|NCBIGENE:3162|NCBIGENE:3308|NCBIGENE:3350|NCBIGENE:348|NCBIGENE:3565|NCBIGENE:4843|NCBIGENE:4846|NCBIGENE:4985|NCBIGENE:4986|NCBIGENE:4988|NCBIGENE:590|NCBIGENE:627|NCBIGENE:6340|NCBIGENE:6515|NCBIGENE:6530|NCBIGENE:6532|NCBIGENE:6615|NCBIGENE:6869|NCBIGENE:7124|NCBIGENE:7138|NCBIGENE:836|NCBIGENE:842|NCBIGENE:9407|NCBIGENE:999,CNC1(CCCCC1=O)C1=CC=CC=C1Cl
DB01035,CID000004913,596,Q12809|Q14524|P26358,P10635|P06276,PUBCHEM.COMPOUND:4913,DOID:0050590|DOID:0060262|DOID:10952|DOID:1227|DOID:12987|DOID:1425|DOID:1588|DOID:2527|DOID:2921|DOID:409|DOID:437|DOID:4500|DOID:557|DOID:9074,NCBIGENE:146802|NCBIGENE:1565|NCBIGENE:1786|NCBIGENE:1879|NCBIGENE:55244|NCBIGENE:6581,CCN(CC)CCNC(=O)C1=CC=C(N)C=C1
DB00740,CID000005070,597,Q14524|Q9UPY5,P04798|P05177,PUBCHEM.COMPOUND:5070,DOID:0050590|DOID:0050741|DOID:1227|DOID:12987|DOID:1574|DOID:2739|DOID:2741|DOID:3082|DOID:318|DOID:332,NCBIGENE:1544|NCBIGENE:23657|NCBIGENE:2668|NCBIGENE:3297|NCBIGENE:3752|NCBIGENE:3776|NCBIGENE:4087|NCBIGENE:4133|NCBIGENE:4803|NCBIGENE:54795|NCBIGENE:627|NCBIGENE:6334|NCBIGENE:64332|NCBIGENE:6505|NCBIGENE:7224|NCBIGENE:836|NCBIGENE:841,NC1=NC2=C(S1)C=C(OC(F)(F)F)C=C2
DB00671,CID000002675,598,P44469,,PUBCHEM.COMPOUND:2675,,,[H][C@]12SCC(C=C)=C(N1C(=O)[C@H]2NC(=O)C(=N/OCC(O)=O)\C1=CSC(N)=N1)C(O)=O
DB00486,CID000039860,599,P34972|P21554,P11712|P08684|P10632|P05181|P51589,PUBCHEM.COMPOUND:39860,,NCBIGENE:1269,[H][C@@]12CC(=O)CC[C@@]1([H])C(C)(C)OC1=CC(=CC(O)=C21)C(C)(C)CCCCCC
DB04485,CID000001134,600,P9WKE1|P12758|P24425|O00142|P0A927|Q9HU22|P04183,,PUBCHEM.COMPOUND:1134,,NCBIGENE:7083,CC1=CN([C@H]2C[C@H](O)[C@@H](CO)O2)C(=O)NC1=O
DB09133,CID000005721,601,,,PUBCHEM.COMPOUND:5721,,,CNC(=O)C1=C(I)C(C(O)=O)=C(I)C(NC(C)=O)=C1I
DB00648,CID000004211,602,P15538|P03372|P06401|P10275|P10109,P08684|P20815|P24462,PUBCHEM.COMPOUND:4211,DOID:0060262|DOID:10493|DOID:13774|DOID:409,NCBIGENE:1576|NCBIGENE:1583|NCBIGENE:1584|NCBIGENE:2230,ClC(Cl)C(C1=CC=C(Cl)C=C1)C1=CC=CC=C1Cl
DB00307,CID000082146,603,P19793|P28702|P48443,P10632|P08684,PUBCHEM.COMPOUND:82146,DOID:0050328|DOID:0050741|DOID:0060061|DOID:0060262|DOID:11634|DOID:13603|DOID:1459|DOID:1574|DOID:1837|DOID:2913|DOID:409|DOID:4989|DOID:615|DOID:9351|DOID:9741,NCBIGENE:19|NCBIGENE:4222|NCBIGENE:4313|NCBIGENE:4318|NCBIGENE:5077|NCBIGENE:51129|NCBIGENE:5468|NCBIGENE:5743|NCBIGENE:5914|NCBIGENE:5925|NCBIGENE:595|NCBIGENE:6256|NCBIGENE:6258|NCBIGENE:7157|NCBIGENE:79365|NCBIGENE:860,CC1=CC2=C(C=C1C(=C)C1=CC=C(C=C1)C(O)=O)C(C)(C)CCC2(C)C
